2025-10-07 12:00:14,538 - INFO - backend.bots.workbot.work_bot.WorkBot - (work_bot.py:54) - Initializing WorkBot...
2025-10-07 12:00:14,553 - INFO - backend.bots.workbot.work_bot.WorkBot - (work_bot.py:74) - WorkBot initialized successfully.
2025-10-07 12:00:14,554 - INFO - cli.cli.CLI - (cli.py:40) - Initializing CLI.
2025-10-07 12:00:14,571 - INFO - cli.cli.CLI - (cli.py:95) - Loaded command history from C:\Users\andrew\Desktop\Andrew\Projects\IthacaBakery\RandomStuff\WorkBot\refactor\data\cli\.cli_history
2025-10-07 12:00:14,571 - INFO - cli.cli.CLI - (cli.py:48) - CLI initialized successfully with 24 commands.
2025-10-07 12:00:14,571 - INFO - cli.cli.CLI - (cli.py:321) - CLI session started.
2025-10-07 12:05:57,953 - INFO - cli.cli.CLI - (cli.py:419) - Dispatching command: input_transfers (args=[])
2025-10-07 12:06:03,199 - INFO - backend.bots.craftable_bot.craftable_bot.CraftableBot - (craftable_bot.py:136) - Logging into Craftable.
2025-10-07 12:06:10,525 - INFO - backend.bots.craftable_bot.craftable_bot.CraftableBot - (craftable_bot.py:160) - Login successful.
2025-10-07 12:06:10,525 - INFO - backend.bots.craftable_bot.craftable_bot.CraftableBot - (craftable_bot.py:449) - Starting protocol for 4 transfers.
2025-10-07 12:06:10,525 - INFO - backend.bots.craftable_bot.craftable_bot.CraftableBot - (craftable_bot.py:459) - Starting transfer protocol for 47 items from Bakery to Collegetown on 2025-10-03
2025-10-07 12:06:19,178 - INFO - backend.bots.craftable_bot.craftable_bot.CraftableBot - (craftable_bot.py:480) - Creating new transfer in Craftable.
2025-10-07 12:06:23,250 - INFO - backend.bots.craftable_bot.craftable_bot.CraftableBot - (craftable_bot.py:490) - Entering transfer details: Bakery to Collegetown on 2025-10-03
2025-10-07 12:06:23,297 - INFO - backend.bots.craftable_bot.craftable_bot.CraftableBot - (craftable_bot.py:500) - Opening transfer date calendar.
2025-10-07 12:06:23,890 - INFO - backend.bots.craftable_bot.craftable_bot.CraftableBot - (craftable_bot.py:512) - Selecting calendar date: 2025-10-03
2025-10-07 12:06:26,050 - INFO - backend.bots.craftable_bot.craftable_bot.CraftableBot - (craftable_bot.py:522) - Marking transfer as "Out".
2025-10-07 12:06:30,136 - INFO - backend.bots.craftable_bot.craftable_bot.CraftableBot - (craftable_bot.py:533) - Selecting outbound store: Collegetown
2025-10-07 12:06:36,287 - INFO - backend.bots.craftable_bot.craftable_bot.CraftableBot - (craftable_bot.py:552) - Submitting transfer form.
2025-10-07 12:06:40,383 - INFO - backend.bots.craftable_bot.craftable_bot.CraftableBot - (craftable_bot.py:564) - Starting input for 47 transfer items.
2025-10-07 12:06:40,383 - INFO - backend.bots.craftable_bot.craftable_bot.CraftableBot - (craftable_bot.py:569) - Adding transfer item: Bindi - Cake Tiramisu Round (1)
2025-10-07 12:06:52,392 - INFO - backend.bots.craftable_bot.craftable_bot.CraftableBot - (craftable_bot.py:625) - Item Bindi - Cake Tiramisu Round addedd successfully.
2025-10-07 12:06:52,392 - INFO - backend.bots.craftable_bot.craftable_bot.CraftableBot - (craftable_bot.py:569) - Adding transfer item: Celsius - Orange, Kiwi Guava (2)
2025-10-07 12:07:05,216 - INFO - backend.bots.craftable_bot.craftable_bot.CraftableBot - (craftable_bot.py:625) - Item Celsius - Orange, Kiwi Guava addedd successfully.
2025-10-07 12:07:05,216 - INFO - backend.bots.craftable_bot.craftable_bot.CraftableBot - (craftable_bot.py:569) - Adding transfer item: Chobani - Drinkable Yogurt (2)
2025-10-07 12:07:17,672 - INFO - backend.bots.craftable_bot.craftable_bot.CraftableBot - (craftable_bot.py:625) - Item Chobani - Drinkable Yogurt addedd successfully.
2025-10-07 12:07:17,672 - INFO - backend.bots.craftable_bot.craftable_bot.CraftableBot - (craftable_bot.py:569) - Adding transfer item: Coffee Stirrer (Bamboo) (1)
2025-10-07 12:07:30,243 - INFO - backend.bots.craftable_bot.craftable_bot.CraftableBot - (craftable_bot.py:625) - Item Coffee Stirrer (Bamboo) addedd successfully.
2025-10-07 12:07:30,243 - INFO - backend.bots.craftable_bot.craftable_bot.CraftableBot - (craftable_bot.py:569) - Adding transfer item: Container - Deli (16oz) (6)
2025-10-07 12:07:42,944 - INFO - backend.bots.craftable_bot.craftable_bot.CraftableBot - (craftable_bot.py:625) - Item Container - Deli (16oz) addedd successfully.
2025-10-07 12:07:42,944 - INFO - backend.bots.craftable_bot.craftable_bot.CraftableBot - (craftable_bot.py:569) - Adding transfer item: Container - Plastic Clamshell (6") (2)
2025-10-07 12:07:56,192 - INFO - backend.bots.craftable_bot.craftable_bot.CraftableBot - (craftable_bot.py:625) - Item Container - Plastic Clamshell (6") addedd successfully.
2025-10-07 12:07:56,193 - INFO - backend.bots.craftable_bot.craftable_bot.CraftableBot - (craftable_bot.py:569) - Adding transfer item: Container - Soup (16oz) (2)
2025-10-07 12:08:09,169 - INFO - backend.bots.craftable_bot.craftable_bot.CraftableBot - (craftable_bot.py:625) - Item Container - Soup (16oz) addedd successfully.
2025-10-07 12:08:09,169 - INFO - backend.bots.craftable_bot.craftable_bot.CraftableBot - (craftable_bot.py:569) - Adding transfer item: Container - Soup (8oz) (6)
2025-10-07 12:08:22,210 - INFO - backend.bots.craftable_bot.craftable_bot.CraftableBot - (craftable_bot.py:625) - Item Container - Soup (8oz) addedd successfully.
2025-10-07 12:08:22,211 - INFO - backend.bots.craftable_bot.craftable_bot.CraftableBot - (craftable_bot.py:569) - Adding transfer item: Cup - Hot (8oz) (6)
2025-10-07 12:08:35,351 - INFO - backend.bots.craftable_bot.craftable_bot.CraftableBot - (craftable_bot.py:625) - Item Cup - Hot (8oz) addedd successfully.
2025-10-07 12:08:35,351 - INFO - backend.bots.craftable_bot.craftable_bot.CraftableBot - (craftable_bot.py:569) - Adding transfer item: Cup - Portion (3.25oz) (2)
2025-10-07 12:08:49,188 - INFO - backend.bots.craftable_bot.craftable_bot.CraftableBot - (craftable_bot.py:625) - Item Cup - Portion (3.25oz) addedd successfully.
2025-10-07 12:08:49,188 - INFO - backend.bots.craftable_bot.craftable_bot.CraftableBot - (craftable_bot.py:569) - Adding transfer item: FRZ Fruit - Blueberry (2)
2025-10-07 12:09:02,715 - INFO - backend.bots.craftable_bot.craftable_bot.CraftableBot - (craftable_bot.py:625) - Item FRZ Fruit - Blueberry addedd successfully.
2025-10-07 12:09:02,715 - INFO - backend.bots.craftable_bot.craftable_bot.CraftableBot - (craftable_bot.py:569) - Adding transfer item: FRZ Fruit - Mango (1)
2025-10-07 12:09:16,205 - INFO - backend.bots.craftable_bot.craftable_bot.CraftableBot - (craftable_bot.py:625) - Item FRZ Fruit - Mango addedd successfully.
2025-10-07 12:09:16,205 - INFO - backend.bots.craftable_bot.craftable_bot.CraftableBot - (craftable_bot.py:569) - Adding transfer item: Goat Cheese (2)
2025-10-07 12:09:29,829 - INFO - backend.bots.craftable_bot.craftable_bot.CraftableBot - (craftable_bot.py:625) - Item Goat Cheese addedd successfully.
2025-10-07 12:09:29,829 - INFO - backend.bots.craftable_bot.craftable_bot.CraftableBot - (craftable_bot.py:569) - Adding transfer item: Grandma's Coffee Cake - Apple (1)
2025-10-07 12:09:44,187 - INFO - backend.bots.craftable_bot.craftable_bot.CraftableBot - (craftable_bot.py:625) - Item Grandma's Coffee Cake - Apple addedd successfully.
2025-10-07 12:09:44,187 - INFO - backend.bots.craftable_bot.craftable_bot.CraftableBot - (craftable_bot.py:569) - Adding transfer item: Grandma's Coffee Cake - Cranberry (1)
2025-10-07 12:09:58,254 - INFO - backend.bots.craftable_bot.craftable_bot.CraftableBot - (craftable_bot.py:625) - Item Grandma's Coffee Cake - Cranberry addedd successfully.
2025-10-07 12:09:58,254 - INFO - backend.bots.craftable_bot.craftable_bot.CraftableBot - (craftable_bot.py:569) - Adding transfer item: Hazelnut Coffee (Grounded, Bulk) (2)
2025-10-07 12:10:12,344 - INFO - backend.bots.craftable_bot.craftable_bot.CraftableBot - (craftable_bot.py:625) - Item Hazelnut Coffee (Grounded, Bulk) addedd successfully.
2025-10-07 12:10:12,344 - INFO - backend.bots.craftable_bot.craftable_bot.CraftableBot - (craftable_bot.py:569) - Adding transfer item: Hot Chocolate (Bulk) (1)
2025-10-07 12:10:26,554 - INFO - backend.bots.craftable_bot.craftable_bot.CraftableBot - (craftable_bot.py:625) - Item Hot Chocolate (Bulk) addedd successfully.
2025-10-07 12:10:26,555 - INFO - backend.bots.craftable_bot.craftable_bot.CraftableBot - (craftable_bot.py:569) - Adding transfer item: Kilogram Chai Concentrate (3)
2025-10-07 12:10:41,392 - INFO - backend.bots.craftable_bot.craftable_bot.CraftableBot - (craftable_bot.py:625) - Item Kilogram Chai Concentrate addedd successfully.
2025-10-07 12:10:41,393 - INFO - backend.bots.craftable_bot.craftable_bot.CraftableBot - (craftable_bot.py:569) - Adding transfer item: Lid - Deli (6/32oz) (7)
2025-10-07 12:10:55,943 - INFO - backend.bots.craftable_bot.craftable_bot.CraftableBot - (craftable_bot.py:625) - Item Lid - Deli (6/32oz) addedd successfully.
2025-10-07 12:10:55,943 - INFO - backend.bots.craftable_bot.craftable_bot.CraftableBot - (craftable_bot.py:569) - Adding transfer item: Lid - Portion (3.25oz) (1)
2025-10-07 12:11:10,436 - INFO - backend.bots.craftable_bot.craftable_bot.CraftableBot - (craftable_bot.py:625) - Item Lid - Portion (3.25oz) addedd successfully.
2025-10-07 12:11:10,436 - INFO - backend.bots.craftable_bot.craftable_bot.CraftableBot - (craftable_bot.py:569) - Adding transfer item: Lid - Soup (6/16 oz) (2)
2025-10-07 12:11:25,187 - INFO - backend.bots.craftable_bot.craftable_bot.CraftableBot - (craftable_bot.py:625) - Item Lid - Soup (6/16 oz) addedd successfully.
2025-10-07 12:11:25,187 - INFO - backend.bots.craftable_bot.craftable_bot.CraftableBot - (craftable_bot.py:569) - Adding transfer item: Lid Espresso - 4oz (1)
2025-10-07 12:11:39,941 - INFO - backend.bots.craftable_bot.craftable_bot.CraftableBot - (craftable_bot.py:625) - Item Lid Espresso - 4oz addedd successfully.
2025-10-07 12:11:39,941 - INFO - backend.bots.craftable_bot.craftable_bot.CraftableBot - (craftable_bot.py:569) - Adding transfer item: Lucky 7 Neutral Floor Cleaner (1)
2025-10-07 12:11:55,318 - INFO - backend.bots.craftable_bot.craftable_bot.CraftableBot - (craftable_bot.py:625) - Item Lucky 7 Neutral Floor Cleaner addedd successfully.
2025-10-07 12:11:55,319 - INFO - backend.bots.craftable_bot.craftable_bot.CraftableBot - (craftable_bot.py:569) - Adding transfer item: Maple Syrup (pure) (2)
2025-10-07 12:12:10,309 - INFO - backend.bots.craftable_bot.craftable_bot.CraftableBot - (craftable_bot.py:625) - Item Maple Syrup (pure) addedd successfully.
2025-10-07 12:12:10,309 - INFO - backend.bots.craftable_bot.craftable_bot.CraftableBot - (craftable_bot.py:569) - Adding transfer item: Matcha - Jade Leaf (4)
2025-10-07 12:12:25,516 - INFO - backend.bots.craftable_bot.craftable_bot.CraftableBot - (craftable_bot.py:625) - Item Matcha - Jade Leaf addedd successfully.
2025-10-07 12:12:25,516 - INFO - backend.bots.craftable_bot.craftable_bot.CraftableBot - (craftable_bot.py:569) - Adding transfer item: Monin - Hazelnut (1)
2025-10-07 12:12:41,277 - INFO - backend.bots.craftable_bot.craftable_bot.CraftableBot - (craftable_bot.py:625) - Item Monin - Hazelnut addedd successfully.
2025-10-07 12:12:41,277 - INFO - backend.bots.craftable_bot.craftable_bot.CraftableBot - (craftable_bot.py:569) - Adding transfer item: Monin - Lavender (3)
2025-10-07 12:12:56,782 - INFO - backend.bots.craftable_bot.craftable_bot.CraftableBot - (craftable_bot.py:625) - Item Monin - Lavender addedd successfully.
2025-10-07 12:12:56,782 - INFO - backend.bots.craftable_bot.craftable_bot.CraftableBot - (craftable_bot.py:569) - Adding transfer item: Monin - Peppermint (1)
2025-10-07 12:13:12,790 - INFO - backend.bots.craftable_bot.craftable_bot.CraftableBot - (craftable_bot.py:625) - Item Monin - Peppermint addedd successfully.
2025-10-07 12:13:12,790 - INFO - backend.bots.craftable_bot.craftable_bot.CraftableBot - (craftable_bot.py:569) - Adding transfer item: Monin - Toffee Nut (2)
2025-10-07 12:13:28,919 - INFO - backend.bots.craftable_bot.craftable_bot.CraftableBot - (craftable_bot.py:625) - Item Monin - Toffee Nut addedd successfully.
2025-10-07 12:13:28,920 - INFO - backend.bots.craftable_bot.craftable_bot.CraftableBot - (craftable_bot.py:569) - Adding transfer item: Mop Head Cut (White) (2)
2025-10-07 12:13:45,212 - INFO - backend.bots.craftable_bot.craftable_bot.CraftableBot - (craftable_bot.py:625) - Item Mop Head Cut (White) addedd successfully.
2025-10-07 12:13:45,212 - INFO - backend.bots.craftable_bot.craftable_bot.CraftableBot - (craftable_bot.py:569) - Adding transfer item: Peanut Butter - Chunky (1)
2025-10-07 12:14:01,302 - INFO - backend.bots.craftable_bot.craftable_bot.CraftableBot - (craftable_bot.py:625) - Item Peanut Butter - Chunky addedd successfully.
2025-10-07 12:14:01,302 - INFO - backend.bots.craftable_bot.craftable_bot.CraftableBot - (craftable_bot.py:569) - Adding transfer item: Peanut Butter - Creamy (2)
2025-10-07 12:14:17,539 - INFO - backend.bots.craftable_bot.craftable_bot.CraftableBot - (craftable_bot.py:625) - Item Peanut Butter - Creamy addedd successfully.
2025-10-07 12:14:17,539 - INFO - backend.bots.craftable_bot.craftable_bot.CraftableBot - (craftable_bot.py:569) - Adding transfer item: Register Tape - Thermal (3.125" x 230') (1)
2025-10-07 12:14:34,315 - INFO - backend.bots.craftable_bot.craftable_bot.CraftableBot - (craftable_bot.py:625) - Item Register Tape - Thermal (3.125" x 230') addedd successfully.
2025-10-07 12:14:34,316 - INFO - backend.bots.craftable_bot.craftable_bot.CraftableBot - (craftable_bot.py:569) - Adding transfer item: Smoked Salmon (Sliced) (6)
2025-10-07 12:14:50,926 - INFO - backend.bots.craftable_bot.craftable_bot.CraftableBot - (craftable_bot.py:625) - Item Smoked Salmon (Sliced) addedd successfully.
2025-10-07 12:14:50,926 - INFO - backend.bots.craftable_bot.craftable_bot.CraftableBot - (craftable_bot.py:569) - Adding transfer item: Supplement - Whey Protein (2)
2025-10-07 12:15:07,455 - INFO - backend.bots.craftable_bot.craftable_bot.CraftableBot - (craftable_bot.py:625) - Item Supplement - Whey Protein addedd successfully.
2025-10-07 12:15:07,455 - INFO - backend.bots.craftable_bot.craftable_bot.CraftableBot - (craftable_bot.py:569) - Adding transfer item: Sweet Street - Chocolate Lovin (1)
2025-10-07 12:15:25,064 - INFO - backend.bots.craftable_bot.craftable_bot.CraftableBot - (craftable_bot.py:625) - Item Sweet Street - Chocolate Lovin addedd successfully.
2025-10-07 12:15:25,064 - INFO - backend.bots.craftable_bot.craftable_bot.CraftableBot - (craftable_bot.py:569) - Adding transfer item: Sweet Street - Pie Choc PB Cup Sliced (1)
2025-10-07 12:15:42,236 - INFO - backend.bots.craftable_bot.craftable_bot.CraftableBot - (craftable_bot.py:625) - Item Sweet Street - Pie Choc PB Cup Sliced addedd successfully.
2025-10-07 12:15:42,236 - INFO - backend.bots.craftable_bot.craftable_bot.CraftableBot - (craftable_bot.py:569) - Adding transfer item: Sweet Street - Pie Oreo Cookie Bash Sliced (1)
2025-10-07 12:16:12,706 - INFO - backend.bots.craftable_bot.craftable_bot.CraftableBot - (craftable_bot.py:625) - Item Sweet Street - Pie Oreo Cookie Bash Sliced addedd successfully.
2025-10-07 12:16:12,706 - INFO - backend.bots.craftable_bot.craftable_bot.CraftableBot - (craftable_bot.py:569) - Adding transfer item: Tea Bags - Earl Grey (Twinings) (2)
2025-10-07 12:16:30,326 - INFO - backend.bots.craftable_bot.craftable_bot.CraftableBot - (craftable_bot.py:625) - Item Tea Bags - Earl Grey (Twinings) addedd successfully.
2025-10-07 12:16:30,326 - INFO - backend.bots.craftable_bot.craftable_bot.CraftableBot - (craftable_bot.py:569) - Adding transfer item: Torani - Caramel Sauce (5)
2025-10-07 12:16:47,461 - INFO - backend.bots.craftable_bot.craftable_bot.CraftableBot - (craftable_bot.py:625) - Item Torani - Caramel Sauce addedd successfully.
2025-10-07 12:16:47,462 - INFO - backend.bots.craftable_bot.craftable_bot.CraftableBot - (craftable_bot.py:569) - Adding transfer item: Torani - Dark Chocolate Sauce (6)
2025-10-07 12:17:06,403 - INFO - backend.bots.craftable_bot.craftable_bot.CraftableBot - (craftable_bot.py:625) - Item Torani - Dark Chocolate Sauce addedd successfully.
2025-10-07 12:17:06,403 - INFO - backend.bots.craftable_bot.craftable_bot.CraftableBot - (craftable_bot.py:569) - Adding transfer item: Torani - Pumpkin Pie Sauce (2)
2025-10-07 12:17:14,586 - WARNING - backend.bots.craftable_bot.craftable_bot.CraftableBot - (craftable_bot.py:572) - Failed to add item Torani - Pumpkin Pie Sauce: list index out of range
Traceback (most recent call last):
  File "C:\Users\andrew\Desktop\Andrew\Projects\IthacaBakery\RandomStuff\WorkBot\refactor\backend\bots\craftable_bot\craftable_bot.py", line 570, in _input_transfer_items
    self._add_transfer_item(item)
    ~~~~~~~~~~~~~~~~~~~~~~~^^^^^^
  File "C:\Users\andrew\Desktop\Andrew\Projects\IthacaBakery\RandomStuff\WorkBot\refactor\backend\bots\craftable_bot\craftable_bot.py", line 609, in _add_transfer_item
    item_choices[0].click()
    ~~~~~~~~~~~~^^^
IndexError: list index out of range
2025-10-07 12:17:14,588 - INFO - backend.bots.craftable_bot.craftable_bot.CraftableBot - (craftable_bot.py:569) - Adding transfer item: Torani - White Chocolate Sauce (2)
2025-10-07 12:17:15,731 - WARNING - backend.bots.craftable_bot.craftable_bot.CraftableBot - (craftable_bot.py:572) - Failed to add item Torani - White Chocolate Sauce: Message: element click intercepted: Element <a tabindex="" class="btn btn-outline-primary btn-sm" data-ember-action="" data-ember-action-107="107">...</a> is not clickable at point (378, 969). Other element would receive the click: <div class="modal fade show" role="dialog" id="transferItemModal" data-keyboard="false" style="display: block; padding-right: 15px;" aria-modal="true">...</div>
  (Session info: chrome=141.0.7390.55)
Stacktrace:
	GetHandleVerifier [0x0x1229d93+65891]
	GetHandleVerifier [0x0x1229dd4+65956]
	(No symbol) [0x0x103dca8]
	(No symbol) [0x0x108ece0]
	(No symbol) [0x0x108d043]
	(No symbol) [0x0x108aae7]
	(No symbol) [0x0x1089d5d]
	(No symbol) [0x0x107e1e5]
	(No symbol) [0x0x10ab27c]
	(No symbol) [0x0x107dc44]
	(No symbol) [0x0x10ab434]
	(No symbol) [0x0x10ccbe0]
	(No symbol) [0x0x10ab076]
	(No symbol) [0x0x107c37a]
	(No symbol) [0x0x107d224]
	GetHandleVerifier [0x0x1497e23+2613747]
	GetHandleVerifier [0x0x1492f5a+2593578]
	GetHandleVerifier [0x0x1251ac4+229012]
	GetHandleVerifier [0x0x1241e58+164392]
	GetHandleVerifier [0x0x124880d+191453]
	GetHandleVerifier [0x0x1232148+99608]
	GetHandleVerifier [0x0x12322e0+100016]
	GetHandleVerifier [0x0x121c4ca+10394]
	BaseThreadInitThunk [0x0x766afcc9+25]
	RtlGetAppContainerNamedObjectPath [0x0x773682ae+286]
	RtlGetAppContainerNamedObjectPath [0x0x7736827e+238]
Traceback (most recent call last):
  File "C:\Users\andrew\Desktop\Andrew\Projects\IthacaBakery\RandomStuff\WorkBot\refactor\backend\bots\craftable_bot\craftable_bot.py", line 570, in _input_transfer_items
    self._add_transfer_item(item)
    ~~~~~~~~~~~~~~~~~~~~~~~^^^^^^
  File "C:\Users\andrew\Desktop\Andrew\Projects\IthacaBakery\RandomStuff\WorkBot\refactor\backend\bots\craftable_bot\craftable_bot.py", line 584, in _add_transfer_item
    add_item_button.click()
    ~~~~~~~~~~~~~~~~~~~~~^^
  File "C:\Users\andrew\Desktop\Andrew\Projects\IthacaBakery\RandomStuff\venv\Lib\site-packages\selenium\webdriver\remote\webelement.py", line 119, in click
    self._execute(Command.CLICK_ELEMENT)
    ~~~~~~~~~~~~~^^^^^^^^^^^^^^^^^^^^^^^
  File "C:\Users\andrew\Desktop\Andrew\Projects\IthacaBakery\RandomStuff\venv\Lib\site-packages\selenium\webdriver\remote\webelement.py", line 570, in _execute
    return self._parent.execute(command, params)
           ~~~~~~~~~~~~~~~~~~~~^^^^^^^^^^^^^^^^^
  File "C:\Users\andrew\Desktop\Andrew\Projects\IthacaBakery\RandomStuff\venv\Lib\site-packages\selenium\webdriver\remote\webdriver.py", line 429, in execute
    self.error_handler.check_response(response)
    ~~~~~~~~~~~~~~~~~~~~~~~~~~~~~~~~~^^^^^^^^^^
  File "C:\Users\andrew\Desktop\Andrew\Projects\IthacaBakery\RandomStuff\venv\Lib\site-packages\selenium\webdriver\remote\errorhandler.py", line 232, in check_response
    raise exception_class(message, screen, stacktrace)
selenium.common.exceptions.ElementClickInterceptedException: Message: element click intercepted: Element <a tabindex="" class="btn btn-outline-primary btn-sm" data-ember-action="" data-ember-action-107="107">...</a> is not clickable at point (378, 969). Other element would receive the click: <div class="modal fade show" role="dialog" id="transferItemModal" data-keyboard="false" style="display: block; padding-right: 15px;" aria-modal="true">...</div>
  (Session info: chrome=141.0.7390.55)
Stacktrace:
	GetHandleVerifier [0x0x1229d93+65891]
	GetHandleVerifier [0x0x1229dd4+65956]
	(No symbol) [0x0x103dca8]
	(No symbol) [0x0x108ece0]
	(No symbol) [0x0x108d043]
	(No symbol) [0x0x108aae7]
	(No symbol) [0x0x1089d5d]
	(No symbol) [0x0x107e1e5]
	(No symbol) [0x0x10ab27c]
	(No symbol) [0x0x107dc44]
	(No symbol) [0x0x10ab434]
	(No symbol) [0x0x10ccbe0]
	(No symbol) [0x0x10ab076]
	(No symbol) [0x0x107c37a]
	(No symbol) [0x0x107d224]
	GetHandleVerifier [0x0x1497e23+2613747]
	GetHandleVerifier [0x0x1492f5a+2593578]
	GetHandleVerifier [0x0x1251ac4+229012]
	GetHandleVerifier [0x0x1241e58+164392]
	GetHandleVerifier [0x0x124880d+191453]
	GetHandleVerifier [0x0x1232148+99608]
	GetHandleVerifier [0x0x12322e0+100016]
	GetHandleVerifier [0x0x121c4ca+10394]
	BaseThreadInitThunk [0x0x766afcc9+25]
	RtlGetAppContainerNamedObjectPath [0x0x773682ae+286]
	RtlGetAppContainerNamedObjectPath [0x0x7736827e+238]

2025-10-07 12:17:15,787 - INFO - backend.bots.craftable_bot.craftable_bot.CraftableBot - (craftable_bot.py:569) - Adding transfer item: White Hot Chocolate - Ghirardelli (1)
2025-10-07 12:17:16,900 - WARNING - backend.bots.craftable_bot.craftable_bot.CraftableBot - (craftable_bot.py:572) - Failed to add item White Hot Chocolate - Ghirardelli: Message: element click intercepted: Element <a tabindex="" class="btn btn-outline-primary btn-sm" data-ember-action="" data-ember-action-107="107">...</a> is not clickable at point (378, 969). Other element would receive the click: <div class="modal fade show" role="dialog" id="transferItemModal" data-keyboard="false" style="display: block; padding-right: 15px;" aria-modal="true">...</div>
  (Session info: chrome=141.0.7390.55)
Stacktrace:
	GetHandleVerifier [0x0x1229d93+65891]
	GetHandleVerifier [0x0x1229dd4+65956]
	(No symbol) [0x0x103dca8]
	(No symbol) [0x0x108ece0]
	(No symbol) [0x0x108d043]
	(No symbol) [0x0x108aae7]
	(No symbol) [0x0x1089d5d]
	(No symbol) [0x0x107e1e5]
	(No symbol) [0x0x10ab27c]
	(No symbol) [0x0x107dc44]
	(No symbol) [0x0x10ab434]
	(No symbol) [0x0x10ccbe0]
	(No symbol) [0x0x10ab076]
	(No symbol) [0x0x107c37a]
	(No symbol) [0x0x107d224]
	GetHandleVerifier [0x0x1497e23+2613747]
	GetHandleVerifier [0x0x1492f5a+2593578]
	GetHandleVerifier [0x0x1251ac4+229012]
	GetHandleVerifier [0x0x1241e58+164392]
	GetHandleVerifier [0x0x124880d+191453]
	GetHandleVerifier [0x0x1232148+99608]
	GetHandleVerifier [0x0x12322e0+100016]
	GetHandleVerifier [0x0x121c4ca+10394]
	BaseThreadInitThunk [0x0x766afcc9+25]
	RtlGetAppContainerNamedObjectPath [0x0x773682ae+286]
	RtlGetAppContainerNamedObjectPath [0x0x7736827e+238]
Traceback (most recent call last):
  File "C:\Users\andrew\Desktop\Andrew\Projects\IthacaBakery\RandomStuff\WorkBot\refactor\backend\bots\craftable_bot\craftable_bot.py", line 570, in _input_transfer_items
    self._add_transfer_item(item)
    ~~~~~~~~~~~~~~~~~~~~~~~^^^^^^
  File "C:\Users\andrew\Desktop\Andrew\Projects\IthacaBakery\RandomStuff\WorkBot\refactor\backend\bots\craftable_bot\craftable_bot.py", line 584, in _add_transfer_item
    add_item_button.click()
    ~~~~~~~~~~~~~~~~~~~~~^^
  File "C:\Users\andrew\Desktop\Andrew\Projects\IthacaBakery\RandomStuff\venv\Lib\site-packages\selenium\webdriver\remote\webelement.py", line 119, in click
    self._execute(Command.CLICK_ELEMENT)
    ~~~~~~~~~~~~~^^^^^^^^^^^^^^^^^^^^^^^
  File "C:\Users\andrew\Desktop\Andrew\Projects\IthacaBakery\RandomStuff\venv\Lib\site-packages\selenium\webdriver\remote\webelement.py", line 570, in _execute
    return self._parent.execute(command, params)
           ~~~~~~~~~~~~~~~~~~~~^^^^^^^^^^^^^^^^^
  File "C:\Users\andrew\Desktop\Andrew\Projects\IthacaBakery\RandomStuff\venv\Lib\site-packages\selenium\webdriver\remote\webdriver.py", line 429, in execute
    self.error_handler.check_response(response)
    ~~~~~~~~~~~~~~~~~~~~~~~~~~~~~~~~~^^^^^^^^^^
  File "C:\Users\andrew\Desktop\Andrew\Projects\IthacaBakery\RandomStuff\venv\Lib\site-packages\selenium\webdriver\remote\errorhandler.py", line 232, in check_response
    raise exception_class(message, screen, stacktrace)
selenium.common.exceptions.ElementClickInterceptedException: Message: element click intercepted: Element <a tabindex="" class="btn btn-outline-primary btn-sm" data-ember-action="" data-ember-action-107="107">...</a> is not clickable at point (378, 969). Other element would receive the click: <div class="modal fade show" role="dialog" id="transferItemModal" data-keyboard="false" style="display: block; padding-right: 15px;" aria-modal="true">...</div>
  (Session info: chrome=141.0.7390.55)
Stacktrace:
	GetHandleVerifier [0x0x1229d93+65891]
	GetHandleVerifier [0x0x1229dd4+65956]
	(No symbol) [0x0x103dca8]
	(No symbol) [0x0x108ece0]
	(No symbol) [0x0x108d043]
	(No symbol) [0x0x108aae7]
	(No symbol) [0x0x1089d5d]
	(No symbol) [0x0x107e1e5]
	(No symbol) [0x0x10ab27c]
	(No symbol) [0x0x107dc44]
	(No symbol) [0x0x10ab434]
	(No symbol) [0x0x10ccbe0]
	(No symbol) [0x0x10ab076]
	(No symbol) [0x0x107c37a]
	(No symbol) [0x0x107d224]
	GetHandleVerifier [0x0x1497e23+2613747]
	GetHandleVerifier [0x0x1492f5a+2593578]
	GetHandleVerifier [0x0x1251ac4+229012]
	GetHandleVerifier [0x0x1241e58+164392]
	GetHandleVerifier [0x0x124880d+191453]
	GetHandleVerifier [0x0x1232148+99608]
	GetHandleVerifier [0x0x12322e0+100016]
	GetHandleVerifier [0x0x121c4ca+10394]
	BaseThreadInitThunk [0x0x766afcc9+25]
	RtlGetAppContainerNamedObjectPath [0x0x773682ae+286]
	RtlGetAppContainerNamedObjectPath [0x0x7736827e+238]

2025-10-07 12:17:16,902 - INFO - backend.bots.craftable_bot.craftable_bot.CraftableBot - (craftable_bot.py:569) - Adding transfer item: Wrap - Foil (9" x 10.75") (1)
2025-10-07 12:17:18,017 - WARNING - backend.bots.craftable_bot.craftable_bot.CraftableBot - (craftable_bot.py:572) - Failed to add item Wrap - Foil (9" x 10.75"): Message: element click intercepted: Element <a tabindex="" class="btn btn-outline-primary btn-sm" data-ember-action="" data-ember-action-107="107">...</a> is not clickable at point (378, 969). Other element would receive the click: <div class="modal fade show" role="dialog" id="transferItemModal" data-keyboard="false" style="display: block; padding-right: 15px;" aria-modal="true">...</div>
  (Session info: chrome=141.0.7390.55)
Stacktrace:
	GetHandleVerifier [0x0x1229d93+65891]
	GetHandleVerifier [0x0x1229dd4+65956]
	(No symbol) [0x0x103dca8]
	(No symbol) [0x0x108ece0]
	(No symbol) [0x0x108d043]
	(No symbol) [0x0x108aae7]
	(No symbol) [0x0x1089d5d]
	(No symbol) [0x0x107e1e5]
	(No symbol) [0x0x10ab27c]
	(No symbol) [0x0x107dc44]
	(No symbol) [0x0x10ab434]
	(No symbol) [0x0x10ccbe0]
	(No symbol) [0x0x10ab076]
	(No symbol) [0x0x107c37a]
	(No symbol) [0x0x107d224]
	GetHandleVerifier [0x0x1497e23+2613747]
	GetHandleVerifier [0x0x1492f5a+2593578]
	GetHandleVerifier [0x0x1251ac4+229012]
	GetHandleVerifier [0x0x1241e58+164392]
	GetHandleVerifier [0x0x124880d+191453]
	GetHandleVerifier [0x0x1232148+99608]
	GetHandleVerifier [0x0x12322e0+100016]
	GetHandleVerifier [0x0x121c4ca+10394]
	BaseThreadInitThunk [0x0x766afcc9+25]
	RtlGetAppContainerNamedObjectPath [0x0x773682ae+286]
	RtlGetAppContainerNamedObjectPath [0x0x7736827e+238]
Traceback (most recent call last):
  File "C:\Users\andrew\Desktop\Andrew\Projects\IthacaBakery\RandomStuff\WorkBot\refactor\backend\bots\craftable_bot\craftable_bot.py", line 570, in _input_transfer_items
    self._add_transfer_item(item)
    ~~~~~~~~~~~~~~~~~~~~~~~^^^^^^
  File "C:\Users\andrew\Desktop\Andrew\Projects\IthacaBakery\RandomStuff\WorkBot\refactor\backend\bots\craftable_bot\craftable_bot.py", line 584, in _add_transfer_item
    add_item_button.click()
    ~~~~~~~~~~~~~~~~~~~~~^^
  File "C:\Users\andrew\Desktop\Andrew\Projects\IthacaBakery\RandomStuff\venv\Lib\site-packages\selenium\webdriver\remote\webelement.py", line 119, in click
    self._execute(Command.CLICK_ELEMENT)
    ~~~~~~~~~~~~~^^^^^^^^^^^^^^^^^^^^^^^
  File "C:\Users\andrew\Desktop\Andrew\Projects\IthacaBakery\RandomStuff\venv\Lib\site-packages\selenium\webdriver\remote\webelement.py", line 570, in _execute
    return self._parent.execute(command, params)
           ~~~~~~~~~~~~~~~~~~~~^^^^^^^^^^^^^^^^^
  File "C:\Users\andrew\Desktop\Andrew\Projects\IthacaBakery\RandomStuff\venv\Lib\site-packages\selenium\webdriver\remote\webdriver.py", line 429, in execute
    self.error_handler.check_response(response)
    ~~~~~~~~~~~~~~~~~~~~~~~~~~~~~~~~~^^^^^^^^^^
  File "C:\Users\andrew\Desktop\Andrew\Projects\IthacaBakery\RandomStuff\venv\Lib\site-packages\selenium\webdriver\remote\errorhandler.py", line 232, in check_response
    raise exception_class(message, screen, stacktrace)
selenium.common.exceptions.ElementClickInterceptedException: Message: element click intercepted: Element <a tabindex="" class="btn btn-outline-primary btn-sm" data-ember-action="" data-ember-action-107="107">...</a> is not clickable at point (378, 969). Other element would receive the click: <div class="modal fade show" role="dialog" id="transferItemModal" data-keyboard="false" style="display: block; padding-right: 15px;" aria-modal="true">...</div>
  (Session info: chrome=141.0.7390.55)
Stacktrace:
	GetHandleVerifier [0x0x1229d93+65891]
	GetHandleVerifier [0x0x1229dd4+65956]
	(No symbol) [0x0x103dca8]
	(No symbol) [0x0x108ece0]
	(No symbol) [0x0x108d043]
	(No symbol) [0x0x108aae7]
	(No symbol) [0x0x1089d5d]
	(No symbol) [0x0x107e1e5]
	(No symbol) [0x0x10ab27c]
	(No symbol) [0x0x107dc44]
	(No symbol) [0x0x10ab434]
	(No symbol) [0x0x10ccbe0]
	(No symbol) [0x0x10ab076]
	(No symbol) [0x0x107c37a]
	(No symbol) [0x0x107d224]
	GetHandleVerifier [0x0x1497e23+2613747]
	GetHandleVerifier [0x0x1492f5a+2593578]
	GetHandleVerifier [0x0x1251ac4+229012]
	GetHandleVerifier [0x0x1241e58+164392]
	GetHandleVerifier [0x0x124880d+191453]
	GetHandleVerifier [0x0x1232148+99608]
	GetHandleVerifier [0x0x12322e0+100016]
	GetHandleVerifier [0x0x121c4ca+10394]
	BaseThreadInitThunk [0x0x766afcc9+25]
	RtlGetAppContainerNamedObjectPath [0x0x773682ae+286]
	RtlGetAppContainerNamedObjectPath [0x0x7736827e+238]

2025-10-07 12:17:18,019 - INFO - backend.bots.craftable_bot.craftable_bot.CraftableBot - (craftable_bot.py:569) - Adding transfer item: Wrap - Paper (15" x 10.75") (2)
2025-10-07 12:17:19,136 - WARNING - backend.bots.craftable_bot.craftable_bot.CraftableBot - (craftable_bot.py:572) - Failed to add item Wrap - Paper (15" x 10.75"): Message: element click intercepted: Element <a tabindex="" class="btn btn-outline-primary btn-sm" data-ember-action="" data-ember-action-107="107">...</a> is not clickable at point (378, 969). Other element would receive the click: <div class="modal fade show" role="dialog" id="transferItemModal" data-keyboard="false" style="display: block; padding-right: 15px;" aria-modal="true">...</div>
  (Session info: chrome=141.0.7390.55)
Stacktrace:
	GetHandleVerifier [0x0x1229d93+65891]
	GetHandleVerifier [0x0x1229dd4+65956]
	(No symbol) [0x0x103dca8]
	(No symbol) [0x0x108ece0]
	(No symbol) [0x0x108d043]
	(No symbol) [0x0x108aae7]
	(No symbol) [0x0x1089d5d]
	(No symbol) [0x0x107e1e5]
	(No symbol) [0x0x10ab27c]
	(No symbol) [0x0x107dc44]
	(No symbol) [0x0x10ab434]
	(No symbol) [0x0x10ccbe0]
	(No symbol) [0x0x10ab076]
	(No symbol) [0x0x107c37a]
	(No symbol) [0x0x107d224]
	GetHandleVerifier [0x0x1497e23+2613747]
	GetHandleVerifier [0x0x1492f5a+2593578]
	GetHandleVerifier [0x0x1251ac4+229012]
	GetHandleVerifier [0x0x1241e58+164392]
	GetHandleVerifier [0x0x124880d+191453]
	GetHandleVerifier [0x0x1232148+99608]
	GetHandleVerifier [0x0x12322e0+100016]
	GetHandleVerifier [0x0x121c4ca+10394]
	BaseThreadInitThunk [0x0x766afcc9+25]
	RtlGetAppContainerNamedObjectPath [0x0x773682ae+286]
	RtlGetAppContainerNamedObjectPath [0x0x7736827e+238]
Traceback (most recent call last):
  File "C:\Users\andrew\Desktop\Andrew\Projects\IthacaBakery\RandomStuff\WorkBot\refactor\backend\bots\craftable_bot\craftable_bot.py", line 570, in _input_transfer_items
    self._add_transfer_item(item)
    ~~~~~~~~~~~~~~~~~~~~~~~^^^^^^
  File "C:\Users\andrew\Desktop\Andrew\Projects\IthacaBakery\RandomStuff\WorkBot\refactor\backend\bots\craftable_bot\craftable_bot.py", line 584, in _add_transfer_item
    add_item_button.click()
    ~~~~~~~~~~~~~~~~~~~~~^^
  File "C:\Users\andrew\Desktop\Andrew\Projects\IthacaBakery\RandomStuff\venv\Lib\site-packages\selenium\webdriver\remote\webelement.py", line 119, in click
    self._execute(Command.CLICK_ELEMENT)
    ~~~~~~~~~~~~~^^^^^^^^^^^^^^^^^^^^^^^
  File "C:\Users\andrew\Desktop\Andrew\Projects\IthacaBakery\RandomStuff\venv\Lib\site-packages\selenium\webdriver\remote\webelement.py", line 570, in _execute
    return self._parent.execute(command, params)
           ~~~~~~~~~~~~~~~~~~~~^^^^^^^^^^^^^^^^^
  File "C:\Users\andrew\Desktop\Andrew\Projects\IthacaBakery\RandomStuff\venv\Lib\site-packages\selenium\webdriver\remote\webdriver.py", line 429, in execute
    self.error_handler.check_response(response)
    ~~~~~~~~~~~~~~~~~~~~~~~~~~~~~~~~~^^^^^^^^^^
  File "C:\Users\andrew\Desktop\Andrew\Projects\IthacaBakery\RandomStuff\venv\Lib\site-packages\selenium\webdriver\remote\errorhandler.py", line 232, in check_response
    raise exception_class(message, screen, stacktrace)
selenium.common.exceptions.ElementClickInterceptedException: Message: element click intercepted: Element <a tabindex="" class="btn btn-outline-primary btn-sm" data-ember-action="" data-ember-action-107="107">...</a> is not clickable at point (378, 969). Other element would receive the click: <div class="modal fade show" role="dialog" id="transferItemModal" data-keyboard="false" style="display: block; padding-right: 15px;" aria-modal="true">...</div>
  (Session info: chrome=141.0.7390.55)
Stacktrace:
	GetHandleVerifier [0x0x1229d93+65891]
	GetHandleVerifier [0x0x1229dd4+65956]
	(No symbol) [0x0x103dca8]
	(No symbol) [0x0x108ece0]
	(No symbol) [0x0x108d043]
	(No symbol) [0x0x108aae7]
	(No symbol) [0x0x1089d5d]
	(No symbol) [0x0x107e1e5]
	(No symbol) [0x0x10ab27c]
	(No symbol) [0x0x107dc44]
	(No symbol) [0x0x10ab434]
	(No symbol) [0x0x10ccbe0]
	(No symbol) [0x0x10ab076]
	(No symbol) [0x0x107c37a]
	(No symbol) [0x0x107d224]
	GetHandleVerifier [0x0x1497e23+2613747]
	GetHandleVerifier [0x0x1492f5a+2593578]
	GetHandleVerifier [0x0x1251ac4+229012]
	GetHandleVerifier [0x0x1241e58+164392]
	GetHandleVerifier [0x0x124880d+191453]
	GetHandleVerifier [0x0x1232148+99608]
	GetHandleVerifier [0x0x12322e0+100016]
	GetHandleVerifier [0x0x121c4ca+10394]
	BaseThreadInitThunk [0x0x766afcc9+25]
	RtlGetAppContainerNamedObjectPath [0x0x773682ae+286]
	RtlGetAppContainerNamedObjectPath [0x0x7736827e+238]

2025-10-07 12:17:19,138 - INFO - backend.bots.craftable_bot.craftable_bot.CraftableBot - (craftable_bot.py:569) - Adding transfer item: Wrap - Paper (6" x 10.75") (2)
2025-10-07 12:17:20,203 - WARNING - backend.bots.craftable_bot.craftable_bot.CraftableBot - (craftable_bot.py:572) - Failed to add item Wrap - Paper (6" x 10.75"): Message: element click intercepted: Element <a tabindex="" class="btn btn-outline-primary btn-sm" data-ember-action="" data-ember-action-107="107">...</a> is not clickable at point (378, 969). Other element would receive the click: <div class="modal fade show" role="dialog" id="transferItemModal" data-keyboard="false" style="display: block; padding-right: 15px;" aria-modal="true">...</div>
  (Session info: chrome=141.0.7390.55)
Stacktrace:
	GetHandleVerifier [0x0x1229d93+65891]
	GetHandleVerifier [0x0x1229dd4+65956]
	(No symbol) [0x0x103dca8]
	(No symbol) [0x0x108ece0]
	(No symbol) [0x0x108d043]
	(No symbol) [0x0x108aae7]
	(No symbol) [0x0x1089d5d]
	(No symbol) [0x0x107e1e5]
	(No symbol) [0x0x10ab27c]
	(No symbol) [0x0x107dc44]
	(No symbol) [0x0x10ab434]
	(No symbol) [0x0x10ccbe0]
	(No symbol) [0x0x10ab076]
	(No symbol) [0x0x107c37a]
	(No symbol) [0x0x107d224]
	GetHandleVerifier [0x0x1497e23+2613747]
	GetHandleVerifier [0x0x1492f5a+2593578]
	GetHandleVerifier [0x0x1251ac4+229012]
	GetHandleVerifier [0x0x1241e58+164392]
	GetHandleVerifier [0x0x124880d+191453]
	GetHandleVerifier [0x0x1232148+99608]
	GetHandleVerifier [0x0x12322e0+100016]
	GetHandleVerifier [0x0x121c4ca+10394]
	BaseThreadInitThunk [0x0x766afcc9+25]
	RtlGetAppContainerNamedObjectPath [0x0x773682ae+286]
	RtlGetAppContainerNamedObjectPath [0x0x7736827e+238]
Traceback (most recent call last):
  File "C:\Users\andrew\Desktop\Andrew\Projects\IthacaBakery\RandomStuff\WorkBot\refactor\backend\bots\craftable_bot\craftable_bot.py", line 570, in _input_transfer_items
    self._add_transfer_item(item)
    ~~~~~~~~~~~~~~~~~~~~~~~^^^^^^
  File "C:\Users\andrew\Desktop\Andrew\Projects\IthacaBakery\RandomStuff\WorkBot\refactor\backend\bots\craftable_bot\craftable_bot.py", line 584, in _add_transfer_item
    add_item_button.click()
    ~~~~~~~~~~~~~~~~~~~~~^^
  File "C:\Users\andrew\Desktop\Andrew\Projects\IthacaBakery\RandomStuff\venv\Lib\site-packages\selenium\webdriver\remote\webelement.py", line 119, in click
    self._execute(Command.CLICK_ELEMENT)
    ~~~~~~~~~~~~~^^^^^^^^^^^^^^^^^^^^^^^
  File "C:\Users\andrew\Desktop\Andrew\Projects\IthacaBakery\RandomStuff\venv\Lib\site-packages\selenium\webdriver\remote\webelement.py", line 570, in _execute
    return self._parent.execute(command, params)
           ~~~~~~~~~~~~~~~~~~~~^^^^^^^^^^^^^^^^^
  File "C:\Users\andrew\Desktop\Andrew\Projects\IthacaBakery\RandomStuff\venv\Lib\site-packages\selenium\webdriver\remote\webdriver.py", line 429, in execute
    self.error_handler.check_response(response)
    ~~~~~~~~~~~~~~~~~~~~~~~~~~~~~~~~~^^^^^^^^^^
  File "C:\Users\andrew\Desktop\Andrew\Projects\IthacaBakery\RandomStuff\venv\Lib\site-packages\selenium\webdriver\remote\errorhandler.py", line 232, in check_response
    raise exception_class(message, screen, stacktrace)
selenium.common.exceptions.ElementClickInterceptedException: Message: element click intercepted: Element <a tabindex="" class="btn btn-outline-primary btn-sm" data-ember-action="" data-ember-action-107="107">...</a> is not clickable at point (378, 969). Other element would receive the click: <div class="modal fade show" role="dialog" id="transferItemModal" data-keyboard="false" style="display: block; padding-right: 15px;" aria-modal="true">...</div>
  (Session info: chrome=141.0.7390.55)
Stacktrace:
	GetHandleVerifier [0x0x1229d93+65891]
	GetHandleVerifier [0x0x1229dd4+65956]
	(No symbol) [0x0x103dca8]
	(No symbol) [0x0x108ece0]
	(No symbol) [0x0x108d043]
	(No symbol) [0x0x108aae7]
	(No symbol) [0x0x1089d5d]
	(No symbol) [0x0x107e1e5]
	(No symbol) [0x0x10ab27c]
	(No symbol) [0x0x107dc44]
	(No symbol) [0x0x10ab434]
	(No symbol) [0x0x10ccbe0]
	(No symbol) [0x0x10ab076]
	(No symbol) [0x0x107c37a]
	(No symbol) [0x0x107d224]
	GetHandleVerifier [0x0x1497e23+2613747]
	GetHandleVerifier [0x0x1492f5a+2593578]
	GetHandleVerifier [0x0x1251ac4+229012]
	GetHandleVerifier [0x0x1241e58+164392]
	GetHandleVerifier [0x0x124880d+191453]
	GetHandleVerifier [0x0x1232148+99608]
	GetHandleVerifier [0x0x12322e0+100016]
	GetHandleVerifier [0x0x121c4ca+10394]
	BaseThreadInitThunk [0x0x766afcc9+25]
	RtlGetAppContainerNamedObjectPath [0x0x773682ae+286]
	RtlGetAppContainerNamedObjectPath [0x0x7736827e+238]

2025-10-07 12:17:20,205 - INFO - backend.bots.craftable_bot.craftable_bot.CraftableBot - (craftable_bot.py:574) - All items processed.
2025-10-07 12:17:20,205 - INFO - backend.bots.craftable_bot.craftable_bot.CraftableBot - (craftable_bot.py:474) - Transfer for 47 items from Bakery to Collegetown on 2025-10-03 completed successfully.
2025-10-07 12:17:20,205 - INFO - backend.bots.craftable_bot.craftable_bot.CraftableBot - (craftable_bot.py:459) - Starting transfer protocol for 50 items from Bakery to Downtown on 2025-10-03
2025-10-07 12:17:34,135 - INFO - backend.bots.craftable_bot.craftable_bot.CraftableBot - (craftable_bot.py:480) - Creating new transfer in Craftable.
2025-10-07 12:17:38,230 - INFO - backend.bots.craftable_bot.craftable_bot.CraftableBot - (craftable_bot.py:490) - Entering transfer details: Bakery to Downtown on 2025-10-03
2025-10-07 12:17:38,270 - INFO - backend.bots.craftable_bot.craftable_bot.CraftableBot - (craftable_bot.py:500) - Opening transfer date calendar.
2025-10-07 12:17:38,355 - INFO - backend.bots.craftable_bot.craftable_bot.CraftableBot - (craftable_bot.py:512) - Selecting calendar date: 2025-10-03
2025-10-07 12:17:40,516 - INFO - backend.bots.craftable_bot.craftable_bot.CraftableBot - (craftable_bot.py:522) - Marking transfer as "Out".
2025-10-07 12:17:44,603 - INFO - backend.bots.craftable_bot.craftable_bot.CraftableBot - (craftable_bot.py:533) - Selecting outbound store: Downtown
2025-10-07 12:17:50,759 - INFO - backend.bots.craftable_bot.craftable_bot.CraftableBot - (craftable_bot.py:552) - Submitting transfer form.
2025-10-07 12:17:54,856 - INFO - backend.bots.craftable_bot.craftable_bot.CraftableBot - (craftable_bot.py:564) - Starting input for 50 transfer items.
2025-10-07 12:17:54,857 - INFO - backend.bots.craftable_bot.craftable_bot.CraftableBot - (craftable_bot.py:569) - Adding transfer item: Bag - Poly (Retail Portion) (1)
2025-10-07 12:18:11,423 - INFO - backend.bots.craftable_bot.craftable_bot.CraftableBot - (craftable_bot.py:625) - Item Bag - Poly (Retail Portion) addedd successfully.
2025-10-07 12:18:11,423 - INFO - backend.bots.craftable_bot.craftable_bot.CraftableBot - (craftable_bot.py:569) - Adding transfer item: Bag Paper - Baguette (1)
2025-10-07 12:18:24,176 - INFO - backend.bots.craftable_bot.craftable_bot.CraftableBot - (craftable_bot.py:625) - Item Bag Paper - Baguette addedd successfully.
2025-10-07 12:18:24,176 - INFO - backend.bots.craftable_bot.craftable_bot.CraftableBot - (craftable_bot.py:569) - Adding transfer item: Capers (3)
2025-10-07 12:18:51,225 - INFO - backend.bots.craftable_bot.craftable_bot.CraftableBot - (craftable_bot.py:625) - Item Capers addedd successfully.
2025-10-07 12:18:51,225 - INFO - backend.bots.craftable_bot.craftable_bot.CraftableBot - (craftable_bot.py:569) - Adding transfer item: Celsius - Orange, Kiwi Guava (1)
2025-10-07 12:19:04,387 - INFO - backend.bots.craftable_bot.craftable_bot.CraftableBot - (craftable_bot.py:625) - Item Celsius - Orange, Kiwi Guava addedd successfully.
2025-10-07 12:19:04,387 - INFO - backend.bots.craftable_bot.craftable_bot.CraftableBot - (craftable_bot.py:569) - Adding transfer item: Celsius - Vibe Peach, Tropical, Arctic (1)
2025-10-07 12:19:17,186 - INFO - backend.bots.craftable_bot.craftable_bot.CraftableBot - (craftable_bot.py:625) - Item Celsius - Vibe Peach, Tropical, Arctic addedd successfully.
2025-10-07 12:19:17,186 - INFO - backend.bots.craftable_bot.craftable_bot.CraftableBot - (craftable_bot.py:569) - Adding transfer item: Chili Sauce - Sriracha (1)
2025-10-07 12:19:31,008 - INFO - backend.bots.craftable_bot.craftable_bot.CraftableBot - (craftable_bot.py:625) - Item Chili Sauce - Sriracha addedd successfully.
2025-10-07 12:19:31,008 - INFO - backend.bots.craftable_bot.craftable_bot.CraftableBot - (craftable_bot.py:569) - Adding transfer item: Container - Deli (16oz) (1)
2025-10-07 12:19:43,972 - INFO - backend.bots.craftable_bot.craftable_bot.CraftableBot - (craftable_bot.py:625) - Item Container - Deli (16oz) addedd successfully.
2025-10-07 12:19:43,972 - INFO - backend.bots.craftable_bot.craftable_bot.CraftableBot - (craftable_bot.py:569) - Adding transfer item: Container - Plastic Clamshell (6") (1)
2025-10-07 12:19:57,004 - INFO - backend.bots.craftable_bot.craftable_bot.CraftableBot - (craftable_bot.py:625) - Item Container - Plastic Clamshell (6") addedd successfully.
2025-10-07 12:19:57,004 - INFO - backend.bots.craftable_bot.craftable_bot.CraftableBot - (craftable_bot.py:569) - Adding transfer item: Container - Soup (16oz) (1)
2025-10-07 12:20:10,100 - INFO - backend.bots.craftable_bot.craftable_bot.CraftableBot - (craftable_bot.py:625) - Item Container - Soup (16oz) addedd successfully.
2025-10-07 12:20:10,100 - INFO - backend.bots.craftable_bot.craftable_bot.CraftableBot - (craftable_bot.py:569) - Adding transfer item: Container - Soup (8oz) (1)
2025-10-07 12:20:23,920 - INFO - backend.bots.craftable_bot.craftable_bot.CraftableBot - (craftable_bot.py:625) - Item Container - Soup (8oz) addedd successfully.
2025-10-07 12:20:23,920 - INFO - backend.bots.craftable_bot.craftable_bot.CraftableBot - (craftable_bot.py:569) - Adding transfer item: Copy Paper (8.5" x 11") (1)
2025-10-07 12:20:37,407 - INFO - backend.bots.craftable_bot.craftable_bot.CraftableBot - (craftable_bot.py:625) - Item Copy Paper (8.5" x 11") addedd successfully.
2025-10-07 12:20:37,407 - INFO - backend.bots.craftable_bot.craftable_bot.CraftableBot - (craftable_bot.py:569) - Adding transfer item: Cup - Espresso (4oz) (1)
2025-10-07 12:20:51,708 - INFO - backend.bots.craftable_bot.craftable_bot.CraftableBot - (craftable_bot.py:625) - Item Cup - Espresso (4oz) addedd successfully.
2025-10-07 12:20:51,709 - INFO - backend.bots.craftable_bot.craftable_bot.CraftableBot - (craftable_bot.py:569) - Adding transfer item: Cup - Hot (8oz) (3)
2025-10-07 12:21:05,165 - INFO - backend.bots.craftable_bot.craftable_bot.CraftableBot - (craftable_bot.py:625) - Item Cup - Hot (8oz) addedd successfully.
2025-10-07 12:21:05,165 - INFO - backend.bots.craftable_bot.craftable_bot.CraftableBot - (craftable_bot.py:569) - Adding transfer item: Cup - Portion (3.25oz) (1)
2025-10-07 12:21:18,823 - INFO - backend.bots.craftable_bot.craftable_bot.CraftableBot - (craftable_bot.py:625) - Item Cup - Portion (3.25oz) addedd successfully.
2025-10-07 12:21:18,823 - INFO - backend.bots.craftable_bot.craftable_bot.CraftableBot - (craftable_bot.py:569) - Adding transfer item: Degreaser - for Panini Press (Dawn) (1)
2025-10-07 12:21:33,125 - INFO - backend.bots.craftable_bot.craftable_bot.CraftableBot - (craftable_bot.py:625) - Item Degreaser - for Panini Press (Dawn) addedd successfully.
2025-10-07 12:21:33,126 - INFO - backend.bots.craftable_bot.craftable_bot.CraftableBot - (craftable_bot.py:569) - Adding transfer item: Essentia Water (2)
2025-10-07 12:21:47,147 - INFO - backend.bots.craftable_bot.craftable_bot.CraftableBot - (craftable_bot.py:625) - Item Essentia Water addedd successfully.
2025-10-07 12:21:47,147 - INFO - backend.bots.craftable_bot.craftable_bot.CraftableBot - (craftable_bot.py:569) - Adding transfer item: Evian 1L (2)
2025-10-07 12:22:01,179 - INFO - backend.bots.craftable_bot.craftable_bot.CraftableBot - (craftable_bot.py:625) - Item Evian 1L addedd successfully.
2025-10-07 12:22:01,180 - INFO - backend.bots.craftable_bot.craftable_bot.CraftableBot - (craftable_bot.py:569) - Adding transfer item: Fiji Water 1L (1)
2025-10-07 12:22:15,342 - INFO - backend.bots.craftable_bot.craftable_bot.CraftableBot - (craftable_bot.py:625) - Item Fiji Water 1L addedd successfully.
2025-10-07 12:22:15,342 - INFO - backend.bots.craftable_bot.craftable_bot.CraftableBot - (craftable_bot.py:569) - Adding transfer item: Fiji Water 500ml (1)
2025-10-07 12:22:29,491 - INFO - backend.bots.craftable_bot.craftable_bot.CraftableBot - (craftable_bot.py:625) - Item Fiji Water 500ml addedd successfully.
2025-10-07 12:22:29,491 - INFO - backend.bots.craftable_bot.craftable_bot.CraftableBot - (craftable_bot.py:569) - Adding transfer item: Hazelnut Coffee (Grounded, Bulk) (2)
2025-10-07 12:22:44,323 - INFO - backend.bots.craftable_bot.craftable_bot.CraftableBot - (craftable_bot.py:625) - Item Hazelnut Coffee (Grounded, Bulk) addedd successfully.
2025-10-07 12:22:44,323 - INFO - backend.bots.craftable_bot.craftable_bot.CraftableBot - (craftable_bot.py:569) - Adding transfer item: Honey - Jug (4)
2025-10-07 12:22:58,784 - INFO - backend.bots.craftable_bot.craftable_bot.CraftableBot - (craftable_bot.py:625) - Item Honey - Jug addedd successfully.
2025-10-07 12:22:58,785 - INFO - backend.bots.craftable_bot.craftable_bot.CraftableBot - (craftable_bot.py:569) - Adding transfer item: Joe Tea - Classic Lemonade (1)
2025-10-07 12:23:13,700 - INFO - backend.bots.craftable_bot.craftable_bot.CraftableBot - (craftable_bot.py:625) - Item Joe Tea - Classic Lemonade addedd successfully.
2025-10-07 12:23:13,700 - INFO - backend.bots.craftable_bot.craftable_bot.CraftableBot - (craftable_bot.py:569) - Adding transfer item: Lid - Deli (6/32oz) (1)
2025-10-07 12:23:28,305 - INFO - backend.bots.craftable_bot.craftable_bot.CraftableBot - (craftable_bot.py:625) - Item Lid - Deli (6/32oz) addedd successfully.
2025-10-07 12:23:28,306 - INFO - backend.bots.craftable_bot.craftable_bot.CraftableBot - (craftable_bot.py:569) - Adding transfer item: Lid - Soup (6/16 oz) (1)
2025-10-07 12:23:42,964 - INFO - backend.bots.craftable_bot.craftable_bot.CraftableBot - (craftable_bot.py:625) - Item Lid - Soup (6/16 oz) addedd successfully.
2025-10-07 12:23:42,964 - INFO - backend.bots.craftable_bot.craftable_bot.CraftableBot - (craftable_bot.py:569) - Adding transfer item: Lucky 7 Neutral Floor Cleaner (1)
2025-10-07 12:23:58,336 - INFO - backend.bots.craftable_bot.craftable_bot.CraftableBot - (craftable_bot.py:625) - Item Lucky 7 Neutral Floor Cleaner addedd successfully.
2025-10-07 12:23:58,336 - INFO - backend.bots.craftable_bot.craftable_bot.CraftableBot - (craftable_bot.py:569) - Adding transfer item: Matcha - Jade Leaf (1)
2025-10-07 12:24:13,333 - INFO - backend.bots.craftable_bot.craftable_bot.CraftableBot - (craftable_bot.py:625) - Item Matcha - Jade Leaf addedd successfully.
2025-10-07 12:24:13,333 - INFO - backend.bots.craftable_bot.craftable_bot.CraftableBot - (craftable_bot.py:569) - Adding transfer item: Monin - Cookie Butter (3)
2025-10-07 12:24:28,529 - INFO - backend.bots.craftable_bot.craftable_bot.CraftableBot - (craftable_bot.py:625) - Item Monin - Cookie Butter addedd successfully.
2025-10-07 12:24:28,529 - INFO - backend.bots.craftable_bot.craftable_bot.CraftableBot - (craftable_bot.py:569) - Adding transfer item: Monin - Guava Puree (3)
2025-10-07 12:24:43,760 - INFO - backend.bots.craftable_bot.craftable_bot.CraftableBot - (craftable_bot.py:625) - Item Monin - Guava Puree addedd successfully.
2025-10-07 12:24:43,760 - INFO - backend.bots.craftable_bot.craftable_bot.CraftableBot - (craftable_bot.py:569) - Adding transfer item: Monin - Hazelnut (1)
2025-10-07 12:24:58,958 - INFO - backend.bots.craftable_bot.craftable_bot.CraftableBot - (craftable_bot.py:625) - Item Monin - Hazelnut addedd successfully.
2025-10-07 12:24:58,958 - INFO - backend.bots.craftable_bot.craftable_bot.CraftableBot - (craftable_bot.py:569) - Adding transfer item: Monin - Lavender (1)
2025-10-07 12:25:14,231 - INFO - backend.bots.craftable_bot.craftable_bot.CraftableBot - (craftable_bot.py:625) - Item Monin - Lavender addedd successfully.
2025-10-07 12:25:14,231 - INFO - backend.bots.craftable_bot.craftable_bot.CraftableBot - (craftable_bot.py:569) - Adding transfer item: Monin - Toffee Nut (1)
2025-10-07 12:25:29,623 - INFO - backend.bots.craftable_bot.craftable_bot.CraftableBot - (craftable_bot.py:625) - Item Monin - Toffee Nut addedd successfully.
2025-10-07 12:25:29,623 - INFO - backend.bots.craftable_bot.craftable_bot.CraftableBot - (craftable_bot.py:569) - Adding transfer item: Monin - White Chocolate (1)
2025-10-07 12:25:45,535 - INFO - backend.bots.craftable_bot.craftable_bot.CraftableBot - (craftable_bot.py:625) - Item Monin - White Chocolate addedd successfully.
2025-10-07 12:25:45,535 - INFO - backend.bots.craftable_bot.craftable_bot.CraftableBot - (craftable_bot.py:569) - Adding transfer item: Non-Dairy Creamer (1)
2025-10-07 12:26:01,258 - INFO - backend.bots.craftable_bot.craftable_bot.CraftableBot - (craftable_bot.py:625) - Item Non-Dairy Creamer addedd successfully.
2025-10-07 12:26:01,258 - INFO - backend.bots.craftable_bot.craftable_bot.CraftableBot - (craftable_bot.py:569) - Adding transfer item: Panini Sheets - 16x8 3/8 (1)
2025-10-07 12:26:17,491 - INFO - backend.bots.craftable_bot.craftable_bot.CraftableBot - (craftable_bot.py:625) - Item Panini Sheets - 16x8 3/8 addedd successfully.
2025-10-07 12:26:17,491 - INFO - backend.bots.craftable_bot.craftable_bot.CraftableBot - (craftable_bot.py:569) - Adding transfer item: Peanut Butter - Chunky (2)
2025-10-07 12:26:33,740 - INFO - backend.bots.craftable_bot.craftable_bot.CraftableBot - (craftable_bot.py:625) - Item Peanut Butter - Chunky addedd successfully.
2025-10-07 12:26:33,740 - INFO - backend.bots.craftable_bot.craftable_bot.CraftableBot - (craftable_bot.py:569) - Adding transfer item: PKT Salt (1)
2025-10-07 12:26:49,740 - INFO - backend.bots.craftable_bot.craftable_bot.CraftableBot - (craftable_bot.py:625) - Item PKT Salt addedd successfully.
2025-10-07 12:26:49,740 - INFO - backend.bots.craftable_bot.craftable_bot.CraftableBot - (craftable_bot.py:569) - Adding transfer item: Plate - Paper (7") (1)
2025-10-07 12:27:05,926 - INFO - backend.bots.craftable_bot.craftable_bot.CraftableBot - (craftable_bot.py:625) - Item Plate - Paper (7") addedd successfully.
2025-10-07 12:27:05,926 - INFO - backend.bots.craftable_bot.craftable_bot.CraftableBot - (craftable_bot.py:569) - Adding transfer item: Scrubbies - Steel (1)
2025-10-07 12:27:22,812 - INFO - backend.bots.craftable_bot.craftable_bot.CraftableBot - (craftable_bot.py:625) - Item Scrubbies - Steel addedd successfully.
2025-10-07 12:27:22,813 - INFO - backend.bots.craftable_bot.craftable_bot.CraftableBot - (craftable_bot.py:569) - Adding transfer item: Smoked Salmon (Sliced) (1)
2025-10-07 12:27:38,858 - INFO - backend.bots.craftable_bot.craftable_bot.CraftableBot - (craftable_bot.py:625) - Item Smoked Salmon (Sliced) addedd successfully.
2025-10-07 12:27:38,858 - INFO - backend.bots.craftable_bot.craftable_bot.CraftableBot - (craftable_bot.py:569) - Adding transfer item: Supplement - Antioxident (1)
2025-10-07 12:27:55,758 - INFO - backend.bots.craftable_bot.craftable_bot.CraftableBot - (craftable_bot.py:625) - Item Supplement - Antioxident addedd successfully.
2025-10-07 12:27:55,759 - INFO - backend.bots.craftable_bot.craftable_bot.CraftableBot - (craftable_bot.py:569) - Adding transfer item: Tea Bags - Earl Grey Lavender (Twinings) (4)
2025-10-07 12:28:12,552 - INFO - backend.bots.craftable_bot.craftable_bot.CraftableBot - (craftable_bot.py:625) - Item Tea Bags - Earl Grey Lavender (Twinings) addedd successfully.
2025-10-07 12:28:12,552 - INFO - backend.bots.craftable_bot.craftable_bot.CraftableBot - (craftable_bot.py:569) - Adding transfer item: Tea Bags - English Breakfast (Twinings) (1)
2025-10-07 12:28:29,285 - INFO - backend.bots.craftable_bot.craftable_bot.CraftableBot - (craftable_bot.py:625) - Item Tea Bags - English Breakfast (Twinings) addedd successfully.
2025-10-07 12:28:29,286 - INFO - backend.bots.craftable_bot.craftable_bot.CraftableBot - (craftable_bot.py:569) - Adding transfer item: Torani - Dark Chocolate Sauce (5)
2025-10-07 12:28:46,693 - INFO - backend.bots.craftable_bot.craftable_bot.CraftableBot - (craftable_bot.py:625) - Item Torani - Dark Chocolate Sauce addedd successfully.
2025-10-07 12:28:46,693 - INFO - backend.bots.craftable_bot.craftable_bot.CraftableBot - (craftable_bot.py:569) - Adding transfer item: Torani - Pumpkin Pie Sauce (1)
2025-10-07 12:29:03,783 - INFO - backend.bots.craftable_bot.craftable_bot.CraftableBot - (craftable_bot.py:625) - Item Torani - Pumpkin Pie Sauce addedd successfully.
2025-10-07 12:29:03,784 - INFO - backend.bots.craftable_bot.craftable_bot.CraftableBot - (craftable_bot.py:569) - Adding transfer item: Urnex - Cafiza (1)
2025-10-07 12:29:20,813 - INFO - backend.bots.craftable_bot.craftable_bot.CraftableBot - (craftable_bot.py:625) - Item Urnex - Cafiza addedd successfully.
2025-10-07 12:29:20,813 - INFO - backend.bots.craftable_bot.craftable_bot.CraftableBot - (craftable_bot.py:569) - Adding transfer item: Urnex - Rinza (1)
2025-10-07 12:29:37,909 - INFO - backend.bots.craftable_bot.craftable_bot.CraftableBot - (craftable_bot.py:625) - Item Urnex - Rinza addedd successfully.
2025-10-07 12:29:37,909 - INFO - backend.bots.craftable_bot.craftable_bot.CraftableBot - (craftable_bot.py:569) - Adding transfer item: Vita Coco - Coconut Water 500ml (1)
2025-10-07 12:29:55,011 - INFO - backend.bots.craftable_bot.craftable_bot.CraftableBot - (craftable_bot.py:625) - Item Vita Coco - Coconut Water 500ml addedd successfully.
2025-10-07 12:29:55,011 - INFO - backend.bots.craftable_bot.craftable_bot.CraftableBot - (craftable_bot.py:569) - Adding transfer item: Whitefish Salad (1)
2025-10-07 12:30:12,677 - INFO - backend.bots.craftable_bot.craftable_bot.CraftableBot - (craftable_bot.py:625) - Item Whitefish Salad addedd successfully.
2025-10-07 12:30:12,677 - INFO - backend.bots.craftable_bot.craftable_bot.CraftableBot - (craftable_bot.py:569) - Adding transfer item: Wrap - Foil (9" x 10.75") (2)
2025-10-07 12:30:30,344 - INFO - backend.bots.craftable_bot.craftable_bot.CraftableBot - (craftable_bot.py:625) - Item Wrap - Foil (9" x 10.75") addedd successfully.
2025-10-07 12:30:30,344 - INFO - backend.bots.craftable_bot.craftable_bot.CraftableBot - (craftable_bot.py:569) - Adding transfer item: Wrap - Paper (15" x 10.75") (2)
2025-10-07 12:30:47,945 - INFO - backend.bots.craftable_bot.craftable_bot.CraftableBot - (craftable_bot.py:625) - Item Wrap - Paper (15" x 10.75") addedd successfully.
2025-10-07 12:30:47,945 - INFO - backend.bots.craftable_bot.craftable_bot.CraftableBot - (craftable_bot.py:574) - All items processed.
2025-10-07 12:30:47,945 - INFO - backend.bots.craftable_bot.craftable_bot.CraftableBot - (craftable_bot.py:474) - Transfer for 50 items from Bakery to Downtown on 2025-10-03 completed successfully.
2025-10-07 12:30:47,945 - INFO - backend.bots.craftable_bot.craftable_bot.CraftableBot - (craftable_bot.py:459) - Starting transfer protocol for 30 items from Bakery to Easthill on 2025-10-04
2025-10-07 12:30:56,581 - INFO - backend.bots.craftable_bot.craftable_bot.CraftableBot - (craftable_bot.py:480) - Creating new transfer in Craftable.
2025-10-07 12:31:00,678 - INFO - backend.bots.craftable_bot.craftable_bot.CraftableBot - (craftable_bot.py:490) - Entering transfer details: Bakery to Easthill on 2025-10-04
2025-10-07 12:31:00,719 - INFO - backend.bots.craftable_bot.craftable_bot.CraftableBot - (craftable_bot.py:500) - Opening transfer date calendar.
2025-10-07 12:31:01,316 - INFO - backend.bots.craftable_bot.craftable_bot.CraftableBot - (craftable_bot.py:512) - Selecting calendar date: 2025-10-04
2025-10-07 12:31:03,473 - INFO - backend.bots.craftable_bot.craftable_bot.CraftableBot - (craftable_bot.py:522) - Marking transfer as "Out".
2025-10-07 12:31:07,560 - INFO - backend.bots.craftable_bot.craftable_bot.CraftableBot - (craftable_bot.py:533) - Selecting outbound store: Easthill
2025-10-07 12:31:13,721 - INFO - backend.bots.craftable_bot.craftable_bot.CraftableBot - (craftable_bot.py:552) - Submitting transfer form.
2025-10-07 12:31:17,818 - INFO - backend.bots.craftable_bot.craftable_bot.CraftableBot - (craftable_bot.py:564) - Starting input for 30 transfer items.
2025-10-07 12:31:17,819 - INFO - backend.bots.craftable_bot.craftable_bot.CraftableBot - (craftable_bot.py:569) - Adding transfer item: Chobani - Drinkable Yogurt (1)
2025-10-07 12:31:29,802 - INFO - backend.bots.craftable_bot.craftable_bot.CraftableBot - (craftable_bot.py:625) - Item Chobani - Drinkable Yogurt addedd successfully.
2025-10-07 12:31:29,803 - INFO - backend.bots.craftable_bot.craftable_bot.CraftableBot - (craftable_bot.py:569) - Adding transfer item: Container - Deli (8oz) (3)
2025-10-07 12:31:42,026 - INFO - backend.bots.craftable_bot.craftable_bot.CraftableBot - (craftable_bot.py:625) - Item Container - Deli (8oz) addedd successfully.
2025-10-07 12:31:42,026 - INFO - backend.bots.craftable_bot.craftable_bot.CraftableBot - (craftable_bot.py:569) - Adding transfer item: Container - Soup (16oz) (4)
2025-10-07 12:31:54,853 - INFO - backend.bots.craftable_bot.craftable_bot.CraftableBot - (craftable_bot.py:625) - Item Container - Soup (16oz) addedd successfully.
2025-10-07 12:31:54,854 - INFO - backend.bots.craftable_bot.craftable_bot.CraftableBot - (craftable_bot.py:569) - Adding transfer item: Cup - Espresso (4oz) (2)
2025-10-07 12:32:07,285 - INFO - backend.bots.craftable_bot.craftable_bot.CraftableBot - (craftable_bot.py:625) - Item Cup - Espresso (4oz) addedd successfully.
2025-10-07 12:32:07,285 - INFO - backend.bots.craftable_bot.craftable_bot.CraftableBot - (craftable_bot.py:569) - Adding transfer item: Cup - Hot (8oz) (4)
2025-10-07 12:32:19,749 - INFO - backend.bots.craftable_bot.craftable_bot.CraftableBot - (craftable_bot.py:625) - Item Cup - Hot (8oz) addedd successfully.
2025-10-07 12:32:19,749 - INFO - backend.bots.craftable_bot.craftable_bot.CraftableBot - (craftable_bot.py:569) - Adding transfer item: Essentia Water (1)
2025-10-07 12:32:32,305 - INFO - backend.bots.craftable_bot.craftable_bot.CraftableBot - (craftable_bot.py:625) - Item Essentia Water addedd successfully.
2025-10-07 12:32:32,305 - INFO - backend.bots.craftable_bot.craftable_bot.CraftableBot - (craftable_bot.py:569) - Adding transfer item: Evian 1L (1)
2025-10-07 12:32:44,951 - INFO - backend.bots.craftable_bot.craftable_bot.CraftableBot - (craftable_bot.py:625) - Item Evian 1L addedd successfully.
2025-10-07 12:32:44,951 - INFO - backend.bots.craftable_bot.craftable_bot.CraftableBot - (craftable_bot.py:569) - Adding transfer item: Fiji Water 1L (1)
2025-10-07 12:32:57,719 - INFO - backend.bots.craftable_bot.craftable_bot.CraftableBot - (craftable_bot.py:625) - Item Fiji Water 1L addedd successfully.
2025-10-07 12:32:57,720 - INFO - backend.bots.craftable_bot.craftable_bot.CraftableBot - (craftable_bot.py:569) - Adding transfer item: Grandma's Coffee Cake - Chocolate Chip (1)
2025-10-07 12:33:11,073 - INFO - backend.bots.craftable_bot.craftable_bot.CraftableBot - (craftable_bot.py:625) - Item Grandma's Coffee Cake - Chocolate Chip addedd successfully.
2025-10-07 12:33:11,073 - INFO - backend.bots.craftable_bot.craftable_bot.CraftableBot - (craftable_bot.py:569) - Adding transfer item: Hazelnut Coffee (Grounded, Bulk) (2)
2025-10-07 12:33:24,032 - INFO - backend.bots.craftable_bot.craftable_bot.CraftableBot - (craftable_bot.py:625) - Item Hazelnut Coffee (Grounded, Bulk) addedd successfully.
2025-10-07 12:33:24,032 - INFO - backend.bots.craftable_bot.craftable_bot.CraftableBot - (craftable_bot.py:569) - Adding transfer item: Honey - Jug (1)
2025-10-07 12:33:36,963 - INFO - backend.bots.craftable_bot.craftable_bot.CraftableBot - (craftable_bot.py:625) - Item Honey - Jug addedd successfully.
2025-10-07 12:33:36,963 - INFO - backend.bots.craftable_bot.craftable_bot.CraftableBot - (craftable_bot.py:569) - Adding transfer item: Ithaca Soda - Root Beer (1)
2025-10-07 12:33:50,006 - INFO - backend.bots.craftable_bot.craftable_bot.CraftableBot - (craftable_bot.py:625) - Item Ithaca Soda - Root Beer addedd successfully.
2025-10-07 12:33:50,006 - INFO - backend.bots.craftable_bot.craftable_bot.CraftableBot - (craftable_bot.py:569) - Adding transfer item: Kilogram Chai Concentrate (2)
2025-10-07 12:34:03,136 - INFO - backend.bots.craftable_bot.craftable_bot.CraftableBot - (craftable_bot.py:625) - Item Kilogram Chai Concentrate addedd successfully.
2025-10-07 12:34:03,136 - INFO - backend.bots.craftable_bot.craftable_bot.CraftableBot - (craftable_bot.py:569) - Adding transfer item: Lid - Deli (6/32oz) (1)
2025-10-07 12:34:16,362 - INFO - backend.bots.craftable_bot.craftable_bot.CraftableBot - (craftable_bot.py:625) - Item Lid - Deli (6/32oz) addedd successfully.
2025-10-07 12:34:16,363 - INFO - backend.bots.craftable_bot.craftable_bot.CraftableBot - (craftable_bot.py:569) - Adding transfer item: Lid - Portion (3.25oz) (1)
2025-10-07 12:34:30,173 - INFO - backend.bots.craftable_bot.craftable_bot.CraftableBot - (craftable_bot.py:625) - Item Lid - Portion (3.25oz) addedd successfully.
2025-10-07 12:34:30,173 - INFO - backend.bots.craftable_bot.craftable_bot.CraftableBot - (craftable_bot.py:569) - Adding transfer item: Lid - Soup (6/16 oz) (4)
2025-10-07 12:34:43,810 - INFO - backend.bots.craftable_bot.craftable_bot.CraftableBot - (craftable_bot.py:625) - Item Lid - Soup (6/16 oz) addedd successfully.
2025-10-07 12:34:43,810 - INFO - backend.bots.craftable_bot.craftable_bot.CraftableBot - (craftable_bot.py:569) - Adding transfer item: Matcha - Jade Leaf (1)
2025-10-07 12:34:57,267 - INFO - backend.bots.craftable_bot.craftable_bot.CraftableBot - (craftable_bot.py:625) - Item Matcha - Jade Leaf addedd successfully.
2025-10-07 12:34:57,267 - INFO - backend.bots.craftable_bot.craftable_bot.CraftableBot - (craftable_bot.py:569) - Adding transfer item: Monin - Coconut (1)
2025-10-07 12:35:10,793 - INFO - backend.bots.craftable_bot.craftable_bot.CraftableBot - (craftable_bot.py:625) - Item Monin - Coconut addedd successfully.
2025-10-07 12:35:10,793 - INFO - backend.bots.craftable_bot.craftable_bot.CraftableBot - (craftable_bot.py:569) - Adding transfer item: Monin - Cookie Butter (2)
2025-10-07 12:35:24,557 - INFO - backend.bots.craftable_bot.craftable_bot.CraftableBot - (craftable_bot.py:625) - Item Monin - Cookie Butter addedd successfully.
2025-10-07 12:35:24,557 - INFO - backend.bots.craftable_bot.craftable_bot.CraftableBot - (craftable_bot.py:569) - Adding transfer item: Monin - Lavender (1)
2025-10-07 12:35:38,361 - INFO - backend.bots.craftable_bot.craftable_bot.CraftableBot - (craftable_bot.py:625) - Item Monin - Lavender addedd successfully.
2025-10-07 12:35:38,362 - INFO - backend.bots.craftable_bot.craftable_bot.CraftableBot - (craftable_bot.py:569) - Adding transfer item: Monin - Toffee Nut (1)
2025-10-07 12:35:52,657 - INFO - backend.bots.craftable_bot.craftable_bot.CraftableBot - (craftable_bot.py:625) - Item Monin - Toffee Nut addedd successfully.
2025-10-07 12:35:52,657 - INFO - backend.bots.craftable_bot.craftable_bot.CraftableBot - (craftable_bot.py:569) - Adding transfer item: Peanut Butter - Chunky (1)
2025-10-07 12:36:06,732 - INFO - backend.bots.craftable_bot.craftable_bot.CraftableBot - (craftable_bot.py:625) - Item Peanut Butter - Chunky addedd successfully.
2025-10-07 12:36:06,732 - INFO - backend.bots.craftable_bot.craftable_bot.CraftableBot - (craftable_bot.py:569) - Adding transfer item: Peanut Butter - Creamy (1)
2025-10-07 12:36:20,928 - INFO - backend.bots.craftable_bot.craftable_bot.CraftableBot - (craftable_bot.py:625) - Item Peanut Butter - Creamy addedd successfully.
2025-10-07 12:36:20,928 - INFO - backend.bots.craftable_bot.craftable_bot.CraftableBot - (craftable_bot.py:569) - Adding transfer item: Red Bull - Watermelon Red (1)
2025-10-07 12:36:35,091 - INFO - backend.bots.craftable_bot.craftable_bot.CraftableBot - (craftable_bot.py:625) - Item Red Bull - Watermelon Red addedd successfully.
2025-10-07 12:36:35,091 - INFO - backend.bots.craftable_bot.craftable_bot.CraftableBot - (craftable_bot.py:569) - Adding transfer item: Smoked Salmon (Sliced) (4)
2025-10-07 12:36:49,293 - INFO - backend.bots.craftable_bot.craftable_bot.CraftableBot - (craftable_bot.py:625) - Item Smoked Salmon (Sliced) addedd successfully.
2025-10-07 12:36:49,293 - INFO - backend.bots.craftable_bot.craftable_bot.CraftableBot - (craftable_bot.py:569) - Adding transfer item: Sweet Street - Pie Caramel Apple Granny Sliced (1)
2025-10-07 12:37:03,584 - INFO - backend.bots.craftable_bot.craftable_bot.CraftableBot - (craftable_bot.py:625) - Item Sweet Street - Pie Caramel Apple Granny Sliced addedd successfully.
2025-10-07 12:37:03,584 - INFO - backend.bots.craftable_bot.craftable_bot.CraftableBot - (craftable_bot.py:569) - Adding transfer item: Tea Bags - Earl Grey (Twinings) (1)
2025-10-07 12:37:18,478 - INFO - backend.bots.craftable_bot.craftable_bot.CraftableBot - (craftable_bot.py:625) - Item Tea Bags - Earl Grey (Twinings) addedd successfully.
2025-10-07 12:37:18,479 - INFO - backend.bots.craftable_bot.craftable_bot.CraftableBot - (craftable_bot.py:569) - Adding transfer item: Tea Bags - Lemon Ginger (Twinings) (1)
2025-10-07 12:37:32,980 - INFO - backend.bots.craftable_bot.craftable_bot.CraftableBot - (craftable_bot.py:625) - Item Tea Bags - Lemon Ginger (Twinings) addedd successfully.
2025-10-07 12:37:32,980 - INFO - backend.bots.craftable_bot.craftable_bot.CraftableBot - (craftable_bot.py:569) - Adding transfer item: Torani - Caramel Sauce (2)
2025-10-07 12:37:47,523 - INFO - backend.bots.craftable_bot.craftable_bot.CraftableBot - (craftable_bot.py:625) - Item Torani - Caramel Sauce addedd successfully.
2025-10-07 12:37:47,523 - INFO - backend.bots.craftable_bot.craftable_bot.CraftableBot - (craftable_bot.py:569) - Adding transfer item: Wrap - Paper (15" x 10.75") (1)
2025-10-07 12:38:02,366 - INFO - backend.bots.craftable_bot.craftable_bot.CraftableBot - (craftable_bot.py:625) - Item Wrap - Paper (15" x 10.75") addedd successfully.
2025-10-07 12:38:02,366 - INFO - backend.bots.craftable_bot.craftable_bot.CraftableBot - (craftable_bot.py:574) - All items processed.
2025-10-07 12:38:02,366 - INFO - backend.bots.craftable_bot.craftable_bot.CraftableBot - (craftable_bot.py:474) - Transfer for 30 items from Bakery to Easthill on 2025-10-04 completed successfully.
2025-10-07 12:38:02,366 - INFO - backend.bots.craftable_bot.craftable_bot.CraftableBot - (craftable_bot.py:459) - Starting transfer protocol for 28 items from Bakery to Triphammer on 2025-10-03
2025-10-07 12:38:10,880 - INFO - backend.bots.craftable_bot.craftable_bot.CraftableBot - (craftable_bot.py:480) - Creating new transfer in Craftable.
2025-10-07 12:38:14,984 - INFO - backend.bots.craftable_bot.craftable_bot.CraftableBot - (craftable_bot.py:490) - Entering transfer details: Bakery to Triphammer on 2025-10-03
2025-10-07 12:38:15,026 - INFO - backend.bots.craftable_bot.craftable_bot.CraftableBot - (craftable_bot.py:500) - Opening transfer date calendar.
2025-10-07 12:38:15,619 - INFO - backend.bots.craftable_bot.craftable_bot.CraftableBot - (craftable_bot.py:512) - Selecting calendar date: 2025-10-03
2025-10-07 12:38:17,778 - INFO - backend.bots.craftable_bot.craftable_bot.CraftableBot - (craftable_bot.py:522) - Marking transfer as "Out".
2025-10-07 12:38:21,865 - INFO - backend.bots.craftable_bot.craftable_bot.CraftableBot - (craftable_bot.py:533) - Selecting outbound store: Triphammer
2025-10-07 12:38:28,032 - INFO - backend.bots.craftable_bot.craftable_bot.CraftableBot - (craftable_bot.py:552) - Submitting transfer form.
2025-10-07 12:38:32,129 - INFO - backend.bots.craftable_bot.craftable_bot.CraftableBot - (craftable_bot.py:564) - Starting input for 28 transfer items.
2025-10-07 12:38:32,129 - INFO - backend.bots.craftable_bot.craftable_bot.CraftableBot - (craftable_bot.py:569) - Adding transfer item: Box Cake - 8x8x2.5 (1)
2025-10-07 12:38:44,088 - INFO - backend.bots.craftable_bot.craftable_bot.CraftableBot - (craftable_bot.py:625) - Item Box Cake - 8x8x2.5 addedd successfully.
2025-10-07 12:38:44,088 - INFO - backend.bots.craftable_bot.craftable_bot.CraftableBot - (craftable_bot.py:569) - Adding transfer item: Coconut Swt Flake (1)
2025-10-07 12:38:56,869 - INFO - backend.bots.craftable_bot.craftable_bot.CraftableBot - (craftable_bot.py:625) - Item Coconut Swt Flake addedd successfully.
2025-10-07 12:38:56,869 - INFO - backend.bots.craftable_bot.craftable_bot.CraftableBot - (craftable_bot.py:569) - Adding transfer item: Container - Soup (32oz) (2)
2025-10-07 12:39:09,338 - INFO - backend.bots.craftable_bot.craftable_bot.CraftableBot - (craftable_bot.py:625) - Item Container - Soup (32oz) addedd successfully.
2025-10-07 12:39:09,338 - INFO - backend.bots.craftable_bot.craftable_bot.CraftableBot - (craftable_bot.py:569) - Adding transfer item: Cup - Portion (2oz) (1)
2025-10-07 12:39:21,904 - INFO - backend.bots.craftable_bot.craftable_bot.CraftableBot - (craftable_bot.py:625) - Item Cup - Portion (2oz) addedd successfully.
2025-10-07 12:39:21,904 - INFO - backend.bots.craftable_bot.craftable_bot.CraftableBot - (craftable_bot.py:569) - Adding transfer item: DV - Chewey Caramel w/Pretzel (Sweet Jubilee) (4)
2025-10-07 12:39:34,673 - INFO - backend.bots.craftable_bot.craftable_bot.CraftableBot - (craftable_bot.py:625) - Item DV - Chewey Caramel w/Pretzel (Sweet Jubilee) addedd successfully.
2025-10-07 12:39:34,674 - INFO - backend.bots.craftable_bot.craftable_bot.CraftableBot - (craftable_bot.py:569) - Adding transfer item: DV - Dried Pineapple Tidbit (8)
2025-10-07 12:39:47,986 - INFO - backend.bots.craftable_bot.craftable_bot.CraftableBot - (craftable_bot.py:625) - Item DV - Dried Pineapple Tidbit addedd successfully.
2025-10-07 12:39:47,986 - INFO - backend.bots.craftable_bot.craftable_bot.CraftableBot - (craftable_bot.py:569) - Adding transfer item: DV - Gummi Bears (12 oz) (5)
2025-10-07 12:40:00,933 - INFO - backend.bots.craftable_bot.craftable_bot.CraftableBot - (craftable_bot.py:625) - Item DV - Gummi Bears (12 oz) addedd successfully.
2025-10-07 12:40:00,933 - INFO - backend.bots.craftable_bot.craftable_bot.CraftableBot - (craftable_bot.py:569) - Adding transfer item: DV - Licorice Allsort (12)
2025-10-07 12:40:14,094 - INFO - backend.bots.craftable_bot.craftable_bot.CraftableBot - (craftable_bot.py:625) - Item DV - Licorice Allsort addedd successfully.
2025-10-07 12:40:14,094 - INFO - backend.bots.craftable_bot.craftable_bot.CraftableBot - (craftable_bot.py:569) - Adding transfer item: Flour - Millers Choice (1)
2025-10-07 12:40:27,758 - INFO - backend.bots.craftable_bot.craftable_bot.CraftableBot - (craftable_bot.py:625) - Item Flour - Millers Choice addedd successfully.
2025-10-07 12:40:27,758 - INFO - backend.bots.craftable_bot.craftable_bot.CraftableBot - (craftable_bot.py:569) - Adding transfer item: FRZ Fruit - Mango (1)
2025-10-07 12:40:41,210 - INFO - backend.bots.craftable_bot.craftable_bot.CraftableBot - (craftable_bot.py:625) - Item FRZ Fruit - Mango addedd successfully.
2025-10-07 12:40:41,210 - INFO - backend.bots.craftable_bot.craftable_bot.CraftableBot - (craftable_bot.py:569) - Adding transfer item: Hazelnut Coffee (Grounded, Bulk) (3)
2025-10-07 12:40:54,674 - INFO - backend.bots.craftable_bot.craftable_bot.CraftableBot - (craftable_bot.py:625) - Item Hazelnut Coffee (Grounded, Bulk) addedd successfully.
2025-10-07 12:40:54,674 - INFO - backend.bots.craftable_bot.craftable_bot.CraftableBot - (craftable_bot.py:569) - Adding transfer item: Iced Tea - Black (1)
2025-10-07 12:41:08,255 - INFO - backend.bots.craftable_bot.craftable_bot.CraftableBot - (craftable_bot.py:625) - Item Iced Tea - Black addedd successfully.
2025-10-07 12:41:08,255 - INFO - backend.bots.craftable_bot.craftable_bot.CraftableBot - (craftable_bot.py:569) - Adding transfer item: Lid - Hot Cup (8oz) (1)
2025-10-07 12:41:22,589 - INFO - backend.bots.craftable_bot.craftable_bot.CraftableBot - (craftable_bot.py:625) - Item Lid - Hot Cup (8oz) addedd successfully.
2025-10-07 12:41:22,589 - INFO - backend.bots.craftable_bot.craftable_bot.CraftableBot - (craftable_bot.py:569) - Adding transfer item: Maple Syrup (pure) (1)
2025-10-07 12:41:36,554 - INFO - backend.bots.craftable_bot.craftable_bot.CraftableBot - (craftable_bot.py:625) - Item Maple Syrup (pure) addedd successfully.
2025-10-07 12:41:36,554 - INFO - backend.bots.craftable_bot.craftable_bot.CraftableBot - (craftable_bot.py:569) - Adding transfer item: Monin - Cookie Butter (2)
2025-10-07 12:41:50,594 - INFO - backend.bots.craftable_bot.craftable_bot.CraftableBot - (craftable_bot.py:625) - Item Monin - Cookie Butter addedd successfully.
2025-10-07 12:41:50,594 - INFO - backend.bots.craftable_bot.craftable_bot.CraftableBot - (craftable_bot.py:569) - Adding transfer item: Monin - Hazelnut (1)
2025-10-07 12:42:04,799 - INFO - backend.bots.craftable_bot.craftable_bot.CraftableBot - (craftable_bot.py:625) - Item Monin - Hazelnut addedd successfully.
2025-10-07 12:42:04,799 - INFO - backend.bots.craftable_bot.craftable_bot.CraftableBot - (craftable_bot.py:569) - Adding transfer item: Monin - Lavender (2)
2025-10-07 12:42:19,112 - INFO - backend.bots.craftable_bot.craftable_bot.CraftableBot - (craftable_bot.py:625) - Item Monin - Lavender addedd successfully.
2025-10-07 12:42:19,112 - INFO - backend.bots.craftable_bot.craftable_bot.CraftableBot - (craftable_bot.py:569) - Adding transfer item: Monin - Toffee Nut (1)
2025-10-07 12:42:33,992 - INFO - backend.bots.craftable_bot.craftable_bot.CraftableBot - (craftable_bot.py:625) - Item Monin - Toffee Nut addedd successfully.
2025-10-07 12:42:33,993 - INFO - backend.bots.craftable_bot.craftable_bot.CraftableBot - (craftable_bot.py:569) - Adding transfer item: Oats (1)
2025-10-07 12:42:49,164 - INFO - backend.bots.craftable_bot.craftable_bot.CraftableBot - (craftable_bot.py:625) - Item Oats addedd successfully.
2025-10-07 12:42:49,165 - INFO - backend.bots.craftable_bot.craftable_bot.CraftableBot - (craftable_bot.py:569) - Adding transfer item: Tea Bags - Earl Grey Lavender (Twinings) (6)
2025-10-07 12:43:04,244 - INFO - backend.bots.craftable_bot.craftable_bot.CraftableBot - (craftable_bot.py:625) - Item Tea Bags - Earl Grey Lavender (Twinings) addedd successfully.
2025-10-07 12:43:04,244 - INFO - backend.bots.craftable_bot.craftable_bot.CraftableBot - (craftable_bot.py:569) - Adding transfer item: Tea Bags - English Breakfast (Twinings) (6)
2025-10-07 12:43:18,804 - INFO - backend.bots.craftable_bot.craftable_bot.CraftableBot - (craftable_bot.py:625) - Item Tea Bags - English Breakfast (Twinings) addedd successfully.
2025-10-07 12:43:18,805 - INFO - backend.bots.craftable_bot.craftable_bot.CraftableBot - (craftable_bot.py:569) - Adding transfer item: Torani - Caramel Sauce (3)
2025-10-07 12:43:34,679 - INFO - backend.bots.craftable_bot.craftable_bot.CraftableBot - (craftable_bot.py:625) - Item Torani - Caramel Sauce addedd successfully.
2025-10-07 12:43:34,679 - INFO - backend.bots.craftable_bot.craftable_bot.CraftableBot - (craftable_bot.py:569) - Adding transfer item: Torani - Dark Chocolate Sauce (6)
2025-10-07 12:43:49,820 - INFO - backend.bots.craftable_bot.craftable_bot.CraftableBot - (craftable_bot.py:625) - Item Torani - Dark Chocolate Sauce addedd successfully.
2025-10-07 12:43:49,820 - INFO - backend.bots.craftable_bot.craftable_bot.CraftableBot - (craftable_bot.py:569) - Adding transfer item: Torani - Pumpkin Pie Sauce (1)
2025-10-07 12:44:06,665 - INFO - backend.bots.craftable_bot.craftable_bot.CraftableBot - (craftable_bot.py:625) - Item Torani - Pumpkin Pie Sauce addedd successfully.
2025-10-07 12:44:06,665 - INFO - backend.bots.craftable_bot.craftable_bot.CraftableBot - (craftable_bot.py:569) - Adding transfer item: Torani - White Chocolate Sauce (2)
2025-10-07 12:44:22,272 - INFO - backend.bots.craftable_bot.craftable_bot.CraftableBot - (craftable_bot.py:625) - Item Torani - White Chocolate Sauce addedd successfully.
2025-10-07 12:44:22,272 - INFO - backend.bots.craftable_bot.craftable_bot.CraftableBot - (craftable_bot.py:569) - Adding transfer item: Vegan Egg (1)
2025-10-07 12:44:37,746 - INFO - backend.bots.craftable_bot.craftable_bot.CraftableBot - (craftable_bot.py:625) - Item Vegan Egg addedd successfully.
2025-10-07 12:44:37,746 - INFO - backend.bots.craftable_bot.craftable_bot.CraftableBot - (craftable_bot.py:569) - Adding transfer item: Wrap - Foil (9" x 10.75") (1)
2025-10-07 12:44:53,293 - INFO - backend.bots.craftable_bot.craftable_bot.CraftableBot - (craftable_bot.py:625) - Item Wrap - Foil (9" x 10.75") addedd successfully.
2025-10-07 12:44:53,294 - INFO - backend.bots.craftable_bot.craftable_bot.CraftableBot - (craftable_bot.py:569) - Adding transfer item: Wrap - Paper (15" x 10.75") (1)
2025-10-07 12:45:09,412 - INFO - backend.bots.craftable_bot.craftable_bot.CraftableBot - (craftable_bot.py:625) - Item Wrap - Paper (15" x 10.75") addedd successfully.
2025-10-07 12:45:09,412 - INFO - backend.bots.craftable_bot.craftable_bot.CraftableBot - (craftable_bot.py:574) - All items processed.
2025-10-07 12:45:09,412 - INFO - backend.bots.craftable_bot.craftable_bot.CraftableBot - (craftable_bot.py:474) - Transfer for 28 items from Bakery to Triphammer on 2025-10-03 completed successfully.
2025-10-07 12:45:09,412 - INFO - backend.bots.craftable_bot.craftable_bot.CraftableBot - (craftable_bot.py:452) - Transfers complete.
2025-10-07 12:45:11,549 - INFO - cli.cli.CLI - (cli.py:421) - Command 'input_transfers' executed successfully.
2025-10-08 06:13:44,096 - INFO - cli.cli.CLI - (cli.py:419) - Dispatching command: download_orders (args=['--stores', 'Bakery', 'Easthill', 'Downtown', 'Collegetown', 'Triphammer'])
2025-10-08 06:13:48,160 - INFO - backend.bots.craftable_bot.craftable_bot.CraftableBot - (craftable_bot.py:136) - Logging into Craftable.
2025-10-08 06:13:55,680 - INFO - backend.bots.craftable_bot.craftable_bot.CraftableBot - (craftable_bot.py:160) - Login successful.
2025-10-08 06:13:55,680 - INFO - backend.bots.craftable_bot.craftable_bot.CraftableBot - (craftable_bot.py:259) - Starting order download protocol.
2025-10-08 06:13:55,680 - INFO - backend.bots.craftable_bot.craftable_bot.CraftableBot - (craftable_bot.py:262) - Accessing order page for Bakery.
2025-10-08 06:14:02,375 - INFO - backend.bots.craftable_bot.craftable_bot.CraftableBot - (craftable_bot.py:303) - Retrieving order for UNFI (10/04/2025).
2025-10-08 06:14:04,421 - INFO - backend.bots.craftable_bot.craftable_bot.CraftableBot - (craftable_bot.py:1031) - [Order Update] Initiating update protocol for Bakery / UNFI / 20251004.
2025-10-08 06:14:04,448 - INFO - backend.coordinators.order_coordinator.OrderCoordinator - (order_coordinator.py:208) - [Order Update] Order has changed. Removing old file.
2025-10-08 06:14:04,450 - INFO - backend.bots.craftable_bot.craftable_bot.CraftableBot - (craftable_bot.py:317) - Saving order for UNFI.
2025-10-08 06:14:07,078 - INFO - backend.coordinators.order_coordinator.OrderCoordinator - (order_coordinator.py:252) - Moved downloaded PDF to: C:\Users\andrew\Desktop\Andrew\Projects\IthacaBakery\RandomStuff\WorkBot\refactor\data\orders\UNFI\UNFI_Bakery_2025-10-04.pdf
2025-10-08 06:14:08,947 - INFO - backend.bots.craftable_bot.craftable_bot.CraftableBot - (craftable_bot.py:303) - Retrieving order for J.Mills (10/04/2025).
2025-10-08 06:14:10,294 - INFO - backend.bots.craftable_bot.craftable_bot.CraftableBot - (craftable_bot.py:1031) - [Order Update] Initiating update protocol for Bakery / J.Mills / 20251004.
2025-10-08 06:14:10,436 - INFO - backend.coordinators.order_coordinator.OrderCoordinator - (order_coordinator.py:208) - [Order Update] Order has changed. Removing old file.
2025-10-08 06:14:10,437 - INFO - backend.bots.craftable_bot.craftable_bot.CraftableBot - (craftable_bot.py:317) - Saving order for J.Mills.
2025-10-08 06:14:12,997 - INFO - backend.coordinators.order_coordinator.OrderCoordinator - (order_coordinator.py:252) - Moved downloaded PDF to: C:\Users\andrew\Desktop\Andrew\Projects\IthacaBakery\RandomStuff\WorkBot\refactor\data\orders\J.Mills\J.Mills_Bakery_2025-10-04.pdf
2025-10-08 06:14:14,878 - INFO - backend.bots.craftable_bot.craftable_bot.CraftableBot - (craftable_bot.py:303) - Retrieving order for Webstaurant (10/04/2025).
2025-10-08 06:14:16,516 - INFO - backend.bots.craftable_bot.craftable_bot.CraftableBot - (craftable_bot.py:1031) - [Order Update] Initiating update protocol for Bakery / Webstaurant / 20251004.
2025-10-08 06:14:16,533 - INFO - backend.coordinators.order_coordinator.OrderCoordinator - (order_coordinator.py:208) - [Order Update] Order has changed. Removing old file.
2025-10-08 06:14:16,534 - ERROR - backend.bots.craftable_bot.craftable_bot.CraftableBot - (logger.py:107) - Error in download_orders: [WinError 32] The process cannot access the file because it is being used by another process: 'C:\\Users\\andrew\\Desktop\\Andrew\\Projects\\IthacaBakery\\RandomStuff\\WorkBot\\refactor\\data\\orders\\Webstaurant\\Webstaurant_Bakery_2025-10-04.pdf'
Traceback (most recent call last):
  File "C:\Users\andrew\Desktop\Andrew\Projects\IthacaBakery\RandomStuff\WorkBot\refactor\backend\utils\logger.py", line 105, in wrapper
    return func(*args, **kwargs)
  File "C:\Users\andrew\Desktop\Andrew\Projects\IthacaBakery\RandomStuff\WorkBot\refactor\backend\bots\craftable_bot\craftable_bot.py", line 274, in download_orders
    self._process_order_row(store, stale_reference_table_rows[pos], vendors, download_pdf, update)
    ~~~~~~~~~~~~~~~~~~~~~~~^^^^^^^^^^^^^^^^^^^^^^^^^^^^^^^^^^^^^^^^^^^^^^^^^^^^^^^^^^^^^^^^^^^^^^^
  File "C:\Users\andrew\Desktop\Andrew\Projects\IthacaBakery\RandomStuff\WorkBot\refactor\backend\bots\craftable_bot\craftable_bot.py", line 311, in _process_order_row
    if update and self._update_existing_order(order_to_check_update):
                  ~~~~~~~~~~~~~~~~~~~~~~~~~~~^^^^^^^^^^^^^^^^^^^^^^^
  File "C:\Users\andrew\Desktop\Andrew\Projects\IthacaBakery\RandomStuff\WorkBot\refactor\backend\bots\craftable_bot\craftable_bot.py", line 1032, in _update_existing_order
    return self.order_coordinator.check_and_update_order(order)
           ~~~~~~~~~~~~~~~~~~~~~~~~~~~~~~~~~~~~~~~~~~~~~^^^^^^^
  File "C:\Users\andrew\Desktop\Andrew\Projects\IthacaBakery\RandomStuff\WorkBot\refactor\backend\coordinators\order_coordinator.py", line 210, in check_and_update_order
    self.file_handler.remove_file(file_path.with_suffix('.pdf'))
    ~~~~~~~~~~~~~~~~~~~~~~~~~~~~~^^^^^^^^^^^^^^^^^^^^^^^^^^^^^^^
  File "C:\Users\andrew\Desktop\Andrew\Projects\IthacaBakery\RandomStuff\WorkBot\refactor\backend\storage\file\file_handler.py", line 60, in remove_file
    path.unlink()
    ~~~~~~~~~~~^^
  File "C:\Users\Will\AppData\Local\Programs\Python\Python313\Lib\pathlib\_local.py", line 746, in unlink
    os.unlink(self)
    ~~~~~~~~~^^^^^^
PermissionError: [WinError 32] The process cannot access the file because it is being used by another process: 'C:\\Users\\andrew\\Desktop\\Andrew\\Projects\\IthacaBakery\\RandomStuff\\WorkBot\\refactor\\data\\orders\\Webstaurant\\Webstaurant_Bakery_2025-10-04.pdf'
2025-10-08 06:14:18,320 - ERROR - cli.cli.CLI - (cli.py:426) - [Error] download_orders failed: [WinError 32] The process cannot access the file because it is being used by another process: 'C:\\Users\\andrew\\Desktop\\Andrew\\Projects\\IthacaBakery\\RandomStuff\\WorkBot\\refactor\\data\\orders\\Webstaurant\\Webstaurant_Bakery_2025-10-04.pdf'
Traceback (most recent call last):
  File "C:\Users\andrew\Desktop\Andrew\Projects\IthacaBakery\RandomStuff\WorkBot\refactor\cli\cli.py", line 420, in _dispatch_command
    self.commands[command](args) if args else self.commands[command]()
    ~~~~~~~~~~~~~~~~~~~~~~^^^^^^
  File "C:\Users\andrew\Desktop\Andrew\Projects\IthacaBakery\RandomStuff\WorkBot\refactor\cli\workbot_cli.py", line 48, in cmd_download_orders
    self.workbot.download_craftable_orders(parsed_args.stores, parsed_args.vendors)
    ~~~~~~~~~~~~~~~~~~~~~~~~~~~~~~~~~~~~~~^^^^^^^^^^^^^^^^^^^^^^^^^^^^^^^^^^^^^^^^^
  File "C:\Users\andrew\Desktop\Andrew\Projects\IthacaBakery\RandomStuff\WorkBot\refactor\backend\bots\workbot\work_bot.py", line 81, in download_craftable_orders
    self.craft_bot.download_orders(stores, vendors, download_pdf=download_pdf, update=update)
    ~~~~~~~~~~~~~~~~~~~~~~~~~~~~~~^^^^^^^^^^^^^^^^^^^^^^^^^^^^^^^^^^^^^^^^^^^^^^^^^^^^^^^^^^^
  File "C:\Users\andrew\Desktop\Andrew\Projects\IthacaBakery\RandomStuff\WorkBot\refactor\backend\bots\bot_mixins.py", line 95, in wrapper
    return func(self, *args, **kwargs)
  File "C:\Users\andrew\Desktop\Andrew\Projects\IthacaBakery\RandomStuff\WorkBot\refactor\backend\utils\logger.py", line 105, in wrapper
    return func(*args, **kwargs)
  File "C:\Users\andrew\Desktop\Andrew\Projects\IthacaBakery\RandomStuff\WorkBot\refactor\backend\bots\craftable_bot\craftable_bot.py", line 274, in download_orders
    self._process_order_row(store, stale_reference_table_rows[pos], vendors, download_pdf, update)
    ~~~~~~~~~~~~~~~~~~~~~~~^^^^^^^^^^^^^^^^^^^^^^^^^^^^^^^^^^^^^^^^^^^^^^^^^^^^^^^^^^^^^^^^^^^^^^^
  File "C:\Users\andrew\Desktop\Andrew\Projects\IthacaBakery\RandomStuff\WorkBot\refactor\backend\bots\craftable_bot\craftable_bot.py", line 311, in _process_order_row
    if update and self._update_existing_order(order_to_check_update):
                  ~~~~~~~~~~~~~~~~~~~~~~~~~~~^^^^^^^^^^^^^^^^^^^^^^^
  File "C:\Users\andrew\Desktop\Andrew\Projects\IthacaBakery\RandomStuff\WorkBot\refactor\backend\bots\craftable_bot\craftable_bot.py", line 1032, in _update_existing_order
    return self.order_coordinator.check_and_update_order(order)
           ~~~~~~~~~~~~~~~~~~~~~~~~~~~~~~~~~~~~~~~~~~~~~^^^^^^^
  File "C:\Users\andrew\Desktop\Andrew\Projects\IthacaBakery\RandomStuff\WorkBot\refactor\backend\coordinators\order_coordinator.py", line 210, in check_and_update_order
    self.file_handler.remove_file(file_path.with_suffix('.pdf'))
    ~~~~~~~~~~~~~~~~~~~~~~~~~~~~~^^^^^^^^^^^^^^^^^^^^^^^^^^^^^^^
  File "C:\Users\andrew\Desktop\Andrew\Projects\IthacaBakery\RandomStuff\WorkBot\refactor\backend\storage\file\file_handler.py", line 60, in remove_file
    path.unlink()
    ~~~~~~~~~~~^^
  File "C:\Users\Will\AppData\Local\Programs\Python\Python313\Lib\pathlib\_local.py", line 746, in unlink
    os.unlink(self)
    ~~~~~~~~~^^^^^^
PermissionError: [WinError 32] The process cannot access the file because it is being used by another process: 'C:\\Users\\andrew\\Desktop\\Andrew\\Projects\\IthacaBakery\\RandomStuff\\WorkBot\\refactor\\data\\orders\\Webstaurant\\Webstaurant_Bakery_2025-10-04.pdf'
2025-10-08 06:15:01,648 - INFO - cli.cli.CLI - (cli.py:419) - Dispatching command: download_orders (args=['--stores', 'Bakery', 'Easthill', 'Downtown', 'Collegetown', 'Triphammer'])
2025-10-08 06:15:05,829 - INFO - backend.bots.craftable_bot.craftable_bot.CraftableBot - (craftable_bot.py:136) - Logging into Craftable.
2025-10-08 06:15:13,442 - INFO - backend.bots.craftable_bot.craftable_bot.CraftableBot - (craftable_bot.py:160) - Login successful.
2025-10-08 06:15:13,442 - INFO - backend.bots.craftable_bot.craftable_bot.CraftableBot - (craftable_bot.py:259) - Starting order download protocol.
2025-10-08 06:15:13,442 - INFO - backend.bots.craftable_bot.craftable_bot.CraftableBot - (craftable_bot.py:262) - Accessing order page for Bakery.
2025-10-08 06:15:20,123 - INFO - backend.bots.craftable_bot.craftable_bot.CraftableBot - (craftable_bot.py:303) - Retrieving order for UNFI (10/04/2025).
2025-10-08 06:15:22,232 - INFO - backend.bots.craftable_bot.craftable_bot.CraftableBot - (craftable_bot.py:1031) - [Order Update] Initiating update protocol for Bakery / UNFI / 20251004.
2025-10-08 06:15:22,257 - INFO - backend.coordinators.order_coordinator.OrderCoordinator - (order_coordinator.py:208) - [Order Update] Order has changed. Removing old file.
2025-10-08 06:15:22,258 - INFO - backend.bots.craftable_bot.craftable_bot.CraftableBot - (craftable_bot.py:317) - Saving order for UNFI.
2025-10-08 06:15:24,314 - INFO - backend.coordinators.order_coordinator.OrderCoordinator - (order_coordinator.py:252) - Moved downloaded PDF to: C:\Users\andrew\Desktop\Andrew\Projects\IthacaBakery\RandomStuff\WorkBot\refactor\data\orders\UNFI\UNFI_Bakery_2025-10-04.pdf
2025-10-08 06:15:26,703 - INFO - backend.bots.craftable_bot.craftable_bot.CraftableBot - (craftable_bot.py:303) - Retrieving order for J.Mills (10/04/2025).
2025-10-08 06:15:28,055 - INFO - backend.bots.craftable_bot.craftable_bot.CraftableBot - (craftable_bot.py:1031) - [Order Update] Initiating update protocol for Bakery / J.Mills / 20251004.
2025-10-08 06:15:28,072 - INFO - backend.coordinators.order_coordinator.OrderCoordinator - (order_coordinator.py:208) - [Order Update] Order has changed. Removing old file.
2025-10-08 06:15:28,073 - INFO - backend.bots.craftable_bot.craftable_bot.CraftableBot - (craftable_bot.py:317) - Saving order for J.Mills.
2025-10-08 06:15:30,618 - INFO - backend.coordinators.order_coordinator.OrderCoordinator - (order_coordinator.py:252) - Moved downloaded PDF to: C:\Users\andrew\Desktop\Andrew\Projects\IthacaBakery\RandomStuff\WorkBot\refactor\data\orders\J.Mills\J.Mills_Bakery_2025-10-04.pdf
2025-10-08 06:15:32,488 - INFO - backend.bots.craftable_bot.craftable_bot.CraftableBot - (craftable_bot.py:303) - Retrieving order for Webstaurant (10/04/2025).
2025-10-08 06:15:34,171 - INFO - backend.bots.craftable_bot.craftable_bot.CraftableBot - (craftable_bot.py:1031) - [Order Update] Initiating update protocol for Bakery / Webstaurant / 20251004.
2025-10-08 06:15:34,171 - INFO - backend.coordinators.order_coordinator.OrderCoordinator - (order_coordinator.py:195) - [Order Update] No existing file at C:\Users\andrew\Desktop\Andrew\Projects\IthacaBakery\RandomStuff\WorkBot\refactor\data\orders\Webstaurant\Webstaurant_Bakery_2025-10-04.xlsx. Proceeding with save.
2025-10-08 06:15:34,172 - INFO - backend.bots.craftable_bot.craftable_bot.CraftableBot - (craftable_bot.py:317) - Saving order for Webstaurant.
2025-10-08 06:15:36,237 - INFO - backend.coordinators.order_coordinator.OrderCoordinator - (order_coordinator.py:252) - Moved downloaded PDF to: C:\Users\andrew\Desktop\Andrew\Projects\IthacaBakery\RandomStuff\WorkBot\refactor\data\orders\Webstaurant\Webstaurant_Bakery_2025-10-04.pdf
2025-10-08 06:15:38,607 - INFO - backend.bots.craftable_bot.craftable_bot.CraftableBot - (craftable_bot.py:303) - Retrieving order for Odeko In. (10/05/2025).
2025-10-08 06:15:39,775 - INFO - backend.bots.craftable_bot.craftable_bot.CraftableBot - (craftable_bot.py:1031) - [Order Update] Initiating update protocol for Bakery / Odeko In. / 20251005.
2025-10-08 06:15:39,799 - INFO - backend.coordinators.order_coordinator.OrderCoordinator - (order_coordinator.py:208) - [Order Update] Order has changed. Removing old file.
2025-10-08 06:15:39,800 - INFO - backend.bots.craftable_bot.craftable_bot.CraftableBot - (craftable_bot.py:317) - Saving order for Odeko In..
2025-10-08 06:15:41,848 - INFO - backend.coordinators.order_coordinator.OrderCoordinator - (order_coordinator.py:252) - Moved downloaded PDF to: C:\Users\andrew\Desktop\Andrew\Projects\IthacaBakery\RandomStuff\WorkBot\refactor\data\orders\Odeko In.\Odeko In._Bakery_2025-10-05.pdf
2025-10-08 06:15:44,211 - INFO - backend.bots.craftable_bot.craftable_bot.CraftableBot - (craftable_bot.py:303) - Retrieving order for US Foods (10/05/2025).
2025-10-08 06:15:46,761 - INFO - backend.bots.craftable_bot.craftable_bot.CraftableBot - (craftable_bot.py:1031) - [Order Update] Initiating update protocol for Bakery / US Foods / 20251005.
2025-10-08 06:15:46,783 - INFO - backend.coordinators.order_coordinator.OrderCoordinator - (order_coordinator.py:208) - [Order Update] Order has changed. Removing old file.
2025-10-08 06:15:46,784 - INFO - backend.bots.craftable_bot.craftable_bot.CraftableBot - (craftable_bot.py:317) - Saving order for US Foods.
2025-10-08 06:15:48,867 - INFO - backend.coordinators.order_coordinator.OrderCoordinator - (order_coordinator.py:252) - Moved downloaded PDF to: C:\Users\andrew\Desktop\Andrew\Projects\IthacaBakery\RandomStuff\WorkBot\refactor\data\orders\US Foods\US Foods_Bakery_2025-10-05.pdf
2025-10-08 06:15:51,246 - INFO - backend.bots.craftable_bot.craftable_bot.CraftableBot - (craftable_bot.py:303) - Retrieving order for Copper Horse Coffee (10/05/2025).
2025-10-08 06:15:52,601 - INFO - backend.bots.craftable_bot.craftable_bot.CraftableBot - (craftable_bot.py:1031) - [Order Update] Initiating update protocol for Bakery / Copper Horse Coffee / 20251005.
2025-10-08 06:15:52,619 - INFO - backend.coordinators.order_coordinator.OrderCoordinator - (order_coordinator.py:208) - [Order Update] Order has changed. Removing old file.
2025-10-08 06:15:52,620 - INFO - backend.bots.craftable_bot.craftable_bot.CraftableBot - (craftable_bot.py:317) - Saving order for Copper Horse Coffee.
2025-10-08 06:15:54,676 - INFO - backend.coordinators.order_coordinator.OrderCoordinator - (order_coordinator.py:252) - Moved downloaded PDF to: C:\Users\andrew\Desktop\Andrew\Projects\IthacaBakery\RandomStuff\WorkBot\refactor\data\orders\Copper Horse Coffee\Copper Horse Coffee_Bakery_2025-10-05.pdf
2025-10-08 06:15:57,043 - INFO - backend.bots.craftable_bot.craftable_bot.CraftableBot - (craftable_bot.py:303) - Retrieving order for Equal Exchange (10/05/2025).
2025-10-08 06:15:58,496 - INFO - backend.bots.craftable_bot.craftable_bot.CraftableBot - (craftable_bot.py:1031) - [Order Update] Initiating update protocol for Bakery / Equal Exchange / 20251005.
2025-10-08 06:15:58,518 - INFO - backend.coordinators.order_coordinator.OrderCoordinator - (order_coordinator.py:208) - [Order Update] Order has changed. Removing old file.
2025-10-08 06:15:58,519 - INFO - backend.bots.craftable_bot.craftable_bot.CraftableBot - (craftable_bot.py:317) - Saving order for Equal Exchange.
2025-10-08 06:16:00,583 - INFO - backend.coordinators.order_coordinator.OrderCoordinator - (order_coordinator.py:252) - Moved downloaded PDF to: C:\Users\andrew\Desktop\Andrew\Projects\IthacaBakery\RandomStuff\WorkBot\refactor\data\orders\Equal Exchange\Equal Exchange_Bakery_2025-10-05.pdf
2025-10-08 06:16:02,941 - INFO - backend.bots.craftable_bot.craftable_bot.CraftableBot - (craftable_bot.py:303) - Retrieving order for Harney and Sons Tea (10/05/2025).
2025-10-08 06:16:04,193 - INFO - backend.bots.craftable_bot.craftable_bot.CraftableBot - (craftable_bot.py:1031) - [Order Update] Initiating update protocol for Bakery / Harney and Sons Tea / 20251005.
2025-10-08 06:16:04,211 - INFO - backend.coordinators.order_coordinator.OrderCoordinator - (order_coordinator.py:208) - [Order Update] Order has changed. Removing old file.
2025-10-08 06:16:04,212 - INFO - backend.bots.craftable_bot.craftable_bot.CraftableBot - (craftable_bot.py:317) - Saving order for Harney and Sons Tea.
2025-10-08 06:16:06,263 - INFO - backend.coordinators.order_coordinator.OrderCoordinator - (order_coordinator.py:252) - Moved downloaded PDF to: C:\Users\andrew\Desktop\Andrew\Projects\IthacaBakery\RandomStuff\WorkBot\refactor\data\orders\Harney and Sons Tea\Harney and Sons Tea_Bakery_2025-10-05.pdf
2025-10-08 06:16:08,633 - INFO - backend.bots.craftable_bot.craftable_bot.CraftableBot - (craftable_bot.py:303) - Retrieving order for Coca-Cola (10/05/2025).
2025-10-08 06:16:10,261 - INFO - backend.bots.craftable_bot.craftable_bot.CraftableBot - (craftable_bot.py:1031) - [Order Update] Initiating update protocol for Bakery / Coca-Cola / 20251005.
2025-10-08 06:16:10,279 - INFO - backend.coordinators.order_coordinator.OrderCoordinator - (order_coordinator.py:208) - [Order Update] Order has changed. Removing old file.
2025-10-08 06:16:10,280 - INFO - backend.bots.craftable_bot.craftable_bot.CraftableBot - (craftable_bot.py:317) - Saving order for Coca-Cola.
2025-10-08 06:16:12,338 - INFO - backend.coordinators.order_coordinator.OrderCoordinator - (order_coordinator.py:252) - Moved downloaded PDF to: C:\Users\andrew\Desktop\Andrew\Projects\IthacaBakery\RandomStuff\WorkBot\refactor\data\orders\Coca-Cola\Coca-Cola_Bakery_2025-10-05.pdf
2025-10-08 06:16:14,712 - INFO - backend.bots.craftable_bot.craftable_bot.CraftableBot - (craftable_bot.py:303) - Retrieving order for DUTCH VALLEY FOOD DIST (10/05/2025).
2025-10-08 06:16:15,974 - INFO - backend.bots.craftable_bot.craftable_bot.CraftableBot - (craftable_bot.py:1031) - [Order Update] Initiating update protocol for Bakery / DUTCH VALLEY FOOD DIST / 20251005.
2025-10-08 06:16:15,992 - INFO - backend.coordinators.order_coordinator.OrderCoordinator - (order_coordinator.py:208) - [Order Update] Order has changed. Removing old file.
2025-10-08 06:16:15,993 - INFO - backend.bots.craftable_bot.craftable_bot.CraftableBot - (craftable_bot.py:317) - Saving order for DUTCH VALLEY FOOD DIST.
2025-10-08 06:16:18,046 - INFO - backend.coordinators.order_coordinator.OrderCoordinator - (order_coordinator.py:252) - Moved downloaded PDF to: C:\Users\andrew\Desktop\Andrew\Projects\IthacaBakery\RandomStuff\WorkBot\refactor\data\orders\DUTCH VALLEY FOOD DIST\DUTCH VALLEY FOOD DIST_Bakery_2025-10-05.pdf
2025-10-08 06:16:20,415 - INFO - backend.bots.craftable_bot.craftable_bot.CraftableBot - (craftable_bot.py:303) - Retrieving order for Hill & Markes (10/05/2025).
2025-10-08 06:16:22,103 - INFO - backend.bots.craftable_bot.craftable_bot.CraftableBot - (craftable_bot.py:1031) - [Order Update] Initiating update protocol for Bakery / Hill & Markes / 20251005.
2025-10-08 06:16:22,135 - INFO - backend.coordinators.order_coordinator.OrderCoordinator - (order_coordinator.py:208) - [Order Update] Order has changed. Removing old file.
2025-10-08 06:16:22,136 - INFO - backend.bots.craftable_bot.craftable_bot.CraftableBot - (craftable_bot.py:317) - Saving order for Hill & Markes.
2025-10-08 06:16:24,694 - INFO - backend.coordinators.order_coordinator.OrderCoordinator - (order_coordinator.py:252) - Moved downloaded PDF to: C:\Users\andrew\Desktop\Andrew\Projects\IthacaBakery\RandomStuff\WorkBot\refactor\data\orders\Hill & Markes\Hill & Markes_Bakery_2025-10-05.pdf
2025-10-08 06:16:26,589 - INFO - backend.bots.craftable_bot.craftable_bot.CraftableBot - (craftable_bot.py:303) - Retrieving order for Hillcrest Dairy (10/05/2025).
2025-10-08 06:16:27,985 - INFO - backend.bots.craftable_bot.craftable_bot.CraftableBot - (craftable_bot.py:1031) - [Order Update] Initiating update protocol for Bakery / Hillcrest Dairy / 20251005.
2025-10-08 06:16:28,003 - INFO - backend.coordinators.order_coordinator.OrderCoordinator - (order_coordinator.py:208) - [Order Update] Order has changed. Removing old file.
2025-10-08 06:16:28,004 - INFO - backend.bots.craftable_bot.craftable_bot.CraftableBot - (craftable_bot.py:317) - Saving order for Hillcrest Dairy.
2025-10-08 06:16:30,062 - INFO - backend.coordinators.order_coordinator.OrderCoordinator - (order_coordinator.py:252) - Moved downloaded PDF to: C:\Users\andrew\Desktop\Andrew\Projects\IthacaBakery\RandomStuff\WorkBot\refactor\data\orders\Hillcrest Dairy\Hillcrest Dairy_Bakery_2025-10-05.pdf
2025-10-08 06:16:32,431 - INFO - backend.bots.craftable_bot.craftable_bot.CraftableBot - (craftable_bot.py:303) - Retrieving order for Hillcrest Foods (10/06/2025).
2025-10-08 06:16:34,430 - INFO - backend.bots.craftable_bot.craftable_bot.CraftableBot - (craftable_bot.py:1031) - [Order Update] Initiating update protocol for Bakery / Hillcrest Foods / 20251006.
2025-10-08 06:16:34,538 - INFO - backend.coordinators.order_coordinator.OrderCoordinator - (order_coordinator.py:208) - [Order Update] Order has changed. Removing old file.
2025-10-08 06:16:34,539 - INFO - backend.bots.craftable_bot.craftable_bot.CraftableBot - (craftable_bot.py:317) - Saving order for Hillcrest Foods.
2025-10-08 06:16:36,602 - INFO - backend.coordinators.order_coordinator.OrderCoordinator - (order_coordinator.py:252) - Moved downloaded PDF to: C:\Users\andrew\Desktop\Andrew\Projects\IthacaBakery\RandomStuff\WorkBot\refactor\data\orders\Hillcrest Foods\Hillcrest Foods_Bakery_2025-10-06.pdf
2025-10-08 06:16:38,965 - INFO - backend.bots.craftable_bot.craftable_bot.CraftableBot - (craftable_bot.py:303) - Retrieving order for Regional Distributors, Inc. (10/06/2025).
2025-10-08 06:16:41,024 - INFO - backend.bots.craftable_bot.craftable_bot.CraftableBot - (craftable_bot.py:1031) - [Order Update] Initiating update protocol for Bakery / Regional Distributors, Inc. / 20251006.
2025-10-08 06:16:41,043 - INFO - backend.coordinators.order_coordinator.OrderCoordinator - (order_coordinator.py:208) - [Order Update] Order has changed. Removing old file.
2025-10-08 06:16:41,044 - INFO - backend.bots.craftable_bot.craftable_bot.CraftableBot - (craftable_bot.py:317) - Saving order for Regional Distributors, Inc..
2025-10-08 06:16:43,111 - INFO - backend.coordinators.order_coordinator.OrderCoordinator - (order_coordinator.py:252) - Moved downloaded PDF to: C:\Users\andrew\Desktop\Andrew\Projects\IthacaBakery\RandomStuff\WorkBot\refactor\data\orders\Regional Distributors, Inc.\Regional Distributors, Inc._Bakery_2025-10-06.pdf
2025-10-08 06:16:45,469 - INFO - backend.bots.craftable_bot.craftable_bot.CraftableBot - (craftable_bot.py:303) - Retrieving order for Lentz (10/06/2025).
2025-10-08 06:16:46,918 - INFO - backend.bots.craftable_bot.craftable_bot.CraftableBot - (craftable_bot.py:1031) - [Order Update] Initiating update protocol for Bakery / Lentz / 20251006.
2025-10-08 06:16:47,087 - INFO - backend.coordinators.order_coordinator.OrderCoordinator - (order_coordinator.py:208) - [Order Update] Order has changed. Removing old file.
2025-10-08 06:16:47,088 - INFO - backend.bots.craftable_bot.craftable_bot.CraftableBot - (craftable_bot.py:317) - Saving order for Lentz.
2025-10-08 06:16:49,141 - INFO - backend.coordinators.order_coordinator.OrderCoordinator - (order_coordinator.py:252) - Moved downloaded PDF to: C:\Users\andrew\Desktop\Andrew\Projects\IthacaBakery\RandomStuff\WorkBot\refactor\data\orders\Lentz\Lentz_Bakery_2025-10-06.pdf
2025-10-08 06:16:51,509 - INFO - backend.bots.craftable_bot.craftable_bot.CraftableBot - (craftable_bot.py:303) - Retrieving order for BJ's (10/06/2025).
2025-10-08 06:16:52,729 - INFO - backend.bots.craftable_bot.craftable_bot.CraftableBot - (craftable_bot.py:1031) - [Order Update] Initiating update protocol for Bakery / BJ's / 20251006.
2025-10-08 06:16:52,747 - INFO - backend.coordinators.order_coordinator.OrderCoordinator - (order_coordinator.py:208) - [Order Update] Order has changed. Removing old file.
2025-10-08 06:16:52,748 - INFO - backend.bots.craftable_bot.craftable_bot.CraftableBot - (craftable_bot.py:317) - Saving order for BJ's.
2025-10-08 06:16:55,303 - INFO - backend.coordinators.order_coordinator.OrderCoordinator - (order_coordinator.py:252) - Moved downloaded PDF to: C:\Users\andrew\Desktop\Andrew\Projects\IthacaBakery\RandomStuff\WorkBot\refactor\data\orders\BJ's\BJ's_Bakery_2025-10-06.pdf
2025-10-08 06:16:57,166 - INFO - backend.bots.craftable_bot.craftable_bot.CraftableBot - (craftable_bot.py:303) - Retrieving order for A.L. George (10/06/2025).
2025-10-08 06:16:58,727 - INFO - backend.bots.craftable_bot.craftable_bot.CraftableBot - (craftable_bot.py:1031) - [Order Update] Initiating update protocol for Bakery / A.L. George / 20251006.
2025-10-08 06:16:58,748 - INFO - backend.coordinators.order_coordinator.OrderCoordinator - (order_coordinator.py:208) - [Order Update] Order has changed. Removing old file.
2025-10-08 06:16:58,749 - INFO - backend.bots.craftable_bot.craftable_bot.CraftableBot - (craftable_bot.py:317) - Saving order for A.L. George.
2025-10-08 06:17:00,806 - INFO - backend.coordinators.order_coordinator.OrderCoordinator - (order_coordinator.py:252) - Moved downloaded PDF to: C:\Users\andrew\Desktop\Andrew\Projects\IthacaBakery\RandomStuff\WorkBot\refactor\data\orders\A.L. George\A.L. George_Bakery_2025-10-06.pdf
2025-10-08 06:17:03,193 - INFO - backend.bots.craftable_bot.craftable_bot.CraftableBot - (craftable_bot.py:303) - Retrieving order for BALKAN BEVERAGE LLC (10/06/2025).
2025-10-08 06:17:04,406 - INFO - backend.bots.craftable_bot.craftable_bot.CraftableBot - (craftable_bot.py:1031) - [Order Update] Initiating update protocol for Bakery / BALKAN BEVERAGE LLC / 20251006.
2025-10-08 06:17:04,424 - INFO - backend.coordinators.order_coordinator.OrderCoordinator - (order_coordinator.py:208) - [Order Update] Order has changed. Removing old file.
2025-10-08 06:17:04,425 - INFO - backend.bots.craftable_bot.craftable_bot.CraftableBot - (craftable_bot.py:317) - Saving order for BALKAN BEVERAGE LLC.
2025-10-08 06:17:06,475 - INFO - backend.coordinators.order_coordinator.OrderCoordinator - (order_coordinator.py:252) - Moved downloaded PDF to: C:\Users\andrew\Desktop\Andrew\Projects\IthacaBakery\RandomStuff\WorkBot\refactor\data\orders\BALKAN BEVERAGE LLC\BALKAN BEVERAGE LLC_Bakery_2025-10-06.pdf
2025-10-08 06:17:08,844 - INFO - backend.bots.craftable_bot.craftable_bot.CraftableBot - (craftable_bot.py:303) - Retrieving order for Keck's Food Service (10/06/2025).
2025-10-08 06:17:10,105 - INFO - backend.bots.craftable_bot.craftable_bot.CraftableBot - (craftable_bot.py:1031) - [Order Update] Initiating update protocol for Bakery / Keck's Food Service / 20251006.
2025-10-08 06:17:10,123 - INFO - backend.coordinators.order_coordinator.OrderCoordinator - (order_coordinator.py:208) - [Order Update] Order has changed. Removing old file.
2025-10-08 06:17:10,124 - INFO - backend.bots.craftable_bot.craftable_bot.CraftableBot - (craftable_bot.py:317) - Saving order for Keck's Food Service.
2025-10-08 06:17:12,176 - INFO - backend.coordinators.order_coordinator.OrderCoordinator - (order_coordinator.py:252) - Moved downloaded PDF to: C:\Users\andrew\Desktop\Andrew\Projects\IthacaBakery\RandomStuff\WorkBot\refactor\data\orders\Keck's Food Service\Keck's Food Service_Bakery_2025-10-06.pdf
2025-10-08 06:17:14,533 - INFO - backend.bots.craftable_bot.craftable_bot.CraftableBot - (craftable_bot.py:303) - Retrieving order for Dawn (10/06/2025).
2025-10-08 06:17:15,695 - INFO - backend.bots.craftable_bot.craftable_bot.CraftableBot - (craftable_bot.py:1031) - [Order Update] Initiating update protocol for Bakery / Dawn / 20251006.
2025-10-08 06:17:15,710 - INFO - backend.coordinators.order_coordinator.OrderCoordinator - (order_coordinator.py:208) - [Order Update] Order has changed. Removing old file.
2025-10-08 06:17:15,711 - INFO - backend.bots.craftable_bot.craftable_bot.CraftableBot - (craftable_bot.py:317) - Saving order for Dawn.
2025-10-08 06:17:17,761 - INFO - backend.coordinators.order_coordinator.OrderCoordinator - (order_coordinator.py:252) - Moved downloaded PDF to: C:\Users\andrew\Desktop\Andrew\Projects\IthacaBakery\RandomStuff\WorkBot\refactor\data\orders\Dawn\Dawn_Bakery_2025-10-06.pdf
2025-10-08 06:17:20,186 - INFO - backend.bots.craftable_bot.craftable_bot.CraftableBot - (craftable_bot.py:303) - Retrieving order for Atlantic Spice Company (10/06/2025).
2025-10-08 06:17:21,340 - INFO - backend.bots.craftable_bot.craftable_bot.CraftableBot - (craftable_bot.py:1031) - [Order Update] Initiating update protocol for Bakery / Atlantic Spice Company / 20251006.
2025-10-08 06:17:21,357 - INFO - backend.coordinators.order_coordinator.OrderCoordinator - (order_coordinator.py:208) - [Order Update] Order has changed. Removing old file.
2025-10-08 06:17:21,358 - INFO - backend.bots.craftable_bot.craftable_bot.CraftableBot - (craftable_bot.py:317) - Saving order for Atlantic Spice Company.
2025-10-08 06:17:23,406 - INFO - backend.coordinators.order_coordinator.OrderCoordinator - (order_coordinator.py:252) - Moved downloaded PDF to: C:\Users\andrew\Desktop\Andrew\Projects\IthacaBakery\RandomStuff\WorkBot\refactor\data\orders\Atlantic Spice Company\Atlantic Spice Company_Bakery_2025-10-06.pdf
2025-10-08 06:17:25,764 - INFO - backend.bots.craftable_bot.craftable_bot.CraftableBot - (craftable_bot.py:303) - Retrieving order for Side Hill Acres (10/06/2025).
2025-10-08 06:17:26,934 - INFO - backend.bots.craftable_bot.craftable_bot.CraftableBot - (craftable_bot.py:1031) - [Order Update] Initiating update protocol for Bakery / Side Hill Acres / 20251006.
2025-10-08 06:17:26,949 - INFO - backend.coordinators.order_coordinator.OrderCoordinator - (order_coordinator.py:208) - [Order Update] Order has changed. Removing old file.
2025-10-08 06:17:26,950 - INFO - backend.bots.craftable_bot.craftable_bot.CraftableBot - (craftable_bot.py:317) - Saving order for Side Hill Acres.
2025-10-08 06:17:28,998 - INFO - backend.coordinators.order_coordinator.OrderCoordinator - (order_coordinator.py:252) - Moved downloaded PDF to: C:\Users\andrew\Desktop\Andrew\Projects\IthacaBakery\RandomStuff\WorkBot\refactor\data\orders\Side Hill Acres\Side Hill Acres_Bakery_2025-10-06.pdf
2025-10-08 06:17:31,421 - INFO - backend.bots.craftable_bot.craftable_bot.CraftableBot - (craftable_bot.py:303) - Retrieving order for Johnston Paper (10/07/2025).
2025-10-08 06:17:33,030 - INFO - backend.bots.craftable_bot.craftable_bot.CraftableBot - (craftable_bot.py:1031) - [Order Update] Initiating update protocol for Bakery / Johnston Paper / 20251007.
2025-10-08 06:17:33,048 - INFO - backend.coordinators.order_coordinator.OrderCoordinator - (order_coordinator.py:208) - [Order Update] Order has changed. Removing old file.
2025-10-08 06:17:33,049 - INFO - backend.bots.craftable_bot.craftable_bot.CraftableBot - (craftable_bot.py:317) - Saving order for Johnston Paper.
2025-10-08 06:17:35,609 - INFO - backend.coordinators.order_coordinator.OrderCoordinator - (order_coordinator.py:252) - Moved downloaded PDF to: C:\Users\andrew\Desktop\Andrew\Projects\IthacaBakery\RandomStuff\WorkBot\refactor\data\orders\Johnston Paper\Johnston Paper_Bakery_2025-10-07.pdf
2025-10-08 06:17:37,488 - INFO - backend.bots.craftable_bot.craftable_bot.CraftableBot - (craftable_bot.py:303) - Retrieving order for Peters Supply (10/07/2025).
2025-10-08 06:17:39,125 - INFO - backend.bots.craftable_bot.craftable_bot.CraftableBot - (craftable_bot.py:1031) - [Order Update] Initiating update protocol for Bakery / Peters Supply / 20251007.
2025-10-08 06:17:39,144 - INFO - backend.coordinators.order_coordinator.OrderCoordinator - (order_coordinator.py:208) - [Order Update] Order has changed. Removing old file.
2025-10-08 06:17:39,145 - INFO - backend.bots.craftable_bot.craftable_bot.CraftableBot - (craftable_bot.py:317) - Saving order for Peters Supply.
2025-10-08 06:17:41,202 - INFO - backend.coordinators.order_coordinator.OrderCoordinator - (order_coordinator.py:252) - Moved downloaded PDF to: C:\Users\andrew\Desktop\Andrew\Projects\IthacaBakery\RandomStuff\WorkBot\refactor\data\orders\Peters Supply\Peters Supply_Bakery_2025-10-07.pdf
2025-10-08 06:17:43,571 - INFO - backend.bots.craftable_bot.craftable_bot.CraftableBot - (craftable_bot.py:303) - Retrieving order for Qualita (10/07/2025).
2025-10-08 06:17:44,811 - INFO - backend.bots.craftable_bot.craftable_bot.CraftableBot - (craftable_bot.py:1031) - [Order Update] Initiating update protocol for Bakery / Qualita / 20251007.
2025-10-08 06:17:44,827 - INFO - backend.coordinators.order_coordinator.OrderCoordinator - (order_coordinator.py:208) - [Order Update] Order has changed. Removing old file.
2025-10-08 06:17:44,828 - INFO - backend.bots.craftable_bot.craftable_bot.CraftableBot - (craftable_bot.py:317) - Saving order for Qualita.
2025-10-08 06:17:47,374 - INFO - backend.coordinators.order_coordinator.OrderCoordinator - (order_coordinator.py:252) - Moved downloaded PDF to: C:\Users\andrew\Desktop\Andrew\Projects\IthacaBakery\RandomStuff\WorkBot\refactor\data\orders\Qualita\Qualita_Bakery_2025-10-07.pdf
2025-10-08 06:17:49,239 - INFO - backend.bots.craftable_bot.craftable_bot.CraftableBot - (craftable_bot.py:303) - Retrieving order for SANICO (10/07/2025).
2025-10-08 06:17:50,401 - INFO - backend.bots.craftable_bot.craftable_bot.CraftableBot - (craftable_bot.py:1031) - [Order Update] Initiating update protocol for Bakery / SANICO / 20251007.
2025-10-08 06:17:50,417 - INFO - backend.coordinators.order_coordinator.OrderCoordinator - (order_coordinator.py:208) - [Order Update] Order has changed. Removing old file.
2025-10-08 06:17:50,419 - INFO - backend.bots.craftable_bot.craftable_bot.CraftableBot - (craftable_bot.py:317) - Saving order for SANICO.
2025-10-08 06:17:52,969 - INFO - backend.coordinators.order_coordinator.OrderCoordinator - (order_coordinator.py:252) - Moved downloaded PDF to: C:\Users\andrew\Desktop\Andrew\Projects\IthacaBakery\RandomStuff\WorkBot\refactor\data\orders\SANICO\SANICO_Bakery_2025-10-07.pdf
2025-10-08 06:17:54,997 - INFO - backend.bots.craftable_bot.craftable_bot.CraftableBot - (craftable_bot.py:303) - Retrieving order for FingerLakes Farms (10/07/2025).
2025-10-08 06:17:56,510 - INFO - backend.bots.craftable_bot.craftable_bot.CraftableBot - (craftable_bot.py:1031) - [Order Update] Initiating update protocol for Bakery / FingerLakes Farms / 20251007.
2025-10-08 06:17:56,510 - INFO - backend.coordinators.order_coordinator.OrderCoordinator - (order_coordinator.py:195) - [Order Update] No existing file at C:\Users\andrew\Desktop\Andrew\Projects\IthacaBakery\RandomStuff\WorkBot\refactor\data\orders\FingerLakes Farms\FingerLakes Farms_Bakery_2025-10-07.xlsx. Proceeding with save.
2025-10-08 06:17:56,510 - INFO - backend.bots.craftable_bot.craftable_bot.CraftableBot - (craftable_bot.py:317) - Saving order for FingerLakes Farms.
2025-10-08 06:17:59,066 - INFO - backend.coordinators.order_coordinator.OrderCoordinator - (order_coordinator.py:252) - Moved downloaded PDF to: C:\Users\andrew\Desktop\Andrew\Projects\IthacaBakery\RandomStuff\WorkBot\refactor\data\orders\FingerLakes Farms\FingerLakes Farms_Bakery_2025-10-07.pdf
2025-10-08 06:18:00,942 - INFO - backend.bots.craftable_bot.craftable_bot.CraftableBot - (craftable_bot.py:303) - Retrieving order for Sysco (10/07/2025).
2025-10-08 06:18:02,261 - INFO - backend.bots.craftable_bot.craftable_bot.CraftableBot - (craftable_bot.py:1031) - [Order Update] Initiating update protocol for Bakery / Sysco / 20251007.
2025-10-08 06:18:02,262 - INFO - backend.coordinators.order_coordinator.OrderCoordinator - (order_coordinator.py:195) - [Order Update] No existing file at C:\Users\andrew\Desktop\Andrew\Projects\IthacaBakery\RandomStuff\WorkBot\refactor\data\orders\Sysco\Sysco_Bakery_2025-10-07.xlsx. Proceeding with save.
2025-10-08 06:18:02,262 - INFO - backend.bots.craftable_bot.craftable_bot.CraftableBot - (craftable_bot.py:317) - Saving order for Sysco.
2025-10-08 06:18:04,318 - INFO - backend.coordinators.order_coordinator.OrderCoordinator - (order_coordinator.py:252) - Moved downloaded PDF to: C:\Users\andrew\Desktop\Andrew\Projects\IthacaBakery\RandomStuff\WorkBot\refactor\data\orders\Sysco\Sysco_Bakery_2025-10-07.pdf
2025-10-08 06:18:06,651 - INFO - backend.bots.craftable_bot.craftable_bot.CraftableBot - (craftable_bot.py:262) - Accessing order page for Easthill.
2025-10-08 06:18:13,106 - INFO - backend.bots.craftable_bot.craftable_bot.CraftableBot - (craftable_bot.py:303) - Retrieving order for Sysco (10/04/2025).
2025-10-08 06:18:14,806 - INFO - backend.bots.craftable_bot.craftable_bot.CraftableBot - (craftable_bot.py:1031) - [Order Update] Initiating update protocol for Easthill / Sysco / 20251004.
2025-10-08 06:18:14,826 - INFO - backend.coordinators.order_coordinator.OrderCoordinator - (order_coordinator.py:208) - [Order Update] Order has changed. Removing old file.
2025-10-08 06:18:14,827 - INFO - backend.bots.craftable_bot.craftable_bot.CraftableBot - (craftable_bot.py:317) - Saving order for Sysco.
2025-10-08 06:18:17,392 - INFO - backend.coordinators.order_coordinator.OrderCoordinator - (order_coordinator.py:252) - Moved downloaded PDF to: C:\Users\andrew\Desktop\Andrew\Projects\IthacaBakery\RandomStuff\WorkBot\refactor\data\orders\Sysco\Sysco_Easthill_2025-10-04.pdf
2025-10-08 06:18:19,245 - INFO - backend.bots.craftable_bot.craftable_bot.CraftableBot - (craftable_bot.py:303) - Retrieving order for Ithaca Bakery (10/04/2025).
2025-10-08 06:18:22,012 - INFO - backend.bots.craftable_bot.craftable_bot.CraftableBot - (craftable_bot.py:1031) - [Order Update] Initiating update protocol for Easthill / Ithaca Bakery / 20251004.
2025-10-08 06:18:22,034 - INFO - backend.coordinators.order_coordinator.OrderCoordinator - (order_coordinator.py:208) - [Order Update] Order has changed. Removing old file.
2025-10-08 06:18:22,035 - INFO - backend.bots.craftable_bot.craftable_bot.CraftableBot - (craftable_bot.py:317) - Saving order for Ithaca Bakery.
2025-10-08 06:18:24,112 - INFO - backend.coordinators.order_coordinator.OrderCoordinator - (order_coordinator.py:252) - Moved downloaded PDF to: C:\Users\andrew\Desktop\Andrew\Projects\IthacaBakery\RandomStuff\WorkBot\refactor\data\orders\Ithaca Bakery\Ithaca Bakery_Easthill_2025-10-04.pdf
2025-10-08 06:18:26,479 - INFO - backend.bots.craftable_bot.craftable_bot.CraftableBot - (craftable_bot.py:303) - Retrieving order for Equal Exchange (10/04/2025).
2025-10-08 06:18:27,932 - INFO - backend.bots.craftable_bot.craftable_bot.CraftableBot - (craftable_bot.py:1031) - [Order Update] Initiating update protocol for Easthill / Equal Exchange / 20251004.
2025-10-08 06:18:27,949 - INFO - backend.coordinators.order_coordinator.OrderCoordinator - (order_coordinator.py:208) - [Order Update] Order has changed. Removing old file.
2025-10-08 06:18:27,950 - INFO - backend.bots.craftable_bot.craftable_bot.CraftableBot - (craftable_bot.py:317) - Saving order for Equal Exchange.
2025-10-08 06:18:30,509 - INFO - backend.coordinators.order_coordinator.OrderCoordinator - (order_coordinator.py:252) - Moved downloaded PDF to: C:\Users\andrew\Desktop\Andrew\Projects\IthacaBakery\RandomStuff\WorkBot\refactor\data\orders\Equal Exchange\Equal Exchange_Easthill_2025-10-04.pdf
2025-10-08 06:18:32,378 - INFO - backend.bots.craftable_bot.craftable_bot.CraftableBot - (craftable_bot.py:303) - Retrieving order for Performance Food (10/04/2025).
2025-10-08 06:18:34,584 - INFO - backend.bots.craftable_bot.craftable_bot.CraftableBot - (craftable_bot.py:1031) - [Order Update] Initiating update protocol for Easthill / Performance Food / 20251004.
2025-10-08 06:18:34,603 - INFO - backend.coordinators.order_coordinator.OrderCoordinator - (order_coordinator.py:208) - [Order Update] Order has changed. Removing old file.
2025-10-08 06:18:34,604 - INFO - backend.bots.craftable_bot.craftable_bot.CraftableBot - (craftable_bot.py:317) - Saving order for Performance Food.
2025-10-08 06:18:36,675 - INFO - backend.coordinators.order_coordinator.OrderCoordinator - (order_coordinator.py:252) - Moved downloaded PDF to: C:\Users\andrew\Desktop\Andrew\Projects\IthacaBakery\RandomStuff\WorkBot\refactor\data\orders\Performance Food\Performance Food_Easthill_2025-10-04.pdf
2025-10-08 06:18:39,032 - INFO - backend.bots.craftable_bot.craftable_bot.CraftableBot - (craftable_bot.py:303) - Retrieving order for Peters Supply (10/04/2025).
2025-10-08 06:18:40,327 - INFO - backend.bots.craftable_bot.craftable_bot.CraftableBot - (craftable_bot.py:1031) - [Order Update] Initiating update protocol for Easthill / Peters Supply / 20251004.
2025-10-08 06:18:40,344 - INFO - backend.coordinators.order_coordinator.OrderCoordinator - (order_coordinator.py:208) - [Order Update] Order has changed. Removing old file.
2025-10-08 06:18:40,346 - INFO - backend.bots.craftable_bot.craftable_bot.CraftableBot - (craftable_bot.py:317) - Saving order for Peters Supply.
2025-10-08 06:18:42,402 - INFO - backend.coordinators.order_coordinator.OrderCoordinator - (order_coordinator.py:252) - Moved downloaded PDF to: C:\Users\andrew\Desktop\Andrew\Projects\IthacaBakery\RandomStuff\WorkBot\refactor\data\orders\Peters Supply\Peters Supply_Easthill_2025-10-04.pdf
2025-10-08 06:18:44,757 - INFO - backend.bots.craftable_bot.craftable_bot.CraftableBot - (craftable_bot.py:303) - Retrieving order for US Foods (10/04/2025).
2025-10-08 06:18:46,817 - INFO - backend.bots.craftable_bot.craftable_bot.CraftableBot - (craftable_bot.py:1031) - [Order Update] Initiating update protocol for Easthill / US Foods / 20251004.
2025-10-08 06:18:46,836 - INFO - backend.coordinators.order_coordinator.OrderCoordinator - (order_coordinator.py:208) - [Order Update] Order has changed. Removing old file.
2025-10-08 06:18:46,838 - INFO - backend.bots.craftable_bot.craftable_bot.CraftableBot - (craftable_bot.py:317) - Saving order for US Foods.
2025-10-08 06:18:48,907 - INFO - backend.coordinators.order_coordinator.OrderCoordinator - (order_coordinator.py:252) - Moved downloaded PDF to: C:\Users\andrew\Desktop\Andrew\Projects\IthacaBakery\RandomStuff\WorkBot\refactor\data\orders\US Foods\US Foods_Easthill_2025-10-04.pdf
2025-10-08 06:18:51,281 - INFO - backend.bots.craftable_bot.craftable_bot.CraftableBot - (craftable_bot.py:303) - Retrieving order for Bo's Bones (10/04/2025).
2025-10-08 06:18:52,429 - INFO - backend.bots.craftable_bot.craftable_bot.CraftableBot - (craftable_bot.py:1031) - [Order Update] Initiating update protocol for Easthill / Bo's Bones / 20251004.
2025-10-08 06:18:52,446 - INFO - backend.coordinators.order_coordinator.OrderCoordinator - (order_coordinator.py:208) - [Order Update] Order has changed. Removing old file.
2025-10-08 06:18:52,447 - INFO - backend.bots.craftable_bot.craftable_bot.CraftableBot - (craftable_bot.py:317) - Saving order for Bo's Bones.
2025-10-08 06:18:54,494 - INFO - backend.coordinators.order_coordinator.OrderCoordinator - (order_coordinator.py:252) - Moved downloaded PDF to: C:\Users\andrew\Desktop\Andrew\Projects\IthacaBakery\RandomStuff\WorkBot\refactor\data\orders\Bo's Bones\Bo's Bones_Easthill_2025-10-04.pdf
2025-10-08 06:18:56,856 - INFO - backend.bots.craftable_bot.craftable_bot.CraftableBot - (craftable_bot.py:303) - Retrieving order for Hillcrest Foods (10/04/2025).
2025-10-08 06:18:58,003 - INFO - backend.bots.craftable_bot.craftable_bot.CraftableBot - (craftable_bot.py:1031) - [Order Update] Initiating update protocol for Easthill / Hillcrest Foods / 20251004.
2025-10-08 06:18:58,020 - INFO - backend.coordinators.order_coordinator.OrderCoordinator - (order_coordinator.py:208) - [Order Update] Order has changed. Removing old file.
2025-10-08 06:18:58,021 - INFO - backend.bots.craftable_bot.craftable_bot.CraftableBot - (craftable_bot.py:317) - Saving order for Hillcrest Foods.
2025-10-08 06:19:00,066 - INFO - backend.coordinators.order_coordinator.OrderCoordinator - (order_coordinator.py:252) - Moved downloaded PDF to: C:\Users\andrew\Desktop\Andrew\Projects\IthacaBakery\RandomStuff\WorkBot\refactor\data\orders\Hillcrest Foods\Hillcrest Foods_Easthill_2025-10-04.pdf
2025-10-08 06:19:02,420 - INFO - backend.bots.craftable_bot.craftable_bot.CraftableBot - (craftable_bot.py:303) - Retrieving order for Coca-Cola (10/04/2025).
2025-10-08 06:19:03,910 - INFO - backend.bots.craftable_bot.craftable_bot.CraftableBot - (craftable_bot.py:1031) - [Order Update] Initiating update protocol for Easthill / Coca-Cola / 20251004.
2025-10-08 06:19:03,932 - INFO - backend.coordinators.order_coordinator.OrderCoordinator - (order_coordinator.py:208) - [Order Update] Order has changed. Removing old file.
2025-10-08 06:19:03,933 - INFO - backend.bots.craftable_bot.craftable_bot.CraftableBot - (craftable_bot.py:317) - Saving order for Coca-Cola.
2025-10-08 06:19:05,993 - INFO - backend.coordinators.order_coordinator.OrderCoordinator - (order_coordinator.py:252) - Moved downloaded PDF to: C:\Users\andrew\Desktop\Andrew\Projects\IthacaBakery\RandomStuff\WorkBot\refactor\data\orders\Coca-Cola\Coca-Cola_Easthill_2025-10-04.pdf
2025-10-08 06:19:08,363 - INFO - backend.bots.craftable_bot.craftable_bot.CraftableBot - (craftable_bot.py:303) - Retrieving order for Regional Distributors, Inc. (10/04/2025).
2025-10-08 06:19:09,936 - INFO - backend.bots.craftable_bot.craftable_bot.CraftableBot - (craftable_bot.py:1031) - [Order Update] Initiating update protocol for Easthill / Regional Distributors, Inc. / 20251004.
2025-10-08 06:19:09,962 - INFO - backend.coordinators.order_coordinator.OrderCoordinator - (order_coordinator.py:208) - [Order Update] Order has changed. Removing old file.
2025-10-08 06:19:09,963 - INFO - backend.bots.craftable_bot.craftable_bot.CraftableBot - (craftable_bot.py:317) - Saving order for Regional Distributors, Inc..
2025-10-08 06:19:12,031 - INFO - backend.coordinators.order_coordinator.OrderCoordinator - (order_coordinator.py:252) - Moved downloaded PDF to: C:\Users\andrew\Desktop\Andrew\Projects\IthacaBakery\RandomStuff\WorkBot\refactor\data\orders\Regional Distributors, Inc.\Regional Distributors, Inc._Easthill_2025-10-04.pdf
2025-10-08 06:19:14,390 - INFO - backend.bots.craftable_bot.craftable_bot.CraftableBot - (craftable_bot.py:303) - Retrieving order for Copper Horse Coffee (10/04/2025).
2025-10-08 06:19:15,832 - INFO - backend.bots.craftable_bot.craftable_bot.CraftableBot - (craftable_bot.py:1031) - [Order Update] Initiating update protocol for Easthill / Copper Horse Coffee / 20251004.
2025-10-08 06:19:15,850 - INFO - backend.coordinators.order_coordinator.OrderCoordinator - (order_coordinator.py:208) - [Order Update] Order has changed. Removing old file.
2025-10-08 06:19:15,852 - INFO - backend.bots.craftable_bot.craftable_bot.CraftableBot - (craftable_bot.py:317) - Saving order for Copper Horse Coffee.
2025-10-08 06:19:17,909 - INFO - backend.coordinators.order_coordinator.OrderCoordinator - (order_coordinator.py:252) - Moved downloaded PDF to: C:\Users\andrew\Desktop\Andrew\Projects\IthacaBakery\RandomStuff\WorkBot\refactor\data\orders\Copper Horse Coffee\Copper Horse Coffee_Easthill_2025-10-04.pdf
2025-10-08 06:19:20,284 - INFO - backend.bots.craftable_bot.craftable_bot.CraftableBot - (craftable_bot.py:303) - Retrieving order for Hill & Markes (10/04/2025).
2025-10-08 06:19:21,585 - INFO - backend.bots.craftable_bot.craftable_bot.CraftableBot - (craftable_bot.py:1031) - [Order Update] Initiating update protocol for Easthill / Hill & Markes / 20251004.
2025-10-08 06:19:21,601 - INFO - backend.coordinators.order_coordinator.OrderCoordinator - (order_coordinator.py:208) - [Order Update] Order has changed. Removing old file.
2025-10-08 06:19:21,602 - INFO - backend.bots.craftable_bot.craftable_bot.CraftableBot - (craftable_bot.py:317) - Saving order for Hill & Markes.
2025-10-08 06:19:23,653 - INFO - backend.coordinators.order_coordinator.OrderCoordinator - (order_coordinator.py:252) - Moved downloaded PDF to: C:\Users\andrew\Desktop\Andrew\Projects\IthacaBakery\RandomStuff\WorkBot\refactor\data\orders\Hill & Markes\Hill & Markes_Easthill_2025-10-04.pdf
2025-10-08 06:19:26,007 - INFO - backend.bots.craftable_bot.craftable_bot.CraftableBot - (craftable_bot.py:303) - Retrieving order for UNFI (10/04/2025).
2025-10-08 06:19:28,215 - INFO - backend.bots.craftable_bot.craftable_bot.CraftableBot - (craftable_bot.py:1031) - [Order Update] Initiating update protocol for Easthill / UNFI / 20251004.
2025-10-08 06:19:28,235 - INFO - backend.coordinators.order_coordinator.OrderCoordinator - (order_coordinator.py:208) - [Order Update] Order has changed. Removing old file.
2025-10-08 06:19:28,236 - INFO - backend.bots.craftable_bot.craftable_bot.CraftableBot - (craftable_bot.py:317) - Saving order for UNFI.
2025-10-08 06:19:30,806 - INFO - backend.coordinators.order_coordinator.OrderCoordinator - (order_coordinator.py:252) - Moved downloaded PDF to: C:\Users\andrew\Desktop\Andrew\Projects\IthacaBakery\RandomStuff\WorkBot\refactor\data\orders\UNFI\UNFI_Easthill_2025-10-04.pdf
2025-10-08 06:19:32,682 - INFO - backend.bots.craftable_bot.craftable_bot.CraftableBot - (craftable_bot.py:303) - Retrieving order for Hillcrest Dairy (10/04/2025).
2025-10-08 06:19:34,031 - INFO - backend.bots.craftable_bot.craftable_bot.CraftableBot - (craftable_bot.py:1031) - [Order Update] Initiating update protocol for Easthill / Hillcrest Dairy / 20251004.
2025-10-08 06:19:34,047 - INFO - backend.coordinators.order_coordinator.OrderCoordinator - (order_coordinator.py:208) - [Order Update] Order has changed. Removing old file.
2025-10-08 06:19:34,048 - INFO - backend.bots.craftable_bot.craftable_bot.CraftableBot - (craftable_bot.py:317) - Saving order for Hillcrest Dairy.
2025-10-08 06:19:36,103 - INFO - backend.coordinators.order_coordinator.OrderCoordinator - (order_coordinator.py:252) - Moved downloaded PDF to: C:\Users\andrew\Desktop\Andrew\Projects\IthacaBakery\RandomStuff\WorkBot\refactor\data\orders\Hillcrest Dairy\Hillcrest Dairy_Easthill_2025-10-04.pdf
2025-10-08 06:19:38,458 - INFO - backend.bots.craftable_bot.craftable_bot.CraftableBot - (craftable_bot.py:303) - Retrieving order for Johnston Paper (10/04/2025).
2025-10-08 06:19:39,653 - INFO - backend.bots.craftable_bot.craftable_bot.CraftableBot - (craftable_bot.py:1031) - [Order Update] Initiating update protocol for Easthill / Johnston Paper / 20251004.
2025-10-08 06:19:39,670 - INFO - backend.coordinators.order_coordinator.OrderCoordinator - (order_coordinator.py:208) - [Order Update] Order has changed. Removing old file.
2025-10-08 06:19:39,671 - INFO - backend.bots.craftable_bot.craftable_bot.CraftableBot - (craftable_bot.py:317) - Saving order for Johnston Paper.
2025-10-08 06:19:41,717 - INFO - backend.coordinators.order_coordinator.OrderCoordinator - (order_coordinator.py:252) - Moved downloaded PDF to: C:\Users\andrew\Desktop\Andrew\Projects\IthacaBakery\RandomStuff\WorkBot\refactor\data\orders\Johnston Paper\Johnston Paper_Easthill_2025-10-04.pdf
2025-10-08 06:19:44,087 - INFO - backend.bots.craftable_bot.craftable_bot.CraftableBot - (craftable_bot.py:303) - Retrieving order for FingerLakes Farms (10/04/2025).
2025-10-08 06:19:45,646 - INFO - backend.bots.craftable_bot.craftable_bot.CraftableBot - (craftable_bot.py:1031) - [Order Update] Initiating update protocol for Easthill / FingerLakes Farms / 20251004.
2025-10-08 06:19:45,664 - INFO - backend.coordinators.order_coordinator.OrderCoordinator - (order_coordinator.py:208) - [Order Update] Order has changed. Removing old file.
2025-10-08 06:19:45,665 - INFO - backend.bots.craftable_bot.craftable_bot.CraftableBot - (craftable_bot.py:317) - Saving order for FingerLakes Farms.
2025-10-08 06:19:47,725 - INFO - backend.coordinators.order_coordinator.OrderCoordinator - (order_coordinator.py:252) - Moved downloaded PDF to: C:\Users\andrew\Desktop\Andrew\Projects\IthacaBakery\RandomStuff\WorkBot\refactor\data\orders\FingerLakes Farms\FingerLakes Farms_Easthill_2025-10-04.pdf
2025-10-08 06:19:50,100 - INFO - backend.bots.craftable_bot.craftable_bot.CraftableBot - (craftable_bot.py:303) - Retrieving order for DUTCH VALLEY FOOD DIST (10/04/2025).
2025-10-08 06:19:51,491 - INFO - backend.bots.craftable_bot.craftable_bot.CraftableBot - (craftable_bot.py:1031) - [Order Update] Initiating update protocol for Easthill / DUTCH VALLEY FOOD DIST / 20251004.
2025-10-08 06:19:51,510 - INFO - backend.coordinators.order_coordinator.OrderCoordinator - (order_coordinator.py:208) - [Order Update] Order has changed. Removing old file.
2025-10-08 06:19:51,511 - INFO - backend.bots.craftable_bot.craftable_bot.CraftableBot - (craftable_bot.py:317) - Saving order for DUTCH VALLEY FOOD DIST.
2025-10-08 06:19:53,563 - INFO - backend.coordinators.order_coordinator.OrderCoordinator - (order_coordinator.py:252) - Moved downloaded PDF to: C:\Users\andrew\Desktop\Andrew\Projects\IthacaBakery\RandomStuff\WorkBot\refactor\data\orders\DUTCH VALLEY FOOD DIST\DUTCH VALLEY FOOD DIST_Easthill_2025-10-04.pdf
2025-10-08 06:19:55,945 - INFO - backend.bots.craftable_bot.craftable_bot.CraftableBot - (craftable_bot.py:303) - Retrieving order for BALKAN BEVERAGE LLC (10/04/2025).
2025-10-08 06:19:57,101 - INFO - backend.bots.craftable_bot.craftable_bot.CraftableBot - (craftable_bot.py:1031) - [Order Update] Initiating update protocol for Easthill / BALKAN BEVERAGE LLC / 20251004.
2025-10-08 06:19:57,117 - INFO - backend.coordinators.order_coordinator.OrderCoordinator - (order_coordinator.py:208) - [Order Update] Order has changed. Removing old file.
2025-10-08 06:19:57,118 - INFO - backend.bots.craftable_bot.craftable_bot.CraftableBot - (craftable_bot.py:317) - Saving order for BALKAN BEVERAGE LLC.
2025-10-08 06:19:59,666 - INFO - backend.coordinators.order_coordinator.OrderCoordinator - (order_coordinator.py:252) - Moved downloaded PDF to: C:\Users\andrew\Desktop\Andrew\Projects\IthacaBakery\RandomStuff\WorkBot\refactor\data\orders\BALKAN BEVERAGE LLC\BALKAN BEVERAGE LLC_Easthill_2025-10-04.pdf
2025-10-08 06:20:01,563 - INFO - backend.bots.craftable_bot.craftable_bot.CraftableBot - (craftable_bot.py:303) - Retrieving order for Webstaurant (10/04/2025).
2025-10-08 06:20:02,765 - INFO - backend.bots.craftable_bot.craftable_bot.CraftableBot - (craftable_bot.py:1031) - [Order Update] Initiating update protocol for Easthill / Webstaurant / 20251004.
2025-10-08 06:20:02,782 - INFO - backend.coordinators.order_coordinator.OrderCoordinator - (order_coordinator.py:208) - [Order Update] Order has changed. Removing old file.
2025-10-08 06:20:02,783 - INFO - backend.bots.craftable_bot.craftable_bot.CraftableBot - (craftable_bot.py:317) - Saving order for Webstaurant.
2025-10-08 06:20:04,833 - INFO - backend.coordinators.order_coordinator.OrderCoordinator - (order_coordinator.py:252) - Moved downloaded PDF to: C:\Users\andrew\Desktop\Andrew\Projects\IthacaBakery\RandomStuff\WorkBot\refactor\data\orders\Webstaurant\Webstaurant_Easthill_2025-10-04.pdf
2025-10-08 06:20:07,201 - INFO - backend.bots.craftable_bot.craftable_bot.CraftableBot - (craftable_bot.py:303) - Retrieving order for Worlds Best Cheeses (10/04/2025).
2025-10-08 06:20:08,464 - INFO - backend.bots.craftable_bot.craftable_bot.CraftableBot - (craftable_bot.py:1031) - [Order Update] Initiating update protocol for Easthill / Worlds Best Cheeses / 20251004.
2025-10-08 06:20:08,483 - INFO - backend.coordinators.order_coordinator.OrderCoordinator - (order_coordinator.py:208) - [Order Update] Order has changed. Removing old file.
2025-10-08 06:20:08,484 - INFO - backend.bots.craftable_bot.craftable_bot.CraftableBot - (craftable_bot.py:317) - Saving order for Worlds Best Cheeses.
2025-10-08 06:20:10,536 - INFO - backend.coordinators.order_coordinator.OrderCoordinator - (order_coordinator.py:252) - Moved downloaded PDF to: C:\Users\andrew\Desktop\Andrew\Projects\IthacaBakery\RandomStuff\WorkBot\refactor\data\orders\Worlds Best Cheeses\Worlds Best Cheeses_Easthill_2025-10-04.pdf
2025-10-08 06:20:12,897 - INFO - backend.bots.craftable_bot.craftable_bot.CraftableBot - (craftable_bot.py:303) - Retrieving order for Hen of the Woods (10/04/2025).
2025-10-08 06:20:14,094 - INFO - backend.bots.craftable_bot.craftable_bot.CraftableBot - (craftable_bot.py:1031) - [Order Update] Initiating update protocol for Easthill / Hen of the Woods / 20251004.
2025-10-08 06:20:14,111 - INFO - backend.coordinators.order_coordinator.OrderCoordinator - (order_coordinator.py:208) - [Order Update] Order has changed. Removing old file.
2025-10-08 06:20:14,112 - INFO - backend.bots.craftable_bot.craftable_bot.CraftableBot - (craftable_bot.py:317) - Saving order for Hen of the Woods.
2025-10-08 06:20:16,665 - INFO - backend.coordinators.order_coordinator.OrderCoordinator - (order_coordinator.py:252) - Moved downloaded PDF to: C:\Users\andrew\Desktop\Andrew\Projects\IthacaBakery\RandomStuff\WorkBot\refactor\data\orders\Hen of the Woods\Hen of the Woods_Easthill_2025-10-04.pdf
2025-10-08 06:20:18,531 - INFO - backend.bots.craftable_bot.craftable_bot.CraftableBot - (craftable_bot.py:303) - Retrieving order for Creative Converting (10/04/2025).
2025-10-08 06:20:19,697 - INFO - backend.bots.craftable_bot.craftable_bot.CraftableBot - (craftable_bot.py:1031) - [Order Update] Initiating update protocol for Easthill / Creative Converting / 20251004.
2025-10-08 06:20:19,713 - INFO - backend.coordinators.order_coordinator.OrderCoordinator - (order_coordinator.py:208) - [Order Update] Order has changed. Removing old file.
2025-10-08 06:20:19,714 - INFO - backend.bots.craftable_bot.craftable_bot.CraftableBot - (craftable_bot.py:317) - Saving order for Creative Converting.
2025-10-08 06:20:21,762 - INFO - backend.coordinators.order_coordinator.OrderCoordinator - (order_coordinator.py:252) - Moved downloaded PDF to: C:\Users\andrew\Desktop\Andrew\Projects\IthacaBakery\RandomStuff\WorkBot\refactor\data\orders\Creative Converting\Creative Converting_Easthill_2025-10-04.pdf
2025-10-08 06:20:24,083 - INFO - backend.bots.craftable_bot.craftable_bot.CraftableBot - (craftable_bot.py:262) - Accessing order page for Downtown.
2025-10-08 06:20:30,740 - INFO - backend.bots.craftable_bot.craftable_bot.CraftableBot - (craftable_bot.py:303) - Retrieving order for Ithaca Bakery (10/03/2025).
2025-10-08 06:20:34,492 - INFO - backend.bots.craftable_bot.craftable_bot.CraftableBot - (craftable_bot.py:1031) - [Order Update] Initiating update protocol for Downtown / Ithaca Bakery / 20251003.
2025-10-08 06:20:34,513 - INFO - backend.coordinators.order_coordinator.OrderCoordinator - (order_coordinator.py:208) - [Order Update] Order has changed. Removing old file.
2025-10-08 06:20:34,514 - INFO - backend.bots.craftable_bot.craftable_bot.CraftableBot - (craftable_bot.py:317) - Saving order for Ithaca Bakery.
2025-10-08 06:20:36,611 - INFO - backend.coordinators.order_coordinator.OrderCoordinator - (order_coordinator.py:252) - Moved downloaded PDF to: C:\Users\andrew\Desktop\Andrew\Projects\IthacaBakery\RandomStuff\WorkBot\refactor\data\orders\Ithaca Bakery\Ithaca Bakery_Downtown_2025-10-03.pdf
2025-10-08 06:20:39,002 - INFO - backend.bots.craftable_bot.craftable_bot.CraftableBot - (craftable_bot.py:303) - Retrieving order for US Foods (10/03/2025).
2025-10-08 06:20:40,848 - INFO - backend.bots.craftable_bot.craftable_bot.CraftableBot - (craftable_bot.py:1031) - [Order Update] Initiating update protocol for Downtown / US Foods / 20251003.
2025-10-08 06:20:40,866 - INFO - backend.coordinators.order_coordinator.OrderCoordinator - (order_coordinator.py:208) - [Order Update] Order has changed. Removing old file.
2025-10-08 06:20:40,867 - INFO - backend.bots.craftable_bot.craftable_bot.CraftableBot - (craftable_bot.py:317) - Saving order for US Foods.
2025-10-08 06:20:42,929 - INFO - backend.coordinators.order_coordinator.OrderCoordinator - (order_coordinator.py:252) - Moved downloaded PDF to: C:\Users\andrew\Desktop\Andrew\Projects\IthacaBakery\RandomStuff\WorkBot\refactor\data\orders\US Foods\US Foods_Downtown_2025-10-03.pdf
2025-10-08 06:20:45,309 - INFO - backend.bots.craftable_bot.craftable_bot.CraftableBot - (craftable_bot.py:303) - Retrieving order for Regional Distributors, Inc. (10/03/2025).
2025-10-08 06:20:46,868 - INFO - backend.bots.craftable_bot.craftable_bot.CraftableBot - (craftable_bot.py:1031) - [Order Update] Initiating update protocol for Downtown / Regional Distributors, Inc. / 20251003.
2025-10-08 06:20:46,887 - INFO - backend.coordinators.order_coordinator.OrderCoordinator - (order_coordinator.py:208) - [Order Update] Order has changed. Removing old file.
2025-10-08 06:20:46,888 - INFO - backend.bots.craftable_bot.craftable_bot.CraftableBot - (craftable_bot.py:317) - Saving order for Regional Distributors, Inc..
2025-10-08 06:20:48,944 - INFO - backend.coordinators.order_coordinator.OrderCoordinator - (order_coordinator.py:252) - Moved downloaded PDF to: C:\Users\andrew\Desktop\Andrew\Projects\IthacaBakery\RandomStuff\WorkBot\refactor\data\orders\Regional Distributors, Inc.\Regional Distributors, Inc._Downtown_2025-10-03.pdf
2025-10-08 06:20:51,304 - INFO - backend.bots.craftable_bot.craftable_bot.CraftableBot - (craftable_bot.py:303) - Retrieving order for Copper Horse Coffee (10/03/2025).
2025-10-08 06:20:52,450 - INFO - backend.bots.craftable_bot.craftable_bot.CraftableBot - (craftable_bot.py:1031) - [Order Update] Initiating update protocol for Downtown / Copper Horse Coffee / 20251003.
2025-10-08 06:20:52,467 - INFO - backend.coordinators.order_coordinator.OrderCoordinator - (order_coordinator.py:208) - [Order Update] Order has changed. Removing old file.
2025-10-08 06:20:52,468 - INFO - backend.bots.craftable_bot.craftable_bot.CraftableBot - (craftable_bot.py:317) - Saving order for Copper Horse Coffee.
2025-10-08 06:20:54,518 - INFO - backend.coordinators.order_coordinator.OrderCoordinator - (order_coordinator.py:252) - Moved downloaded PDF to: C:\Users\andrew\Desktop\Andrew\Projects\IthacaBakery\RandomStuff\WorkBot\refactor\data\orders\Copper Horse Coffee\Copper Horse Coffee_Downtown_2025-10-03.pdf
2025-10-08 06:20:56,877 - INFO - backend.bots.craftable_bot.craftable_bot.CraftableBot - (craftable_bot.py:303) - Retrieving order for Hill & Markes (10/03/2025).
2025-10-08 06:20:58,119 - INFO - backend.bots.craftable_bot.craftable_bot.CraftableBot - (craftable_bot.py:1031) - [Order Update] Initiating update protocol for Downtown / Hill & Markes / 20251003.
2025-10-08 06:20:58,137 - INFO - backend.coordinators.order_coordinator.OrderCoordinator - (order_coordinator.py:208) - [Order Update] Order has changed. Removing old file.
2025-10-08 06:20:58,138 - INFO - backend.bots.craftable_bot.craftable_bot.CraftableBot - (craftable_bot.py:317) - Saving order for Hill & Markes.
2025-10-08 06:21:00,190 - INFO - backend.coordinators.order_coordinator.OrderCoordinator - (order_coordinator.py:252) - Moved downloaded PDF to: C:\Users\andrew\Desktop\Andrew\Projects\IthacaBakery\RandomStuff\WorkBot\refactor\data\orders\Hill & Markes\Hill & Markes_Downtown_2025-10-03.pdf
2025-10-08 06:21:02,552 - INFO - backend.bots.craftable_bot.craftable_bot.CraftableBot - (craftable_bot.py:303) - Retrieving order for Equal Exchange (10/03/2025).
2025-10-08 06:21:03,753 - INFO - backend.bots.craftable_bot.craftable_bot.CraftableBot - (craftable_bot.py:1031) - [Order Update] Initiating update protocol for Downtown / Equal Exchange / 20251003.
2025-10-08 06:21:03,771 - INFO - backend.coordinators.order_coordinator.OrderCoordinator - (order_coordinator.py:208) - [Order Update] Order has changed. Removing old file.
2025-10-08 06:21:03,773 - INFO - backend.bots.craftable_bot.craftable_bot.CraftableBot - (craftable_bot.py:317) - Saving order for Equal Exchange.
2025-10-08 06:21:05,826 - INFO - backend.coordinators.order_coordinator.OrderCoordinator - (order_coordinator.py:252) - Moved downloaded PDF to: C:\Users\andrew\Desktop\Andrew\Projects\IthacaBakery\RandomStuff\WorkBot\refactor\data\orders\Equal Exchange\Equal Exchange_Downtown_2025-10-03.pdf
2025-10-08 06:21:08,201 - INFO - backend.bots.craftable_bot.craftable_bot.CraftableBot - (craftable_bot.py:303) - Retrieving order for SANICO (10/03/2025).
2025-10-08 06:21:09,387 - INFO - backend.bots.craftable_bot.craftable_bot.CraftableBot - (craftable_bot.py:1031) - [Order Update] Initiating update protocol for Downtown / SANICO / 20251003.
2025-10-08 06:21:09,405 - INFO - backend.coordinators.order_coordinator.OrderCoordinator - (order_coordinator.py:208) - [Order Update] Order has changed. Removing old file.
2025-10-08 06:21:09,406 - INFO - backend.bots.craftable_bot.craftable_bot.CraftableBot - (craftable_bot.py:317) - Saving order for SANICO.
2025-10-08 06:21:11,455 - INFO - backend.coordinators.order_coordinator.OrderCoordinator - (order_coordinator.py:252) - Moved downloaded PDF to: C:\Users\andrew\Desktop\Andrew\Projects\IthacaBakery\RandomStuff\WorkBot\refactor\data\orders\SANICO\SANICO_Downtown_2025-10-03.pdf
2025-10-08 06:21:13,802 - INFO - backend.bots.craftable_bot.craftable_bot.CraftableBot - (craftable_bot.py:303) - Retrieving order for Johnston Paper (10/03/2025).
2025-10-08 06:21:15,007 - INFO - backend.bots.craftable_bot.craftable_bot.CraftableBot - (craftable_bot.py:1031) - [Order Update] Initiating update protocol for Downtown / Johnston Paper / 20251003.
2025-10-08 06:21:15,025 - INFO - backend.coordinators.order_coordinator.OrderCoordinator - (order_coordinator.py:208) - [Order Update] Order has changed. Removing old file.
2025-10-08 06:21:15,026 - INFO - backend.bots.craftable_bot.craftable_bot.CraftableBot - (craftable_bot.py:317) - Saving order for Johnston Paper.
2025-10-08 06:21:17,076 - INFO - backend.coordinators.order_coordinator.OrderCoordinator - (order_coordinator.py:252) - Moved downloaded PDF to: C:\Users\andrew\Desktop\Andrew\Projects\IthacaBakery\RandomStuff\WorkBot\refactor\data\orders\Johnston Paper\Johnston Paper_Downtown_2025-10-03.pdf
2025-10-08 06:21:19,439 - INFO - backend.bots.craftable_bot.craftable_bot.CraftableBot - (craftable_bot.py:303) - Retrieving order for KEHE DISTRIBUTORS (10/03/2025).
2025-10-08 06:21:20,592 - INFO - backend.bots.craftable_bot.craftable_bot.CraftableBot - (craftable_bot.py:1031) - [Order Update] Initiating update protocol for Downtown / KEHE DISTRIBUTORS / 20251003.
2025-10-08 06:21:20,621 - INFO - backend.coordinators.order_coordinator.OrderCoordinator - (order_coordinator.py:208) - [Order Update] Order has changed. Removing old file.
2025-10-08 06:21:20,622 - INFO - backend.bots.craftable_bot.craftable_bot.CraftableBot - (craftable_bot.py:317) - Saving order for KEHE DISTRIBUTORS.
2025-10-08 06:21:22,669 - INFO - backend.coordinators.order_coordinator.OrderCoordinator - (order_coordinator.py:252) - Moved downloaded PDF to: C:\Users\andrew\Desktop\Andrew\Projects\IthacaBakery\RandomStuff\WorkBot\refactor\data\orders\KEHE DISTRIBUTORS\KEHE DISTRIBUTORS_Downtown_2025-10-03.pdf
2025-10-08 06:21:25,042 - INFO - backend.bots.craftable_bot.craftable_bot.CraftableBot - (craftable_bot.py:303) - Retrieving order for Sysco (10/03/2025).
2025-10-08 06:21:26,998 - INFO - backend.bots.craftable_bot.craftable_bot.CraftableBot - (craftable_bot.py:1031) - [Order Update] Initiating update protocol for Downtown / Sysco / 20251003.
2025-10-08 06:21:27,017 - INFO - backend.coordinators.order_coordinator.OrderCoordinator - (order_coordinator.py:208) - [Order Update] Order has changed. Removing old file.
2025-10-08 06:21:27,018 - INFO - backend.bots.craftable_bot.craftable_bot.CraftableBot - (craftable_bot.py:317) - Saving order for Sysco.
2025-10-08 06:21:29,586 - INFO - backend.coordinators.order_coordinator.OrderCoordinator - (order_coordinator.py:252) - Moved downloaded PDF to: C:\Users\andrew\Desktop\Andrew\Projects\IthacaBakery\RandomStuff\WorkBot\refactor\data\orders\Sysco\Sysco_Downtown_2025-10-03.pdf
2025-10-08 06:21:31,449 - INFO - backend.bots.craftable_bot.craftable_bot.CraftableBot - (craftable_bot.py:303) - Retrieving order for Coca-Cola (10/03/2025).
2025-10-08 06:21:33,001 - INFO - backend.bots.craftable_bot.craftable_bot.CraftableBot - (craftable_bot.py:1031) - [Order Update] Initiating update protocol for Downtown / Coca-Cola / 20251003.
2025-10-08 06:21:33,020 - INFO - backend.coordinators.order_coordinator.OrderCoordinator - (order_coordinator.py:208) - [Order Update] Order has changed. Removing old file.
2025-10-08 06:21:33,021 - INFO - backend.bots.craftable_bot.craftable_bot.CraftableBot - (craftable_bot.py:317) - Saving order for Coca-Cola.
2025-10-08 06:21:35,581 - INFO - backend.coordinators.order_coordinator.OrderCoordinator - (order_coordinator.py:252) - Moved downloaded PDF to: C:\Users\andrew\Desktop\Andrew\Projects\IthacaBakery\RandomStuff\WorkBot\refactor\data\orders\Coca-Cola\Coca-Cola_Downtown_2025-10-03.pdf
2025-10-08 06:21:37,508 - INFO - backend.bots.craftable_bot.craftable_bot.CraftableBot - (craftable_bot.py:303) - Retrieving order for UNFI (10/03/2025).
2025-10-08 06:21:39,447 - INFO - backend.bots.craftable_bot.craftable_bot.CraftableBot - (craftable_bot.py:1031) - [Order Update] Initiating update protocol for Downtown / UNFI / 20251003.
2025-10-08 06:21:39,465 - INFO - backend.coordinators.order_coordinator.OrderCoordinator - (order_coordinator.py:208) - [Order Update] Order has changed. Removing old file.
2025-10-08 06:21:39,466 - INFO - backend.bots.craftable_bot.craftable_bot.CraftableBot - (craftable_bot.py:317) - Saving order for UNFI.
2025-10-08 06:21:41,531 - INFO - backend.coordinators.order_coordinator.OrderCoordinator - (order_coordinator.py:252) - Moved downloaded PDF to: C:\Users\andrew\Desktop\Andrew\Projects\IthacaBakery\RandomStuff\WorkBot\refactor\data\orders\UNFI\UNFI_Downtown_2025-10-03.pdf
2025-10-08 06:21:43,887 - INFO - backend.bots.craftable_bot.craftable_bot.CraftableBot - (craftable_bot.py:303) - Retrieving order for Performance Food (10/03/2025).
2025-10-08 06:21:46,039 - INFO - backend.bots.craftable_bot.craftable_bot.CraftableBot - (craftable_bot.py:1031) - [Order Update] Initiating update protocol for Downtown / Performance Food / 20251003.
2025-10-08 06:21:46,059 - INFO - backend.coordinators.order_coordinator.OrderCoordinator - (order_coordinator.py:208) - [Order Update] Order has changed. Removing old file.
2025-10-08 06:21:46,060 - INFO - backend.bots.craftable_bot.craftable_bot.CraftableBot - (craftable_bot.py:317) - Saving order for Performance Food.
2025-10-08 06:21:48,127 - INFO - backend.coordinators.order_coordinator.OrderCoordinator - (order_coordinator.py:252) - Moved downloaded PDF to: C:\Users\andrew\Desktop\Andrew\Projects\IthacaBakery\RandomStuff\WorkBot\refactor\data\orders\Performance Food\Performance Food_Downtown_2025-10-03.pdf
2025-10-08 06:21:50,491 - INFO - backend.bots.craftable_bot.craftable_bot.CraftableBot - (craftable_bot.py:303) - Retrieving order for Hillcrest Dairy (10/03/2025).
2025-10-08 06:21:51,790 - INFO - backend.bots.craftable_bot.craftable_bot.CraftableBot - (craftable_bot.py:1031) - [Order Update] Initiating update protocol for Downtown / Hillcrest Dairy / 20251003.
2025-10-08 06:21:51,808 - INFO - backend.coordinators.order_coordinator.OrderCoordinator - (order_coordinator.py:208) - [Order Update] Order has changed. Removing old file.
2025-10-08 06:21:51,810 - INFO - backend.bots.craftable_bot.craftable_bot.CraftableBot - (craftable_bot.py:317) - Saving order for Hillcrest Dairy.
2025-10-08 06:21:53,863 - INFO - backend.coordinators.order_coordinator.OrderCoordinator - (order_coordinator.py:252) - Moved downloaded PDF to: C:\Users\andrew\Desktop\Andrew\Projects\IthacaBakery\RandomStuff\WorkBot\refactor\data\orders\Hillcrest Dairy\Hillcrest Dairy_Downtown_2025-10-03.pdf
2025-10-08 06:21:56,238 - INFO - backend.bots.craftable_bot.craftable_bot.CraftableBot - (craftable_bot.py:303) - Retrieving order for FingerLakes Farms (10/03/2025).
2025-10-08 06:21:57,980 - INFO - backend.bots.craftable_bot.craftable_bot.CraftableBot - (craftable_bot.py:1031) - [Order Update] Initiating update protocol for Downtown / FingerLakes Farms / 20251003.
2025-10-08 06:21:57,998 - INFO - backend.coordinators.order_coordinator.OrderCoordinator - (order_coordinator.py:208) - [Order Update] Order has changed. Removing old file.
2025-10-08 06:21:57,999 - INFO - backend.bots.craftable_bot.craftable_bot.CraftableBot - (craftable_bot.py:317) - Saving order for FingerLakes Farms.
2025-10-08 06:22:00,057 - INFO - backend.coordinators.order_coordinator.OrderCoordinator - (order_coordinator.py:252) - Moved downloaded PDF to: C:\Users\andrew\Desktop\Andrew\Projects\IthacaBakery\RandomStuff\WorkBot\refactor\data\orders\FingerLakes Farms\FingerLakes Farms_Downtown_2025-10-03.pdf
2025-10-08 06:22:02,421 - INFO - backend.bots.craftable_bot.craftable_bot.CraftableBot - (craftable_bot.py:303) - Retrieving order for Peters Supply (10/03/2025).
2025-10-08 06:22:03,732 - INFO - backend.bots.craftable_bot.craftable_bot.CraftableBot - (craftable_bot.py:1031) - [Order Update] Initiating update protocol for Downtown / Peters Supply / 20251003.
2025-10-08 06:22:03,750 - INFO - backend.coordinators.order_coordinator.OrderCoordinator - (order_coordinator.py:208) - [Order Update] Order has changed. Removing old file.
2025-10-08 06:22:03,751 - INFO - backend.bots.craftable_bot.craftable_bot.CraftableBot - (craftable_bot.py:317) - Saving order for Peters Supply.
2025-10-08 06:22:05,803 - INFO - backend.coordinators.order_coordinator.OrderCoordinator - (order_coordinator.py:252) - Moved downloaded PDF to: C:\Users\andrew\Desktop\Andrew\Projects\IthacaBakery\RandomStuff\WorkBot\refactor\data\orders\Peters Supply\Peters Supply_Downtown_2025-10-03.pdf
2025-10-08 06:22:08,161 - INFO - backend.bots.craftable_bot.craftable_bot.CraftableBot - (craftable_bot.py:303) - Retrieving order for Wegmans (10/04/2025).
2025-10-08 06:22:09,325 - INFO - backend.bots.craftable_bot.craftable_bot.CraftableBot - (craftable_bot.py:1031) - [Order Update] Initiating update protocol for Downtown / Wegmans / 20251004.
2025-10-08 06:22:09,345 - INFO - backend.coordinators.order_coordinator.OrderCoordinator - (order_coordinator.py:208) - [Order Update] Order has changed. Removing old file.
2025-10-08 06:22:09,346 - INFO - backend.bots.craftable_bot.craftable_bot.CraftableBot - (craftable_bot.py:317) - Saving order for Wegmans.
2025-10-08 06:22:11,899 - INFO - backend.coordinators.order_coordinator.OrderCoordinator - (order_coordinator.py:252) - Moved downloaded PDF to: C:\Users\andrew\Desktop\Andrew\Projects\IthacaBakery\RandomStuff\WorkBot\refactor\data\orders\Wegmans\Wegmans_Downtown_2025-10-04.pdf
2025-10-08 06:22:13,738 - INFO - backend.bots.craftable_bot.craftable_bot.CraftableBot - (craftable_bot.py:262) - Accessing order page for Collegetown.
2025-10-08 06:22:20,220 - INFO - backend.bots.craftable_bot.craftable_bot.CraftableBot - (craftable_bot.py:303) - Retrieving order for Performance Food (10/03/2025).
2025-10-08 06:22:22,781 - INFO - backend.bots.craftable_bot.craftable_bot.CraftableBot - (craftable_bot.py:1031) - [Order Update] Initiating update protocol for Collegetown / Performance Food / 20251003.
2025-10-08 06:22:22,802 - INFO - backend.coordinators.order_coordinator.OrderCoordinator - (order_coordinator.py:208) - [Order Update] Order has changed. Removing old file.
2025-10-08 06:22:22,803 - INFO - backend.bots.craftable_bot.craftable_bot.CraftableBot - (craftable_bot.py:317) - Saving order for Performance Food.
2025-10-08 06:22:24,878 - INFO - backend.coordinators.order_coordinator.OrderCoordinator - (order_coordinator.py:252) - Moved downloaded PDF to: C:\Users\andrew\Desktop\Andrew\Projects\IthacaBakery\RandomStuff\WorkBot\refactor\data\orders\Performance Food\Performance Food_Collegetown_2025-10-03.pdf
2025-10-08 06:22:27,272 - INFO - backend.bots.craftable_bot.craftable_bot.CraftableBot - (craftable_bot.py:303) - Retrieving order for US Foods (10/03/2025).
2025-10-08 06:22:29,315 - INFO - backend.bots.craftable_bot.craftable_bot.CraftableBot - (craftable_bot.py:1031) - [Order Update] Initiating update protocol for Collegetown / US Foods / 20251003.
2025-10-08 06:22:29,334 - INFO - backend.coordinators.order_coordinator.OrderCoordinator - (order_coordinator.py:208) - [Order Update] Order has changed. Removing old file.
2025-10-08 06:22:29,335 - INFO - backend.bots.craftable_bot.craftable_bot.CraftableBot - (craftable_bot.py:317) - Saving order for US Foods.
2025-10-08 06:22:31,397 - INFO - backend.coordinators.order_coordinator.OrderCoordinator - (order_coordinator.py:252) - Moved downloaded PDF to: C:\Users\andrew\Desktop\Andrew\Projects\IthacaBakery\RandomStuff\WorkBot\refactor\data\orders\US Foods\US Foods_Collegetown_2025-10-03.pdf
2025-10-08 06:22:33,761 - INFO - backend.bots.craftable_bot.craftable_bot.CraftableBot - (craftable_bot.py:303) - Retrieving order for Sysco (10/03/2025).
2025-10-08 06:22:35,568 - INFO - backend.bots.craftable_bot.craftable_bot.CraftableBot - (craftable_bot.py:1031) - [Order Update] Initiating update protocol for Collegetown / Sysco / 20251003.
2025-10-08 06:22:35,602 - INFO - backend.coordinators.order_coordinator.OrderCoordinator - (order_coordinator.py:208) - [Order Update] Order has changed. Removing old file.
2025-10-08 06:22:35,607 - INFO - backend.bots.craftable_bot.craftable_bot.CraftableBot - (craftable_bot.py:317) - Saving order for Sysco.
2025-10-08 06:22:38,171 - INFO - backend.coordinators.order_coordinator.OrderCoordinator - (order_coordinator.py:252) - Moved downloaded PDF to: C:\Users\andrew\Desktop\Andrew\Projects\IthacaBakery\RandomStuff\WorkBot\refactor\data\orders\Sysco\Sysco_Collegetown_2025-10-03.pdf
2025-10-08 06:22:40,040 - INFO - backend.bots.craftable_bot.craftable_bot.CraftableBot - (craftable_bot.py:303) - Retrieving order for Ithaca Bakery (10/03/2025).
2025-10-08 06:22:43,797 - INFO - backend.bots.craftable_bot.craftable_bot.CraftableBot - (craftable_bot.py:1031) - [Order Update] Initiating update protocol for Collegetown / Ithaca Bakery / 20251003.
2025-10-08 06:22:43,819 - INFO - backend.coordinators.order_coordinator.OrderCoordinator - (order_coordinator.py:208) - [Order Update] Order has changed. Removing old file.
2025-10-08 06:22:43,820 - INFO - backend.bots.craftable_bot.craftable_bot.CraftableBot - (craftable_bot.py:317) - Saving order for Ithaca Bakery.
2025-10-08 06:22:46,417 - INFO - backend.coordinators.order_coordinator.OrderCoordinator - (order_coordinator.py:252) - Moved downloaded PDF to: C:\Users\andrew\Desktop\Andrew\Projects\IthacaBakery\RandomStuff\WorkBot\refactor\data\orders\Ithaca Bakery\Ithaca Bakery_Collegetown_2025-10-03.pdf
2025-10-08 06:22:48,290 - INFO - backend.bots.craftable_bot.craftable_bot.CraftableBot - (craftable_bot.py:303) - Retrieving order for Hillcrest Dairy (10/03/2025).
2025-10-08 06:22:49,639 - INFO - backend.bots.craftable_bot.craftable_bot.CraftableBot - (craftable_bot.py:1031) - [Order Update] Initiating update protocol for Collegetown / Hillcrest Dairy / 20251003.
2025-10-08 06:22:49,656 - INFO - backend.coordinators.order_coordinator.OrderCoordinator - (order_coordinator.py:208) - [Order Update] Order has changed. Removing old file.
2025-10-08 06:22:49,658 - INFO - backend.bots.craftable_bot.craftable_bot.CraftableBot - (craftable_bot.py:317) - Saving order for Hillcrest Dairy.
2025-10-08 06:22:51,710 - INFO - backend.coordinators.order_coordinator.OrderCoordinator - (order_coordinator.py:252) - Moved downloaded PDF to: C:\Users\andrew\Desktop\Andrew\Projects\IthacaBakery\RandomStuff\WorkBot\refactor\data\orders\Hillcrest Dairy\Hillcrest Dairy_Collegetown_2025-10-03.pdf
2025-10-08 06:22:54,085 - INFO - backend.bots.craftable_bot.craftable_bot.CraftableBot - (craftable_bot.py:303) - Retrieving order for Regional Distributors, Inc. (10/03/2025).
2025-10-08 06:22:55,812 - INFO - backend.bots.craftable_bot.craftable_bot.CraftableBot - (craftable_bot.py:1031) - [Order Update] Initiating update protocol for Collegetown / Regional Distributors, Inc. / 20251003.
2025-10-08 06:22:55,831 - INFO - backend.coordinators.order_coordinator.OrderCoordinator - (order_coordinator.py:208) - [Order Update] Order has changed. Removing old file.
2025-10-08 06:22:55,832 - INFO - backend.bots.craftable_bot.craftable_bot.CraftableBot - (craftable_bot.py:317) - Saving order for Regional Distributors, Inc..
2025-10-08 06:22:57,890 - INFO - backend.coordinators.order_coordinator.OrderCoordinator - (order_coordinator.py:252) - Moved downloaded PDF to: C:\Users\andrew\Desktop\Andrew\Projects\IthacaBakery\RandomStuff\WorkBot\refactor\data\orders\Regional Distributors, Inc.\Regional Distributors, Inc._Collegetown_2025-10-03.pdf
2025-10-08 06:23:00,264 - INFO - backend.bots.craftable_bot.craftable_bot.CraftableBot - (craftable_bot.py:303) - Retrieving order for Equal Exchange (10/03/2025).
2025-10-08 06:23:01,460 - INFO - backend.bots.craftable_bot.craftable_bot.CraftableBot - (craftable_bot.py:1031) - [Order Update] Initiating update protocol for Collegetown / Equal Exchange / 20251003.
2025-10-08 06:23:01,478 - INFO - backend.coordinators.order_coordinator.OrderCoordinator - (order_coordinator.py:208) - [Order Update] Order has changed. Removing old file.
2025-10-08 06:23:01,479 - INFO - backend.bots.craftable_bot.craftable_bot.CraftableBot - (craftable_bot.py:317) - Saving order for Equal Exchange.
2025-10-08 06:23:03,529 - INFO - backend.coordinators.order_coordinator.OrderCoordinator - (order_coordinator.py:252) - Moved downloaded PDF to: C:\Users\andrew\Desktop\Andrew\Projects\IthacaBakery\RandomStuff\WorkBot\refactor\data\orders\Equal Exchange\Equal Exchange_Collegetown_2025-10-03.pdf
2025-10-08 06:23:05,883 - INFO - backend.bots.craftable_bot.craftable_bot.CraftableBot - (craftable_bot.py:303) - Retrieving order for Hill & Markes (10/03/2025).
2025-10-08 06:23:07,210 - INFO - backend.bots.craftable_bot.craftable_bot.CraftableBot - (craftable_bot.py:1031) - [Order Update] Initiating update protocol for Collegetown / Hill & Markes / 20251003.
2025-10-08 06:23:07,228 - INFO - backend.coordinators.order_coordinator.OrderCoordinator - (order_coordinator.py:208) - [Order Update] Order has changed. Removing old file.
2025-10-08 06:23:07,230 - INFO - backend.bots.craftable_bot.craftable_bot.CraftableBot - (craftable_bot.py:317) - Saving order for Hill & Markes.
2025-10-08 06:23:09,285 - INFO - backend.coordinators.order_coordinator.OrderCoordinator - (order_coordinator.py:252) - Moved downloaded PDF to: C:\Users\andrew\Desktop\Andrew\Projects\IthacaBakery\RandomStuff\WorkBot\refactor\data\orders\Hill & Markes\Hill & Markes_Collegetown_2025-10-03.pdf
2025-10-08 06:23:11,656 - INFO - backend.bots.craftable_bot.craftable_bot.CraftableBot - (craftable_bot.py:303) - Retrieving order for Johnston Paper (10/03/2025).
2025-10-08 06:23:12,855 - INFO - backend.bots.craftable_bot.craftable_bot.CraftableBot - (craftable_bot.py:1031) - [Order Update] Initiating update protocol for Collegetown / Johnston Paper / 20251003.
2025-10-08 06:23:12,875 - INFO - backend.coordinators.order_coordinator.OrderCoordinator - (order_coordinator.py:208) - [Order Update] Order has changed. Removing old file.
2025-10-08 06:23:12,876 - INFO - backend.bots.craftable_bot.craftable_bot.CraftableBot - (craftable_bot.py:317) - Saving order for Johnston Paper.
2025-10-08 06:23:14,932 - INFO - backend.coordinators.order_coordinator.OrderCoordinator - (order_coordinator.py:252) - Moved downloaded PDF to: C:\Users\andrew\Desktop\Andrew\Projects\IthacaBakery\RandomStuff\WorkBot\refactor\data\orders\Johnston Paper\Johnston Paper_Collegetown_2025-10-03.pdf
2025-10-08 06:23:17,309 - INFO - backend.bots.craftable_bot.craftable_bot.CraftableBot - (craftable_bot.py:303) - Retrieving order for Peters Supply (10/03/2025).
2025-10-08 06:23:18,750 - INFO - backend.bots.craftable_bot.craftable_bot.CraftableBot - (craftable_bot.py:1031) - [Order Update] Initiating update protocol for Collegetown / Peters Supply / 20251003.
2025-10-08 06:23:18,768 - INFO - backend.coordinators.order_coordinator.OrderCoordinator - (order_coordinator.py:208) - [Order Update] Order has changed. Removing old file.
2025-10-08 06:23:18,769 - INFO - backend.bots.craftable_bot.craftable_bot.CraftableBot - (craftable_bot.py:317) - Saving order for Peters Supply.
2025-10-08 06:23:20,821 - INFO - backend.coordinators.order_coordinator.OrderCoordinator - (order_coordinator.py:252) - Moved downloaded PDF to: C:\Users\andrew\Desktop\Andrew\Projects\IthacaBakery\RandomStuff\WorkBot\refactor\data\orders\Peters Supply\Peters Supply_Collegetown_2025-10-03.pdf
2025-10-08 06:23:23,187 - INFO - backend.bots.craftable_bot.craftable_bot.CraftableBot - (craftable_bot.py:303) - Retrieving order for Coca-Cola (10/03/2025).
2025-10-08 06:23:24,730 - INFO - backend.bots.craftable_bot.craftable_bot.CraftableBot - (craftable_bot.py:1031) - [Order Update] Initiating update protocol for Collegetown / Coca-Cola / 20251003.
2025-10-08 06:23:24,754 - INFO - backend.coordinators.order_coordinator.OrderCoordinator - (order_coordinator.py:208) - [Order Update] Order has changed. Removing old file.
2025-10-08 06:23:24,755 - INFO - backend.bots.craftable_bot.craftable_bot.CraftableBot - (craftable_bot.py:317) - Saving order for Coca-Cola.
2025-10-08 06:23:26,813 - INFO - backend.coordinators.order_coordinator.OrderCoordinator - (order_coordinator.py:252) - Moved downloaded PDF to: C:\Users\andrew\Desktop\Andrew\Projects\IthacaBakery\RandomStuff\WorkBot\refactor\data\orders\Coca-Cola\Coca-Cola_Collegetown_2025-10-03.pdf
2025-10-08 06:23:29,188 - INFO - backend.bots.craftable_bot.craftable_bot.CraftableBot - (craftable_bot.py:303) - Retrieving order for BALKAN BEVERAGE LLC (10/03/2025).
2025-10-08 06:23:30,591 - INFO - backend.bots.craftable_bot.craftable_bot.CraftableBot - (craftable_bot.py:1031) - [Order Update] Initiating update protocol for Collegetown / BALKAN BEVERAGE LLC / 20251003.
2025-10-08 06:23:30,610 - INFO - backend.coordinators.order_coordinator.OrderCoordinator - (order_coordinator.py:208) - [Order Update] Order has changed. Removing old file.
2025-10-08 06:23:30,611 - INFO - backend.bots.craftable_bot.craftable_bot.CraftableBot - (craftable_bot.py:317) - Saving order for BALKAN BEVERAGE LLC.
2025-10-08 06:23:32,665 - INFO - backend.coordinators.order_coordinator.OrderCoordinator - (order_coordinator.py:252) - Moved downloaded PDF to: C:\Users\andrew\Desktop\Andrew\Projects\IthacaBakery\RandomStuff\WorkBot\refactor\data\orders\BALKAN BEVERAGE LLC\BALKAN BEVERAGE LLC_Collegetown_2025-10-03.pdf
2025-10-08 06:23:35,036 - INFO - backend.bots.craftable_bot.craftable_bot.CraftableBot - (craftable_bot.py:303) - Retrieving order for DUTCH VALLEY FOOD DIST (10/03/2025).
2025-10-08 06:23:36,189 - INFO - backend.bots.craftable_bot.craftable_bot.CraftableBot - (craftable_bot.py:1031) - [Order Update] Initiating update protocol for Collegetown / DUTCH VALLEY FOOD DIST / 20251003.
2025-10-08 06:23:36,206 - INFO - backend.coordinators.order_coordinator.OrderCoordinator - (order_coordinator.py:208) - [Order Update] Order has changed. Removing old file.
2025-10-08 06:23:36,207 - INFO - backend.bots.craftable_bot.craftable_bot.CraftableBot - (craftable_bot.py:317) - Saving order for DUTCH VALLEY FOOD DIST.
2025-10-08 06:23:38,757 - INFO - backend.coordinators.order_coordinator.OrderCoordinator - (order_coordinator.py:252) - Moved downloaded PDF to: C:\Users\andrew\Desktop\Andrew\Projects\IthacaBakery\RandomStuff\WorkBot\refactor\data\orders\DUTCH VALLEY FOOD DIST\DUTCH VALLEY FOOD DIST_Collegetown_2025-10-03.pdf
2025-10-08 06:23:40,625 - INFO - backend.bots.craftable_bot.craftable_bot.CraftableBot - (craftable_bot.py:303) - Retrieving order for A.L. George (10/03/2025).
2025-10-08 06:23:42,026 - INFO - backend.bots.craftable_bot.craftable_bot.CraftableBot - (craftable_bot.py:1031) - [Order Update] Initiating update protocol for Collegetown / A.L. George / 20251003.
2025-10-08 06:23:42,044 - INFO - backend.coordinators.order_coordinator.OrderCoordinator - (order_coordinator.py:208) - [Order Update] Order has changed. Removing old file.
2025-10-08 06:23:42,045 - INFO - backend.bots.craftable_bot.craftable_bot.CraftableBot - (craftable_bot.py:317) - Saving order for A.L. George.
2025-10-08 06:23:44,098 - INFO - backend.coordinators.order_coordinator.OrderCoordinator - (order_coordinator.py:252) - Moved downloaded PDF to: C:\Users\andrew\Desktop\Andrew\Projects\IthacaBakery\RandomStuff\WorkBot\refactor\data\orders\A.L. George\A.L. George_Collegetown_2025-10-03.pdf
2025-10-08 06:23:46,462 - INFO - backend.bots.craftable_bot.craftable_bot.CraftableBot - (craftable_bot.py:303) - Retrieving order for UNFI (10/03/2025).
2025-10-08 06:23:48,208 - INFO - backend.bots.craftable_bot.craftable_bot.CraftableBot - (craftable_bot.py:1031) - [Order Update] Initiating update protocol for Collegetown / UNFI / 20251003.
2025-10-08 06:23:48,226 - INFO - backend.coordinators.order_coordinator.OrderCoordinator - (order_coordinator.py:208) - [Order Update] Order has changed. Removing old file.
2025-10-08 06:23:48,227 - INFO - backend.bots.craftable_bot.craftable_bot.CraftableBot - (craftable_bot.py:317) - Saving order for UNFI.
2025-10-08 06:23:50,285 - INFO - backend.coordinators.order_coordinator.OrderCoordinator - (order_coordinator.py:252) - Moved downloaded PDF to: C:\Users\andrew\Desktop\Andrew\Projects\IthacaBakery\RandomStuff\WorkBot\refactor\data\orders\UNFI\UNFI_Collegetown_2025-10-03.pdf
2025-10-08 06:23:52,627 - INFO - backend.bots.craftable_bot.craftable_bot.CraftableBot - (craftable_bot.py:262) - Accessing order page for Triphammer.
2025-10-08 06:23:59,060 - INFO - backend.bots.craftable_bot.craftable_bot.CraftableBot - (craftable_bot.py:303) - Retrieving order for Johnston Paper (10/03/2025).
2025-10-08 06:24:00,728 - INFO - backend.bots.craftable_bot.craftable_bot.CraftableBot - (craftable_bot.py:1031) - [Order Update] Initiating update protocol for Triphammer / Johnston Paper / 20251003.
2025-10-08 06:24:00,746 - INFO - backend.coordinators.order_coordinator.OrderCoordinator - (order_coordinator.py:208) - [Order Update] Order has changed. Removing old file.
2025-10-08 06:24:00,747 - INFO - backend.bots.craftable_bot.craftable_bot.CraftableBot - (craftable_bot.py:317) - Saving order for Johnston Paper.
2025-10-08 06:24:02,811 - INFO - backend.coordinators.order_coordinator.OrderCoordinator - (order_coordinator.py:252) - Moved downloaded PDF to: C:\Users\andrew\Desktop\Andrew\Projects\IthacaBakery\RandomStuff\WorkBot\refactor\data\orders\Johnston Paper\Johnston Paper_Triphammer_2025-10-03.pdf
2025-10-08 06:24:05,167 - INFO - backend.bots.craftable_bot.craftable_bot.CraftableBot - (craftable_bot.py:303) - Retrieving order for Webstaurant (10/03/2025).
2025-10-08 06:24:06,511 - INFO - backend.bots.craftable_bot.craftable_bot.CraftableBot - (craftable_bot.py:1031) - [Order Update] Initiating update protocol for Triphammer / Webstaurant / 20251003.
2025-10-08 06:24:06,530 - INFO - backend.coordinators.order_coordinator.OrderCoordinator - (order_coordinator.py:208) - [Order Update] Order has changed. Removing old file.
2025-10-08 06:24:06,531 - INFO - backend.bots.craftable_bot.craftable_bot.CraftableBot - (craftable_bot.py:317) - Saving order for Webstaurant.
2025-10-08 06:24:08,584 - INFO - backend.coordinators.order_coordinator.OrderCoordinator - (order_coordinator.py:252) - Moved downloaded PDF to: C:\Users\andrew\Desktop\Andrew\Projects\IthacaBakery\RandomStuff\WorkBot\refactor\data\orders\Webstaurant\Webstaurant_Triphammer_2025-10-03.pdf
2025-10-08 06:24:10,962 - INFO - backend.bots.craftable_bot.craftable_bot.CraftableBot - (craftable_bot.py:303) - Retrieving order for Performance Food (10/03/2025).
2025-10-08 06:24:14,427 - INFO - backend.bots.craftable_bot.craftable_bot.CraftableBot - (craftable_bot.py:1031) - [Order Update] Initiating update protocol for Triphammer / Performance Food / 20251003.
2025-10-08 06:24:14,453 - INFO - backend.coordinators.order_coordinator.OrderCoordinator - (order_coordinator.py:208) - [Order Update] Order has changed. Removing old file.
2025-10-08 06:24:14,454 - INFO - backend.bots.craftable_bot.craftable_bot.CraftableBot - (craftable_bot.py:317) - Saving order for Performance Food.
2025-10-08 06:24:16,549 - INFO - backend.coordinators.order_coordinator.OrderCoordinator - (order_coordinator.py:252) - Moved downloaded PDF to: C:\Users\andrew\Desktop\Andrew\Projects\IthacaBakery\RandomStuff\WorkBot\refactor\data\orders\Performance Food\Performance Food_Triphammer_2025-10-03.pdf
2025-10-08 06:24:18,932 - INFO - backend.bots.craftable_bot.craftable_bot.CraftableBot - (craftable_bot.py:303) - Retrieving order for FingerLakes Farms (10/03/2025).
2025-10-08 06:24:20,716 - INFO - backend.bots.craftable_bot.craftable_bot.CraftableBot - (craftable_bot.py:1031) - [Order Update] Initiating update protocol for Triphammer / FingerLakes Farms / 20251003.
2025-10-08 06:24:20,734 - INFO - backend.coordinators.order_coordinator.OrderCoordinator - (order_coordinator.py:208) - [Order Update] Order has changed. Removing old file.
2025-10-08 06:24:20,735 - INFO - backend.bots.craftable_bot.craftable_bot.CraftableBot - (craftable_bot.py:317) - Saving order for FingerLakes Farms.
2025-10-08 06:24:22,797 - INFO - backend.coordinators.order_coordinator.OrderCoordinator - (order_coordinator.py:252) - Moved downloaded PDF to: C:\Users\andrew\Desktop\Andrew\Projects\IthacaBakery\RandomStuff\WorkBot\refactor\data\orders\FingerLakes Farms\FingerLakes Farms_Triphammer_2025-10-03.pdf
2025-10-08 06:24:25,154 - INFO - backend.bots.craftable_bot.craftable_bot.CraftableBot - (craftable_bot.py:303) - Retrieving order for Hillcrest Dairy (10/03/2025).
2025-10-08 06:24:26,549 - INFO - backend.bots.craftable_bot.craftable_bot.CraftableBot - (craftable_bot.py:1031) - [Order Update] Initiating update protocol for Triphammer / Hillcrest Dairy / 20251003.
2025-10-08 06:24:26,567 - INFO - backend.coordinators.order_coordinator.OrderCoordinator - (order_coordinator.py:208) - [Order Update] Order has changed. Removing old file.
2025-10-08 06:24:26,568 - INFO - backend.bots.craftable_bot.craftable_bot.CraftableBot - (craftable_bot.py:317) - Saving order for Hillcrest Dairy.
2025-10-08 06:24:29,124 - INFO - backend.coordinators.order_coordinator.OrderCoordinator - (order_coordinator.py:252) - Moved downloaded PDF to: C:\Users\andrew\Desktop\Andrew\Projects\IthacaBakery\RandomStuff\WorkBot\refactor\data\orders\Hillcrest Dairy\Hillcrest Dairy_Triphammer_2025-10-03.pdf
2025-10-08 06:24:31,024 - INFO - backend.bots.craftable_bot.craftable_bot.CraftableBot - (craftable_bot.py:303) - Retrieving order for UNFI (10/03/2025).
2025-10-08 06:24:33,484 - INFO - backend.bots.craftable_bot.craftable_bot.CraftableBot - (craftable_bot.py:1031) - [Order Update] Initiating update protocol for Triphammer / UNFI / 20251003.
2025-10-08 06:24:33,503 - INFO - backend.coordinators.order_coordinator.OrderCoordinator - (order_coordinator.py:208) - [Order Update] Order has changed. Removing old file.
2025-10-08 06:24:33,504 - INFO - backend.bots.craftable_bot.craftable_bot.CraftableBot - (craftable_bot.py:317) - Saving order for UNFI.
2025-10-08 06:24:35,576 - INFO - backend.coordinators.order_coordinator.OrderCoordinator - (order_coordinator.py:252) - Moved downloaded PDF to: C:\Users\andrew\Desktop\Andrew\Projects\IthacaBakery\RandomStuff\WorkBot\refactor\data\orders\UNFI\UNFI_Triphammer_2025-10-03.pdf
2025-10-08 06:24:37,941 - INFO - backend.bots.craftable_bot.craftable_bot.CraftableBot - (craftable_bot.py:303) - Retrieving order for Ithaca Bakery (10/03/2025).
2025-10-08 06:24:41,161 - INFO - backend.bots.craftable_bot.craftable_bot.CraftableBot - (craftable_bot.py:1031) - [Order Update] Initiating update protocol for Triphammer / Ithaca Bakery / 20251003.
2025-10-08 06:24:41,183 - INFO - backend.coordinators.order_coordinator.OrderCoordinator - (order_coordinator.py:208) - [Order Update] Order has changed. Removing old file.
2025-10-08 06:24:41,184 - INFO - backend.bots.craftable_bot.craftable_bot.CraftableBot - (craftable_bot.py:317) - Saving order for Ithaca Bakery.
2025-10-08 06:24:43,274 - INFO - backend.coordinators.order_coordinator.OrderCoordinator - (order_coordinator.py:252) - Moved downloaded PDF to: C:\Users\andrew\Desktop\Andrew\Projects\IthacaBakery\RandomStuff\WorkBot\refactor\data\orders\Ithaca Bakery\Ithaca Bakery_Triphammer_2025-10-03.pdf
2025-10-08 06:24:45,635 - INFO - backend.bots.craftable_bot.craftable_bot.CraftableBot - (craftable_bot.py:303) - Retrieving order for KEHE DISTRIBUTORS (10/03/2025).
2025-10-08 06:24:46,789 - INFO - backend.bots.craftable_bot.craftable_bot.CraftableBot - (craftable_bot.py:1031) - [Order Update] Initiating update protocol for Triphammer / KEHE DISTRIBUTORS / 20251003.
2025-10-08 06:24:46,806 - INFO - backend.coordinators.order_coordinator.OrderCoordinator - (order_coordinator.py:208) - [Order Update] Order has changed. Removing old file.
2025-10-08 06:24:46,807 - INFO - backend.bots.craftable_bot.craftable_bot.CraftableBot - (craftable_bot.py:317) - Saving order for KEHE DISTRIBUTORS.
2025-10-08 06:24:48,844 - INFO - backend.coordinators.order_coordinator.OrderCoordinator - (order_coordinator.py:252) - Moved downloaded PDF to: C:\Users\andrew\Desktop\Andrew\Projects\IthacaBakery\RandomStuff\WorkBot\refactor\data\orders\KEHE DISTRIBUTORS\KEHE DISTRIBUTORS_Triphammer_2025-10-03.pdf
2025-10-08 06:24:51,223 - INFO - backend.bots.craftable_bot.craftable_bot.CraftableBot - (craftable_bot.py:303) - Retrieving order for US Foods (10/03/2025).
2025-10-08 06:24:54,183 - INFO - backend.bots.craftable_bot.craftable_bot.CraftableBot - (craftable_bot.py:1031) - [Order Update] Initiating update protocol for Triphammer / US Foods / 20251003.
2025-10-08 06:24:54,203 - INFO - backend.coordinators.order_coordinator.OrderCoordinator - (order_coordinator.py:208) - [Order Update] Order has changed. Removing old file.
2025-10-08 06:24:54,204 - INFO - backend.bots.craftable_bot.craftable_bot.CraftableBot - (craftable_bot.py:317) - Saving order for US Foods.
2025-10-08 06:24:56,286 - INFO - backend.coordinators.order_coordinator.OrderCoordinator - (order_coordinator.py:252) - Moved downloaded PDF to: C:\Users\andrew\Desktop\Andrew\Projects\IthacaBakery\RandomStuff\WorkBot\refactor\data\orders\US Foods\US Foods_Triphammer_2025-10-03.pdf
2025-10-08 06:24:58,659 - INFO - backend.bots.craftable_bot.craftable_bot.CraftableBot - (craftable_bot.py:303) - Retrieving order for Peters Supply (10/03/2025).
2025-10-08 06:25:00,157 - INFO - backend.bots.craftable_bot.craftable_bot.CraftableBot - (craftable_bot.py:1031) - [Order Update] Initiating update protocol for Triphammer / Peters Supply / 20251003.
2025-10-08 06:25:00,174 - INFO - backend.coordinators.order_coordinator.OrderCoordinator - (order_coordinator.py:208) - [Order Update] Order has changed. Removing old file.
2025-10-08 06:25:00,175 - INFO - backend.bots.craftable_bot.craftable_bot.CraftableBot - (craftable_bot.py:317) - Saving order for Peters Supply.
2025-10-08 06:25:02,234 - INFO - backend.coordinators.order_coordinator.OrderCoordinator - (order_coordinator.py:252) - Moved downloaded PDF to: C:\Users\andrew\Desktop\Andrew\Projects\IthacaBakery\RandomStuff\WorkBot\refactor\data\orders\Peters Supply\Peters Supply_Triphammer_2025-10-03.pdf
2025-10-08 06:25:04,590 - INFO - backend.bots.craftable_bot.craftable_bot.CraftableBot - (craftable_bot.py:303) - Retrieving order for Hill & Markes (10/03/2025).
2025-10-08 06:25:06,631 - INFO - backend.bots.craftable_bot.craftable_bot.CraftableBot - (craftable_bot.py:1031) - [Order Update] Initiating update protocol for Triphammer / Hill & Markes / 20251003.
2025-10-08 06:25:06,651 - INFO - backend.coordinators.order_coordinator.OrderCoordinator - (order_coordinator.py:208) - [Order Update] Order has changed. Removing old file.
2025-10-08 06:25:06,652 - INFO - backend.bots.craftable_bot.craftable_bot.CraftableBot - (craftable_bot.py:317) - Saving order for Hill & Markes.
2025-10-08 06:25:08,716 - INFO - backend.coordinators.order_coordinator.OrderCoordinator - (order_coordinator.py:252) - Moved downloaded PDF to: C:\Users\andrew\Desktop\Andrew\Projects\IthacaBakery\RandomStuff\WorkBot\refactor\data\orders\Hill & Markes\Hill & Markes_Triphammer_2025-10-03.pdf
2025-10-08 06:25:11,098 - INFO - backend.bots.craftable_bot.craftable_bot.CraftableBot - (craftable_bot.py:303) - Retrieving order for Regional Distributors, Inc. (10/03/2025).
2025-10-08 06:25:12,760 - INFO - backend.bots.craftable_bot.craftable_bot.CraftableBot - (craftable_bot.py:1031) - [Order Update] Initiating update protocol for Triphammer / Regional Distributors, Inc. / 20251003.
2025-10-08 06:25:12,778 - INFO - backend.coordinators.order_coordinator.OrderCoordinator - (order_coordinator.py:208) - [Order Update] Order has changed. Removing old file.
2025-10-08 06:25:12,779 - INFO - backend.bots.craftable_bot.craftable_bot.CraftableBot - (craftable_bot.py:317) - Saving order for Regional Distributors, Inc..
2025-10-08 06:25:15,341 - INFO - backend.coordinators.order_coordinator.OrderCoordinator - (order_coordinator.py:252) - Moved downloaded PDF to: C:\Users\andrew\Desktop\Andrew\Projects\IthacaBakery\RandomStuff\WorkBot\refactor\data\orders\Regional Distributors, Inc.\Regional Distributors, Inc._Triphammer_2025-10-03.pdf
2025-10-08 06:25:17,217 - INFO - backend.bots.craftable_bot.craftable_bot.CraftableBot - (craftable_bot.py:303) - Retrieving order for Copper Horse Coffee (10/03/2025).
2025-10-08 06:25:18,565 - INFO - backend.bots.craftable_bot.craftable_bot.CraftableBot - (craftable_bot.py:1031) - [Order Update] Initiating update protocol for Triphammer / Copper Horse Coffee / 20251003.
2025-10-08 06:25:18,587 - INFO - backend.coordinators.order_coordinator.OrderCoordinator - (order_coordinator.py:208) - [Order Update] Order has changed. Removing old file.
2025-10-08 06:25:18,588 - INFO - backend.bots.craftable_bot.craftable_bot.CraftableBot - (craftable_bot.py:317) - Saving order for Copper Horse Coffee.
2025-10-08 06:25:20,646 - INFO - backend.coordinators.order_coordinator.OrderCoordinator - (order_coordinator.py:252) - Moved downloaded PDF to: C:\Users\andrew\Desktop\Andrew\Projects\IthacaBakery\RandomStuff\WorkBot\refactor\data\orders\Copper Horse Coffee\Copper Horse Coffee_Triphammer_2025-10-03.pdf
2025-10-08 06:25:23,001 - INFO - backend.bots.craftable_bot.craftable_bot.CraftableBot - (craftable_bot.py:303) - Retrieving order for Equal Exchange (10/03/2025).
2025-10-08 06:25:24,151 - INFO - backend.bots.craftable_bot.craftable_bot.CraftableBot - (craftable_bot.py:1031) - [Order Update] Initiating update protocol for Triphammer / Equal Exchange / 20251003.
2025-10-08 06:25:24,168 - INFO - backend.coordinators.order_coordinator.OrderCoordinator - (order_coordinator.py:208) - [Order Update] Order has changed. Removing old file.
2025-10-08 06:25:24,169 - INFO - backend.bots.craftable_bot.craftable_bot.CraftableBot - (craftable_bot.py:317) - Saving order for Equal Exchange.
2025-10-08 06:25:26,217 - INFO - backend.coordinators.order_coordinator.OrderCoordinator - (order_coordinator.py:252) - Moved downloaded PDF to: C:\Users\andrew\Desktop\Andrew\Projects\IthacaBakery\RandomStuff\WorkBot\refactor\data\orders\Equal Exchange\Equal Exchange_Triphammer_2025-10-03.pdf
2025-10-08 06:25:28,589 - INFO - backend.bots.craftable_bot.craftable_bot.CraftableBot - (craftable_bot.py:303) - Retrieving order for Coca-Cola (10/03/2025).
2025-10-08 06:25:30,208 - INFO - backend.bots.craftable_bot.craftable_bot.CraftableBot - (craftable_bot.py:1031) - [Order Update] Initiating update protocol for Triphammer / Coca-Cola / 20251003.
2025-10-08 06:25:30,229 - INFO - backend.coordinators.order_coordinator.OrderCoordinator - (order_coordinator.py:208) - [Order Update] Order has changed. Removing old file.
2025-10-08 06:25:30,230 - INFO - backend.bots.craftable_bot.craftable_bot.CraftableBot - (craftable_bot.py:317) - Saving order for Coca-Cola.
2025-10-08 06:25:32,284 - INFO - backend.coordinators.order_coordinator.OrderCoordinator - (order_coordinator.py:252) - Moved downloaded PDF to: C:\Users\andrew\Desktop\Andrew\Projects\IthacaBakery\RandomStuff\WorkBot\refactor\data\orders\Coca-Cola\Coca-Cola_Triphammer_2025-10-03.pdf
2025-10-08 06:25:34,645 - INFO - backend.bots.craftable_bot.craftable_bot.CraftableBot - (craftable_bot.py:303) - Retrieving order for A.L. George (10/03/2025).
2025-10-08 06:25:35,803 - INFO - backend.bots.craftable_bot.craftable_bot.CraftableBot - (craftable_bot.py:1031) - [Order Update] Initiating update protocol for Triphammer / A.L. George / 20251003.
2025-10-08 06:25:35,819 - INFO - backend.coordinators.order_coordinator.OrderCoordinator - (order_coordinator.py:208) - [Order Update] Order has changed. Removing old file.
2025-10-08 06:25:35,821 - INFO - backend.bots.craftable_bot.craftable_bot.CraftableBot - (craftable_bot.py:317) - Saving order for A.L. George.
2025-10-08 06:25:37,876 - INFO - backend.coordinators.order_coordinator.OrderCoordinator - (order_coordinator.py:252) - Moved downloaded PDF to: C:\Users\andrew\Desktop\Andrew\Projects\IthacaBakery\RandomStuff\WorkBot\refactor\data\orders\A.L. George\A.L. George_Triphammer_2025-10-03.pdf
2025-10-08 06:25:40,225 - INFO - backend.bots.craftable_bot.craftable_bot.CraftableBot - (craftable_bot.py:303) - Retrieving order for Bo's Bones (10/03/2025).
2025-10-08 06:25:41,530 - INFO - backend.bots.craftable_bot.craftable_bot.CraftableBot - (craftable_bot.py:1031) - [Order Update] Initiating update protocol for Triphammer / Bo's Bones / 20251003.
2025-10-08 06:25:41,547 - INFO - backend.coordinators.order_coordinator.OrderCoordinator - (order_coordinator.py:208) - [Order Update] Order has changed. Removing old file.
2025-10-08 06:25:41,548 - INFO - backend.bots.craftable_bot.craftable_bot.CraftableBot - (craftable_bot.py:317) - Saving order for Bo's Bones.
2025-10-08 06:25:43,599 - INFO - backend.coordinators.order_coordinator.OrderCoordinator - (order_coordinator.py:252) - Moved downloaded PDF to: C:\Users\andrew\Desktop\Andrew\Projects\IthacaBakery\RandomStuff\WorkBot\refactor\data\orders\Bo's Bones\Bo's Bones_Triphammer_2025-10-03.pdf
2025-10-08 06:25:45,977 - INFO - backend.bots.craftable_bot.craftable_bot.CraftableBot - (craftable_bot.py:303) - Retrieving order for Creative Converting (10/03/2025).
2025-10-08 06:25:47,184 - INFO - backend.bots.craftable_bot.craftable_bot.CraftableBot - (craftable_bot.py:1031) - [Order Update] Initiating update protocol for Triphammer / Creative Converting / 20251003.
2025-10-08 06:25:47,201 - INFO - backend.coordinators.order_coordinator.OrderCoordinator - (order_coordinator.py:208) - [Order Update] Order has changed. Removing old file.
2025-10-08 06:25:47,202 - INFO - backend.bots.craftable_bot.craftable_bot.CraftableBot - (craftable_bot.py:317) - Saving order for Creative Converting.
2025-10-08 06:25:49,250 - INFO - backend.coordinators.order_coordinator.OrderCoordinator - (order_coordinator.py:252) - Moved downloaded PDF to: C:\Users\andrew\Desktop\Andrew\Projects\IthacaBakery\RandomStuff\WorkBot\refactor\data\orders\Creative Converting\Creative Converting_Triphammer_2025-10-03.pdf
2025-10-08 06:25:51,612 - INFO - backend.bots.craftable_bot.craftable_bot.CraftableBot - (craftable_bot.py:303) - Retrieving order for Vegan Epicure (10/05/2025).
2025-10-08 06:25:52,770 - INFO - backend.bots.craftable_bot.craftable_bot.CraftableBot - (craftable_bot.py:1031) - [Order Update] Initiating update protocol for Triphammer / Vegan Epicure / 20251005.
2025-10-08 06:25:52,786 - INFO - backend.coordinators.order_coordinator.OrderCoordinator - (order_coordinator.py:208) - [Order Update] Order has changed. Removing old file.
2025-10-08 06:25:52,787 - INFO - backend.bots.craftable_bot.craftable_bot.CraftableBot - (craftable_bot.py:317) - Saving order for Vegan Epicure.
2025-10-08 06:25:54,835 - INFO - backend.coordinators.order_coordinator.OrderCoordinator - (order_coordinator.py:252) - Moved downloaded PDF to: C:\Users\andrew\Desktop\Andrew\Projects\IthacaBakery\RandomStuff\WorkBot\refactor\data\orders\Vegan Epicure\Vegan Epicure_Triphammer_2025-10-05.pdf
2025-10-08 06:25:57,197 - INFO - backend.bots.craftable_bot.craftable_bot.CraftableBot - (craftable_bot.py:303) - Retrieving order for Russo Produce (10/05/2025).
2025-10-08 06:25:59,016 - INFO - backend.bots.craftable_bot.craftable_bot.CraftableBot - (craftable_bot.py:1031) - [Order Update] Initiating update protocol for Triphammer / Russo Produce / 20251005.
2025-10-08 06:25:59,034 - INFO - backend.coordinators.order_coordinator.OrderCoordinator - (order_coordinator.py:208) - [Order Update] Order has changed. Removing old file.
2025-10-08 06:25:59,036 - INFO - backend.bots.craftable_bot.craftable_bot.CraftableBot - (craftable_bot.py:317) - Saving order for Russo Produce.
2025-10-08 06:26:01,606 - INFO - backend.coordinators.order_coordinator.OrderCoordinator - (order_coordinator.py:252) - Moved downloaded PDF to: C:\Users\andrew\Desktop\Andrew\Projects\IthacaBakery\RandomStuff\WorkBot\refactor\data\orders\Russo Produce\Russo Produce_Triphammer_2025-10-05.pdf
2025-10-08 06:26:03,490 - INFO - backend.bots.craftable_bot.craftable_bot.CraftableBot - (craftable_bot.py:303) - Retrieving order for Sysco (10/05/2025).
2025-10-08 06:26:05,798 - INFO - backend.bots.craftable_bot.craftable_bot.CraftableBot - (craftable_bot.py:1031) - [Order Update] Initiating update protocol for Triphammer / Sysco / 20251005.
2025-10-08 06:26:05,818 - INFO - backend.coordinators.order_coordinator.OrderCoordinator - (order_coordinator.py:208) - [Order Update] Order has changed. Removing old file.
2025-10-08 06:26:05,819 - INFO - backend.bots.craftable_bot.craftable_bot.CraftableBot - (craftable_bot.py:317) - Saving order for Sysco.
2025-10-08 06:26:07,890 - INFO - backend.coordinators.order_coordinator.OrderCoordinator - (order_coordinator.py:252) - Moved downloaded PDF to: C:\Users\andrew\Desktop\Andrew\Projects\IthacaBakery\RandomStuff\WorkBot\refactor\data\orders\Sysco\Sysco_Triphammer_2025-10-05.pdf
2025-10-08 06:26:10,270 - INFO - backend.bots.craftable_bot.craftable_bot.CraftableBot - (craftable_bot.py:303) - Retrieving order for SANICO (10/07/2025).
2025-10-08 06:26:11,435 - INFO - backend.bots.craftable_bot.craftable_bot.CraftableBot - (craftable_bot.py:1031) - [Order Update] Initiating update protocol for Triphammer / SANICO / 20251007.
2025-10-08 06:26:11,451 - INFO - backend.coordinators.order_coordinator.OrderCoordinator - (order_coordinator.py:208) - [Order Update] Order has changed. Removing old file.
2025-10-08 06:26:11,452 - INFO - backend.bots.craftable_bot.craftable_bot.CraftableBot - (craftable_bot.py:317) - Saving order for SANICO.
2025-10-08 06:26:14,004 - INFO - backend.coordinators.order_coordinator.OrderCoordinator - (order_coordinator.py:252) - Moved downloaded PDF to: C:\Users\andrew\Desktop\Andrew\Projects\IthacaBakery\RandomStuff\WorkBot\refactor\data\orders\SANICO\SANICO_Triphammer_2025-10-07.pdf
2025-10-08 06:26:15,821 - INFO - backend.bots.craftable_bot.craftable_bot.CraftableBot - (craftable_bot.py:276) - Order download complete.
2025-10-08 06:26:15,821 - INFO - backend.bots.craftable_bot.craftable_bot.CraftableBot - (craftable_bot.py:277) - Closing WebDriver session.
2025-10-08 06:26:17,957 - INFO - cli.cli.CLI - (cli.py:421) - Command 'download_orders' executed successfully.
2025-10-08 06:30:19,193 - INFO - cli.cli.CLI - (cli.py:419) - Dispatching command: delete_orders (args=['--stores', 'Triphammer', 'Collegetown', 'Easthill', 'Downtown'])
2025-10-08 06:30:23,449 - INFO - backend.bots.craftable_bot.craftable_bot.CraftableBot - (craftable_bot.py:136) - Logging into Craftable.
2025-10-08 06:30:30,784 - INFO - backend.bots.craftable_bot.craftable_bot.CraftableBot - (craftable_bot.py:160) - Login successful.
2025-10-08 06:30:30,784 - INFO - backend.bots.craftable_bot.craftable_bot.CraftableBot - (craftable_bot.py:354) - Starting order deletion for store: Triphammer.
2025-10-08 06:30:37,422 - INFO - backend.bots.craftable_bot.craftable_bot.CraftableBot - (craftable_bot.py:372) - Found 22 orders for deletion.
2025-10-08 06:30:37,453 - INFO - backend.bots.craftable_bot.craftable_bot.CraftableBot - (craftable_bot.py:386) - Deleting order: SANICO (10/07/2025)
2025-10-08 06:30:39,265 - INFO - backend.bots.craftable_bot.craftable_bot.CraftableBot - (craftable_bot.py:436) - Order deletion confirmed.
2025-10-08 06:30:44,307 - INFO - backend.bots.craftable_bot.craftable_bot.CraftableBot - (craftable_bot.py:386) - Deleting order: Sysco (10/05/2025)
2025-10-08 06:30:46,099 - INFO - backend.bots.craftable_bot.craftable_bot.CraftableBot - (craftable_bot.py:436) - Order deletion confirmed.
2025-10-08 06:30:51,138 - INFO - backend.bots.craftable_bot.craftable_bot.CraftableBot - (craftable_bot.py:386) - Deleting order: Russo Produce (10/05/2025)
2025-10-08 06:30:52,909 - INFO - backend.bots.craftable_bot.craftable_bot.CraftableBot - (craftable_bot.py:436) - Order deletion confirmed.
2025-10-08 06:30:57,948 - INFO - backend.bots.craftable_bot.craftable_bot.CraftableBot - (craftable_bot.py:386) - Deleting order: Vegan Epicure (10/05/2025)
2025-10-08 06:30:59,700 - INFO - backend.bots.craftable_bot.craftable_bot.CraftableBot - (craftable_bot.py:436) - Order deletion confirmed.
2025-10-08 06:31:04,738 - INFO - backend.bots.craftable_bot.craftable_bot.CraftableBot - (craftable_bot.py:386) - Deleting order: Creative Converting (10/03/2025)
2025-10-08 06:31:06,546 - INFO - backend.bots.craftable_bot.craftable_bot.CraftableBot - (craftable_bot.py:436) - Order deletion confirmed.
2025-10-08 06:31:11,584 - INFO - backend.bots.craftable_bot.craftable_bot.CraftableBot - (craftable_bot.py:386) - Deleting order: Bo's Bones (10/03/2025)
2025-10-08 06:31:13,335 - INFO - backend.bots.craftable_bot.craftable_bot.CraftableBot - (craftable_bot.py:436) - Order deletion confirmed.
2025-10-08 06:31:18,374 - INFO - backend.bots.craftable_bot.craftable_bot.CraftableBot - (craftable_bot.py:386) - Deleting order: A.L. George (10/03/2025)
2025-10-08 06:31:20,118 - INFO - backend.bots.craftable_bot.craftable_bot.CraftableBot - (craftable_bot.py:436) - Order deletion confirmed.
2025-10-08 06:31:25,157 - INFO - backend.bots.craftable_bot.craftable_bot.CraftableBot - (craftable_bot.py:386) - Deleting order: Coca-Cola (10/03/2025)
2025-10-08 06:31:26,931 - INFO - backend.bots.craftable_bot.craftable_bot.CraftableBot - (craftable_bot.py:436) - Order deletion confirmed.
2025-10-08 06:31:31,969 - INFO - backend.bots.craftable_bot.craftable_bot.CraftableBot - (craftable_bot.py:386) - Deleting order: Equal Exchange (10/03/2025)
2025-10-08 06:31:33,770 - INFO - backend.bots.craftable_bot.craftable_bot.CraftableBot - (craftable_bot.py:436) - Order deletion confirmed.
2025-10-08 06:31:38,810 - INFO - backend.bots.craftable_bot.craftable_bot.CraftableBot - (craftable_bot.py:386) - Deleting order: Copper Horse Coffee (10/03/2025)
2025-10-08 06:31:40,563 - INFO - backend.bots.craftable_bot.craftable_bot.CraftableBot - (craftable_bot.py:436) - Order deletion confirmed.
2025-10-08 06:31:45,603 - INFO - backend.bots.craftable_bot.craftable_bot.CraftableBot - (craftable_bot.py:386) - Deleting order: Regional Distributors, Inc. (10/03/2025)
2025-10-08 06:31:47,408 - INFO - backend.bots.craftable_bot.craftable_bot.CraftableBot - (craftable_bot.py:436) - Order deletion confirmed.
2025-10-08 06:31:52,449 - INFO - backend.bots.craftable_bot.craftable_bot.CraftableBot - (craftable_bot.py:386) - Deleting order: Hill & Markes (10/03/2025)
2025-10-08 06:31:54,214 - INFO - backend.bots.craftable_bot.craftable_bot.CraftableBot - (craftable_bot.py:436) - Order deletion confirmed.
2025-10-08 06:31:59,255 - INFO - backend.bots.craftable_bot.craftable_bot.CraftableBot - (craftable_bot.py:386) - Deleting order: Peters Supply (10/03/2025)
2025-10-08 06:32:01,012 - INFO - backend.bots.craftable_bot.craftable_bot.CraftableBot - (craftable_bot.py:436) - Order deletion confirmed.
2025-10-08 06:32:06,052 - INFO - backend.bots.craftable_bot.craftable_bot.CraftableBot - (craftable_bot.py:386) - Deleting order: US Foods (10/03/2025)
2025-10-08 06:32:07,824 - INFO - backend.bots.craftable_bot.craftable_bot.CraftableBot - (craftable_bot.py:436) - Order deletion confirmed.
2025-10-08 06:32:12,863 - INFO - backend.bots.craftable_bot.craftable_bot.CraftableBot - (craftable_bot.py:386) - Deleting order: KEHE DISTRIBUTORS (10/03/2025)
2025-10-08 06:32:14,665 - INFO - backend.bots.craftable_bot.craftable_bot.CraftableBot - (craftable_bot.py:436) - Order deletion confirmed.
2025-10-08 06:32:19,703 - INFO - backend.bots.craftable_bot.craftable_bot.CraftableBot - (craftable_bot.py:386) - Deleting order: Ithaca Bakery (10/03/2025)
2025-10-08 06:32:21,472 - INFO - backend.bots.craftable_bot.craftable_bot.CraftableBot - (craftable_bot.py:436) - Order deletion confirmed.
2025-10-08 06:32:26,512 - INFO - backend.bots.craftable_bot.craftable_bot.CraftableBot - (craftable_bot.py:386) - Deleting order: UNFI (10/03/2025)
2025-10-08 06:32:28,277 - INFO - backend.bots.craftable_bot.craftable_bot.CraftableBot - (craftable_bot.py:436) - Order deletion confirmed.
2025-10-08 06:32:33,314 - INFO - backend.bots.craftable_bot.craftable_bot.CraftableBot - (craftable_bot.py:386) - Deleting order: Hillcrest Dairy (10/03/2025)
2025-10-08 06:32:35,136 - INFO - backend.bots.craftable_bot.craftable_bot.CraftableBot - (craftable_bot.py:436) - Order deletion confirmed.
2025-10-08 06:32:40,176 - INFO - backend.bots.craftable_bot.craftable_bot.CraftableBot - (craftable_bot.py:386) - Deleting order: FingerLakes Farms (10/03/2025)
2025-10-08 06:32:41,937 - INFO - backend.bots.craftable_bot.craftable_bot.CraftableBot - (craftable_bot.py:436) - Order deletion confirmed.
2025-10-08 06:32:46,977 - INFO - backend.bots.craftable_bot.craftable_bot.CraftableBot - (craftable_bot.py:386) - Deleting order: Performance Food (10/03/2025)
2025-10-08 06:32:48,749 - INFO - backend.bots.craftable_bot.craftable_bot.CraftableBot - (craftable_bot.py:436) - Order deletion confirmed.
2025-10-08 06:32:53,788 - INFO - backend.bots.craftable_bot.craftable_bot.CraftableBot - (craftable_bot.py:386) - Deleting order: Webstaurant (10/03/2025)
2025-10-08 06:32:55,609 - INFO - backend.bots.craftable_bot.craftable_bot.CraftableBot - (craftable_bot.py:436) - Order deletion confirmed.
2025-10-08 06:33:00,647 - INFO - backend.bots.craftable_bot.craftable_bot.CraftableBot - (craftable_bot.py:386) - Deleting order: Johnston Paper (10/03/2025)
2025-10-08 06:33:02,466 - INFO - backend.bots.craftable_bot.craftable_bot.CraftableBot - (craftable_bot.py:436) - Order deletion confirmed.
2025-10-08 06:33:07,475 - INFO - backend.bots.craftable_bot.craftable_bot.CraftableBot - (craftable_bot.py:396) - No orders table found. All orders deleted.
2025-10-08 06:33:07,475 - INFO - backend.bots.craftable_bot.craftable_bot.CraftableBot - (craftable_bot.py:399) - Finished deleting orders for store: Triphammer.
2025-10-08 06:33:07,475 - INFO - backend.bots.craftable_bot.craftable_bot.CraftableBot - (craftable_bot.py:354) - Starting order deletion for store: Collegetown.
2025-10-08 06:33:14,087 - INFO - backend.bots.craftable_bot.craftable_bot.CraftableBot - (craftable_bot.py:372) - Found 15 orders for deletion.
2025-10-08 06:33:14,110 - INFO - backend.bots.craftable_bot.craftable_bot.CraftableBot - (craftable_bot.py:386) - Deleting order: UNFI (10/03/2025)
2025-10-08 06:33:15,896 - INFO - backend.bots.craftable_bot.craftable_bot.CraftableBot - (craftable_bot.py:436) - Order deletion confirmed.
2025-10-08 06:33:20,937 - INFO - backend.bots.craftable_bot.craftable_bot.CraftableBot - (craftable_bot.py:386) - Deleting order: A.L. George (10/03/2025)
2025-10-08 06:33:22,696 - INFO - backend.bots.craftable_bot.craftable_bot.CraftableBot - (craftable_bot.py:436) - Order deletion confirmed.
2025-10-08 06:33:27,736 - INFO - backend.bots.craftable_bot.craftable_bot.CraftableBot - (craftable_bot.py:386) - Deleting order: DUTCH VALLEY FOOD DIST (10/03/2025)
2025-10-08 06:33:29,487 - INFO - backend.bots.craftable_bot.craftable_bot.CraftableBot - (craftable_bot.py:436) - Order deletion confirmed.
2025-10-08 06:33:34,527 - INFO - backend.bots.craftable_bot.craftable_bot.CraftableBot - (craftable_bot.py:386) - Deleting order: BALKAN BEVERAGE LLC (10/03/2025)
2025-10-08 06:33:36,292 - INFO - backend.bots.craftable_bot.craftable_bot.CraftableBot - (craftable_bot.py:436) - Order deletion confirmed.
2025-10-08 06:33:41,333 - INFO - backend.bots.craftable_bot.craftable_bot.CraftableBot - (craftable_bot.py:386) - Deleting order: Coca-Cola (10/03/2025)
2025-10-08 06:33:43,095 - INFO - backend.bots.craftable_bot.craftable_bot.CraftableBot - (craftable_bot.py:436) - Order deletion confirmed.
2025-10-08 06:33:48,135 - INFO - backend.bots.craftable_bot.craftable_bot.CraftableBot - (craftable_bot.py:386) - Deleting order: Peters Supply (10/03/2025)
2025-10-08 06:33:49,926 - INFO - backend.bots.craftable_bot.craftable_bot.CraftableBot - (craftable_bot.py:436) - Order deletion confirmed.
2025-10-08 06:33:54,965 - INFO - backend.bots.craftable_bot.craftable_bot.CraftableBot - (craftable_bot.py:386) - Deleting order: Johnston Paper (10/03/2025)
2025-10-08 06:33:56,723 - INFO - backend.bots.craftable_bot.craftable_bot.CraftableBot - (craftable_bot.py:436) - Order deletion confirmed.
2025-10-08 06:34:01,762 - INFO - backend.bots.craftable_bot.craftable_bot.CraftableBot - (craftable_bot.py:386) - Deleting order: Hill & Markes (10/03/2025)
2025-10-08 06:34:03,507 - INFO - backend.bots.craftable_bot.craftable_bot.CraftableBot - (craftable_bot.py:436) - Order deletion confirmed.
2025-10-08 06:34:08,545 - INFO - backend.bots.craftable_bot.craftable_bot.CraftableBot - (craftable_bot.py:386) - Deleting order: Equal Exchange (10/03/2025)
2025-10-08 06:34:10,291 - INFO - backend.bots.craftable_bot.craftable_bot.CraftableBot - (craftable_bot.py:436) - Order deletion confirmed.
2025-10-08 06:34:15,330 - INFO - backend.bots.craftable_bot.craftable_bot.CraftableBot - (craftable_bot.py:386) - Deleting order: Regional Distributors, Inc. (10/03/2025)
2025-10-08 06:34:17,094 - INFO - backend.bots.craftable_bot.craftable_bot.CraftableBot - (craftable_bot.py:436) - Order deletion confirmed.
2025-10-08 06:34:22,134 - INFO - backend.bots.craftable_bot.craftable_bot.CraftableBot - (craftable_bot.py:386) - Deleting order: Hillcrest Dairy (10/03/2025)
2025-10-08 06:34:23,903 - INFO - backend.bots.craftable_bot.craftable_bot.CraftableBot - (craftable_bot.py:436) - Order deletion confirmed.
2025-10-08 06:34:28,943 - INFO - backend.bots.craftable_bot.craftable_bot.CraftableBot - (craftable_bot.py:386) - Deleting order: Ithaca Bakery (10/03/2025)
2025-10-08 06:34:30,755 - INFO - backend.bots.craftable_bot.craftable_bot.CraftableBot - (craftable_bot.py:436) - Order deletion confirmed.
2025-10-08 06:34:35,795 - INFO - backend.bots.craftable_bot.craftable_bot.CraftableBot - (craftable_bot.py:386) - Deleting order: Sysco (10/03/2025)
2025-10-08 06:34:37,546 - INFO - backend.bots.craftable_bot.craftable_bot.CraftableBot - (craftable_bot.py:436) - Order deletion confirmed.
2025-10-08 06:34:42,586 - INFO - backend.bots.craftable_bot.craftable_bot.CraftableBot - (craftable_bot.py:386) - Deleting order: US Foods (10/03/2025)
2025-10-08 06:34:44,357 - INFO - backend.bots.craftable_bot.craftable_bot.CraftableBot - (craftable_bot.py:436) - Order deletion confirmed.
2025-10-08 06:34:49,396 - INFO - backend.bots.craftable_bot.craftable_bot.CraftableBot - (craftable_bot.py:386) - Deleting order: Performance Food (10/03/2025)
2025-10-08 06:34:51,165 - INFO - backend.bots.craftable_bot.craftable_bot.CraftableBot - (craftable_bot.py:436) - Order deletion confirmed.
2025-10-08 06:34:56,174 - INFO - backend.bots.craftable_bot.craftable_bot.CraftableBot - (craftable_bot.py:396) - No orders table found. All orders deleted.
2025-10-08 06:34:56,174 - INFO - backend.bots.craftable_bot.craftable_bot.CraftableBot - (craftable_bot.py:399) - Finished deleting orders for store: Collegetown.
2025-10-08 06:34:56,174 - INFO - backend.bots.craftable_bot.craftable_bot.CraftableBot - (craftable_bot.py:354) - Starting order deletion for store: Easthill.
2025-10-08 06:35:02,583 - INFO - backend.bots.craftable_bot.craftable_bot.CraftableBot - (craftable_bot.py:372) - Found 22 orders for deletion.
2025-10-08 06:35:02,606 - INFO - backend.bots.craftable_bot.craftable_bot.CraftableBot - (craftable_bot.py:386) - Deleting order: Creative Converting (10/04/2025)
2025-10-08 06:35:04,385 - INFO - backend.bots.craftable_bot.craftable_bot.CraftableBot - (craftable_bot.py:436) - Order deletion confirmed.
2025-10-08 06:35:09,427 - INFO - backend.bots.craftable_bot.craftable_bot.CraftableBot - (craftable_bot.py:386) - Deleting order: Hen of the Woods (10/04/2025)
2025-10-08 06:35:11,191 - INFO - backend.bots.craftable_bot.craftable_bot.CraftableBot - (craftable_bot.py:436) - Order deletion confirmed.
2025-10-08 06:35:16,232 - INFO - backend.bots.craftable_bot.craftable_bot.CraftableBot - (craftable_bot.py:386) - Deleting order: Worlds Best Cheeses (10/04/2025)
2025-10-08 06:35:18,023 - INFO - backend.bots.craftable_bot.craftable_bot.CraftableBot - (craftable_bot.py:436) - Order deletion confirmed.
2025-10-08 06:35:23,063 - INFO - backend.bots.craftable_bot.craftable_bot.CraftableBot - (craftable_bot.py:386) - Deleting order: Webstaurant (10/04/2025)
2025-10-08 06:35:24,866 - INFO - backend.bots.craftable_bot.craftable_bot.CraftableBot - (craftable_bot.py:436) - Order deletion confirmed.
2025-10-08 06:35:29,906 - INFO - backend.bots.craftable_bot.craftable_bot.CraftableBot - (craftable_bot.py:386) - Deleting order: BALKAN BEVERAGE LLC (10/04/2025)
2025-10-08 06:35:31,700 - INFO - backend.bots.craftable_bot.craftable_bot.CraftableBot - (craftable_bot.py:436) - Order deletion confirmed.
2025-10-08 06:35:36,743 - INFO - backend.bots.craftable_bot.craftable_bot.CraftableBot - (craftable_bot.py:386) - Deleting order: DUTCH VALLEY FOOD DIST (10/04/2025)
2025-10-08 06:35:38,509 - INFO - backend.bots.craftable_bot.craftable_bot.CraftableBot - (craftable_bot.py:436) - Order deletion confirmed.
2025-10-08 06:35:43,550 - INFO - backend.bots.craftable_bot.craftable_bot.CraftableBot - (craftable_bot.py:386) - Deleting order: FingerLakes Farms (10/04/2025)
2025-10-08 06:35:45,320 - INFO - backend.bots.craftable_bot.craftable_bot.CraftableBot - (craftable_bot.py:436) - Order deletion confirmed.
2025-10-08 06:35:50,354 - INFO - backend.bots.craftable_bot.craftable_bot.CraftableBot - (craftable_bot.py:386) - Deleting order: Johnston Paper (10/04/2025)
2025-10-08 06:35:52,100 - INFO - backend.bots.craftable_bot.craftable_bot.CraftableBot - (craftable_bot.py:436) - Order deletion confirmed.
2025-10-08 06:35:57,140 - INFO - backend.bots.craftable_bot.craftable_bot.CraftableBot - (craftable_bot.py:386) - Deleting order: Hillcrest Dairy (10/04/2025)
2025-10-08 06:35:58,902 - INFO - backend.bots.craftable_bot.craftable_bot.CraftableBot - (craftable_bot.py:436) - Order deletion confirmed.
2025-10-08 06:36:03,943 - INFO - backend.bots.craftable_bot.craftable_bot.CraftableBot - (craftable_bot.py:386) - Deleting order: UNFI (10/04/2025)
2025-10-08 06:36:05,710 - INFO - backend.bots.craftable_bot.craftable_bot.CraftableBot - (craftable_bot.py:436) - Order deletion confirmed.
2025-10-08 06:36:10,747 - INFO - backend.bots.craftable_bot.craftable_bot.CraftableBot - (craftable_bot.py:386) - Deleting order: Hill & Markes (10/04/2025)
2025-10-08 06:36:12,545 - INFO - backend.bots.craftable_bot.craftable_bot.CraftableBot - (craftable_bot.py:436) - Order deletion confirmed.
2025-10-08 06:36:17,584 - INFO - backend.bots.craftable_bot.craftable_bot.CraftableBot - (craftable_bot.py:386) - Deleting order: Copper Horse Coffee (10/04/2025)
2025-10-08 06:36:19,354 - INFO - backend.bots.craftable_bot.craftable_bot.CraftableBot - (craftable_bot.py:436) - Order deletion confirmed.
2025-10-08 06:36:24,393 - INFO - backend.bots.craftable_bot.craftable_bot.CraftableBot - (craftable_bot.py:386) - Deleting order: Regional Distributors, Inc. (10/04/2025)
2025-10-08 06:36:26,146 - INFO - backend.bots.craftable_bot.craftable_bot.CraftableBot - (craftable_bot.py:436) - Order deletion confirmed.
2025-10-08 06:36:31,185 - INFO - backend.bots.craftable_bot.craftable_bot.CraftableBot - (craftable_bot.py:386) - Deleting order: Coca-Cola (10/04/2025)
2025-10-08 06:36:32,953 - INFO - backend.bots.craftable_bot.craftable_bot.CraftableBot - (craftable_bot.py:436) - Order deletion confirmed.
2025-10-08 06:36:37,993 - INFO - backend.bots.craftable_bot.craftable_bot.CraftableBot - (craftable_bot.py:386) - Deleting order: Hillcrest Foods (10/04/2025)
2025-10-08 06:36:39,755 - INFO - backend.bots.craftable_bot.craftable_bot.CraftableBot - (craftable_bot.py:436) - Order deletion confirmed.
2025-10-08 06:36:44,794 - INFO - backend.bots.craftable_bot.craftable_bot.CraftableBot - (craftable_bot.py:386) - Deleting order: Bo's Bones (10/04/2025)
2025-10-08 06:36:46,545 - INFO - backend.bots.craftable_bot.craftable_bot.CraftableBot - (craftable_bot.py:436) - Order deletion confirmed.
2025-10-08 06:36:51,585 - INFO - backend.bots.craftable_bot.craftable_bot.CraftableBot - (craftable_bot.py:386) - Deleting order: US Foods (10/04/2025)
2025-10-08 06:36:53,357 - INFO - backend.bots.craftable_bot.craftable_bot.CraftableBot - (craftable_bot.py:436) - Order deletion confirmed.
2025-10-08 06:36:58,395 - INFO - backend.bots.craftable_bot.craftable_bot.CraftableBot - (craftable_bot.py:386) - Deleting order: Peters Supply (10/04/2025)
2025-10-08 06:37:00,146 - INFO - backend.bots.craftable_bot.craftable_bot.CraftableBot - (craftable_bot.py:436) - Order deletion confirmed.
2025-10-08 06:37:05,185 - INFO - backend.bots.craftable_bot.craftable_bot.CraftableBot - (craftable_bot.py:386) - Deleting order: Performance Food (10/04/2025)
2025-10-08 06:37:06,944 - INFO - backend.bots.craftable_bot.craftable_bot.CraftableBot - (craftable_bot.py:436) - Order deletion confirmed.
2025-10-08 06:37:11,985 - INFO - backend.bots.craftable_bot.craftable_bot.CraftableBot - (craftable_bot.py:386) - Deleting order: Equal Exchange (10/04/2025)
2025-10-08 06:37:13,744 - INFO - backend.bots.craftable_bot.craftable_bot.CraftableBot - (craftable_bot.py:436) - Order deletion confirmed.
2025-10-08 06:37:18,784 - INFO - backend.bots.craftable_bot.craftable_bot.CraftableBot - (craftable_bot.py:386) - Deleting order: Ithaca Bakery (10/04/2025)
2025-10-08 06:37:20,572 - INFO - backend.bots.craftable_bot.craftable_bot.CraftableBot - (craftable_bot.py:436) - Order deletion confirmed.
2025-10-08 06:37:25,610 - INFO - backend.bots.craftable_bot.craftable_bot.CraftableBot - (craftable_bot.py:386) - Deleting order: Sysco (10/04/2025)
2025-10-08 06:37:27,377 - INFO - backend.bots.craftable_bot.craftable_bot.CraftableBot - (craftable_bot.py:436) - Order deletion confirmed.
2025-10-08 06:37:32,386 - INFO - backend.bots.craftable_bot.craftable_bot.CraftableBot - (craftable_bot.py:396) - No orders table found. All orders deleted.
2025-10-08 06:37:32,386 - INFO - backend.bots.craftable_bot.craftable_bot.CraftableBot - (craftable_bot.py:399) - Finished deleting orders for store: Easthill.
2025-10-08 06:37:32,386 - INFO - backend.bots.craftable_bot.craftable_bot.CraftableBot - (craftable_bot.py:354) - Starting order deletion for store: Downtown.
2025-10-08 06:37:38,825 - INFO - backend.bots.craftable_bot.craftable_bot.CraftableBot - (craftable_bot.py:372) - Found 17 orders for deletion.
2025-10-08 06:37:38,848 - INFO - backend.bots.craftable_bot.craftable_bot.CraftableBot - (craftable_bot.py:386) - Deleting order: Wegmans (10/04/2025)
2025-10-08 06:37:40,633 - INFO - backend.bots.craftable_bot.craftable_bot.CraftableBot - (craftable_bot.py:436) - Order deletion confirmed.
2025-10-08 06:37:45,672 - INFO - backend.bots.craftable_bot.craftable_bot.CraftableBot - (craftable_bot.py:386) - Deleting order: Peters Supply (10/03/2025)
2025-10-08 06:37:47,446 - INFO - backend.bots.craftable_bot.craftable_bot.CraftableBot - (craftable_bot.py:436) - Order deletion confirmed.
2025-10-08 06:37:52,487 - INFO - backend.bots.craftable_bot.craftable_bot.CraftableBot - (craftable_bot.py:386) - Deleting order: FingerLakes Farms (10/03/2025)
2025-10-08 06:37:54,245 - INFO - backend.bots.craftable_bot.craftable_bot.CraftableBot - (craftable_bot.py:436) - Order deletion confirmed.
2025-10-08 06:37:59,286 - INFO - backend.bots.craftable_bot.craftable_bot.CraftableBot - (craftable_bot.py:386) - Deleting order: Hillcrest Dairy (10/03/2025)
2025-10-08 06:38:01,035 - INFO - backend.bots.craftable_bot.craftable_bot.CraftableBot - (craftable_bot.py:436) - Order deletion confirmed.
2025-10-08 06:38:06,076 - INFO - backend.bots.craftable_bot.craftable_bot.CraftableBot - (craftable_bot.py:386) - Deleting order: Performance Food (10/03/2025)
2025-10-08 06:38:07,850 - INFO - backend.bots.craftable_bot.craftable_bot.CraftableBot - (craftable_bot.py:436) - Order deletion confirmed.
2025-10-08 06:38:12,891 - INFO - backend.bots.craftable_bot.craftable_bot.CraftableBot - (craftable_bot.py:386) - Deleting order: UNFI (10/03/2025)
2025-10-08 06:38:14,659 - INFO - backend.bots.craftable_bot.craftable_bot.CraftableBot - (craftable_bot.py:436) - Order deletion confirmed.
2025-10-08 06:38:19,697 - INFO - backend.bots.craftable_bot.craftable_bot.CraftableBot - (craftable_bot.py:386) - Deleting order: Coca-Cola (10/03/2025)
2025-10-08 06:38:21,461 - INFO - backend.bots.craftable_bot.craftable_bot.CraftableBot - (craftable_bot.py:436) - Order deletion confirmed.
2025-10-08 06:38:26,501 - INFO - backend.bots.craftable_bot.craftable_bot.CraftableBot - (craftable_bot.py:386) - Deleting order: Sysco (10/03/2025)
2025-10-08 06:38:28,270 - INFO - backend.bots.craftable_bot.craftable_bot.CraftableBot - (craftable_bot.py:436) - Order deletion confirmed.
2025-10-08 06:38:33,310 - INFO - backend.bots.craftable_bot.craftable_bot.CraftableBot - (craftable_bot.py:386) - Deleting order: KEHE DISTRIBUTORS (10/03/2025)
2025-10-08 06:38:35,113 - INFO - backend.bots.craftable_bot.craftable_bot.CraftableBot - (craftable_bot.py:436) - Order deletion confirmed.
2025-10-08 06:38:40,152 - INFO - backend.bots.craftable_bot.craftable_bot.CraftableBot - (craftable_bot.py:386) - Deleting order: Johnston Paper (10/03/2025)
2025-10-08 06:38:41,905 - INFO - backend.bots.craftable_bot.craftable_bot.CraftableBot - (craftable_bot.py:436) - Order deletion confirmed.
2025-10-08 06:38:46,944 - INFO - backend.bots.craftable_bot.craftable_bot.CraftableBot - (craftable_bot.py:386) - Deleting order: SANICO (10/03/2025)
2025-10-08 06:38:48,679 - INFO - backend.bots.craftable_bot.craftable_bot.CraftableBot - (craftable_bot.py:436) - Order deletion confirmed.
2025-10-08 06:38:53,718 - INFO - backend.bots.craftable_bot.craftable_bot.CraftableBot - (craftable_bot.py:386) - Deleting order: Equal Exchange (10/03/2025)
2025-10-08 06:38:55,468 - INFO - backend.bots.craftable_bot.craftable_bot.CraftableBot - (craftable_bot.py:436) - Order deletion confirmed.
2025-10-08 06:39:00,508 - INFO - backend.bots.craftable_bot.craftable_bot.CraftableBot - (craftable_bot.py:386) - Deleting order: Hill & Markes (10/03/2025)
2025-10-08 06:39:02,305 - INFO - backend.bots.craftable_bot.craftable_bot.CraftableBot - (craftable_bot.py:436) - Order deletion confirmed.
2025-10-08 06:39:07,345 - INFO - backend.bots.craftable_bot.craftable_bot.CraftableBot - (craftable_bot.py:386) - Deleting order: Copper Horse Coffee (10/03/2025)
2025-10-08 06:39:09,138 - INFO - backend.bots.craftable_bot.craftable_bot.CraftableBot - (craftable_bot.py:436) - Order deletion confirmed.
2025-10-08 06:39:14,179 - INFO - backend.bots.craftable_bot.craftable_bot.CraftableBot - (craftable_bot.py:386) - Deleting order: Regional Distributors, Inc. (10/03/2025)
2025-10-08 06:39:15,942 - INFO - backend.bots.craftable_bot.craftable_bot.CraftableBot - (craftable_bot.py:436) - Order deletion confirmed.
2025-10-08 06:39:20,981 - INFO - backend.bots.craftable_bot.craftable_bot.CraftableBot - (craftable_bot.py:386) - Deleting order: US Foods (10/03/2025)
2025-10-08 06:39:22,746 - INFO - backend.bots.craftable_bot.craftable_bot.CraftableBot - (craftable_bot.py:436) - Order deletion confirmed.
2025-10-08 06:39:27,783 - INFO - backend.bots.craftable_bot.craftable_bot.CraftableBot - (craftable_bot.py:386) - Deleting order: Ithaca Bakery (10/03/2025)
2025-10-08 06:39:29,560 - INFO - backend.bots.craftable_bot.craftable_bot.CraftableBot - (craftable_bot.py:436) - Order deletion confirmed.
2025-10-08 06:39:34,569 - INFO - backend.bots.craftable_bot.craftable_bot.CraftableBot - (craftable_bot.py:396) - No orders table found. All orders deleted.
2025-10-08 06:39:34,569 - INFO - backend.bots.craftable_bot.craftable_bot.CraftableBot - (craftable_bot.py:399) - Finished deleting orders for store: Downtown.
2025-10-08 06:39:36,701 - INFO - cli.cli.CLI - (cli.py:421) - Command 'delete_orders' executed successfully.
2025-10-08 13:52:39,474 - INFO - cli.cli.CLI - (cli.py:419) - Dispatching command: download_orders (args=['--stores', 'Bakery', 'Triphammer', 'Collegetown'])
2025-10-08 13:52:43,684 - INFO - backend.bots.craftable_bot.craftable_bot.CraftableBot - (craftable_bot.py:136) - Logging into Craftable.
2025-10-08 13:52:50,837 - INFO - backend.bots.craftable_bot.craftable_bot.CraftableBot - (craftable_bot.py:160) - Login successful.
2025-10-08 13:52:50,838 - INFO - backend.bots.craftable_bot.craftable_bot.CraftableBot - (craftable_bot.py:259) - Starting order download protocol.
2025-10-08 13:52:50,838 - INFO - backend.bots.craftable_bot.craftable_bot.CraftableBot - (craftable_bot.py:262) - Accessing order page for Bakery.
2025-10-08 13:52:57,502 - INFO - backend.bots.craftable_bot.craftable_bot.CraftableBot - (craftable_bot.py:303) - Retrieving order for J.Mills (10/04/2025).
2025-10-08 13:52:58,879 - INFO - backend.bots.craftable_bot.craftable_bot.CraftableBot - (craftable_bot.py:1031) - [Order Update] Initiating update protocol for Bakery / J.Mills / 20251004.
2025-10-08 13:52:58,902 - INFO - backend.coordinators.order_coordinator.OrderCoordinator - (order_coordinator.py:208) - [Order Update] Order has changed. Removing old file.
2025-10-08 13:52:58,904 - INFO - backend.bots.craftable_bot.craftable_bot.CraftableBot - (craftable_bot.py:317) - Saving order for J.Mills.
2025-10-08 13:53:01,453 - INFO - backend.coordinators.order_coordinator.OrderCoordinator - (order_coordinator.py:252) - Moved downloaded PDF to: C:\Users\andrew\Desktop\Andrew\Projects\IthacaBakery\RandomStuff\WorkBot\refactor\data\orders\J.Mills\J.Mills_Bakery_2025-10-04.pdf
2025-10-08 13:53:03,331 - INFO - backend.bots.craftable_bot.craftable_bot.CraftableBot - (craftable_bot.py:303) - Retrieving order for Webstaurant (10/04/2025).
2025-10-08 13:53:05,061 - INFO - backend.bots.craftable_bot.craftable_bot.CraftableBot - (craftable_bot.py:1031) - [Order Update] Initiating update protocol for Bakery / Webstaurant / 20251004.
2025-10-08 13:53:05,079 - INFO - backend.coordinators.order_coordinator.OrderCoordinator - (order_coordinator.py:208) - [Order Update] Order has changed. Removing old file.
2025-10-08 13:53:05,080 - INFO - backend.bots.craftable_bot.craftable_bot.CraftableBot - (craftable_bot.py:317) - Saving order for Webstaurant.
2025-10-08 13:53:07,133 - INFO - backend.coordinators.order_coordinator.OrderCoordinator - (order_coordinator.py:252) - Moved downloaded PDF to: C:\Users\andrew\Desktop\Andrew\Projects\IthacaBakery\RandomStuff\WorkBot\refactor\data\orders\Webstaurant\Webstaurant_Bakery_2025-10-04.pdf
2025-10-08 13:53:09,501 - INFO - backend.bots.craftable_bot.craftable_bot.CraftableBot - (craftable_bot.py:303) - Retrieving order for Harney and Sons Tea (10/05/2025).
2025-10-08 13:53:10,748 - INFO - backend.bots.craftable_bot.craftable_bot.CraftableBot - (craftable_bot.py:1031) - [Order Update] Initiating update protocol for Bakery / Harney and Sons Tea / 20251005.
2025-10-08 13:53:10,766 - INFO - backend.coordinators.order_coordinator.OrderCoordinator - (order_coordinator.py:208) - [Order Update] Order has changed. Removing old file.
2025-10-08 13:53:10,767 - INFO - backend.bots.craftable_bot.craftable_bot.CraftableBot - (craftable_bot.py:317) - Saving order for Harney and Sons Tea.
2025-10-08 13:53:12,814 - INFO - backend.coordinators.order_coordinator.OrderCoordinator - (order_coordinator.py:252) - Moved downloaded PDF to: C:\Users\andrew\Desktop\Andrew\Projects\IthacaBakery\RandomStuff\WorkBot\refactor\data\orders\Harney and Sons Tea\Harney and Sons Tea_Bakery_2025-10-05.pdf
2025-10-08 13:53:15,166 - INFO - backend.bots.craftable_bot.craftable_bot.CraftableBot - (craftable_bot.py:303) - Retrieving order for Coca-Cola (10/05/2025).
2025-10-08 13:53:16,768 - INFO - backend.bots.craftable_bot.craftable_bot.CraftableBot - (craftable_bot.py:1031) - [Order Update] Initiating update protocol for Bakery / Coca-Cola / 20251005.
2025-10-08 13:53:16,786 - INFO - backend.coordinators.order_coordinator.OrderCoordinator - (order_coordinator.py:208) - [Order Update] Order has changed. Removing old file.
2025-10-08 13:53:16,787 - INFO - backend.bots.craftable_bot.craftable_bot.CraftableBot - (craftable_bot.py:317) - Saving order for Coca-Cola.
2025-10-08 13:53:19,337 - INFO - backend.coordinators.order_coordinator.OrderCoordinator - (order_coordinator.py:252) - Moved downloaded PDF to: C:\Users\andrew\Desktop\Andrew\Projects\IthacaBakery\RandomStuff\WorkBot\refactor\data\orders\Coca-Cola\Coca-Cola_Bakery_2025-10-05.pdf
2025-10-08 13:53:21,189 - INFO - backend.bots.craftable_bot.craftable_bot.CraftableBot - (craftable_bot.py:303) - Retrieving order for DUTCH VALLEY FOOD DIST (10/05/2025).
2025-10-08 13:53:23,275 - INFO - backend.bots.craftable_bot.craftable_bot.CraftableBot - (craftable_bot.py:1031) - [Order Update] Initiating update protocol for Bakery / DUTCH VALLEY FOOD DIST / 20251005.
2025-10-08 13:53:23,292 - INFO - backend.coordinators.order_coordinator.OrderCoordinator - (order_coordinator.py:208) - [Order Update] Order has changed. Removing old file.
2025-10-08 13:53:23,293 - INFO - backend.bots.craftable_bot.craftable_bot.CraftableBot - (craftable_bot.py:317) - Saving order for DUTCH VALLEY FOOD DIST.
2025-10-08 13:53:25,365 - INFO - backend.coordinators.order_coordinator.OrderCoordinator - (order_coordinator.py:252) - Moved downloaded PDF to: C:\Users\andrew\Desktop\Andrew\Projects\IthacaBakery\RandomStuff\WorkBot\refactor\data\orders\DUTCH VALLEY FOOD DIST\DUTCH VALLEY FOOD DIST_Bakery_2025-10-05.pdf
2025-10-08 13:53:27,714 - INFO - backend.bots.craftable_bot.craftable_bot.CraftableBot - (craftable_bot.py:303) - Retrieving order for BJ's (10/06/2025).
2025-10-08 13:53:28,915 - INFO - backend.bots.craftable_bot.craftable_bot.CraftableBot - (craftable_bot.py:1031) - [Order Update] Initiating update protocol for Bakery / BJ's / 20251006.
2025-10-08 13:53:28,931 - INFO - backend.coordinators.order_coordinator.OrderCoordinator - (order_coordinator.py:208) - [Order Update] Order has changed. Removing old file.
2025-10-08 13:53:28,933 - INFO - backend.bots.craftable_bot.craftable_bot.CraftableBot - (craftable_bot.py:317) - Saving order for BJ's.
2025-10-08 13:53:30,975 - INFO - backend.coordinators.order_coordinator.OrderCoordinator - (order_coordinator.py:252) - Moved downloaded PDF to: C:\Users\andrew\Desktop\Andrew\Projects\IthacaBakery\RandomStuff\WorkBot\refactor\data\orders\BJ's\BJ's_Bakery_2025-10-06.pdf
2025-10-08 13:53:33,329 - INFO - backend.bots.craftable_bot.craftable_bot.CraftableBot - (craftable_bot.py:303) - Retrieving order for Qualita (10/07/2025).
2025-10-08 13:53:34,473 - INFO - backend.bots.craftable_bot.craftable_bot.CraftableBot - (craftable_bot.py:1031) - [Order Update] Initiating update protocol for Bakery / Qualita / 20251007.
2025-10-08 13:53:34,490 - INFO - backend.coordinators.order_coordinator.OrderCoordinator - (order_coordinator.py:208) - [Order Update] Order has changed. Removing old file.
2025-10-08 13:53:34,491 - INFO - backend.bots.craftable_bot.craftable_bot.CraftableBot - (craftable_bot.py:317) - Saving order for Qualita.
2025-10-08 13:53:36,530 - INFO - backend.coordinators.order_coordinator.OrderCoordinator - (order_coordinator.py:252) - Moved downloaded PDF to: C:\Users\andrew\Desktop\Andrew\Projects\IthacaBakery\RandomStuff\WorkBot\refactor\data\orders\Qualita\Qualita_Bakery_2025-10-07.pdf
2025-10-08 13:53:38,887 - INFO - backend.bots.craftable_bot.craftable_bot.CraftableBot - (craftable_bot.py:303) - Retrieving order for FingerLakes Farms (10/07/2025).
2025-10-08 13:53:40,335 - INFO - backend.bots.craftable_bot.craftable_bot.CraftableBot - (craftable_bot.py:1031) - [Order Update] Initiating update protocol for Bakery / FingerLakes Farms / 20251007.
2025-10-08 13:53:40,354 - INFO - backend.coordinators.order_coordinator.OrderCoordinator - (order_coordinator.py:208) - [Order Update] Order has changed. Removing old file.
2025-10-08 13:53:40,355 - INFO - backend.bots.craftable_bot.craftable_bot.CraftableBot - (craftable_bot.py:317) - Saving order for FingerLakes Farms.
2025-10-08 13:53:42,400 - INFO - backend.coordinators.order_coordinator.OrderCoordinator - (order_coordinator.py:252) - Moved downloaded PDF to: C:\Users\andrew\Desktop\Andrew\Projects\IthacaBakery\RandomStuff\WorkBot\refactor\data\orders\FingerLakes Farms\FingerLakes Farms_Bakery_2025-10-07.pdf
2025-10-08 13:53:44,768 - INFO - backend.bots.craftable_bot.craftable_bot.CraftableBot - (craftable_bot.py:303) - Retrieving order for Sysco (10/07/2025).
2025-10-08 13:53:47,962 - INFO - backend.bots.craftable_bot.craftable_bot.CraftableBot - (craftable_bot.py:1031) - [Order Update] Initiating update protocol for Bakery / Sysco / 20251007.
2025-10-08 13:53:47,979 - INFO - backend.coordinators.order_coordinator.OrderCoordinator - (order_coordinator.py:208) - [Order Update] Order has changed. Removing old file.
2025-10-08 13:53:47,980 - INFO - backend.bots.craftable_bot.craftable_bot.CraftableBot - (craftable_bot.py:317) - Saving order for Sysco.
2025-10-08 13:53:50,581 - INFO - backend.coordinators.order_coordinator.OrderCoordinator - (order_coordinator.py:252) - Moved downloaded PDF to: C:\Users\andrew\Desktop\Andrew\Projects\IthacaBakery\RandomStuff\WorkBot\refactor\data\orders\Sysco\Sysco_Bakery_2025-10-07.pdf
2025-10-08 13:53:52,459 - INFO - backend.bots.craftable_bot.craftable_bot.CraftableBot - (craftable_bot.py:303) - Retrieving order for US Foods (10/08/2025).
2025-10-08 13:53:54,867 - INFO - backend.bots.craftable_bot.craftable_bot.CraftableBot - (craftable_bot.py:1031) - [Order Update] Initiating update protocol for Bakery / US Foods / 20251008.
2025-10-08 13:53:54,867 - INFO - backend.coordinators.order_coordinator.OrderCoordinator - (order_coordinator.py:195) - [Order Update] No existing file at C:\Users\andrew\Desktop\Andrew\Projects\IthacaBakery\RandomStuff\WorkBot\refactor\data\orders\US Foods\US Foods_Bakery_2025-10-08.xlsx. Proceeding with save.
2025-10-08 13:53:54,868 - INFO - backend.bots.craftable_bot.craftable_bot.CraftableBot - (craftable_bot.py:317) - Saving order for US Foods.
2025-10-08 13:53:57,443 - INFO - backend.coordinators.order_coordinator.OrderCoordinator - (order_coordinator.py:252) - Moved downloaded PDF to: C:\Users\andrew\Desktop\Andrew\Projects\IthacaBakery\RandomStuff\WorkBot\refactor\data\orders\US Foods\US Foods_Bakery_2025-10-08.pdf
2025-10-08 13:53:59,315 - INFO - backend.bots.craftable_bot.craftable_bot.CraftableBot - (craftable_bot.py:303) - Retrieving order for Performance Food (10/08/2025).
2025-10-08 13:54:01,497 - INFO - backend.bots.craftable_bot.craftable_bot.CraftableBot - (craftable_bot.py:1031) - [Order Update] Initiating update protocol for Bakery / Performance Food / 20251008.
2025-10-08 13:54:01,497 - INFO - backend.coordinators.order_coordinator.OrderCoordinator - (order_coordinator.py:195) - [Order Update] No existing file at C:\Users\andrew\Desktop\Andrew\Projects\IthacaBakery\RandomStuff\WorkBot\refactor\data\orders\Performance Food\Performance Food_Bakery_2025-10-08.xlsx. Proceeding with save.
2025-10-08 13:54:01,497 - INFO - backend.bots.craftable_bot.craftable_bot.CraftableBot - (craftable_bot.py:317) - Saving order for Performance Food.
2025-10-08 13:54:03,567 - INFO - backend.coordinators.order_coordinator.OrderCoordinator - (order_coordinator.py:252) - Moved downloaded PDF to: C:\Users\andrew\Desktop\Andrew\Projects\IthacaBakery\RandomStuff\WorkBot\refactor\data\orders\Performance Food\Performance Food_Bakery_2025-10-08.pdf
2025-10-08 13:54:05,926 - INFO - backend.bots.craftable_bot.craftable_bot.CraftableBot - (craftable_bot.py:303) - Retrieving order for Sweet Sam's Baking Company, LLC (10/08/2025).
2025-10-08 13:54:07,489 - INFO - backend.bots.craftable_bot.craftable_bot.CraftableBot - (craftable_bot.py:1031) - [Order Update] Initiating update protocol for Bakery / Sweet Sam's Baking Company, LLC / 20251008.
2025-10-08 13:54:07,489 - INFO - backend.coordinators.order_coordinator.OrderCoordinator - (order_coordinator.py:195) - [Order Update] No existing file at C:\Users\andrew\Desktop\Andrew\Projects\IthacaBakery\RandomStuff\WorkBot\refactor\data\orders\Sweet Sam's Baking Company, LLC\Sweet Sam's Baking Company, LLC_Bakery_2025-10-08.xlsx. Proceeding with save.
2025-10-08 13:54:07,489 - INFO - backend.bots.craftable_bot.craftable_bot.CraftableBot - (craftable_bot.py:317) - Saving order for Sweet Sam's Baking Company, LLC.
2025-10-08 13:54:09,544 - INFO - backend.coordinators.order_coordinator.OrderCoordinator - (order_coordinator.py:252) - Moved downloaded PDF to: C:\Users\andrew\Desktop\Andrew\Projects\IthacaBakery\RandomStuff\WorkBot\refactor\data\orders\Sweet Sam's Baking Company, LLC\Sweet Sam's Baking Company, LLC_Bakery_2025-10-08.pdf
2025-10-08 13:54:11,856 - INFO - backend.bots.craftable_bot.craftable_bot.CraftableBot - (craftable_bot.py:262) - Accessing order page for Triphammer.
2025-10-08 13:54:18,419 - INFO - backend.bots.craftable_bot.craftable_bot.CraftableBot - (craftable_bot.py:303) - Retrieving order for Performance Food (10/08/2025).
2025-10-08 13:54:21,754 - INFO - backend.bots.craftable_bot.craftable_bot.CraftableBot - (craftable_bot.py:1031) - [Order Update] Initiating update protocol for Triphammer / Performance Food / 20251008.
2025-10-08 13:54:21,754 - INFO - backend.coordinators.order_coordinator.OrderCoordinator - (order_coordinator.py:195) - [Order Update] No existing file at C:\Users\andrew\Desktop\Andrew\Projects\IthacaBakery\RandomStuff\WorkBot\refactor\data\orders\Performance Food\Performance Food_Triphammer_2025-10-08.xlsx. Proceeding with save.
2025-10-08 13:54:21,754 - INFO - backend.bots.craftable_bot.craftable_bot.CraftableBot - (craftable_bot.py:317) - Saving order for Performance Food.
2025-10-08 13:54:24,379 - INFO - backend.coordinators.order_coordinator.OrderCoordinator - (order_coordinator.py:252) - Moved downloaded PDF to: C:\Users\andrew\Desktop\Andrew\Projects\IthacaBakery\RandomStuff\WorkBot\refactor\data\orders\Performance Food\Performance Food_Triphammer_2025-10-08.pdf
2025-10-08 13:54:26,246 - INFO - backend.bots.craftable_bot.craftable_bot.CraftableBot - (craftable_bot.py:303) - Retrieving order for Webstaurant (10/08/2025).
2025-10-08 13:54:27,490 - INFO - backend.bots.craftable_bot.craftable_bot.CraftableBot - (craftable_bot.py:1031) - [Order Update] Initiating update protocol for Triphammer / Webstaurant / 20251008.
2025-10-08 13:54:27,490 - INFO - backend.coordinators.order_coordinator.OrderCoordinator - (order_coordinator.py:195) - [Order Update] No existing file at C:\Users\andrew\Desktop\Andrew\Projects\IthacaBakery\RandomStuff\WorkBot\refactor\data\orders\Webstaurant\Webstaurant_Triphammer_2025-10-08.xlsx. Proceeding with save.
2025-10-08 13:54:27,490 - INFO - backend.bots.craftable_bot.craftable_bot.CraftableBot - (craftable_bot.py:317) - Saving order for Webstaurant.
2025-10-08 13:54:29,543 - INFO - backend.coordinators.order_coordinator.OrderCoordinator - (order_coordinator.py:252) - Moved downloaded PDF to: C:\Users\andrew\Desktop\Andrew\Projects\IthacaBakery\RandomStuff\WorkBot\refactor\data\orders\Webstaurant\Webstaurant_Triphammer_2025-10-08.pdf
2025-10-08 13:54:31,909 - INFO - backend.bots.craftable_bot.craftable_bot.CraftableBot - (craftable_bot.py:303) - Retrieving order for US Foods (10/08/2025).
2025-10-08 13:54:34,209 - INFO - backend.bots.craftable_bot.craftable_bot.CraftableBot - (craftable_bot.py:1031) - [Order Update] Initiating update protocol for Triphammer / US Foods / 20251008.
2025-10-08 13:54:34,209 - INFO - backend.coordinators.order_coordinator.OrderCoordinator - (order_coordinator.py:195) - [Order Update] No existing file at C:\Users\andrew\Desktop\Andrew\Projects\IthacaBakery\RandomStuff\WorkBot\refactor\data\orders\US Foods\US Foods_Triphammer_2025-10-08.xlsx. Proceeding with save.
2025-10-08 13:54:34,210 - INFO - backend.bots.craftable_bot.craftable_bot.CraftableBot - (craftable_bot.py:317) - Saving order for US Foods.
2025-10-08 13:54:36,782 - INFO - backend.coordinators.order_coordinator.OrderCoordinator - (order_coordinator.py:252) - Moved downloaded PDF to: C:\Users\andrew\Desktop\Andrew\Projects\IthacaBakery\RandomStuff\WorkBot\refactor\data\orders\US Foods\US Foods_Triphammer_2025-10-08.pdf
2025-10-08 13:54:38,662 - INFO - backend.bots.craftable_bot.craftable_bot.CraftableBot - (craftable_bot.py:303) - Retrieving order for Ithaca Bakery (10/08/2025).
2025-10-08 13:54:39,960 - INFO - backend.bots.craftable_bot.craftable_bot.CraftableBot - (craftable_bot.py:1031) - [Order Update] Initiating update protocol for Triphammer / Ithaca Bakery / 20251008.
2025-10-08 13:54:39,960 - INFO - backend.coordinators.order_coordinator.OrderCoordinator - (order_coordinator.py:195) - [Order Update] No existing file at C:\Users\andrew\Desktop\Andrew\Projects\IthacaBakery\RandomStuff\WorkBot\refactor\data\orders\Ithaca Bakery\Ithaca Bakery_Triphammer_2025-10-08.xlsx. Proceeding with save.
2025-10-08 13:54:39,960 - INFO - backend.bots.craftable_bot.craftable_bot.CraftableBot - (craftable_bot.py:317) - Saving order for Ithaca Bakery.
2025-10-08 13:54:42,549 - INFO - backend.coordinators.order_coordinator.OrderCoordinator - (order_coordinator.py:252) - Moved downloaded PDF to: C:\Users\andrew\Desktop\Andrew\Projects\IthacaBakery\RandomStuff\WorkBot\refactor\data\orders\Ithaca Bakery\Ithaca Bakery_Triphammer_2025-10-08.pdf
2025-10-08 13:54:44,418 - INFO - backend.bots.craftable_bot.craftable_bot.CraftableBot - (craftable_bot.py:303) - Retrieving order for Sysco (10/08/2025).
2025-10-08 13:54:46,917 - INFO - backend.bots.craftable_bot.craftable_bot.CraftableBot - (craftable_bot.py:1031) - [Order Update] Initiating update protocol for Triphammer / Sysco / 20251008.
2025-10-08 13:54:46,918 - INFO - backend.coordinators.order_coordinator.OrderCoordinator - (order_coordinator.py:195) - [Order Update] No existing file at C:\Users\andrew\Desktop\Andrew\Projects\IthacaBakery\RandomStuff\WorkBot\refactor\data\orders\Sysco\Sysco_Triphammer_2025-10-08.xlsx. Proceeding with save.
2025-10-08 13:54:46,918 - INFO - backend.bots.craftable_bot.craftable_bot.CraftableBot - (craftable_bot.py:317) - Saving order for Sysco.
2025-10-08 13:54:49,513 - INFO - backend.coordinators.order_coordinator.OrderCoordinator - (order_coordinator.py:252) - Moved downloaded PDF to: C:\Users\andrew\Desktop\Andrew\Projects\IthacaBakery\RandomStuff\WorkBot\refactor\data\orders\Sysco\Sysco_Triphammer_2025-10-08.pdf
2025-10-08 13:54:51,386 - INFO - backend.bots.craftable_bot.craftable_bot.CraftableBot - (craftable_bot.py:303) - Retrieving order for Russo Produce (10/08/2025).
2025-10-08 13:54:53,728 - INFO - backend.bots.craftable_bot.craftable_bot.CraftableBot - (craftable_bot.py:1031) - [Order Update] Initiating update protocol for Triphammer / Russo Produce / 20251008.
2025-10-08 13:54:53,729 - INFO - backend.coordinators.order_coordinator.OrderCoordinator - (order_coordinator.py:195) - [Order Update] No existing file at C:\Users\andrew\Desktop\Andrew\Projects\IthacaBakery\RandomStuff\WorkBot\refactor\data\orders\Russo Produce\Russo Produce_Triphammer_2025-10-08.xlsx. Proceeding with save.
2025-10-08 13:54:53,729 - INFO - backend.bots.craftable_bot.craftable_bot.CraftableBot - (craftable_bot.py:317) - Saving order for Russo Produce.
2025-10-08 13:54:56,307 - INFO - backend.coordinators.order_coordinator.OrderCoordinator - (order_coordinator.py:252) - Moved downloaded PDF to: C:\Users\andrew\Desktop\Andrew\Projects\IthacaBakery\RandomStuff\WorkBot\refactor\data\orders\Russo Produce\Russo Produce_Triphammer_2025-10-08.pdf
2025-10-08 13:54:58,158 - INFO - backend.bots.craftable_bot.craftable_bot.CraftableBot - (craftable_bot.py:303) - Retrieving order for Tops (10/08/2025).
2025-10-08 13:54:59,315 - INFO - backend.bots.craftable_bot.craftable_bot.CraftableBot - (craftable_bot.py:1031) - [Order Update] Initiating update protocol for Triphammer / Tops / 20251008.
2025-10-08 13:54:59,315 - INFO - backend.coordinators.order_coordinator.OrderCoordinator - (order_coordinator.py:195) - [Order Update] No existing file at C:\Users\andrew\Desktop\Andrew\Projects\IthacaBakery\RandomStuff\WorkBot\refactor\data\orders\Tops\Tops_Triphammer_2025-10-08.xlsx. Proceeding with save.
2025-10-08 13:54:59,315 - INFO - backend.bots.craftable_bot.craftable_bot.CraftableBot - (craftable_bot.py:317) - Saving order for Tops.
2025-10-08 13:55:01,866 - INFO - backend.coordinators.order_coordinator.OrderCoordinator - (order_coordinator.py:252) - Moved downloaded PDF to: C:\Users\andrew\Desktop\Andrew\Projects\IthacaBakery\RandomStuff\WorkBot\refactor\data\orders\Tops\Tops_Triphammer_2025-10-08.pdf
2025-10-08 13:55:03,683 - INFO - backend.bots.craftable_bot.craftable_bot.CraftableBot - (craftable_bot.py:262) - Accessing order page for Collegetown.
2025-10-08 13:55:10,128 - INFO - backend.bots.craftable_bot.craftable_bot.CraftableBot - (craftable_bot.py:303) - Retrieving order for Sysco (10/08/2025).
2025-10-08 13:55:11,774 - INFO - backend.bots.craftable_bot.craftable_bot.CraftableBot - (craftable_bot.py:1031) - [Order Update] Initiating update protocol for Collegetown / Sysco / 20251008.
2025-10-08 13:55:11,775 - INFO - backend.coordinators.order_coordinator.OrderCoordinator - (order_coordinator.py:195) - [Order Update] No existing file at C:\Users\andrew\Desktop\Andrew\Projects\IthacaBakery\RandomStuff\WorkBot\refactor\data\orders\Sysco\Sysco_Collegetown_2025-10-08.xlsx. Proceeding with save.
2025-10-08 13:55:11,775 - INFO - backend.bots.craftable_bot.craftable_bot.CraftableBot - (craftable_bot.py:317) - Saving order for Sysco.
2025-10-08 13:55:14,333 - INFO - backend.coordinators.order_coordinator.OrderCoordinator - (order_coordinator.py:252) - Moved downloaded PDF to: C:\Users\andrew\Desktop\Andrew\Projects\IthacaBakery\RandomStuff\WorkBot\refactor\data\orders\Sysco\Sysco_Collegetown_2025-10-08.pdf
2025-10-08 13:55:16,213 - INFO - backend.bots.craftable_bot.craftable_bot.CraftableBot - (craftable_bot.py:303) - Retrieving order for Performance Food (10/08/2025).
2025-10-08 13:55:18,096 - INFO - backend.bots.craftable_bot.craftable_bot.CraftableBot - (craftable_bot.py:1031) - [Order Update] Initiating update protocol for Collegetown / Performance Food / 20251008.
2025-10-08 13:55:18,096 - INFO - backend.coordinators.order_coordinator.OrderCoordinator - (order_coordinator.py:195) - [Order Update] No existing file at C:\Users\andrew\Desktop\Andrew\Projects\IthacaBakery\RandomStuff\WorkBot\refactor\data\orders\Performance Food\Performance Food_Collegetown_2025-10-08.xlsx. Proceeding with save.
2025-10-08 13:55:18,097 - INFO - backend.bots.craftable_bot.craftable_bot.CraftableBot - (craftable_bot.py:317) - Saving order for Performance Food.
2025-10-08 13:55:20,659 - INFO - backend.coordinators.order_coordinator.OrderCoordinator - (order_coordinator.py:252) - Moved downloaded PDF to: C:\Users\andrew\Desktop\Andrew\Projects\IthacaBakery\RandomStuff\WorkBot\refactor\data\orders\Performance Food\Performance Food_Collegetown_2025-10-08.pdf
2025-10-08 13:55:22,542 - INFO - backend.bots.craftable_bot.craftable_bot.CraftableBot - (craftable_bot.py:303) - Retrieving order for US Foods (10/08/2025).
2025-10-08 13:55:23,847 - INFO - backend.bots.craftable_bot.craftable_bot.CraftableBot - (craftable_bot.py:1031) - [Order Update] Initiating update protocol for Collegetown / US Foods / 20251008.
2025-10-08 13:55:23,847 - INFO - backend.coordinators.order_coordinator.OrderCoordinator - (order_coordinator.py:195) - [Order Update] No existing file at C:\Users\andrew\Desktop\Andrew\Projects\IthacaBakery\RandomStuff\WorkBot\refactor\data\orders\US Foods\US Foods_Collegetown_2025-10-08.xlsx. Proceeding with save.
2025-10-08 13:55:23,848 - INFO - backend.bots.craftable_bot.craftable_bot.CraftableBot - (craftable_bot.py:317) - Saving order for US Foods.
2025-10-08 13:55:26,404 - INFO - backend.coordinators.order_coordinator.OrderCoordinator - (order_coordinator.py:252) - Moved downloaded PDF to: C:\Users\andrew\Desktop\Andrew\Projects\IthacaBakery\RandomStuff\WorkBot\refactor\data\orders\US Foods\US Foods_Collegetown_2025-10-08.pdf
2025-10-08 13:55:28,268 - INFO - backend.bots.craftable_bot.craftable_bot.CraftableBot - (craftable_bot.py:303) - Retrieving order for Ithaca Bakery (10/08/2025).
2025-10-08 13:55:29,482 - INFO - backend.bots.craftable_bot.craftable_bot.CraftableBot - (craftable_bot.py:1031) - [Order Update] Initiating update protocol for Collegetown / Ithaca Bakery / 20251008.
2025-10-08 13:55:29,482 - INFO - backend.coordinators.order_coordinator.OrderCoordinator - (order_coordinator.py:195) - [Order Update] No existing file at C:\Users\andrew\Desktop\Andrew\Projects\IthacaBakery\RandomStuff\WorkBot\refactor\data\orders\Ithaca Bakery\Ithaca Bakery_Collegetown_2025-10-08.xlsx. Proceeding with save.
2025-10-08 13:55:29,482 - INFO - backend.bots.craftable_bot.craftable_bot.CraftableBot - (craftable_bot.py:317) - Saving order for Ithaca Bakery.
2025-10-08 13:55:31,530 - INFO - backend.coordinators.order_coordinator.OrderCoordinator - (order_coordinator.py:252) - Moved downloaded PDF to: C:\Users\andrew\Desktop\Andrew\Projects\IthacaBakery\RandomStuff\WorkBot\refactor\data\orders\Ithaca Bakery\Ithaca Bakery_Collegetown_2025-10-08.pdf
2025-10-08 13:55:33,858 - INFO - backend.bots.craftable_bot.craftable_bot.CraftableBot - (craftable_bot.py:276) - Order download complete.
2025-10-08 13:55:33,858 - INFO - backend.bots.craftable_bot.craftable_bot.CraftableBot - (craftable_bot.py:277) - Closing WebDriver session.
2025-10-08 13:55:35,587 - INFO - cli.cli.CLI - (cli.py:421) - Command 'download_orders' executed successfully.
2025-10-08 13:56:43,115 - INFO - cli.cli.CLI - (cli.py:419) - Dispatching command: download_orders (args=['--stores', 'Triphammer', '--vendors', 'Russo Produce'])
2025-10-08 13:56:47,451 - INFO - backend.bots.craftable_bot.craftable_bot.CraftableBot - (craftable_bot.py:136) - Logging into Craftable.
2025-10-08 13:56:54,862 - INFO - backend.bots.craftable_bot.craftable_bot.CraftableBot - (craftable_bot.py:160) - Login successful.
2025-10-08 13:56:54,863 - INFO - backend.bots.craftable_bot.craftable_bot.CraftableBot - (craftable_bot.py:259) - Starting order download protocol.
2025-10-08 13:56:54,863 - INFO - backend.bots.craftable_bot.craftable_bot.CraftableBot - (craftable_bot.py:262) - Accessing order page for Triphammer.
2025-10-08 13:57:01,666 - INFO - backend.bots.craftable_bot.craftable_bot.CraftableBot - (craftable_bot.py:303) - Retrieving order for Russo Produce (10/08/2025).
2025-10-08 13:57:04,090 - INFO - backend.bots.craftable_bot.craftable_bot.CraftableBot - (craftable_bot.py:1031) - [Order Update] Initiating update protocol for Triphammer / Russo Produce / 20251008.
2025-10-08 13:57:04,109 - INFO - backend.coordinators.order_coordinator.OrderCoordinator - (order_coordinator.py:208) - [Order Update] Order has changed. Removing old file.
2025-10-08 13:57:04,111 - INFO - backend.bots.craftable_bot.craftable_bot.CraftableBot - (craftable_bot.py:317) - Saving order for Russo Produce.
2025-10-08 13:57:06,683 - INFO - backend.coordinators.order_coordinator.OrderCoordinator - (order_coordinator.py:252) - Moved downloaded PDF to: C:\Users\andrew\Desktop\Andrew\Projects\IthacaBakery\RandomStuff\WorkBot\refactor\data\orders\Russo Produce\Russo Produce_Triphammer_2025-10-08.pdf
2025-10-08 13:57:08,542 - INFO - backend.bots.craftable_bot.craftable_bot.CraftableBot - (craftable_bot.py:276) - Order download complete.
2025-10-08 13:57:08,542 - INFO - backend.bots.craftable_bot.craftable_bot.CraftableBot - (craftable_bot.py:277) - Closing WebDriver session.
2025-10-08 13:57:10,264 - INFO - cli.cli.CLI - (cli.py:421) - Command 'download_orders' executed successfully.
2025-10-08 13:57:32,357 - INFO - cli.cli.CLI - (cli.py:419) - Dispatching command: generate_vendor_upload_files (args=['--stores', 'Bakery', 'Collegetown', 'Triphammer', '--vendors', 'Sysco', 'Performance Food', 'US Foods'])
2025-10-08 13:57:32,358 - INFO - backend.bots.workbot.work_bot.WorkBot - (work_bot.py:170) - Generating vendor upload files for stores=['Bakery', 'Collegetown', 'Triphammer'], vendors=['Sysco', 'Performance Food', 'US Foods'], start_date=None, end_date=None
2025-10-08 13:57:32,358 - INFO - backend.bots.workbot.work_bot.WorkBot - (work_bot.py:90) - Retrieving order files for: stores=[['Bakery', 'Collegetown', 'Triphammer']], vendors=[['Sysco', 'Performance Food', 'US Foods']], formats=[['xlsx']]
2025-10-08 13:57:32,359 - INFO - backend.storage.file.order_file_handler.OrderFileHandler - (order_file_handler.py:65) - Retrieving order files: stores=[['Bakery', 'Collegetown', 'Triphammer']], vendors=[['Sysco', 'Performance Food', 'US Foods']], formats=['xlsx']
2025-10-08 13:57:32,371 - INFO - backend.storage.file.order_file_handler.OrderFileHandler - (order_file_handler.py:107) - Retrieved 19 order files.
2025-10-08 13:57:32,371 - INFO - backend.bots.workbot.work_bot.WorkBot - (work_bot.py:174) - Found 19 order files to process.
2025-10-08 13:57:32,371 - INFO - backend.coordinators.order_coordinator.OrderCoordinator - (order_coordinator.py:48) - Reading order file: C:\Users\andrew\Desktop\Andrew\Projects\IthacaBakery\RandomStuff\WorkBot\refactor\data\orders\US Foods\US Foods_Collegetown_2025-10-08.xlsx
2025-10-08 13:57:32,387 - INFO - backend.coordinators.order_coordinator.OrderCoordinator - (order_coordinator.py:48) - Reading order file: C:\Users\andrew\Desktop\Andrew\Projects\IthacaBakery\RandomStuff\WorkBot\refactor\data\orders\Performance Food\Performance Food_Collegetown_2025-10-08.xlsx
2025-10-08 13:57:32,404 - INFO - backend.coordinators.order_coordinator.OrderCoordinator - (order_coordinator.py:48) - Reading order file: C:\Users\andrew\Desktop\Andrew\Projects\IthacaBakery\RandomStuff\WorkBot\refactor\data\orders\Sysco\Sysco_Collegetown_2025-10-08.xlsx
2025-10-08 13:57:32,419 - INFO - backend.coordinators.order_coordinator.OrderCoordinator - (order_coordinator.py:48) - Reading order file: C:\Users\andrew\Desktop\Andrew\Projects\IthacaBakery\RandomStuff\WorkBot\refactor\data\orders\Sysco\Sysco_Triphammer_2025-10-08.xlsx
2025-10-08 13:57:32,436 - INFO - backend.coordinators.order_coordinator.OrderCoordinator - (order_coordinator.py:48) - Reading order file: C:\Users\andrew\Desktop\Andrew\Projects\IthacaBakery\RandomStuff\WorkBot\refactor\data\orders\US Foods\US Foods_Triphammer_2025-10-08.xlsx
2025-10-08 13:57:32,454 - INFO - backend.coordinators.order_coordinator.OrderCoordinator - (order_coordinator.py:48) - Reading order file: C:\Users\andrew\Desktop\Andrew\Projects\IthacaBakery\RandomStuff\WorkBot\refactor\data\orders\Performance Food\Performance Food_Triphammer_2025-10-08.xlsx
2025-10-08 13:57:32,474 - INFO - backend.coordinators.order_coordinator.OrderCoordinator - (order_coordinator.py:48) - Reading order file: C:\Users\andrew\Desktop\Andrew\Projects\IthacaBakery\RandomStuff\WorkBot\refactor\data\orders\Performance Food\Performance Food_Bakery_2025-10-08.xlsx
2025-10-08 13:57:32,490 - INFO - backend.coordinators.order_coordinator.OrderCoordinator - (order_coordinator.py:48) - Reading order file: C:\Users\andrew\Desktop\Andrew\Projects\IthacaBakery\RandomStuff\WorkBot\refactor\data\orders\US Foods\US Foods_Bakery_2025-10-08.xlsx
2025-10-08 13:57:32,508 - INFO - backend.coordinators.order_coordinator.OrderCoordinator - (order_coordinator.py:48) - Reading order file: C:\Users\andrew\Desktop\Andrew\Projects\IthacaBakery\RandomStuff\WorkBot\refactor\data\orders\Sysco\Sysco_Bakery_2025-10-07.xlsx
2025-10-08 13:57:32,525 - INFO - backend.coordinators.order_coordinator.OrderCoordinator - (order_coordinator.py:48) - Reading order file: C:\Users\andrew\Desktop\Andrew\Projects\IthacaBakery\RandomStuff\WorkBot\refactor\data\orders\Sysco\Sysco_Triphammer_2025-10-05.xlsx
2025-10-08 13:57:32,542 - INFO - backend.coordinators.order_coordinator.OrderCoordinator - (order_coordinator.py:48) - Reading order file: C:\Users\andrew\Desktop\Andrew\Projects\IthacaBakery\RandomStuff\WorkBot\refactor\data\orders\US Foods\US Foods_Triphammer_2025-10-03.xlsx
2025-10-08 13:57:32,559 - INFO - backend.coordinators.order_coordinator.OrderCoordinator - (order_coordinator.py:48) - Reading order file: C:\Users\andrew\Desktop\Andrew\Projects\IthacaBakery\RandomStuff\WorkBot\refactor\data\orders\Performance Food\Performance Food_Triphammer_2025-10-03.xlsx
2025-10-08 13:57:32,578 - INFO - backend.coordinators.order_coordinator.OrderCoordinator - (order_coordinator.py:48) - Reading order file: C:\Users\andrew\Desktop\Andrew\Projects\IthacaBakery\RandomStuff\WorkBot\refactor\data\orders\Sysco\Sysco_Collegetown_2025-10-03.xlsx
2025-10-08 13:57:32,594 - INFO - backend.coordinators.order_coordinator.OrderCoordinator - (order_coordinator.py:48) - Reading order file: C:\Users\andrew\Desktop\Andrew\Projects\IthacaBakery\RandomStuff\WorkBot\refactor\data\orders\US Foods\US Foods_Collegetown_2025-10-03.xlsx
2025-10-08 13:57:32,609 - INFO - backend.coordinators.order_coordinator.OrderCoordinator - (order_coordinator.py:48) - Reading order file: C:\Users\andrew\Desktop\Andrew\Projects\IthacaBakery\RandomStuff\WorkBot\refactor\data\orders\Performance Food\Performance Food_Collegetown_2025-10-03.xlsx
2025-10-08 13:57:32,702 - INFO - backend.coordinators.order_coordinator.OrderCoordinator - (order_coordinator.py:48) - Reading order file: C:\Users\andrew\Desktop\Andrew\Projects\IthacaBakery\RandomStuff\WorkBot\refactor\data\orders\US Foods\US Foods_Bakery_2025-10-05.xlsx
2025-10-08 13:57:32,720 - INFO - backend.coordinators.order_coordinator.OrderCoordinator - (order_coordinator.py:48) - Reading order file: C:\Users\andrew\Desktop\Andrew\Projects\IthacaBakery\RandomStuff\WorkBot\refactor\data\orders\Performance Food\Performance Food_Bakery_2025-10-05.xlsx
2025-10-08 13:57:32,737 - INFO - backend.coordinators.order_coordinator.OrderCoordinator - (order_coordinator.py:48) - Reading order file: C:\Users\andrew\Desktop\Andrew\Projects\IthacaBakery\RandomStuff\WorkBot\refactor\data\orders\Sysco\Sysco_Bakery_2025-10-05.xlsx
2025-10-08 13:57:32,755 - INFO - backend.coordinators.order_coordinator.OrderCoordinator - (order_coordinator.py:48) - Reading order file: C:\Users\andrew\Desktop\Andrew\Projects\IthacaBakery\RandomStuff\WorkBot\refactor\data\orders\Sysco\Sysco_Triphammer_2025-10-03.xlsx
2025-10-08 13:57:32,771 - INFO - backend.storage.file.order_file_handler.OrderFileHandler - (order_file_handler.py:65) - Retrieving order files: stores=[['Bakery', 'Collegetown', 'Triphammer']], vendors=[['Sysco', 'Performance Food', 'US Foods']], formats=['xlsx']
2025-10-08 13:57:32,780 - INFO - backend.storage.file.order_file_handler.OrderFileHandler - (order_file_handler.py:107) - Retrieved 19 order files.
2025-10-08 13:57:32,780 - INFO - backend.coordinators.order_coordinator.OrderCoordinator - (order_coordinator.py:48) - Reading order file: C:\Users\andrew\Desktop\Andrew\Projects\IthacaBakery\RandomStuff\WorkBot\refactor\data\orders\US Foods\US Foods_Collegetown_2025-10-08.xlsx
2025-10-08 13:57:32,784 - INFO - backend.storage.file.order_file_handler.OrderFileHandler - (order_file_handler.py:191) - [upload] US Foods | Collegetown | 2025-10-08 -> C:\Users\andrew\Desktop\Andrew\Projects\IthacaBakery\RandomStuff\WorkBot\refactor\data\upload_files\US Foods\US Foods_Collegetown_2025-10-08.csv
2025-10-08 13:57:32,784 - INFO - backend.coordinators.order_coordinator.OrderCoordinator - (order_coordinator.py:48) - Reading order file: C:\Users\andrew\Desktop\Andrew\Projects\IthacaBakery\RandomStuff\WorkBot\refactor\data\orders\Performance Food\Performance Food_Collegetown_2025-10-08.xlsx
2025-10-08 13:57:32,790 - INFO - backend.storage.file.order_file_handler.OrderFileHandler - (order_file_handler.py:191) - [upload] Performance Food | Collegetown | 2025-10-08 -> C:\Users\andrew\Desktop\Andrew\Projects\IthacaBakery\RandomStuff\WorkBot\refactor\data\upload_files\Performance Food\Performance Food_Collegetown_2025-10-08.txt
2025-10-08 13:57:32,790 - INFO - backend.coordinators.order_coordinator.OrderCoordinator - (order_coordinator.py:48) - Reading order file: C:\Users\andrew\Desktop\Andrew\Projects\IthacaBakery\RandomStuff\WorkBot\refactor\data\orders\Sysco\Sysco_Collegetown_2025-10-08.xlsx
2025-10-08 13:57:32,795 - INFO - backend.storage.file.order_file_handler.OrderFileHandler - (order_file_handler.py:191) - [upload] Sysco | Collegetown | 2025-10-08 -> C:\Users\andrew\Desktop\Andrew\Projects\IthacaBakery\RandomStuff\WorkBot\refactor\data\upload_files\Sysco\Sysco_Collegetown_2025-10-08.csv
2025-10-08 13:57:32,796 - INFO - backend.coordinators.order_coordinator.OrderCoordinator - (order_coordinator.py:48) - Reading order file: C:\Users\andrew\Desktop\Andrew\Projects\IthacaBakery\RandomStuff\WorkBot\refactor\data\orders\Sysco\Sysco_Triphammer_2025-10-08.xlsx
2025-10-08 13:57:32,803 - INFO - backend.storage.file.order_file_handler.OrderFileHandler - (order_file_handler.py:191) - [upload] Sysco | Triphammer | 2025-10-08 -> C:\Users\andrew\Desktop\Andrew\Projects\IthacaBakery\RandomStuff\WorkBot\refactor\data\upload_files\Sysco\Sysco_Triphammer_2025-10-08.csv
2025-10-08 13:57:32,803 - INFO - backend.coordinators.order_coordinator.OrderCoordinator - (order_coordinator.py:48) - Reading order file: C:\Users\andrew\Desktop\Andrew\Projects\IthacaBakery\RandomStuff\WorkBot\refactor\data\orders\US Foods\US Foods_Triphammer_2025-10-08.xlsx
2025-10-08 13:57:32,810 - INFO - backend.storage.file.order_file_handler.OrderFileHandler - (order_file_handler.py:191) - [upload] US Foods | Triphammer | 2025-10-08 -> C:\Users\andrew\Desktop\Andrew\Projects\IthacaBakery\RandomStuff\WorkBot\refactor\data\upload_files\US Foods\US Foods_Triphammer_2025-10-08.csv
2025-10-08 13:57:32,810 - INFO - backend.coordinators.order_coordinator.OrderCoordinator - (order_coordinator.py:48) - Reading order file: C:\Users\andrew\Desktop\Andrew\Projects\IthacaBakery\RandomStuff\WorkBot\refactor\data\orders\Performance Food\Performance Food_Triphammer_2025-10-08.xlsx
2025-10-08 13:57:32,818 - INFO - backend.storage.file.order_file_handler.OrderFileHandler - (order_file_handler.py:191) - [upload] Performance Food | Triphammer | 2025-10-08 -> C:\Users\andrew\Desktop\Andrew\Projects\IthacaBakery\RandomStuff\WorkBot\refactor\data\upload_files\Performance Food\Performance Food_Triphammer_2025-10-08.txt
2025-10-08 13:57:32,818 - INFO - backend.coordinators.order_coordinator.OrderCoordinator - (order_coordinator.py:48) - Reading order file: C:\Users\andrew\Desktop\Andrew\Projects\IthacaBakery\RandomStuff\WorkBot\refactor\data\orders\Performance Food\Performance Food_Bakery_2025-10-08.xlsx
2025-10-08 13:57:32,824 - INFO - backend.storage.file.order_file_handler.OrderFileHandler - (order_file_handler.py:191) - [upload] Performance Food | Bakery | 2025-10-08 -> C:\Users\andrew\Desktop\Andrew\Projects\IthacaBakery\RandomStuff\WorkBot\refactor\data\upload_files\Performance Food\Performance Food_Bakery_2025-10-08.txt
2025-10-08 13:57:32,824 - INFO - backend.coordinators.order_coordinator.OrderCoordinator - (order_coordinator.py:48) - Reading order file: C:\Users\andrew\Desktop\Andrew\Projects\IthacaBakery\RandomStuff\WorkBot\refactor\data\orders\US Foods\US Foods_Bakery_2025-10-08.xlsx
2025-10-08 13:57:32,831 - INFO - backend.storage.file.order_file_handler.OrderFileHandler - (order_file_handler.py:191) - [upload] US Foods | Bakery | 2025-10-08 -> C:\Users\andrew\Desktop\Andrew\Projects\IthacaBakery\RandomStuff\WorkBot\refactor\data\upload_files\US Foods\US Foods_Bakery_2025-10-08.csv
2025-10-08 13:57:32,832 - INFO - backend.coordinators.order_coordinator.OrderCoordinator - (order_coordinator.py:48) - Reading order file: C:\Users\andrew\Desktop\Andrew\Projects\IthacaBakery\RandomStuff\WorkBot\refactor\data\orders\Sysco\Sysco_Bakery_2025-10-07.xlsx
2025-10-08 13:57:32,839 - INFO - backend.storage.file.order_file_handler.OrderFileHandler - (order_file_handler.py:191) - [upload] Sysco | Bakery | 2025-10-07 -> C:\Users\andrew\Desktop\Andrew\Projects\IthacaBakery\RandomStuff\WorkBot\refactor\data\upload_files\Sysco\Sysco_Bakery_2025-10-07.csv
2025-10-08 13:57:32,839 - INFO - backend.coordinators.order_coordinator.OrderCoordinator - (order_coordinator.py:48) - Reading order file: C:\Users\andrew\Desktop\Andrew\Projects\IthacaBakery\RandomStuff\WorkBot\refactor\data\orders\Sysco\Sysco_Triphammer_2025-10-05.xlsx
2025-10-08 13:57:32,846 - INFO - backend.storage.file.order_file_handler.OrderFileHandler - (order_file_handler.py:191) - [upload] Sysco | Triphammer | 2025-10-05 -> C:\Users\andrew\Desktop\Andrew\Projects\IthacaBakery\RandomStuff\WorkBot\refactor\data\upload_files\Sysco\Sysco_Triphammer_2025-10-05.csv
2025-10-08 13:57:32,846 - INFO - backend.coordinators.order_coordinator.OrderCoordinator - (order_coordinator.py:48) - Reading order file: C:\Users\andrew\Desktop\Andrew\Projects\IthacaBakery\RandomStuff\WorkBot\refactor\data\orders\US Foods\US Foods_Triphammer_2025-10-03.xlsx
2025-10-08 13:57:32,853 - INFO - backend.storage.file.order_file_handler.OrderFileHandler - (order_file_handler.py:191) - [upload] US Foods | Triphammer | 2025-10-03 -> C:\Users\andrew\Desktop\Andrew\Projects\IthacaBakery\RandomStuff\WorkBot\refactor\data\upload_files\US Foods\US Foods_Triphammer_2025-10-03.csv
2025-10-08 13:57:32,853 - INFO - backend.coordinators.order_coordinator.OrderCoordinator - (order_coordinator.py:48) - Reading order file: C:\Users\andrew\Desktop\Andrew\Projects\IthacaBakery\RandomStuff\WorkBot\refactor\data\orders\Performance Food\Performance Food_Triphammer_2025-10-03.xlsx
2025-10-08 13:57:32,861 - INFO - backend.storage.file.order_file_handler.OrderFileHandler - (order_file_handler.py:191) - [upload] Performance Food | Triphammer | 2025-10-03 -> C:\Users\andrew\Desktop\Andrew\Projects\IthacaBakery\RandomStuff\WorkBot\refactor\data\upload_files\Performance Food\Performance Food_Triphammer_2025-10-03.txt
2025-10-08 13:57:32,861 - INFO - backend.coordinators.order_coordinator.OrderCoordinator - (order_coordinator.py:48) - Reading order file: C:\Users\andrew\Desktop\Andrew\Projects\IthacaBakery\RandomStuff\WorkBot\refactor\data\orders\Sysco\Sysco_Collegetown_2025-10-03.xlsx
2025-10-08 13:57:32,866 - INFO - backend.storage.file.order_file_handler.OrderFileHandler - (order_file_handler.py:191) - [upload] Sysco | Collegetown | 2025-10-03 -> C:\Users\andrew\Desktop\Andrew\Projects\IthacaBakery\RandomStuff\WorkBot\refactor\data\upload_files\Sysco\Sysco_Collegetown_2025-10-03.csv
2025-10-08 13:57:32,866 - INFO - backend.coordinators.order_coordinator.OrderCoordinator - (order_coordinator.py:48) - Reading order file: C:\Users\andrew\Desktop\Andrew\Projects\IthacaBakery\RandomStuff\WorkBot\refactor\data\orders\US Foods\US Foods_Collegetown_2025-10-03.xlsx
2025-10-08 13:57:32,872 - INFO - backend.storage.file.order_file_handler.OrderFileHandler - (order_file_handler.py:191) - [upload] US Foods | Collegetown | 2025-10-03 -> C:\Users\andrew\Desktop\Andrew\Projects\IthacaBakery\RandomStuff\WorkBot\refactor\data\upload_files\US Foods\US Foods_Collegetown_2025-10-03.csv
2025-10-08 13:57:32,872 - INFO - backend.coordinators.order_coordinator.OrderCoordinator - (order_coordinator.py:48) - Reading order file: C:\Users\andrew\Desktop\Andrew\Projects\IthacaBakery\RandomStuff\WorkBot\refactor\data\orders\Performance Food\Performance Food_Collegetown_2025-10-03.xlsx
2025-10-08 13:57:32,879 - INFO - backend.storage.file.order_file_handler.OrderFileHandler - (order_file_handler.py:191) - [upload] Performance Food | Collegetown | 2025-10-03 -> C:\Users\andrew\Desktop\Andrew\Projects\IthacaBakery\RandomStuff\WorkBot\refactor\data\upload_files\Performance Food\Performance Food_Collegetown_2025-10-03.txt
2025-10-08 13:57:32,879 - INFO - backend.coordinators.order_coordinator.OrderCoordinator - (order_coordinator.py:48) - Reading order file: C:\Users\andrew\Desktop\Andrew\Projects\IthacaBakery\RandomStuff\WorkBot\refactor\data\orders\US Foods\US Foods_Bakery_2025-10-05.xlsx
2025-10-08 13:57:32,886 - INFO - backend.storage.file.order_file_handler.OrderFileHandler - (order_file_handler.py:191) - [upload] US Foods | Bakery | 2025-10-05 -> C:\Users\andrew\Desktop\Andrew\Projects\IthacaBakery\RandomStuff\WorkBot\refactor\data\upload_files\US Foods\US Foods_Bakery_2025-10-05.csv
2025-10-08 13:57:32,886 - INFO - backend.coordinators.order_coordinator.OrderCoordinator - (order_coordinator.py:48) - Reading order file: C:\Users\andrew\Desktop\Andrew\Projects\IthacaBakery\RandomStuff\WorkBot\refactor\data\orders\Performance Food\Performance Food_Bakery_2025-10-05.xlsx
2025-10-08 13:57:32,893 - INFO - backend.storage.file.order_file_handler.OrderFileHandler - (order_file_handler.py:191) - [upload] Performance Food | Bakery | 2025-10-05 -> C:\Users\andrew\Desktop\Andrew\Projects\IthacaBakery\RandomStuff\WorkBot\refactor\data\upload_files\Performance Food\Performance Food_Bakery_2025-10-05.txt
2025-10-08 13:57:32,893 - INFO - backend.coordinators.order_coordinator.OrderCoordinator - (order_coordinator.py:48) - Reading order file: C:\Users\andrew\Desktop\Andrew\Projects\IthacaBakery\RandomStuff\WorkBot\refactor\data\orders\Sysco\Sysco_Bakery_2025-10-05.xlsx
2025-10-08 13:57:32,899 - INFO - backend.storage.file.order_file_handler.OrderFileHandler - (order_file_handler.py:191) - [upload] Sysco | Bakery | 2025-10-05 -> C:\Users\andrew\Desktop\Andrew\Projects\IthacaBakery\RandomStuff\WorkBot\refactor\data\upload_files\Sysco\Sysco_Bakery_2025-10-05.csv
2025-10-08 13:57:32,899 - INFO - backend.coordinators.order_coordinator.OrderCoordinator - (order_coordinator.py:48) - Reading order file: C:\Users\andrew\Desktop\Andrew\Projects\IthacaBakery\RandomStuff\WorkBot\refactor\data\orders\Sysco\Sysco_Triphammer_2025-10-03.xlsx
2025-10-08 13:57:32,906 - INFO - backend.storage.file.order_file_handler.OrderFileHandler - (order_file_handler.py:191) - [upload] Sysco | Triphammer | 2025-10-03 -> C:\Users\andrew\Desktop\Andrew\Projects\IthacaBakery\RandomStuff\WorkBot\refactor\data\upload_files\Sysco\Sysco_Triphammer_2025-10-03.csv
2025-10-08 13:57:32,906 - INFO - backend.bots.workbot.work_bot.WorkBot - (work_bot.py:197) - Vendor upload file generation complete. 19 files created.
2025-10-08 13:57:32,910 - INFO - cli.cli.CLI - (cli.py:421) - Command 'generate_vendor_upload_files' executed successfully.
2025-10-08 14:34:07,300 - INFO - cli.cli.CLI - (cli.py:419) - Dispatching command: generate_vendor_order_emails (args=['--stores', 'Triphammer', '--vendors', 'Russo Produce'])
2025-10-08 14:34:07,302 - INFO - backend.bots.workbot.work_bot.WorkBot - (work_bot.py:94) - Retrieving orders for: stores=[['Triphammer']], vendors=[['Russo Produce']], formats=[['xlsx']]
2025-10-08 14:34:07,302 - INFO - backend.bots.workbot.work_bot.WorkBot - (work_bot.py:90) - Retrieving order files for: stores=[['Triphammer']], vendors=[['Russo Produce']], formats=[['xlsx']]
2025-10-08 14:34:07,302 - INFO - backend.storage.file.order_file_handler.OrderFileHandler - (order_file_handler.py:65) - Retrieving order files: stores=[['Triphammer']], vendors=[['Russo Produce']], formats=['xlsx']
2025-10-08 14:34:07,309 - INFO - backend.storage.file.order_file_handler.OrderFileHandler - (order_file_handler.py:107) - Retrieved 2 order files.
2025-10-08 14:34:07,309 - INFO - backend.coordinators.order_coordinator.OrderCoordinator - (order_coordinator.py:52) - Reading 2 order files.
2025-10-08 14:34:07,309 - INFO - backend.coordinators.order_coordinator.OrderCoordinator - (order_coordinator.py:48) - Reading order file: C:\Users\andrew\Desktop\Andrew\Projects\IthacaBakery\RandomStuff\WorkBot\refactor\data\orders\Russo Produce\Russo Produce_Triphammer_2025-10-08.xlsx
2025-10-08 14:34:07,334 - INFO - backend.coordinators.order_coordinator.OrderCoordinator - (order_coordinator.py:48) - Reading order file: C:\Users\andrew\Desktop\Andrew\Projects\IthacaBakery\RandomStuff\WorkBot\refactor\data\orders\Russo Produce\Russo Produce_Triphammer_2025-10-05.xlsx
2025-10-08 14:34:07,708 - INFO - cli.cli.CLI - (cli.py:421) - Command 'generate_vendor_order_emails' executed successfully.
2025-10-08 16:42:38,757 - INFO - backend.bots.workbot.work_bot.WorkBot - (work_bot.py:54) - Initializing WorkBot...
2025-10-08 16:42:38,795 - INFO - backend.bots.workbot.work_bot.WorkBot - (work_bot.py:74) - WorkBot initialized successfully.
2025-10-08 16:42:38,795 - INFO - cli.cli.CLI - (cli.py:40) - Initializing CLI.
2025-10-08 16:42:38,814 - INFO - cli.cli.CLI - (cli.py:95) - Loaded command history from C:\Users\andrew\Desktop\Andrew\Projects\IthacaBakery\RandomStuff\WorkBot\refactor\data\cli\.cli_history
2025-10-08 16:42:38,814 - INFO - cli.cli.CLI - (cli.py:48) - CLI initialized successfully with 24 commands.
2025-10-08 16:42:38,814 - INFO - cli.cli.CLI - (cli.py:321) - CLI session started.
2025-10-08 16:42:49,583 - INFO - cli.cli.CLI - (cli.py:419) - Dispatching command: download_orders (args=['--stores', 'Bakery', 'Collegetown', 'Triphammer'])
2025-10-08 16:42:54,434 - INFO - backend.bots.craftable_bot.craftable_bot.CraftableBot - (craftable_bot.py:136) - Logging into Craftable.
2025-10-08 16:43:01,853 - INFO - backend.bots.craftable_bot.craftable_bot.CraftableBot - (craftable_bot.py:160) - Login successful.
2025-10-08 16:43:01,853 - INFO - backend.bots.craftable_bot.craftable_bot.CraftableBot - (craftable_bot.py:259) - Starting order download protocol.
2025-10-08 16:43:01,853 - INFO - backend.bots.craftable_bot.craftable_bot.CraftableBot - (craftable_bot.py:262) - Accessing order page for Bakery.
2025-10-08 16:43:08,515 - INFO - backend.bots.craftable_bot.craftable_bot.CraftableBot - (craftable_bot.py:303) - Retrieving order for J.Mills (10/04/2025).
2025-10-08 16:43:09,889 - INFO - backend.bots.craftable_bot.craftable_bot.CraftableBot - (craftable_bot.py:1031) - [Order Update] Initiating update protocol for Bakery / J.Mills / 20251004.
2025-10-08 16:43:09,913 - INFO - backend.coordinators.order_coordinator.OrderCoordinator - (order_coordinator.py:208) - [Order Update] Order has changed. Removing old file.
2025-10-08 16:43:09,914 - INFO - backend.bots.craftable_bot.craftable_bot.CraftableBot - (craftable_bot.py:317) - Saving order for J.Mills.
2025-10-08 16:43:11,959 - INFO - backend.coordinators.order_coordinator.OrderCoordinator - (order_coordinator.py:252) - Moved downloaded PDF to: C:\Users\andrew\Desktop\Andrew\Projects\IthacaBakery\RandomStuff\WorkBot\refactor\data\orders\J.Mills\J.Mills_Bakery_2025-10-04.pdf
2025-10-08 16:43:14,339 - INFO - backend.bots.craftable_bot.craftable_bot.CraftableBot - (craftable_bot.py:303) - Retrieving order for Webstaurant (10/04/2025).
2025-10-08 16:43:16,084 - INFO - backend.bots.craftable_bot.craftable_bot.CraftableBot - (craftable_bot.py:1031) - [Order Update] Initiating update protocol for Bakery / Webstaurant / 20251004.
2025-10-08 16:43:16,105 - INFO - backend.coordinators.order_coordinator.OrderCoordinator - (order_coordinator.py:208) - [Order Update] Order has changed. Removing old file.
2025-10-08 16:43:16,106 - INFO - backend.bots.craftable_bot.craftable_bot.CraftableBot - (craftable_bot.py:317) - Saving order for Webstaurant.
2025-10-08 16:43:18,657 - INFO - backend.coordinators.order_coordinator.OrderCoordinator - (order_coordinator.py:252) - Moved downloaded PDF to: C:\Users\andrew\Desktop\Andrew\Projects\IthacaBakery\RandomStuff\WorkBot\refactor\data\orders\Webstaurant\Webstaurant_Bakery_2025-10-04.pdf
2025-10-08 16:43:20,530 - INFO - backend.bots.craftable_bot.craftable_bot.CraftableBot - (craftable_bot.py:303) - Retrieving order for Harney and Sons Tea (10/05/2025).
2025-10-08 16:43:21,778 - INFO - backend.bots.craftable_bot.craftable_bot.CraftableBot - (craftable_bot.py:1031) - [Order Update] Initiating update protocol for Bakery / Harney and Sons Tea / 20251005.
2025-10-08 16:43:21,794 - INFO - backend.coordinators.order_coordinator.OrderCoordinator - (order_coordinator.py:208) - [Order Update] Order has changed. Removing old file.
2025-10-08 16:43:21,795 - INFO - backend.bots.craftable_bot.craftable_bot.CraftableBot - (craftable_bot.py:317) - Saving order for Harney and Sons Tea.
2025-10-08 16:43:23,835 - INFO - backend.coordinators.order_coordinator.OrderCoordinator - (order_coordinator.py:252) - Moved downloaded PDF to: C:\Users\andrew\Desktop\Andrew\Projects\IthacaBakery\RandomStuff\WorkBot\refactor\data\orders\Harney and Sons Tea\Harney and Sons Tea_Bakery_2025-10-05.pdf
2025-10-08 16:43:26,210 - INFO - backend.bots.craftable_bot.craftable_bot.CraftableBot - (craftable_bot.py:303) - Retrieving order for Coca-Cola (10/05/2025).
2025-10-08 16:43:27,826 - INFO - backend.bots.craftable_bot.craftable_bot.CraftableBot - (craftable_bot.py:1031) - [Order Update] Initiating update protocol for Bakery / Coca-Cola / 20251005.
2025-10-08 16:43:27,844 - INFO - backend.coordinators.order_coordinator.OrderCoordinator - (order_coordinator.py:208) - [Order Update] Order has changed. Removing old file.
2025-10-08 16:43:27,845 - INFO - backend.bots.craftable_bot.craftable_bot.CraftableBot - (craftable_bot.py:317) - Saving order for Coca-Cola.
2025-10-08 16:43:29,893 - INFO - backend.coordinators.order_coordinator.OrderCoordinator - (order_coordinator.py:252) - Moved downloaded PDF to: C:\Users\andrew\Desktop\Andrew\Projects\IthacaBakery\RandomStuff\WorkBot\refactor\data\orders\Coca-Cola\Coca-Cola_Bakery_2025-10-05.pdf
2025-10-08 16:43:32,247 - INFO - backend.bots.craftable_bot.craftable_bot.CraftableBot - (craftable_bot.py:303) - Retrieving order for DUTCH VALLEY FOOD DIST (10/05/2025).
2025-10-08 16:43:34,396 - INFO - backend.bots.craftable_bot.craftable_bot.CraftableBot - (craftable_bot.py:1031) - [Order Update] Initiating update protocol for Bakery / DUTCH VALLEY FOOD DIST / 20251005.
2025-10-08 16:43:34,415 - INFO - backend.coordinators.order_coordinator.OrderCoordinator - (order_coordinator.py:208) - [Order Update] Order has changed. Removing old file.
2025-10-08 16:43:34,416 - INFO - backend.bots.craftable_bot.craftable_bot.CraftableBot - (craftable_bot.py:317) - Saving order for DUTCH VALLEY FOOD DIST.
2025-10-08 16:43:36,472 - INFO - backend.coordinators.order_coordinator.OrderCoordinator - (order_coordinator.py:252) - Moved downloaded PDF to: C:\Users\andrew\Desktop\Andrew\Projects\IthacaBakery\RandomStuff\WorkBot\refactor\data\orders\DUTCH VALLEY FOOD DIST\DUTCH VALLEY FOOD DIST_Bakery_2025-10-05.pdf
2025-10-08 16:43:38,821 - INFO - backend.bots.craftable_bot.craftable_bot.CraftableBot - (craftable_bot.py:303) - Retrieving order for BJ's (10/06/2025).
2025-10-08 16:43:40,024 - INFO - backend.bots.craftable_bot.craftable_bot.CraftableBot - (craftable_bot.py:1031) - [Order Update] Initiating update protocol for Bakery / BJ's / 20251006.
2025-10-08 16:43:40,041 - INFO - backend.coordinators.order_coordinator.OrderCoordinator - (order_coordinator.py:208) - [Order Update] Order has changed. Removing old file.
2025-10-08 16:43:40,042 - INFO - backend.bots.craftable_bot.craftable_bot.CraftableBot - (craftable_bot.py:317) - Saving order for BJ's.
2025-10-08 16:43:42,079 - INFO - backend.coordinators.order_coordinator.OrderCoordinator - (order_coordinator.py:252) - Moved downloaded PDF to: C:\Users\andrew\Desktop\Andrew\Projects\IthacaBakery\RandomStuff\WorkBot\refactor\data\orders\BJ's\BJ's_Bakery_2025-10-06.pdf
2025-10-08 16:43:44,446 - INFO - backend.bots.craftable_bot.craftable_bot.CraftableBot - (craftable_bot.py:303) - Retrieving order for Qualita (10/07/2025).
2025-10-08 16:43:45,596 - INFO - backend.bots.craftable_bot.craftable_bot.CraftableBot - (craftable_bot.py:1031) - [Order Update] Initiating update protocol for Bakery / Qualita / 20251007.
2025-10-08 16:43:45,614 - INFO - backend.coordinators.order_coordinator.OrderCoordinator - (order_coordinator.py:208) - [Order Update] Order has changed. Removing old file.
2025-10-08 16:43:45,615 - INFO - backend.bots.craftable_bot.craftable_bot.CraftableBot - (craftable_bot.py:317) - Saving order for Qualita.
2025-10-08 16:43:47,653 - INFO - backend.coordinators.order_coordinator.OrderCoordinator - (order_coordinator.py:252) - Moved downloaded PDF to: C:\Users\andrew\Desktop\Andrew\Projects\IthacaBakery\RandomStuff\WorkBot\refactor\data\orders\Qualita\Qualita_Bakery_2025-10-07.pdf
2025-10-08 16:43:50,014 - INFO - backend.bots.craftable_bot.craftable_bot.CraftableBot - (craftable_bot.py:303) - Retrieving order for FingerLakes Farms (10/07/2025).
2025-10-08 16:43:51,471 - INFO - backend.bots.craftable_bot.craftable_bot.CraftableBot - (craftable_bot.py:1031) - [Order Update] Initiating update protocol for Bakery / FingerLakes Farms / 20251007.
2025-10-08 16:43:51,490 - INFO - backend.coordinators.order_coordinator.OrderCoordinator - (order_coordinator.py:208) - [Order Update] Order has changed. Removing old file.
2025-10-08 16:43:51,490 - INFO - backend.bots.craftable_bot.craftable_bot.CraftableBot - (craftable_bot.py:317) - Saving order for FingerLakes Farms.
2025-10-08 16:43:53,533 - INFO - backend.coordinators.order_coordinator.OrderCoordinator - (order_coordinator.py:252) - Moved downloaded PDF to: C:\Users\andrew\Desktop\Andrew\Projects\IthacaBakery\RandomStuff\WorkBot\refactor\data\orders\FingerLakes Farms\FingerLakes Farms_Bakery_2025-10-07.pdf
2025-10-08 16:43:55,893 - INFO - backend.bots.craftable_bot.craftable_bot.CraftableBot - (craftable_bot.py:303) - Retrieving order for Sysco (10/07/2025).
2025-10-08 16:43:59,200 - INFO - backend.bots.craftable_bot.craftable_bot.CraftableBot - (craftable_bot.py:1031) - [Order Update] Initiating update protocol for Bakery / Sysco / 20251007.
2025-10-08 16:43:59,211 - INFO - backend.coordinators.order_coordinator.OrderCoordinator - (order_coordinator.py:208) - [Order Update] Order has changed. Removing old file.
2025-10-08 16:43:59,212 - INFO - backend.bots.craftable_bot.craftable_bot.CraftableBot - (craftable_bot.py:317) - Saving order for Sysco.
2025-10-08 16:44:01,805 - INFO - backend.coordinators.order_coordinator.OrderCoordinator - (order_coordinator.py:252) - Moved downloaded PDF to: C:\Users\andrew\Desktop\Andrew\Projects\IthacaBakery\RandomStuff\WorkBot\refactor\data\orders\Sysco\Sysco_Bakery_2025-10-07.pdf
2025-10-08 16:44:03,674 - INFO - backend.bots.craftable_bot.craftable_bot.CraftableBot - (craftable_bot.py:303) - Retrieving order for US Foods (10/08/2025).
2025-10-08 16:44:06,125 - INFO - backend.bots.craftable_bot.craftable_bot.CraftableBot - (craftable_bot.py:1031) - [Order Update] Initiating update protocol for Bakery / US Foods / 20251008.
2025-10-08 16:44:06,131 - INFO - backend.coordinators.order_coordinator.OrderCoordinator - (order_coordinator.py:208) - [Order Update] Order has changed. Removing old file.
2025-10-08 16:44:06,132 - INFO - backend.bots.craftable_bot.craftable_bot.CraftableBot - (craftable_bot.py:317) - Saving order for US Foods.
2025-10-08 16:44:08,192 - INFO - backend.coordinators.order_coordinator.OrderCoordinator - (order_coordinator.py:252) - Moved downloaded PDF to: C:\Users\andrew\Desktop\Andrew\Projects\IthacaBakery\RandomStuff\WorkBot\refactor\data\orders\US Foods\US Foods_Bakery_2025-10-08.pdf
2025-10-08 16:44:10,563 - INFO - backend.bots.craftable_bot.craftable_bot.CraftableBot - (craftable_bot.py:303) - Retrieving order for Performance Food (10/08/2025).
2025-10-08 16:44:12,736 - INFO - backend.bots.craftable_bot.craftable_bot.CraftableBot - (craftable_bot.py:1031) - [Order Update] Initiating update protocol for Bakery / Performance Food / 20251008.
2025-10-08 16:44:12,741 - INFO - backend.coordinators.order_coordinator.OrderCoordinator - (order_coordinator.py:208) - [Order Update] Order has changed. Removing old file.
2025-10-08 16:44:12,742 - INFO - backend.bots.craftable_bot.craftable_bot.CraftableBot - (craftable_bot.py:317) - Saving order for Performance Food.
2025-10-08 16:44:14,796 - INFO - backend.coordinators.order_coordinator.OrderCoordinator - (order_coordinator.py:252) - Moved downloaded PDF to: C:\Users\andrew\Desktop\Andrew\Projects\IthacaBakery\RandomStuff\WorkBot\refactor\data\orders\Performance Food\Performance Food_Bakery_2025-10-08.pdf
2025-10-08 16:44:17,161 - INFO - backend.bots.craftable_bot.craftable_bot.CraftableBot - (craftable_bot.py:303) - Retrieving order for Sweet Sam's Baking Company, LLC (10/08/2025).
2025-10-08 16:44:18,663 - INFO - backend.bots.craftable_bot.craftable_bot.CraftableBot - (craftable_bot.py:1031) - [Order Update] Initiating update protocol for Bakery / Sweet Sam's Baking Company, LLC / 20251008.
2025-10-08 16:44:18,681 - INFO - backend.coordinators.order_coordinator.OrderCoordinator - (order_coordinator.py:208) - [Order Update] Order has changed. Removing old file.
2025-10-08 16:44:18,682 - INFO - backend.bots.craftable_bot.craftable_bot.CraftableBot - (craftable_bot.py:317) - Saving order for Sweet Sam's Baking Company, LLC.
2025-10-08 16:44:20,725 - INFO - backend.coordinators.order_coordinator.OrderCoordinator - (order_coordinator.py:252) - Moved downloaded PDF to: C:\Users\andrew\Desktop\Andrew\Projects\IthacaBakery\RandomStuff\WorkBot\refactor\data\orders\Sweet Sam's Baking Company, LLC\Sweet Sam's Baking Company, LLC_Bakery_2025-10-08.pdf
2025-10-08 16:44:23,044 - INFO - backend.bots.craftable_bot.craftable_bot.CraftableBot - (craftable_bot.py:262) - Accessing order page for Collegetown.
2025-10-08 16:44:29,482 - INFO - backend.bots.craftable_bot.craftable_bot.CraftableBot - (craftable_bot.py:303) - Retrieving order for Sysco (10/08/2025).
2025-10-08 16:44:31,144 - INFO - backend.bots.craftable_bot.craftable_bot.CraftableBot - (craftable_bot.py:1031) - [Order Update] Initiating update protocol for Collegetown / Sysco / 20251008.
2025-10-08 16:44:31,148 - INFO - backend.coordinators.order_coordinator.OrderCoordinator - (order_coordinator.py:208) - [Order Update] Order has changed. Removing old file.
2025-10-08 16:44:31,149 - INFO - backend.bots.craftable_bot.craftable_bot.CraftableBot - (craftable_bot.py:317) - Saving order for Sysco.
2025-10-08 16:44:33,196 - INFO - backend.coordinators.order_coordinator.OrderCoordinator - (order_coordinator.py:252) - Moved downloaded PDF to: C:\Users\andrew\Desktop\Andrew\Projects\IthacaBakery\RandomStuff\WorkBot\refactor\data\orders\Sysco\Sysco_Collegetown_2025-10-08.pdf
2025-10-08 16:44:35,551 - INFO - backend.bots.craftable_bot.craftable_bot.CraftableBot - (craftable_bot.py:303) - Retrieving order for Performance Food (10/08/2025).
2025-10-08 16:44:37,418 - INFO - backend.bots.craftable_bot.craftable_bot.CraftableBot - (craftable_bot.py:1031) - [Order Update] Initiating update protocol for Collegetown / Performance Food / 20251008.
2025-10-08 16:44:37,423 - INFO - backend.coordinators.order_coordinator.OrderCoordinator - (order_coordinator.py:208) - [Order Update] Order has changed. Removing old file.
2025-10-08 16:44:37,424 - INFO - backend.bots.craftable_bot.craftable_bot.CraftableBot - (craftable_bot.py:317) - Saving order for Performance Food.
2025-10-08 16:44:39,484 - INFO - backend.coordinators.order_coordinator.OrderCoordinator - (order_coordinator.py:252) - Moved downloaded PDF to: C:\Users\andrew\Desktop\Andrew\Projects\IthacaBakery\RandomStuff\WorkBot\refactor\data\orders\Performance Food\Performance Food_Collegetown_2025-10-08.pdf
2025-10-08 16:44:41,841 - INFO - backend.bots.craftable_bot.craftable_bot.CraftableBot - (craftable_bot.py:303) - Retrieving order for US Foods (10/08/2025).
2025-10-08 16:44:43,139 - INFO - backend.bots.craftable_bot.craftable_bot.CraftableBot - (craftable_bot.py:1031) - [Order Update] Initiating update protocol for Collegetown / US Foods / 20251008.
2025-10-08 16:44:43,143 - INFO - backend.coordinators.order_coordinator.OrderCoordinator - (order_coordinator.py:208) - [Order Update] Order has changed. Removing old file.
2025-10-08 16:44:43,143 - INFO - backend.bots.craftable_bot.craftable_bot.CraftableBot - (craftable_bot.py:317) - Saving order for US Foods.
2025-10-08 16:44:45,186 - INFO - backend.coordinators.order_coordinator.OrderCoordinator - (order_coordinator.py:252) - Moved downloaded PDF to: C:\Users\andrew\Desktop\Andrew\Projects\IthacaBakery\RandomStuff\WorkBot\refactor\data\orders\US Foods\US Foods_Collegetown_2025-10-08.pdf
2025-10-08 16:44:47,537 - INFO - backend.bots.craftable_bot.craftable_bot.CraftableBot - (craftable_bot.py:303) - Retrieving order for Ithaca Bakery (10/08/2025).
2025-10-08 16:44:48,691 - INFO - backend.bots.craftable_bot.craftable_bot.CraftableBot - (craftable_bot.py:1031) - [Order Update] Initiating update protocol for Collegetown / Ithaca Bakery / 20251008.
2025-10-08 16:44:48,707 - INFO - backend.coordinators.order_coordinator.OrderCoordinator - (order_coordinator.py:208) - [Order Update] Order has changed. Removing old file.
2025-10-08 16:44:48,708 - INFO - backend.bots.craftable_bot.craftable_bot.CraftableBot - (craftable_bot.py:317) - Saving order for Ithaca Bakery.
2025-10-08 16:44:50,746 - INFO - backend.coordinators.order_coordinator.OrderCoordinator - (order_coordinator.py:252) - Moved downloaded PDF to: C:\Users\andrew\Desktop\Andrew\Projects\IthacaBakery\RandomStuff\WorkBot\refactor\data\orders\Ithaca Bakery\Ithaca Bakery_Collegetown_2025-10-08.pdf
2025-10-08 16:44:53,059 - INFO - backend.bots.craftable_bot.craftable_bot.CraftableBot - (craftable_bot.py:262) - Accessing order page for Triphammer.
2025-10-08 16:44:59,448 - INFO - backend.bots.craftable_bot.craftable_bot.CraftableBot - (craftable_bot.py:303) - Retrieving order for Performance Food (10/08/2025).
2025-10-08 16:45:02,838 - INFO - backend.bots.craftable_bot.craftable_bot.CraftableBot - (craftable_bot.py:1031) - [Order Update] Initiating update protocol for Triphammer / Performance Food / 20251008.
2025-10-08 16:45:02,846 - INFO - backend.coordinators.order_coordinator.OrderCoordinator - (order_coordinator.py:208) - [Order Update] Order has changed. Removing old file.
2025-10-08 16:45:02,846 - INFO - backend.bots.craftable_bot.craftable_bot.CraftableBot - (craftable_bot.py:317) - Saving order for Performance Food.
2025-10-08 16:45:04,935 - INFO - backend.coordinators.order_coordinator.OrderCoordinator - (order_coordinator.py:252) - Moved downloaded PDF to: C:\Users\andrew\Desktop\Andrew\Projects\IthacaBakery\RandomStuff\WorkBot\refactor\data\orders\Performance Food\Performance Food_Triphammer_2025-10-08.pdf
2025-10-08 16:45:07,314 - INFO - backend.bots.craftable_bot.craftable_bot.CraftableBot - (craftable_bot.py:303) - Retrieving order for Webstaurant (10/08/2025).
2025-10-08 16:45:08,514 - INFO - backend.bots.craftable_bot.craftable_bot.CraftableBot - (craftable_bot.py:1031) - [Order Update] Initiating update protocol for Triphammer / Webstaurant / 20251008.
2025-10-08 16:45:08,531 - INFO - backend.coordinators.order_coordinator.OrderCoordinator - (order_coordinator.py:208) - [Order Update] Order has changed. Removing old file.
2025-10-08 16:45:08,532 - INFO - backend.bots.craftable_bot.craftable_bot.CraftableBot - (craftable_bot.py:317) - Saving order for Webstaurant.
2025-10-08 16:45:10,569 - INFO - backend.coordinators.order_coordinator.OrderCoordinator - (order_coordinator.py:252) - Moved downloaded PDF to: C:\Users\andrew\Desktop\Andrew\Projects\IthacaBakery\RandomStuff\WorkBot\refactor\data\orders\Webstaurant\Webstaurant_Triphammer_2025-10-08.pdf
2025-10-08 16:45:12,925 - INFO - backend.bots.craftable_bot.craftable_bot.CraftableBot - (craftable_bot.py:303) - Retrieving order for US Foods (10/08/2025).
2025-10-08 16:45:15,272 - INFO - backend.bots.craftable_bot.craftable_bot.CraftableBot - (craftable_bot.py:1031) - [Order Update] Initiating update protocol for Triphammer / US Foods / 20251008.
2025-10-08 16:45:15,278 - INFO - backend.coordinators.order_coordinator.OrderCoordinator - (order_coordinator.py:208) - [Order Update] Order has changed. Removing old file.
2025-10-08 16:45:15,279 - INFO - backend.bots.craftable_bot.craftable_bot.CraftableBot - (craftable_bot.py:317) - Saving order for US Foods.
2025-10-08 16:45:17,843 - INFO - backend.coordinators.order_coordinator.OrderCoordinator - (order_coordinator.py:252) - Moved downloaded PDF to: C:\Users\andrew\Desktop\Andrew\Projects\IthacaBakery\RandomStuff\WorkBot\refactor\data\orders\US Foods\US Foods_Triphammer_2025-10-08.pdf
2025-10-08 16:45:19,775 - INFO - backend.bots.craftable_bot.craftable_bot.CraftableBot - (craftable_bot.py:303) - Retrieving order for Ithaca Bakery (10/08/2025).
2025-10-08 16:45:21,088 - INFO - backend.bots.craftable_bot.craftable_bot.CraftableBot - (craftable_bot.py:1031) - [Order Update] Initiating update protocol for Triphammer / Ithaca Bakery / 20251008.
2025-10-08 16:45:21,109 - INFO - backend.coordinators.order_coordinator.OrderCoordinator - (order_coordinator.py:208) - [Order Update] Order has changed. Removing old file.
2025-10-08 16:45:21,110 - INFO - backend.bots.craftable_bot.craftable_bot.CraftableBot - (craftable_bot.py:317) - Saving order for Ithaca Bakery.
2025-10-08 16:45:23,651 - INFO - backend.coordinators.order_coordinator.OrderCoordinator - (order_coordinator.py:252) - Moved downloaded PDF to: C:\Users\andrew\Desktop\Andrew\Projects\IthacaBakery\RandomStuff\WorkBot\refactor\data\orders\Ithaca Bakery\Ithaca Bakery_Triphammer_2025-10-08.pdf
2025-10-08 16:45:25,551 - INFO - backend.bots.craftable_bot.craftable_bot.CraftableBot - (craftable_bot.py:303) - Retrieving order for Sysco (10/08/2025).
2025-10-08 16:45:28,302 - INFO - backend.bots.craftable_bot.craftable_bot.CraftableBot - (craftable_bot.py:1031) - [Order Update] Initiating update protocol for Triphammer / Sysco / 20251008.
2025-10-08 16:45:28,316 - INFO - backend.coordinators.order_coordinator.OrderCoordinator - (order_coordinator.py:208) - [Order Update] Order has changed. Removing old file.
2025-10-08 16:45:28,318 - INFO - backend.bots.craftable_bot.craftable_bot.CraftableBot - (craftable_bot.py:317) - Saving order for Sysco.
2025-10-08 16:45:30,962 - INFO - backend.coordinators.order_coordinator.OrderCoordinator - (order_coordinator.py:252) - Moved downloaded PDF to: C:\Users\andrew\Desktop\Andrew\Projects\IthacaBakery\RandomStuff\WorkBot\refactor\data\orders\Sysco\Sysco_Triphammer_2025-10-08.pdf
2025-10-08 16:45:32,872 - INFO - backend.bots.craftable_bot.craftable_bot.CraftableBot - (craftable_bot.py:303) - Retrieving order for Russo Produce (10/08/2025).
2025-10-08 16:45:35,438 - INFO - backend.bots.craftable_bot.craftable_bot.CraftableBot - (craftable_bot.py:1031) - [Order Update] Initiating update protocol for Triphammer / Russo Produce / 20251008.
2025-10-08 16:45:35,443 - INFO - backend.coordinators.order_coordinator.OrderCoordinator - (order_coordinator.py:208) - [Order Update] Order has changed. Removing old file.
2025-10-08 16:45:35,444 - INFO - backend.bots.craftable_bot.craftable_bot.CraftableBot - (craftable_bot.py:317) - Saving order for Russo Produce.
2025-10-08 16:45:38,011 - INFO - backend.coordinators.order_coordinator.OrderCoordinator - (order_coordinator.py:252) - Moved downloaded PDF to: C:\Users\andrew\Desktop\Andrew\Projects\IthacaBakery\RandomStuff\WorkBot\refactor\data\orders\Russo Produce\Russo Produce_Triphammer_2025-10-08.pdf
2025-10-08 16:45:39,879 - INFO - backend.bots.craftable_bot.craftable_bot.CraftableBot - (craftable_bot.py:276) - Order download complete.
2025-10-08 16:45:39,880 - INFO - backend.bots.craftable_bot.craftable_bot.CraftableBot - (craftable_bot.py:277) - Closing WebDriver session.
2025-10-08 16:45:41,693 - INFO - cli.cli.CLI - (cli.py:421) - Command 'download_orders' executed successfully.
2025-10-08 16:49:59,019 - INFO - cli.cli.CLI - (cli.py:419) - Dispatching command: archive_orders (args=['--stores', 'Bakery', 'Easthill', 'Downtown', 'Collegetown', 'Triphammer'])
2025-10-08 16:49:59,020 - INFO - backend.bots.workbot.work_bot.WorkBot - (work_bot.py:94) - Retrieving orders for: stores=[['Bakery', 'Easthill', 'Downtown', 'Collegetown', 'Triphammer']], vendors=[[]], formats=[['xlsx']]
2025-10-08 16:49:59,020 - INFO - backend.bots.workbot.work_bot.WorkBot - (work_bot.py:90) - Retrieving order files for: stores=[['Bakery', 'Easthill', 'Downtown', 'Collegetown', 'Triphammer']], vendors=[[]], formats=[['xlsx']]
2025-10-08 16:49:59,020 - INFO - backend.storage.file.order_file_handler.OrderFileHandler - (order_file_handler.py:65) - Retrieving order files: stores=[['Bakery', 'Easthill', 'Downtown', 'Collegetown', 'Triphammer']], vendors=[All vendors], formats=['xlsx']
2025-10-08 16:49:59,057 - INFO - backend.storage.file.order_file_handler.OrderFileHandler - (order_file_handler.py:107) - Retrieved 124 order files.
2025-10-08 16:49:59,057 - INFO - backend.coordinators.order_coordinator.OrderCoordinator - (order_coordinator.py:52) - Reading 124 order files.
2025-10-08 16:49:59,057 - INFO - backend.coordinators.order_coordinator.OrderCoordinator - (order_coordinator.py:48) - Reading order file: C:\Users\andrew\Desktop\Andrew\Projects\IthacaBakery\RandomStuff\WorkBot\refactor\data\orders\Russo Produce\Russo Produce_Triphammer_2025-10-08.xlsx
2025-10-08 16:49:59,077 - INFO - backend.coordinators.order_coordinator.OrderCoordinator - (order_coordinator.py:48) - Reading order file: C:\Users\andrew\Desktop\Andrew\Projects\IthacaBakery\RandomStuff\WorkBot\refactor\data\orders\Sysco\Sysco_Triphammer_2025-10-08.xlsx
2025-10-08 16:49:59,094 - INFO - backend.coordinators.order_coordinator.OrderCoordinator - (order_coordinator.py:48) - Reading order file: C:\Users\andrew\Desktop\Andrew\Projects\IthacaBakery\RandomStuff\WorkBot\refactor\data\orders\Ithaca Bakery\Ithaca Bakery_Triphammer_2025-10-08.xlsx
2025-10-08 16:49:59,108 - INFO - backend.coordinators.order_coordinator.OrderCoordinator - (order_coordinator.py:48) - Reading order file: C:\Users\andrew\Desktop\Andrew\Projects\IthacaBakery\RandomStuff\WorkBot\refactor\data\orders\US Foods\US Foods_Triphammer_2025-10-08.xlsx
2025-10-08 16:49:59,124 - INFO - backend.coordinators.order_coordinator.OrderCoordinator - (order_coordinator.py:48) - Reading order file: C:\Users\andrew\Desktop\Andrew\Projects\IthacaBakery\RandomStuff\WorkBot\refactor\data\orders\Webstaurant\Webstaurant_Triphammer_2025-10-08.xlsx
2025-10-08 16:49:59,139 - INFO - backend.coordinators.order_coordinator.OrderCoordinator - (order_coordinator.py:48) - Reading order file: C:\Users\andrew\Desktop\Andrew\Projects\IthacaBakery\RandomStuff\WorkBot\refactor\data\orders\Performance Food\Performance Food_Triphammer_2025-10-08.xlsx
2025-10-08 16:49:59,157 - INFO - backend.coordinators.order_coordinator.OrderCoordinator - (order_coordinator.py:48) - Reading order file: C:\Users\andrew\Desktop\Andrew\Projects\IthacaBakery\RandomStuff\WorkBot\refactor\data\orders\Ithaca Bakery\Ithaca Bakery_Collegetown_2025-10-08.xlsx
2025-10-08 16:49:59,172 - INFO - backend.coordinators.order_coordinator.OrderCoordinator - (order_coordinator.py:48) - Reading order file: C:\Users\andrew\Desktop\Andrew\Projects\IthacaBakery\RandomStuff\WorkBot\refactor\data\orders\US Foods\US Foods_Collegetown_2025-10-08.xlsx
2025-10-08 16:49:59,188 - INFO - backend.coordinators.order_coordinator.OrderCoordinator - (order_coordinator.py:48) - Reading order file: C:\Users\andrew\Desktop\Andrew\Projects\IthacaBakery\RandomStuff\WorkBot\refactor\data\orders\Performance Food\Performance Food_Collegetown_2025-10-08.xlsx
2025-10-08 16:49:59,203 - INFO - backend.coordinators.order_coordinator.OrderCoordinator - (order_coordinator.py:48) - Reading order file: C:\Users\andrew\Desktop\Andrew\Projects\IthacaBakery\RandomStuff\WorkBot\refactor\data\orders\Sysco\Sysco_Collegetown_2025-10-08.xlsx
2025-10-08 16:49:59,219 - INFO - backend.coordinators.order_coordinator.OrderCoordinator - (order_coordinator.py:48) - Reading order file: C:\Users\andrew\Desktop\Andrew\Projects\IthacaBakery\RandomStuff\WorkBot\refactor\data\orders\Sweet Sam's Baking Company, LLC\Sweet Sam's Baking Company, LLC_Bakery_2025-10-08.xlsx
2025-10-08 16:49:59,234 - INFO - backend.coordinators.order_coordinator.OrderCoordinator - (order_coordinator.py:48) - Reading order file: C:\Users\andrew\Desktop\Andrew\Projects\IthacaBakery\RandomStuff\WorkBot\refactor\data\orders\Performance Food\Performance Food_Bakery_2025-10-08.xlsx
2025-10-08 16:49:59,250 - INFO - backend.coordinators.order_coordinator.OrderCoordinator - (order_coordinator.py:48) - Reading order file: C:\Users\andrew\Desktop\Andrew\Projects\IthacaBakery\RandomStuff\WorkBot\refactor\data\orders\US Foods\US Foods_Bakery_2025-10-08.xlsx
2025-10-08 16:49:59,267 - INFO - backend.coordinators.order_coordinator.OrderCoordinator - (order_coordinator.py:48) - Reading order file: C:\Users\andrew\Desktop\Andrew\Projects\IthacaBakery\RandomStuff\WorkBot\refactor\data\orders\Sysco\Sysco_Bakery_2025-10-07.xlsx
2025-10-08 16:49:59,286 - INFO - backend.coordinators.order_coordinator.OrderCoordinator - (order_coordinator.py:48) - Reading order file: C:\Users\andrew\Desktop\Andrew\Projects\IthacaBakery\RandomStuff\WorkBot\refactor\data\orders\FingerLakes Farms\FingerLakes Farms_Bakery_2025-10-07.xlsx
2025-10-08 16:49:59,301 - INFO - backend.coordinators.order_coordinator.OrderCoordinator - (order_coordinator.py:48) - Reading order file: C:\Users\andrew\Desktop\Andrew\Projects\IthacaBakery\RandomStuff\WorkBot\refactor\data\orders\Qualita\Qualita_Bakery_2025-10-07.xlsx
2025-10-08 16:49:59,315 - INFO - backend.coordinators.order_coordinator.OrderCoordinator - (order_coordinator.py:48) - Reading order file: C:\Users\andrew\Desktop\Andrew\Projects\IthacaBakery\RandomStuff\WorkBot\refactor\data\orders\BJ's\BJ's_Bakery_2025-10-06.xlsx
2025-10-08 16:49:59,329 - INFO - backend.coordinators.order_coordinator.OrderCoordinator - (order_coordinator.py:48) - Reading order file: C:\Users\andrew\Desktop\Andrew\Projects\IthacaBakery\RandomStuff\WorkBot\refactor\data\orders\DUTCH VALLEY FOOD DIST\DUTCH VALLEY FOOD DIST_Bakery_2025-10-05.xlsx
2025-10-08 16:49:59,345 - INFO - backend.coordinators.order_coordinator.OrderCoordinator - (order_coordinator.py:48) - Reading order file: C:\Users\andrew\Desktop\Andrew\Projects\IthacaBakery\RandomStuff\WorkBot\refactor\data\orders\Coca-Cola\Coca-Cola_Bakery_2025-10-05.xlsx
2025-10-08 16:49:59,360 - INFO - backend.coordinators.order_coordinator.OrderCoordinator - (order_coordinator.py:48) - Reading order file: C:\Users\andrew\Desktop\Andrew\Projects\IthacaBakery\RandomStuff\WorkBot\refactor\data\orders\Harney and Sons Tea\Harney and Sons Tea_Bakery_2025-10-05.xlsx
2025-10-08 16:49:59,374 - INFO - backend.coordinators.order_coordinator.OrderCoordinator - (order_coordinator.py:48) - Reading order file: C:\Users\andrew\Desktop\Andrew\Projects\IthacaBakery\RandomStuff\WorkBot\refactor\data\orders\Webstaurant\Webstaurant_Bakery_2025-10-04.xlsx
2025-10-08 16:49:59,389 - INFO - backend.coordinators.order_coordinator.OrderCoordinator - (order_coordinator.py:48) - Reading order file: C:\Users\andrew\Desktop\Andrew\Projects\IthacaBakery\RandomStuff\WorkBot\refactor\data\orders\J.Mills\J.Mills_Bakery_2025-10-04.xlsx
2025-10-08 16:49:59,404 - INFO - backend.coordinators.order_coordinator.OrderCoordinator - (order_coordinator.py:48) - Reading order file: C:\Users\andrew\Desktop\Andrew\Projects\IthacaBakery\RandomStuff\WorkBot\refactor\data\orders\Tops\Tops_Triphammer_2025-10-08.xlsx
2025-10-08 16:49:59,418 - INFO - backend.coordinators.order_coordinator.OrderCoordinator - (order_coordinator.py:48) - Reading order file: C:\Users\andrew\Desktop\Andrew\Projects\IthacaBakery\RandomStuff\WorkBot\refactor\data\orders\SANICO\SANICO_Triphammer_2025-10-07.xlsx
2025-10-08 16:49:59,432 - INFO - backend.coordinators.order_coordinator.OrderCoordinator - (order_coordinator.py:48) - Reading order file: C:\Users\andrew\Desktop\Andrew\Projects\IthacaBakery\RandomStuff\WorkBot\refactor\data\orders\Sysco\Sysco_Triphammer_2025-10-05.xlsx
2025-10-08 16:49:59,438 - INFO - backend.coordinators.order_coordinator.OrderCoordinator - (order_coordinator.py:48) - Reading order file: C:\Users\andrew\Desktop\Andrew\Projects\IthacaBakery\RandomStuff\WorkBot\refactor\data\orders\Russo Produce\Russo Produce_Triphammer_2025-10-05.xlsx
2025-10-08 16:49:59,441 - INFO - backend.coordinators.order_coordinator.OrderCoordinator - (order_coordinator.py:48) - Reading order file: C:\Users\andrew\Desktop\Andrew\Projects\IthacaBakery\RandomStuff\WorkBot\refactor\data\orders\Vegan Epicure\Vegan Epicure_Triphammer_2025-10-05.xlsx
2025-10-08 16:49:59,456 - INFO - backend.coordinators.order_coordinator.OrderCoordinator - (order_coordinator.py:48) - Reading order file: C:\Users\andrew\Desktop\Andrew\Projects\IthacaBakery\RandomStuff\WorkBot\refactor\data\orders\Creative Converting\Creative Converting_Triphammer_2025-10-03.xlsx
2025-10-08 16:49:59,470 - INFO - backend.coordinators.order_coordinator.OrderCoordinator - (order_coordinator.py:48) - Reading order file: C:\Users\andrew\Desktop\Andrew\Projects\IthacaBakery\RandomStuff\WorkBot\refactor\data\orders\Bo's Bones\Bo's Bones_Triphammer_2025-10-03.xlsx
2025-10-08 16:49:59,485 - INFO - backend.coordinators.order_coordinator.OrderCoordinator - (order_coordinator.py:48) - Reading order file: C:\Users\andrew\Desktop\Andrew\Projects\IthacaBakery\RandomStuff\WorkBot\refactor\data\orders\A.L. George\A.L. George_Triphammer_2025-10-03.xlsx
2025-10-08 16:49:59,499 - INFO - backend.coordinators.order_coordinator.OrderCoordinator - (order_coordinator.py:48) - Reading order file: C:\Users\andrew\Desktop\Andrew\Projects\IthacaBakery\RandomStuff\WorkBot\refactor\data\orders\Coca-Cola\Coca-Cola_Triphammer_2025-10-03.xlsx
2025-10-08 16:49:59,514 - INFO - backend.coordinators.order_coordinator.OrderCoordinator - (order_coordinator.py:48) - Reading order file: C:\Users\andrew\Desktop\Andrew\Projects\IthacaBakery\RandomStuff\WorkBot\refactor\data\orders\Equal Exchange\Equal Exchange_Triphammer_2025-10-03.xlsx
2025-10-08 16:49:59,529 - INFO - backend.coordinators.order_coordinator.OrderCoordinator - (order_coordinator.py:48) - Reading order file: C:\Users\andrew\Desktop\Andrew\Projects\IthacaBakery\RandomStuff\WorkBot\refactor\data\orders\Copper Horse Coffee\Copper Horse Coffee_Triphammer_2025-10-03.xlsx
2025-10-08 16:49:59,544 - INFO - backend.coordinators.order_coordinator.OrderCoordinator - (order_coordinator.py:48) - Reading order file: C:\Users\andrew\Desktop\Andrew\Projects\IthacaBakery\RandomStuff\WorkBot\refactor\data\orders\Regional Distributors, Inc\Regional Distributors, Inc._Triphammer_2025-10-03.xlsx
2025-10-08 16:49:59,560 - INFO - backend.coordinators.order_coordinator.OrderCoordinator - (order_coordinator.py:48) - Reading order file: C:\Users\andrew\Desktop\Andrew\Projects\IthacaBakery\RandomStuff\WorkBot\refactor\data\orders\Hill & Markes\Hill & Markes_Triphammer_2025-10-03.xlsx
2025-10-08 16:49:59,564 - INFO - backend.coordinators.order_coordinator.OrderCoordinator - (order_coordinator.py:48) - Reading order file: C:\Users\andrew\Desktop\Andrew\Projects\IthacaBakery\RandomStuff\WorkBot\refactor\data\orders\Peters Supply\Peters Supply_Triphammer_2025-10-03.xlsx
2025-10-08 16:49:59,579 - INFO - backend.coordinators.order_coordinator.OrderCoordinator - (order_coordinator.py:48) - Reading order file: C:\Users\andrew\Desktop\Andrew\Projects\IthacaBakery\RandomStuff\WorkBot\refactor\data\orders\US Foods\US Foods_Triphammer_2025-10-03.xlsx
2025-10-08 16:49:59,584 - INFO - backend.coordinators.order_coordinator.OrderCoordinator - (order_coordinator.py:48) - Reading order file: C:\Users\andrew\Desktop\Andrew\Projects\IthacaBakery\RandomStuff\WorkBot\refactor\data\orders\KEHE DISTRIBUTORS\KEHE DISTRIBUTORS_Triphammer_2025-10-03.xlsx
2025-10-08 16:49:59,599 - INFO - backend.coordinators.order_coordinator.OrderCoordinator - (order_coordinator.py:48) - Reading order file: C:\Users\andrew\Desktop\Andrew\Projects\IthacaBakery\RandomStuff\WorkBot\refactor\data\orders\Ithaca Bakery\Ithaca Bakery_Triphammer_2025-10-03.xlsx
2025-10-08 16:49:59,617 - INFO - backend.coordinators.order_coordinator.OrderCoordinator - (order_coordinator.py:48) - Reading order file: C:\Users\andrew\Desktop\Andrew\Projects\IthacaBakery\RandomStuff\WorkBot\refactor\data\orders\UNFI\UNFI_Triphammer_2025-10-03.xlsx
2025-10-08 16:49:59,634 - INFO - backend.coordinators.order_coordinator.OrderCoordinator - (order_coordinator.py:48) - Reading order file: C:\Users\andrew\Desktop\Andrew\Projects\IthacaBakery\RandomStuff\WorkBot\refactor\data\orders\Hillcrest Dairy\Hillcrest Dairy_Triphammer_2025-10-03.xlsx
2025-10-08 16:49:59,649 - INFO - backend.coordinators.order_coordinator.OrderCoordinator - (order_coordinator.py:48) - Reading order file: C:\Users\andrew\Desktop\Andrew\Projects\IthacaBakery\RandomStuff\WorkBot\refactor\data\orders\FingerLakes Farms\FingerLakes Farms_Triphammer_2025-10-03.xlsx
2025-10-08 16:49:59,665 - INFO - backend.coordinators.order_coordinator.OrderCoordinator - (order_coordinator.py:48) - Reading order file: C:\Users\andrew\Desktop\Andrew\Projects\IthacaBakery\RandomStuff\WorkBot\refactor\data\orders\Performance Food\Performance Food_Triphammer_2025-10-03.xlsx
2025-10-08 16:49:59,671 - INFO - backend.coordinators.order_coordinator.OrderCoordinator - (order_coordinator.py:48) - Reading order file: C:\Users\andrew\Desktop\Andrew\Projects\IthacaBakery\RandomStuff\WorkBot\refactor\data\orders\Webstaurant\Webstaurant_Triphammer_2025-10-03.xlsx
2025-10-08 16:49:59,686 - INFO - backend.coordinators.order_coordinator.OrderCoordinator - (order_coordinator.py:48) - Reading order file: C:\Users\andrew\Desktop\Andrew\Projects\IthacaBakery\RandomStuff\WorkBot\refactor\data\orders\Johnston Paper\Johnston Paper_Triphammer_2025-10-03.xlsx
2025-10-08 16:49:59,703 - INFO - backend.coordinators.order_coordinator.OrderCoordinator - (order_coordinator.py:48) - Reading order file: C:\Users\andrew\Desktop\Andrew\Projects\IthacaBakery\RandomStuff\WorkBot\refactor\data\orders\UNFI\UNFI_Collegetown_2025-10-03.xlsx
2025-10-08 16:49:59,720 - INFO - backend.coordinators.order_coordinator.OrderCoordinator - (order_coordinator.py:48) - Reading order file: C:\Users\andrew\Desktop\Andrew\Projects\IthacaBakery\RandomStuff\WorkBot\refactor\data\orders\A.L. George\A.L. George_Collegetown_2025-10-03.xlsx
2025-10-08 16:49:59,736 - INFO - backend.coordinators.order_coordinator.OrderCoordinator - (order_coordinator.py:48) - Reading order file: C:\Users\andrew\Desktop\Andrew\Projects\IthacaBakery\RandomStuff\WorkBot\refactor\data\orders\DUTCH VALLEY FOOD DIST\DUTCH VALLEY FOOD DIST_Collegetown_2025-10-03.xlsx
2025-10-08 16:49:59,753 - INFO - backend.coordinators.order_coordinator.OrderCoordinator - (order_coordinator.py:48) - Reading order file: C:\Users\andrew\Desktop\Andrew\Projects\IthacaBakery\RandomStuff\WorkBot\refactor\data\orders\BALKAN BEVERAGE LLC\BALKAN BEVERAGE LLC_Collegetown_2025-10-03.xlsx
2025-10-08 16:49:59,767 - INFO - backend.coordinators.order_coordinator.OrderCoordinator - (order_coordinator.py:48) - Reading order file: C:\Users\andrew\Desktop\Andrew\Projects\IthacaBakery\RandomStuff\WorkBot\refactor\data\orders\Coca-Cola\Coca-Cola_Collegetown_2025-10-03.xlsx
2025-10-08 16:49:59,784 - INFO - backend.coordinators.order_coordinator.OrderCoordinator - (order_coordinator.py:48) - Reading order file: C:\Users\andrew\Desktop\Andrew\Projects\IthacaBakery\RandomStuff\WorkBot\refactor\data\orders\Peters Supply\Peters Supply_Collegetown_2025-10-03.xlsx
2025-10-08 16:49:59,801 - INFO - backend.coordinators.order_coordinator.OrderCoordinator - (order_coordinator.py:48) - Reading order file: C:\Users\andrew\Desktop\Andrew\Projects\IthacaBakery\RandomStuff\WorkBot\refactor\data\orders\Johnston Paper\Johnston Paper_Collegetown_2025-10-03.xlsx
2025-10-08 16:49:59,816 - INFO - backend.coordinators.order_coordinator.OrderCoordinator - (order_coordinator.py:48) - Reading order file: C:\Users\andrew\Desktop\Andrew\Projects\IthacaBakery\RandomStuff\WorkBot\refactor\data\orders\Hill & Markes\Hill & Markes_Collegetown_2025-10-03.xlsx
2025-10-08 16:49:59,830 - INFO - backend.coordinators.order_coordinator.OrderCoordinator - (order_coordinator.py:48) - Reading order file: C:\Users\andrew\Desktop\Andrew\Projects\IthacaBakery\RandomStuff\WorkBot\refactor\data\orders\Equal Exchange\Equal Exchange_Collegetown_2025-10-03.xlsx
2025-10-08 16:49:59,844 - INFO - backend.coordinators.order_coordinator.OrderCoordinator - (order_coordinator.py:48) - Reading order file: C:\Users\andrew\Desktop\Andrew\Projects\IthacaBakery\RandomStuff\WorkBot\refactor\data\orders\Regional Distributors, Inc\Regional Distributors, Inc._Collegetown_2025-10-03.xlsx
2025-10-08 16:49:59,859 - INFO - backend.coordinators.order_coordinator.OrderCoordinator - (order_coordinator.py:48) - Reading order file: C:\Users\andrew\Desktop\Andrew\Projects\IthacaBakery\RandomStuff\WorkBot\refactor\data\orders\Hillcrest Dairy\Hillcrest Dairy_Collegetown_2025-10-03.xlsx
2025-10-08 16:49:59,874 - INFO - backend.coordinators.order_coordinator.OrderCoordinator - (order_coordinator.py:48) - Reading order file: C:\Users\andrew\Desktop\Andrew\Projects\IthacaBakery\RandomStuff\WorkBot\refactor\data\orders\Ithaca Bakery\Ithaca Bakery_Collegetown_2025-10-03.xlsx
2025-10-08 16:49:59,892 - INFO - backend.coordinators.order_coordinator.OrderCoordinator - (order_coordinator.py:48) - Reading order file: C:\Users\andrew\Desktop\Andrew\Projects\IthacaBakery\RandomStuff\WorkBot\refactor\data\orders\Sysco\Sysco_Collegetown_2025-10-03.xlsx
2025-10-08 16:49:59,896 - INFO - backend.coordinators.order_coordinator.OrderCoordinator - (order_coordinator.py:48) - Reading order file: C:\Users\andrew\Desktop\Andrew\Projects\IthacaBakery\RandomStuff\WorkBot\refactor\data\orders\US Foods\US Foods_Collegetown_2025-10-03.xlsx
2025-10-08 16:49:59,900 - INFO - backend.coordinators.order_coordinator.OrderCoordinator - (order_coordinator.py:48) - Reading order file: C:\Users\andrew\Desktop\Andrew\Projects\IthacaBakery\RandomStuff\WorkBot\refactor\data\orders\Performance Food\Performance Food_Collegetown_2025-10-03.xlsx
2025-10-08 16:49:59,905 - INFO - backend.coordinators.order_coordinator.OrderCoordinator - (order_coordinator.py:48) - Reading order file: C:\Users\andrew\Desktop\Andrew\Projects\IthacaBakery\RandomStuff\WorkBot\refactor\data\orders\Wegmans\Wegmans_Downtown_2025-10-04.xlsx
2025-10-08 16:49:59,920 - INFO - backend.coordinators.order_coordinator.OrderCoordinator - (order_coordinator.py:48) - Reading order file: C:\Users\andrew\Desktop\Andrew\Projects\IthacaBakery\RandomStuff\WorkBot\refactor\data\orders\Peters Supply\Peters Supply_Downtown_2025-10-03.xlsx
2025-10-08 16:49:59,935 - INFO - backend.coordinators.order_coordinator.OrderCoordinator - (order_coordinator.py:48) - Reading order file: C:\Users\andrew\Desktop\Andrew\Projects\IthacaBakery\RandomStuff\WorkBot\refactor\data\orders\FingerLakes Farms\FingerLakes Farms_Downtown_2025-10-03.xlsx
2025-10-08 16:49:59,950 - INFO - backend.coordinators.order_coordinator.OrderCoordinator - (order_coordinator.py:48) - Reading order file: C:\Users\andrew\Desktop\Andrew\Projects\IthacaBakery\RandomStuff\WorkBot\refactor\data\orders\Hillcrest Dairy\Hillcrest Dairy_Downtown_2025-10-03.xlsx
2025-10-08 16:49:59,964 - INFO - backend.coordinators.order_coordinator.OrderCoordinator - (order_coordinator.py:48) - Reading order file: C:\Users\andrew\Desktop\Andrew\Projects\IthacaBakery\RandomStuff\WorkBot\refactor\data\orders\Performance Food\Performance Food_Downtown_2025-10-03.xlsx
2025-10-08 16:49:59,969 - INFO - backend.coordinators.order_coordinator.OrderCoordinator - (order_coordinator.py:48) - Reading order file: C:\Users\andrew\Desktop\Andrew\Projects\IthacaBakery\RandomStuff\WorkBot\refactor\data\orders\UNFI\UNFI_Downtown_2025-10-03.xlsx
2025-10-08 16:49:59,985 - INFO - backend.coordinators.order_coordinator.OrderCoordinator - (order_coordinator.py:48) - Reading order file: C:\Users\andrew\Desktop\Andrew\Projects\IthacaBakery\RandomStuff\WorkBot\refactor\data\orders\Coca-Cola\Coca-Cola_Downtown_2025-10-03.xlsx
2025-10-08 16:50:00,000 - INFO - backend.coordinators.order_coordinator.OrderCoordinator - (order_coordinator.py:48) - Reading order file: C:\Users\andrew\Desktop\Andrew\Projects\IthacaBakery\RandomStuff\WorkBot\refactor\data\orders\Sysco\Sysco_Downtown_2025-10-03.xlsx
2025-10-08 16:50:00,016 - INFO - backend.coordinators.order_coordinator.OrderCoordinator - (order_coordinator.py:48) - Reading order file: C:\Users\andrew\Desktop\Andrew\Projects\IthacaBakery\RandomStuff\WorkBot\refactor\data\orders\KEHE DISTRIBUTORS\KEHE DISTRIBUTORS_Downtown_2025-10-03.xlsx
2025-10-08 16:50:00,032 - INFO - backend.coordinators.order_coordinator.OrderCoordinator - (order_coordinator.py:48) - Reading order file: C:\Users\andrew\Desktop\Andrew\Projects\IthacaBakery\RandomStuff\WorkBot\refactor\data\orders\Johnston Paper\Johnston Paper_Downtown_2025-10-03.xlsx
2025-10-08 16:50:00,049 - INFO - backend.coordinators.order_coordinator.OrderCoordinator - (order_coordinator.py:48) - Reading order file: C:\Users\andrew\Desktop\Andrew\Projects\IthacaBakery\RandomStuff\WorkBot\refactor\data\orders\SANICO\SANICO_Downtown_2025-10-03.xlsx
2025-10-08 16:50:00,064 - INFO - backend.coordinators.order_coordinator.OrderCoordinator - (order_coordinator.py:48) - Reading order file: C:\Users\andrew\Desktop\Andrew\Projects\IthacaBakery\RandomStuff\WorkBot\refactor\data\orders\Equal Exchange\Equal Exchange_Downtown_2025-10-03.xlsx
2025-10-08 16:50:00,080 - INFO - backend.coordinators.order_coordinator.OrderCoordinator - (order_coordinator.py:48) - Reading order file: C:\Users\andrew\Desktop\Andrew\Projects\IthacaBakery\RandomStuff\WorkBot\refactor\data\orders\Hill & Markes\Hill & Markes_Downtown_2025-10-03.xlsx
2025-10-08 16:50:00,095 - INFO - backend.coordinators.order_coordinator.OrderCoordinator - (order_coordinator.py:48) - Reading order file: C:\Users\andrew\Desktop\Andrew\Projects\IthacaBakery\RandomStuff\WorkBot\refactor\data\orders\Copper Horse Coffee\Copper Horse Coffee_Downtown_2025-10-03.xlsx
2025-10-08 16:50:00,109 - INFO - backend.coordinators.order_coordinator.OrderCoordinator - (order_coordinator.py:48) - Reading order file: C:\Users\andrew\Desktop\Andrew\Projects\IthacaBakery\RandomStuff\WorkBot\refactor\data\orders\Regional Distributors, Inc\Regional Distributors, Inc._Downtown_2025-10-03.xlsx
2025-10-08 16:50:00,124 - INFO - backend.coordinators.order_coordinator.OrderCoordinator - (order_coordinator.py:48) - Reading order file: C:\Users\andrew\Desktop\Andrew\Projects\IthacaBakery\RandomStuff\WorkBot\refactor\data\orders\US Foods\US Foods_Downtown_2025-10-03.xlsx
2025-10-08 16:50:00,140 - INFO - backend.coordinators.order_coordinator.OrderCoordinator - (order_coordinator.py:48) - Reading order file: C:\Users\andrew\Desktop\Andrew\Projects\IthacaBakery\RandomStuff\WorkBot\refactor\data\orders\Ithaca Bakery\Ithaca Bakery_Downtown_2025-10-03.xlsx
2025-10-08 16:50:00,158 - INFO - backend.coordinators.order_coordinator.OrderCoordinator - (order_coordinator.py:48) - Reading order file: C:\Users\andrew\Desktop\Andrew\Projects\IthacaBakery\RandomStuff\WorkBot\refactor\data\orders\Creative Converting\Creative Converting_Easthill_2025-10-04.xlsx
2025-10-08 16:50:00,173 - INFO - backend.coordinators.order_coordinator.OrderCoordinator - (order_coordinator.py:48) - Reading order file: C:\Users\andrew\Desktop\Andrew\Projects\IthacaBakery\RandomStuff\WorkBot\refactor\data\orders\Hen of the Woods\Hen of the Woods_Easthill_2025-10-04.xlsx
2025-10-08 16:50:00,188 - INFO - backend.coordinators.order_coordinator.OrderCoordinator - (order_coordinator.py:48) - Reading order file: C:\Users\andrew\Desktop\Andrew\Projects\IthacaBakery\RandomStuff\WorkBot\refactor\data\orders\Worlds Best Cheeses\Worlds Best Cheeses_Easthill_2025-10-04.xlsx
2025-10-08 16:50:00,203 - INFO - backend.coordinators.order_coordinator.OrderCoordinator - (order_coordinator.py:48) - Reading order file: C:\Users\andrew\Desktop\Andrew\Projects\IthacaBakery\RandomStuff\WorkBot\refactor\data\orders\Webstaurant\Webstaurant_Easthill_2025-10-04.xlsx
2025-10-08 16:50:00,218 - INFO - backend.coordinators.order_coordinator.OrderCoordinator - (order_coordinator.py:48) - Reading order file: C:\Users\andrew\Desktop\Andrew\Projects\IthacaBakery\RandomStuff\WorkBot\refactor\data\orders\BALKAN BEVERAGE LLC\BALKAN BEVERAGE LLC_Easthill_2025-10-04.xlsx
2025-10-08 16:50:00,232 - INFO - backend.coordinators.order_coordinator.OrderCoordinator - (order_coordinator.py:48) - Reading order file: C:\Users\andrew\Desktop\Andrew\Projects\IthacaBakery\RandomStuff\WorkBot\refactor\data\orders\DUTCH VALLEY FOOD DIST\DUTCH VALLEY FOOD DIST_Easthill_2025-10-04.xlsx
2025-10-08 16:50:00,247 - INFO - backend.coordinators.order_coordinator.OrderCoordinator - (order_coordinator.py:48) - Reading order file: C:\Users\andrew\Desktop\Andrew\Projects\IthacaBakery\RandomStuff\WorkBot\refactor\data\orders\FingerLakes Farms\FingerLakes Farms_Easthill_2025-10-04.xlsx
2025-10-08 16:50:00,262 - INFO - backend.coordinators.order_coordinator.OrderCoordinator - (order_coordinator.py:48) - Reading order file: C:\Users\andrew\Desktop\Andrew\Projects\IthacaBakery\RandomStuff\WorkBot\refactor\data\orders\Johnston Paper\Johnston Paper_Easthill_2025-10-04.xlsx
2025-10-08 16:50:00,276 - INFO - backend.coordinators.order_coordinator.OrderCoordinator - (order_coordinator.py:48) - Reading order file: C:\Users\andrew\Desktop\Andrew\Projects\IthacaBakery\RandomStuff\WorkBot\refactor\data\orders\Hillcrest Dairy\Hillcrest Dairy_Easthill_2025-10-04.xlsx
2025-10-08 16:50:00,291 - INFO - backend.coordinators.order_coordinator.OrderCoordinator - (order_coordinator.py:48) - Reading order file: C:\Users\andrew\Desktop\Andrew\Projects\IthacaBakery\RandomStuff\WorkBot\refactor\data\orders\UNFI\UNFI_Easthill_2025-10-04.xlsx
2025-10-08 16:50:00,307 - INFO - backend.coordinators.order_coordinator.OrderCoordinator - (order_coordinator.py:48) - Reading order file: C:\Users\andrew\Desktop\Andrew\Projects\IthacaBakery\RandomStuff\WorkBot\refactor\data\orders\Hill & Markes\Hill & Markes_Easthill_2025-10-04.xlsx
2025-10-08 16:50:00,322 - INFO - backend.coordinators.order_coordinator.OrderCoordinator - (order_coordinator.py:48) - Reading order file: C:\Users\andrew\Desktop\Andrew\Projects\IthacaBakery\RandomStuff\WorkBot\refactor\data\orders\Copper Horse Coffee\Copper Horse Coffee_Easthill_2025-10-04.xlsx
2025-10-08 16:50:00,337 - INFO - backend.coordinators.order_coordinator.OrderCoordinator - (order_coordinator.py:48) - Reading order file: C:\Users\andrew\Desktop\Andrew\Projects\IthacaBakery\RandomStuff\WorkBot\refactor\data\orders\Regional Distributors, Inc\Regional Distributors, Inc._Easthill_2025-10-04.xlsx
2025-10-08 16:50:00,353 - INFO - backend.coordinators.order_coordinator.OrderCoordinator - (order_coordinator.py:48) - Reading order file: C:\Users\andrew\Desktop\Andrew\Projects\IthacaBakery\RandomStuff\WorkBot\refactor\data\orders\Coca-Cola\Coca-Cola_Easthill_2025-10-04.xlsx
2025-10-08 16:50:00,369 - INFO - backend.coordinators.order_coordinator.OrderCoordinator - (order_coordinator.py:48) - Reading order file: C:\Users\andrew\Desktop\Andrew\Projects\IthacaBakery\RandomStuff\WorkBot\refactor\data\orders\Hillcrest Foods\Hillcrest Foods_Easthill_2025-10-04.xlsx
2025-10-08 16:50:00,383 - INFO - backend.coordinators.order_coordinator.OrderCoordinator - (order_coordinator.py:48) - Reading order file: C:\Users\andrew\Desktop\Andrew\Projects\IthacaBakery\RandomStuff\WorkBot\refactor\data\orders\Bo's Bones\Bo's Bones_Easthill_2025-10-04.xlsx
2025-10-08 16:50:00,397 - INFO - backend.coordinators.order_coordinator.OrderCoordinator - (order_coordinator.py:48) - Reading order file: C:\Users\andrew\Desktop\Andrew\Projects\IthacaBakery\RandomStuff\WorkBot\refactor\data\orders\US Foods\US Foods_Easthill_2025-10-04.xlsx
2025-10-08 16:50:00,413 - INFO - backend.coordinators.order_coordinator.OrderCoordinator - (order_coordinator.py:48) - Reading order file: C:\Users\andrew\Desktop\Andrew\Projects\IthacaBakery\RandomStuff\WorkBot\refactor\data\orders\Peters Supply\Peters Supply_Easthill_2025-10-04.xlsx
2025-10-08 16:50:00,427 - INFO - backend.coordinators.order_coordinator.OrderCoordinator - (order_coordinator.py:48) - Reading order file: C:\Users\andrew\Desktop\Andrew\Projects\IthacaBakery\RandomStuff\WorkBot\refactor\data\orders\Performance Food\Performance Food_Easthill_2025-10-04.xlsx
2025-10-08 16:50:00,432 - INFO - backend.coordinators.order_coordinator.OrderCoordinator - (order_coordinator.py:48) - Reading order file: C:\Users\andrew\Desktop\Andrew\Projects\IthacaBakery\RandomStuff\WorkBot\refactor\data\orders\Equal Exchange\Equal Exchange_Easthill_2025-10-04.xlsx
2025-10-08 16:50:00,448 - INFO - backend.coordinators.order_coordinator.OrderCoordinator - (order_coordinator.py:48) - Reading order file: C:\Users\andrew\Desktop\Andrew\Projects\IthacaBakery\RandomStuff\WorkBot\refactor\data\orders\Ithaca Bakery\Ithaca Bakery_Easthill_2025-10-04.xlsx
2025-10-08 16:50:00,465 - INFO - backend.coordinators.order_coordinator.OrderCoordinator - (order_coordinator.py:48) - Reading order file: C:\Users\andrew\Desktop\Andrew\Projects\IthacaBakery\RandomStuff\WorkBot\refactor\data\orders\Sysco\Sysco_Easthill_2025-10-04.xlsx
2025-10-08 16:50:00,480 - INFO - backend.coordinators.order_coordinator.OrderCoordinator - (order_coordinator.py:48) - Reading order file: C:\Users\andrew\Desktop\Andrew\Projects\IthacaBakery\RandomStuff\WorkBot\refactor\data\orders\SANICO\SANICO_Bakery_2025-10-07.xlsx
2025-10-08 16:50:00,494 - INFO - backend.coordinators.order_coordinator.OrderCoordinator - (order_coordinator.py:48) - Reading order file: C:\Users\andrew\Desktop\Andrew\Projects\IthacaBakery\RandomStuff\WorkBot\refactor\data\orders\Peters Supply\Peters Supply_Bakery_2025-10-07.xlsx
2025-10-08 16:50:00,509 - INFO - backend.coordinators.order_coordinator.OrderCoordinator - (order_coordinator.py:48) - Reading order file: C:\Users\andrew\Desktop\Andrew\Projects\IthacaBakery\RandomStuff\WorkBot\refactor\data\orders\Johnston Paper\Johnston Paper_Bakery_2025-10-07.xlsx
2025-10-08 16:50:00,526 - INFO - backend.coordinators.order_coordinator.OrderCoordinator - (order_coordinator.py:48) - Reading order file: C:\Users\andrew\Desktop\Andrew\Projects\IthacaBakery\RandomStuff\WorkBot\refactor\data\orders\Side Hill Acres\Side Hill Acres_Bakery_2025-10-06.xlsx
2025-10-08 16:50:00,541 - INFO - backend.coordinators.order_coordinator.OrderCoordinator - (order_coordinator.py:48) - Reading order file: C:\Users\andrew\Desktop\Andrew\Projects\IthacaBakery\RandomStuff\WorkBot\refactor\data\orders\Atlantic Spice Company\Atlantic Spice Company_Bakery_2025-10-06.xlsx
2025-10-08 16:50:00,555 - INFO - backend.coordinators.order_coordinator.OrderCoordinator - (order_coordinator.py:48) - Reading order file: C:\Users\andrew\Desktop\Andrew\Projects\IthacaBakery\RandomStuff\WorkBot\refactor\data\orders\Dawn\Dawn_Bakery_2025-10-06.xlsx
2025-10-08 16:50:00,569 - INFO - backend.coordinators.order_coordinator.OrderCoordinator - (order_coordinator.py:48) - Reading order file: C:\Users\andrew\Desktop\Andrew\Projects\IthacaBakery\RandomStuff\WorkBot\refactor\data\orders\Keck's Food Service\Keck's Food Service_Bakery_2025-10-06.xlsx
2025-10-08 16:50:00,583 - INFO - backend.coordinators.order_coordinator.OrderCoordinator - (order_coordinator.py:48) - Reading order file: C:\Users\andrew\Desktop\Andrew\Projects\IthacaBakery\RandomStuff\WorkBot\refactor\data\orders\BALKAN BEVERAGE LLC\BALKAN BEVERAGE LLC_Bakery_2025-10-06.xlsx
2025-10-08 16:50:00,598 - INFO - backend.coordinators.order_coordinator.OrderCoordinator - (order_coordinator.py:48) - Reading order file: C:\Users\andrew\Desktop\Andrew\Projects\IthacaBakery\RandomStuff\WorkBot\refactor\data\orders\A.L. George\A.L. George_Bakery_2025-10-06.xlsx
2025-10-08 16:50:00,613 - INFO - backend.coordinators.order_coordinator.OrderCoordinator - (order_coordinator.py:48) - Reading order file: C:\Users\andrew\Desktop\Andrew\Projects\IthacaBakery\RandomStuff\WorkBot\refactor\data\orders\Lentz\Lentz_Bakery_2025-10-06.xlsx
2025-10-08 16:50:00,628 - INFO - backend.coordinators.order_coordinator.OrderCoordinator - (order_coordinator.py:48) - Reading order file: C:\Users\andrew\Desktop\Andrew\Projects\IthacaBakery\RandomStuff\WorkBot\refactor\data\orders\Regional Distributors, Inc\Regional Distributors, Inc._Bakery_2025-10-06.xlsx
2025-10-08 16:50:00,645 - INFO - backend.coordinators.order_coordinator.OrderCoordinator - (order_coordinator.py:48) - Reading order file: C:\Users\andrew\Desktop\Andrew\Projects\IthacaBakery\RandomStuff\WorkBot\refactor\data\orders\Hillcrest Foods\Hillcrest Foods_Bakery_2025-10-06.xlsx
2025-10-08 16:50:00,663 - INFO - backend.coordinators.order_coordinator.OrderCoordinator - (order_coordinator.py:48) - Reading order file: C:\Users\andrew\Desktop\Andrew\Projects\IthacaBakery\RandomStuff\WorkBot\refactor\data\orders\Hillcrest Dairy\Hillcrest Dairy_Bakery_2025-10-05.xlsx
2025-10-08 16:50:00,678 - INFO - backend.coordinators.order_coordinator.OrderCoordinator - (order_coordinator.py:48) - Reading order file: C:\Users\andrew\Desktop\Andrew\Projects\IthacaBakery\RandomStuff\WorkBot\refactor\data\orders\Hill & Markes\Hill & Markes_Bakery_2025-10-05.xlsx
2025-10-08 16:50:00,693 - INFO - backend.coordinators.order_coordinator.OrderCoordinator - (order_coordinator.py:48) - Reading order file: C:\Users\andrew\Desktop\Andrew\Projects\IthacaBakery\RandomStuff\WorkBot\refactor\data\orders\Equal Exchange\Equal Exchange_Bakery_2025-10-05.xlsx
2025-10-08 16:50:00,708 - INFO - backend.coordinators.order_coordinator.OrderCoordinator - (order_coordinator.py:48) - Reading order file: C:\Users\andrew\Desktop\Andrew\Projects\IthacaBakery\RandomStuff\WorkBot\refactor\data\orders\Copper Horse Coffee\Copper Horse Coffee_Bakery_2025-10-05.xlsx
2025-10-08 16:50:00,723 - INFO - backend.coordinators.order_coordinator.OrderCoordinator - (order_coordinator.py:48) - Reading order file: C:\Users\andrew\Desktop\Andrew\Projects\IthacaBakery\RandomStuff\WorkBot\refactor\data\orders\US Foods\US Foods_Bakery_2025-10-05.xlsx
2025-10-08 16:50:00,728 - INFO - backend.coordinators.order_coordinator.OrderCoordinator - (order_coordinator.py:48) - Reading order file: C:\Users\andrew\Desktop\Andrew\Projects\IthacaBakery\RandomStuff\WorkBot\refactor\data\orders\Odeko In\Odeko In._Bakery_2025-10-05.xlsx
2025-10-08 16:50:00,743 - INFO - backend.coordinators.order_coordinator.OrderCoordinator - (order_coordinator.py:48) - Reading order file: C:\Users\andrew\Desktop\Andrew\Projects\IthacaBakery\RandomStuff\WorkBot\refactor\data\orders\UNFI\UNFI_Bakery_2025-10-04.xlsx
2025-10-08 16:50:00,759 - INFO - backend.coordinators.order_coordinator.OrderCoordinator - (order_coordinator.py:48) - Reading order file: C:\Users\andrew\Desktop\Andrew\Projects\IthacaBakery\RandomStuff\WorkBot\refactor\data\orders\BEHLOG & SON, INC\BEHLOG & SON, INC._Triphammer_2025-10-05.xlsx
2025-10-08 16:50:00,773 - INFO - backend.coordinators.order_coordinator.OrderCoordinator - (order_coordinator.py:48) - Reading order file: C:\Users\andrew\Desktop\Andrew\Projects\IthacaBakery\RandomStuff\WorkBot\refactor\data\orders\FingerLakes Farms\FingerLakes Farms_Bakery_2025-10-05.xlsx
2025-10-08 16:50:00,790 - INFO - backend.coordinators.order_coordinator.OrderCoordinator - (order_coordinator.py:48) - Reading order file: C:\Users\andrew\Desktop\Andrew\Projects\IthacaBakery\RandomStuff\WorkBot\refactor\data\orders\Performance Food\Performance Food_Bakery_2025-10-05.xlsx
2025-10-08 16:50:00,796 - INFO - backend.coordinators.order_coordinator.OrderCoordinator - (order_coordinator.py:48) - Reading order file: C:\Users\andrew\Desktop\Andrew\Projects\IthacaBakery\RandomStuff\WorkBot\refactor\data\orders\Sysco\Sysco_Bakery_2025-10-05.xlsx
2025-10-08 16:50:00,801 - INFO - backend.coordinators.order_coordinator.OrderCoordinator - (order_coordinator.py:48) - Reading order file: C:\Users\andrew\Desktop\Andrew\Projects\IthacaBakery\RandomStuff\WorkBot\refactor\data\orders\Sysco\Sysco_Triphammer_2025-10-03.xlsx
2025-10-08 16:50:00,805 - INFO - backend.coordinators.order_coordinator.OrderCoordinator - (order_coordinator.py:48) - Reading order file: C:\Users\andrew\Desktop\Andrew\Projects\IthacaBakery\RandomStuff\WorkBot\refactor\data\orders\Fingerlakes Artisen Foods\Fingerlakes Artisen Foods_Triphammer_2025-10-03.xlsx
2025-10-08 16:50:00,824 - INFO - backend.storage.file.order_file_handler.OrderFileHandler - (order_file_handler.py:127) - Archived order file: Russo Produce_Triphammer_2025-10-08.pdf
2025-10-08 16:50:00,825 - INFO - backend.storage.file.order_file_handler.OrderFileHandler - (order_file_handler.py:127) - Archived order file: Russo Produce_Triphammer_2025-10-08.xlsx
2025-10-08 16:50:00,828 - INFO - backend.storage.file.order_file_handler.OrderFileHandler - (order_file_handler.py:127) - Archived order file: Sysco_Triphammer_2025-10-08.pdf
2025-10-08 16:50:00,829 - INFO - backend.storage.file.order_file_handler.OrderFileHandler - (order_file_handler.py:127) - Archived order file: Sysco_Triphammer_2025-10-08.xlsx
2025-10-08 16:50:00,831 - INFO - backend.storage.file.order_file_handler.OrderFileHandler - (order_file_handler.py:127) - Archived order file: Ithaca Bakery_Triphammer_2025-10-08.pdf
2025-10-08 16:50:00,833 - INFO - backend.storage.file.order_file_handler.OrderFileHandler - (order_file_handler.py:127) - Archived order file: Ithaca Bakery_Triphammer_2025-10-08.xlsx
2025-10-08 16:50:00,835 - INFO - backend.storage.file.order_file_handler.OrderFileHandler - (order_file_handler.py:127) - Archived order file: US Foods_Triphammer_2025-10-08.pdf
2025-10-08 16:50:00,837 - INFO - backend.storage.file.order_file_handler.OrderFileHandler - (order_file_handler.py:127) - Archived order file: US Foods_Triphammer_2025-10-08.xlsx
2025-10-08 16:50:00,838 - WARNING - backend.storage.file.order_file_handler.OrderFileHandler - (order_file_handler.py:129) - Failed to archive Webstaurant_Triphammer_2025-10-08.pdf: [WinError 32] The process cannot access the file because it is being used by another process: 'C:\\Users\\andrew\\Desktop\\Andrew\\Projects\\IthacaBakery\\RandomStuff\\WorkBot\\refactor\\data\\orders\\Webstaurant\\Webstaurant_Triphammer_2025-10-08.pdf' -> 'C:\\Users\\andrew\\Desktop\\Andrew\\Projects\\IthacaBakery\\RandomStuff\\WorkBot\\refactor\\data\\orders\\Webstaurant\\CompletedOrders\\Webstaurant_Triphammer_2025-10-08.pdf'
2025-10-08 16:50:00,839 - INFO - backend.storage.file.order_file_handler.OrderFileHandler - (order_file_handler.py:127) - Archived order file: Webstaurant_Triphammer_2025-10-08.xlsx
2025-10-08 16:50:00,842 - INFO - backend.storage.file.order_file_handler.OrderFileHandler - (order_file_handler.py:127) - Archived order file: Performance Food_Triphammer_2025-10-08.pdf
2025-10-08 16:50:00,844 - INFO - backend.storage.file.order_file_handler.OrderFileHandler - (order_file_handler.py:127) - Archived order file: Performance Food_Triphammer_2025-10-08.xlsx
2025-10-08 16:50:00,846 - INFO - backend.storage.file.order_file_handler.OrderFileHandler - (order_file_handler.py:127) - Archived order file: Ithaca Bakery_Collegetown_2025-10-08.pdf
2025-10-08 16:50:00,847 - INFO - backend.storage.file.order_file_handler.OrderFileHandler - (order_file_handler.py:127) - Archived order file: Ithaca Bakery_Collegetown_2025-10-08.xlsx
2025-10-08 16:50:00,850 - INFO - backend.storage.file.order_file_handler.OrderFileHandler - (order_file_handler.py:127) - Archived order file: US Foods_Collegetown_2025-10-08.pdf
2025-10-08 16:50:00,851 - INFO - backend.storage.file.order_file_handler.OrderFileHandler - (order_file_handler.py:127) - Archived order file: US Foods_Collegetown_2025-10-08.xlsx
2025-10-08 16:50:00,854 - INFO - backend.storage.file.order_file_handler.OrderFileHandler - (order_file_handler.py:127) - Archived order file: Performance Food_Collegetown_2025-10-08.pdf
2025-10-08 16:50:00,855 - INFO - backend.storage.file.order_file_handler.OrderFileHandler - (order_file_handler.py:127) - Archived order file: Performance Food_Collegetown_2025-10-08.xlsx
2025-10-08 16:50:00,858 - INFO - backend.storage.file.order_file_handler.OrderFileHandler - (order_file_handler.py:127) - Archived order file: Sysco_Collegetown_2025-10-08.pdf
2025-10-08 16:50:00,859 - INFO - backend.storage.file.order_file_handler.OrderFileHandler - (order_file_handler.py:127) - Archived order file: Sysco_Collegetown_2025-10-08.xlsx
2025-10-08 16:50:00,861 - INFO - backend.storage.file.order_file_handler.OrderFileHandler - (order_file_handler.py:127) - Archived order file: Sweet Sam's Baking Company, LLC_Bakery_2025-10-08.pdf
2025-10-08 16:50:00,863 - INFO - backend.storage.file.order_file_handler.OrderFileHandler - (order_file_handler.py:127) - Archived order file: Sweet Sam's Baking Company, LLC_Bakery_2025-10-08.xlsx
2025-10-08 16:50:00,865 - INFO - backend.storage.file.order_file_handler.OrderFileHandler - (order_file_handler.py:127) - Archived order file: Performance Food_Bakery_2025-10-08.pdf
2025-10-08 16:50:00,866 - INFO - backend.storage.file.order_file_handler.OrderFileHandler - (order_file_handler.py:127) - Archived order file: Performance Food_Bakery_2025-10-08.xlsx
2025-10-08 16:50:00,868 - INFO - backend.storage.file.order_file_handler.OrderFileHandler - (order_file_handler.py:127) - Archived order file: US Foods_Bakery_2025-10-08.pdf
2025-10-08 16:50:00,870 - INFO - backend.storage.file.order_file_handler.OrderFileHandler - (order_file_handler.py:127) - Archived order file: US Foods_Bakery_2025-10-08.xlsx
2025-10-08 16:50:00,872 - INFO - backend.storage.file.order_file_handler.OrderFileHandler - (order_file_handler.py:127) - Archived order file: Sysco_Bakery_2025-10-07.pdf
2025-10-08 16:50:00,874 - INFO - backend.storage.file.order_file_handler.OrderFileHandler - (order_file_handler.py:127) - Archived order file: Sysco_Bakery_2025-10-07.xlsx
2025-10-08 16:50:00,876 - INFO - backend.storage.file.order_file_handler.OrderFileHandler - (order_file_handler.py:127) - Archived order file: FingerLakes Farms_Bakery_2025-10-07.pdf
2025-10-08 16:50:00,877 - INFO - backend.storage.file.order_file_handler.OrderFileHandler - (order_file_handler.py:127) - Archived order file: FingerLakes Farms_Bakery_2025-10-07.xlsx
2025-10-08 16:50:00,880 - INFO - backend.storage.file.order_file_handler.OrderFileHandler - (order_file_handler.py:127) - Archived order file: Qualita_Bakery_2025-10-07.pdf
2025-10-08 16:50:00,881 - INFO - backend.storage.file.order_file_handler.OrderFileHandler - (order_file_handler.py:127) - Archived order file: Qualita_Bakery_2025-10-07.xlsx
2025-10-08 16:50:00,883 - INFO - backend.storage.file.order_file_handler.OrderFileHandler - (order_file_handler.py:127) - Archived order file: BJ's_Bakery_2025-10-06.pdf
2025-10-08 16:50:00,884 - INFO - backend.storage.file.order_file_handler.OrderFileHandler - (order_file_handler.py:127) - Archived order file: BJ's_Bakery_2025-10-06.xlsx
2025-10-08 16:50:00,886 - INFO - backend.storage.file.order_file_handler.OrderFileHandler - (order_file_handler.py:127) - Archived order file: DUTCH VALLEY FOOD DIST_Bakery_2025-10-05.pdf
2025-10-08 16:50:00,887 - INFO - backend.storage.file.order_file_handler.OrderFileHandler - (order_file_handler.py:127) - Archived order file: DUTCH VALLEY FOOD DIST_Bakery_2025-10-05.xlsx
2025-10-08 16:50:00,889 - INFO - backend.storage.file.order_file_handler.OrderFileHandler - (order_file_handler.py:127) - Archived order file: Coca-Cola_Bakery_2025-10-05.pdf
2025-10-08 16:50:00,891 - INFO - backend.storage.file.order_file_handler.OrderFileHandler - (order_file_handler.py:127) - Archived order file: Coca-Cola_Bakery_2025-10-05.xlsx
2025-10-08 16:50:00,893 - INFO - backend.storage.file.order_file_handler.OrderFileHandler - (order_file_handler.py:127) - Archived order file: Harney and Sons Tea_Bakery_2025-10-05.pdf
2025-10-08 16:50:00,894 - INFO - backend.storage.file.order_file_handler.OrderFileHandler - (order_file_handler.py:127) - Archived order file: Harney and Sons Tea_Bakery_2025-10-05.xlsx
2025-10-08 16:50:00,896 - INFO - backend.storage.file.order_file_handler.OrderFileHandler - (order_file_handler.py:127) - Archived order file: Webstaurant_Bakery_2025-10-04.pdf
2025-10-08 16:50:00,897 - INFO - backend.storage.file.order_file_handler.OrderFileHandler - (order_file_handler.py:127) - Archived order file: Webstaurant_Bakery_2025-10-04.xlsx
2025-10-08 16:50:00,899 - INFO - backend.storage.file.order_file_handler.OrderFileHandler - (order_file_handler.py:127) - Archived order file: J.Mills_Bakery_2025-10-04.pdf
2025-10-08 16:50:00,899 - INFO - backend.storage.file.order_file_handler.OrderFileHandler - (order_file_handler.py:127) - Archived order file: J.Mills_Bakery_2025-10-04.xlsx
2025-10-08 16:50:00,901 - INFO - backend.storage.file.order_file_handler.OrderFileHandler - (order_file_handler.py:127) - Archived order file: Tops_Triphammer_2025-10-08.pdf
2025-10-08 16:50:00,901 - INFO - backend.storage.file.order_file_handler.OrderFileHandler - (order_file_handler.py:127) - Archived order file: Tops_Triphammer_2025-10-08.xlsx
2025-10-08 16:50:00,904 - INFO - backend.storage.file.order_file_handler.OrderFileHandler - (order_file_handler.py:127) - Archived order file: SANICO_Triphammer_2025-10-07.pdf
2025-10-08 16:50:00,905 - INFO - backend.storage.file.order_file_handler.OrderFileHandler - (order_file_handler.py:127) - Archived order file: SANICO_Triphammer_2025-10-07.xlsx
2025-10-08 16:50:00,907 - INFO - backend.storage.file.order_file_handler.OrderFileHandler - (order_file_handler.py:127) - Archived order file: Sysco_Triphammer_2025-10-05.pdf
2025-10-08 16:50:00,909 - INFO - backend.storage.file.order_file_handler.OrderFileHandler - (order_file_handler.py:127) - Archived order file: Sysco_Triphammer_2025-10-05.xlsx
2025-10-08 16:50:00,910 - INFO - backend.storage.file.order_file_handler.OrderFileHandler - (order_file_handler.py:127) - Archived order file: Russo Produce_Triphammer_2025-10-05.pdf
2025-10-08 16:50:00,912 - INFO - backend.storage.file.order_file_handler.OrderFileHandler - (order_file_handler.py:127) - Archived order file: Russo Produce_Triphammer_2025-10-05.xlsx
2025-10-08 16:50:00,913 - INFO - backend.storage.file.order_file_handler.OrderFileHandler - (order_file_handler.py:127) - Archived order file: Vegan Epicure_Triphammer_2025-10-05.pdf
2025-10-08 16:50:00,915 - INFO - backend.storage.file.order_file_handler.OrderFileHandler - (order_file_handler.py:127) - Archived order file: Vegan Epicure_Triphammer_2025-10-05.xlsx
2025-10-08 16:50:00,916 - INFO - backend.storage.file.order_file_handler.OrderFileHandler - (order_file_handler.py:127) - Archived order file: Creative Converting_Triphammer_2025-10-03.pdf
2025-10-08 16:50:00,918 - INFO - backend.storage.file.order_file_handler.OrderFileHandler - (order_file_handler.py:127) - Archived order file: Creative Converting_Triphammer_2025-10-03.xlsx
2025-10-08 16:50:00,920 - INFO - backend.storage.file.order_file_handler.OrderFileHandler - (order_file_handler.py:127) - Archived order file: Bo's Bones_Triphammer_2025-10-03.pdf
2025-10-08 16:50:00,921 - INFO - backend.storage.file.order_file_handler.OrderFileHandler - (order_file_handler.py:127) - Archived order file: Bo's Bones_Triphammer_2025-10-03.xlsx
2025-10-08 16:50:00,923 - INFO - backend.storage.file.order_file_handler.OrderFileHandler - (order_file_handler.py:127) - Archived order file: A.L. George_Triphammer_2025-10-03.pdf
2025-10-08 16:50:00,924 - INFO - backend.storage.file.order_file_handler.OrderFileHandler - (order_file_handler.py:127) - Archived order file: A.L. George_Triphammer_2025-10-03.xlsx
2025-10-08 16:50:00,926 - INFO - backend.storage.file.order_file_handler.OrderFileHandler - (order_file_handler.py:127) - Archived order file: Coca-Cola_Triphammer_2025-10-03.pdf
2025-10-08 16:50:00,928 - INFO - backend.storage.file.order_file_handler.OrderFileHandler - (order_file_handler.py:127) - Archived order file: Coca-Cola_Triphammer_2025-10-03.xlsx
2025-10-08 16:50:00,930 - INFO - backend.storage.file.order_file_handler.OrderFileHandler - (order_file_handler.py:127) - Archived order file: Equal Exchange_Triphammer_2025-10-03.pdf
2025-10-08 16:50:00,931 - INFO - backend.storage.file.order_file_handler.OrderFileHandler - (order_file_handler.py:127) - Archived order file: Equal Exchange_Triphammer_2025-10-03.xlsx
2025-10-08 16:50:00,933 - INFO - backend.storage.file.order_file_handler.OrderFileHandler - (order_file_handler.py:127) - Archived order file: Copper Horse Coffee_Triphammer_2025-10-03.pdf
2025-10-08 16:50:00,934 - INFO - backend.storage.file.order_file_handler.OrderFileHandler - (order_file_handler.py:127) - Archived order file: Copper Horse Coffee_Triphammer_2025-10-03.xlsx
2025-10-08 16:50:00,936 - INFO - backend.storage.file.order_file_handler.OrderFileHandler - (order_file_handler.py:127) - Archived order file: Regional Distributors, Inc._Triphammer_2025-10-03.pdf
2025-10-08 16:50:00,938 - INFO - backend.storage.file.order_file_handler.OrderFileHandler - (order_file_handler.py:127) - Archived order file: Regional Distributors, Inc._Triphammer_2025-10-03.xlsx
2025-10-08 16:50:00,940 - INFO - backend.storage.file.order_file_handler.OrderFileHandler - (order_file_handler.py:127) - Archived order file: Hill & Markes_Triphammer_2025-10-03.pdf
2025-10-08 16:50:00,941 - INFO - backend.storage.file.order_file_handler.OrderFileHandler - (order_file_handler.py:127) - Archived order file: Hill & Markes_Triphammer_2025-10-03.xlsx
2025-10-08 16:50:00,943 - INFO - backend.storage.file.order_file_handler.OrderFileHandler - (order_file_handler.py:127) - Archived order file: Peters Supply_Triphammer_2025-10-03.pdf
2025-10-08 16:50:00,945 - INFO - backend.storage.file.order_file_handler.OrderFileHandler - (order_file_handler.py:127) - Archived order file: Peters Supply_Triphammer_2025-10-03.xlsx
2025-10-08 16:50:00,947 - INFO - backend.storage.file.order_file_handler.OrderFileHandler - (order_file_handler.py:127) - Archived order file: US Foods_Triphammer_2025-10-03.pdf
2025-10-08 16:50:00,948 - INFO - backend.storage.file.order_file_handler.OrderFileHandler - (order_file_handler.py:127) - Archived order file: US Foods_Triphammer_2025-10-03.xlsx
2025-10-08 16:50:00,950 - INFO - backend.storage.file.order_file_handler.OrderFileHandler - (order_file_handler.py:127) - Archived order file: KEHE DISTRIBUTORS_Triphammer_2025-10-03.pdf
2025-10-08 16:50:00,951 - INFO - backend.storage.file.order_file_handler.OrderFileHandler - (order_file_handler.py:127) - Archived order file: KEHE DISTRIBUTORS_Triphammer_2025-10-03.xlsx
2025-10-08 16:50:00,953 - INFO - backend.storage.file.order_file_handler.OrderFileHandler - (order_file_handler.py:127) - Archived order file: Ithaca Bakery_Triphammer_2025-10-03.pdf
2025-10-08 16:50:00,955 - INFO - backend.storage.file.order_file_handler.OrderFileHandler - (order_file_handler.py:127) - Archived order file: Ithaca Bakery_Triphammer_2025-10-03.xlsx
2025-10-08 16:50:00,957 - INFO - backend.storage.file.order_file_handler.OrderFileHandler - (order_file_handler.py:127) - Archived order file: UNFI_Triphammer_2025-10-03.pdf
2025-10-08 16:50:00,958 - INFO - backend.storage.file.order_file_handler.OrderFileHandler - (order_file_handler.py:127) - Archived order file: UNFI_Triphammer_2025-10-03.xlsx
2025-10-08 16:50:00,960 - INFO - backend.storage.file.order_file_handler.OrderFileHandler - (order_file_handler.py:127) - Archived order file: Hillcrest Dairy_Triphammer_2025-10-03.pdf
2025-10-08 16:50:00,962 - INFO - backend.storage.file.order_file_handler.OrderFileHandler - (order_file_handler.py:127) - Archived order file: Hillcrest Dairy_Triphammer_2025-10-03.xlsx
2025-10-08 16:50:00,964 - INFO - backend.storage.file.order_file_handler.OrderFileHandler - (order_file_handler.py:127) - Archived order file: FingerLakes Farms_Triphammer_2025-10-03.pdf
2025-10-08 16:50:00,965 - INFO - backend.storage.file.order_file_handler.OrderFileHandler - (order_file_handler.py:127) - Archived order file: FingerLakes Farms_Triphammer_2025-10-03.xlsx
2025-10-08 16:50:00,967 - INFO - backend.storage.file.order_file_handler.OrderFileHandler - (order_file_handler.py:127) - Archived order file: Performance Food_Triphammer_2025-10-03.pdf
2025-10-08 16:50:00,969 - INFO - backend.storage.file.order_file_handler.OrderFileHandler - (order_file_handler.py:127) - Archived order file: Performance Food_Triphammer_2025-10-03.xlsx
2025-10-08 16:50:00,971 - INFO - backend.storage.file.order_file_handler.OrderFileHandler - (order_file_handler.py:127) - Archived order file: Webstaurant_Triphammer_2025-10-03.pdf
2025-10-08 16:50:00,972 - INFO - backend.storage.file.order_file_handler.OrderFileHandler - (order_file_handler.py:127) - Archived order file: Webstaurant_Triphammer_2025-10-03.xlsx
2025-10-08 16:50:00,975 - INFO - backend.storage.file.order_file_handler.OrderFileHandler - (order_file_handler.py:127) - Archived order file: Johnston Paper_Triphammer_2025-10-03.pdf
2025-10-08 16:50:00,976 - INFO - backend.storage.file.order_file_handler.OrderFileHandler - (order_file_handler.py:127) - Archived order file: Johnston Paper_Triphammer_2025-10-03.xlsx
2025-10-08 16:50:00,978 - INFO - backend.storage.file.order_file_handler.OrderFileHandler - (order_file_handler.py:127) - Archived order file: UNFI_Collegetown_2025-10-03.pdf
2025-10-08 16:50:00,979 - INFO - backend.storage.file.order_file_handler.OrderFileHandler - (order_file_handler.py:127) - Archived order file: UNFI_Collegetown_2025-10-03.xlsx
2025-10-08 16:50:00,981 - INFO - backend.storage.file.order_file_handler.OrderFileHandler - (order_file_handler.py:127) - Archived order file: A.L. George_Collegetown_2025-10-03.pdf
2025-10-08 16:50:00,982 - INFO - backend.storage.file.order_file_handler.OrderFileHandler - (order_file_handler.py:127) - Archived order file: A.L. George_Collegetown_2025-10-03.xlsx
2025-10-08 16:50:00,984 - INFO - backend.storage.file.order_file_handler.OrderFileHandler - (order_file_handler.py:127) - Archived order file: DUTCH VALLEY FOOD DIST_Collegetown_2025-10-03.pdf
2025-10-08 16:50:00,986 - INFO - backend.storage.file.order_file_handler.OrderFileHandler - (order_file_handler.py:127) - Archived order file: DUTCH VALLEY FOOD DIST_Collegetown_2025-10-03.xlsx
2025-10-08 16:50:00,987 - INFO - backend.storage.file.order_file_handler.OrderFileHandler - (order_file_handler.py:127) - Archived order file: BALKAN BEVERAGE LLC_Collegetown_2025-10-03.pdf
2025-10-08 16:50:00,989 - INFO - backend.storage.file.order_file_handler.OrderFileHandler - (order_file_handler.py:127) - Archived order file: BALKAN BEVERAGE LLC_Collegetown_2025-10-03.xlsx
2025-10-08 16:50:00,991 - INFO - backend.storage.file.order_file_handler.OrderFileHandler - (order_file_handler.py:127) - Archived order file: Coca-Cola_Collegetown_2025-10-03.pdf
2025-10-08 16:50:00,992 - INFO - backend.storage.file.order_file_handler.OrderFileHandler - (order_file_handler.py:127) - Archived order file: Coca-Cola_Collegetown_2025-10-03.xlsx
2025-10-08 16:50:00,994 - INFO - backend.storage.file.order_file_handler.OrderFileHandler - (order_file_handler.py:127) - Archived order file: Peters Supply_Collegetown_2025-10-03.pdf
2025-10-08 16:50:00,995 - INFO - backend.storage.file.order_file_handler.OrderFileHandler - (order_file_handler.py:127) - Archived order file: Peters Supply_Collegetown_2025-10-03.xlsx
2025-10-08 16:50:00,997 - INFO - backend.storage.file.order_file_handler.OrderFileHandler - (order_file_handler.py:127) - Archived order file: Johnston Paper_Collegetown_2025-10-03.pdf
2025-10-08 16:50:00,999 - INFO - backend.storage.file.order_file_handler.OrderFileHandler - (order_file_handler.py:127) - Archived order file: Johnston Paper_Collegetown_2025-10-03.xlsx
2025-10-08 16:50:01,001 - INFO - backend.storage.file.order_file_handler.OrderFileHandler - (order_file_handler.py:127) - Archived order file: Hill & Markes_Collegetown_2025-10-03.pdf
2025-10-08 16:50:01,002 - INFO - backend.storage.file.order_file_handler.OrderFileHandler - (order_file_handler.py:127) - Archived order file: Hill & Markes_Collegetown_2025-10-03.xlsx
2025-10-08 16:50:01,004 - INFO - backend.storage.file.order_file_handler.OrderFileHandler - (order_file_handler.py:127) - Archived order file: Equal Exchange_Collegetown_2025-10-03.pdf
2025-10-08 16:50:01,006 - INFO - backend.storage.file.order_file_handler.OrderFileHandler - (order_file_handler.py:127) - Archived order file: Equal Exchange_Collegetown_2025-10-03.xlsx
2025-10-08 16:50:01,008 - INFO - backend.storage.file.order_file_handler.OrderFileHandler - (order_file_handler.py:127) - Archived order file: Regional Distributors, Inc._Collegetown_2025-10-03.pdf
2025-10-08 16:50:01,009 - INFO - backend.storage.file.order_file_handler.OrderFileHandler - (order_file_handler.py:127) - Archived order file: Regional Distributors, Inc._Collegetown_2025-10-03.xlsx
2025-10-08 16:50:01,011 - INFO - backend.storage.file.order_file_handler.OrderFileHandler - (order_file_handler.py:127) - Archived order file: Hillcrest Dairy_Collegetown_2025-10-03.pdf
2025-10-08 16:50:01,012 - INFO - backend.storage.file.order_file_handler.OrderFileHandler - (order_file_handler.py:127) - Archived order file: Hillcrest Dairy_Collegetown_2025-10-03.xlsx
2025-10-08 16:50:01,014 - INFO - backend.storage.file.order_file_handler.OrderFileHandler - (order_file_handler.py:127) - Archived order file: Ithaca Bakery_Collegetown_2025-10-03.pdf
2025-10-08 16:50:01,016 - INFO - backend.storage.file.order_file_handler.OrderFileHandler - (order_file_handler.py:127) - Archived order file: Ithaca Bakery_Collegetown_2025-10-03.xlsx
2025-10-08 16:50:01,018 - INFO - backend.storage.file.order_file_handler.OrderFileHandler - (order_file_handler.py:127) - Archived order file: Sysco_Collegetown_2025-10-03.pdf
2025-10-08 16:50:01,019 - INFO - backend.storage.file.order_file_handler.OrderFileHandler - (order_file_handler.py:127) - Archived order file: Sysco_Collegetown_2025-10-03.xlsx
2025-10-08 16:50:01,021 - INFO - backend.storage.file.order_file_handler.OrderFileHandler - (order_file_handler.py:127) - Archived order file: US Foods_Collegetown_2025-10-03.pdf
2025-10-08 16:50:01,023 - INFO - backend.storage.file.order_file_handler.OrderFileHandler - (order_file_handler.py:127) - Archived order file: US Foods_Collegetown_2025-10-03.xlsx
2025-10-08 16:50:01,025 - INFO - backend.storage.file.order_file_handler.OrderFileHandler - (order_file_handler.py:127) - Archived order file: Performance Food_Collegetown_2025-10-03.pdf
2025-10-08 16:50:01,026 - INFO - backend.storage.file.order_file_handler.OrderFileHandler - (order_file_handler.py:127) - Archived order file: Performance Food_Collegetown_2025-10-03.xlsx
2025-10-08 16:50:01,028 - INFO - backend.storage.file.order_file_handler.OrderFileHandler - (order_file_handler.py:127) - Archived order file: Wegmans_Downtown_2025-10-04.pdf
2025-10-08 16:50:01,030 - INFO - backend.storage.file.order_file_handler.OrderFileHandler - (order_file_handler.py:127) - Archived order file: Wegmans_Downtown_2025-10-04.xlsx
2025-10-08 16:50:01,032 - INFO - backend.storage.file.order_file_handler.OrderFileHandler - (order_file_handler.py:127) - Archived order file: Peters Supply_Downtown_2025-10-03.pdf
2025-10-08 16:50:01,034 - INFO - backend.storage.file.order_file_handler.OrderFileHandler - (order_file_handler.py:127) - Archived order file: Peters Supply_Downtown_2025-10-03.xlsx
2025-10-08 16:50:01,036 - INFO - backend.storage.file.order_file_handler.OrderFileHandler - (order_file_handler.py:127) - Archived order file: FingerLakes Farms_Downtown_2025-10-03.pdf
2025-10-08 16:50:01,037 - INFO - backend.storage.file.order_file_handler.OrderFileHandler - (order_file_handler.py:127) - Archived order file: FingerLakes Farms_Downtown_2025-10-03.xlsx
2025-10-08 16:50:01,039 - INFO - backend.storage.file.order_file_handler.OrderFileHandler - (order_file_handler.py:127) - Archived order file: Hillcrest Dairy_Downtown_2025-10-03.pdf
2025-10-08 16:50:01,040 - INFO - backend.storage.file.order_file_handler.OrderFileHandler - (order_file_handler.py:127) - Archived order file: Hillcrest Dairy_Downtown_2025-10-03.xlsx
2025-10-08 16:50:01,042 - INFO - backend.storage.file.order_file_handler.OrderFileHandler - (order_file_handler.py:127) - Archived order file: Performance Food_Downtown_2025-10-03.pdf
2025-10-08 16:50:01,044 - INFO - backend.storage.file.order_file_handler.OrderFileHandler - (order_file_handler.py:127) - Archived order file: Performance Food_Downtown_2025-10-03.xlsx
2025-10-08 16:50:01,046 - INFO - backend.storage.file.order_file_handler.OrderFileHandler - (order_file_handler.py:127) - Archived order file: UNFI_Downtown_2025-10-03.pdf
2025-10-08 16:50:01,047 - INFO - backend.storage.file.order_file_handler.OrderFileHandler - (order_file_handler.py:127) - Archived order file: UNFI_Downtown_2025-10-03.xlsx
2025-10-08 16:50:01,049 - INFO - backend.storage.file.order_file_handler.OrderFileHandler - (order_file_handler.py:127) - Archived order file: Coca-Cola_Downtown_2025-10-03.pdf
2025-10-08 16:50:01,050 - INFO - backend.storage.file.order_file_handler.OrderFileHandler - (order_file_handler.py:127) - Archived order file: Coca-Cola_Downtown_2025-10-03.xlsx
2025-10-08 16:50:01,052 - INFO - backend.storage.file.order_file_handler.OrderFileHandler - (order_file_handler.py:127) - Archived order file: Sysco_Downtown_2025-10-03.pdf
2025-10-08 16:50:01,054 - INFO - backend.storage.file.order_file_handler.OrderFileHandler - (order_file_handler.py:127) - Archived order file: Sysco_Downtown_2025-10-03.xlsx
2025-10-08 16:50:01,055 - INFO - backend.storage.file.order_file_handler.OrderFileHandler - (order_file_handler.py:127) - Archived order file: KEHE DISTRIBUTORS_Downtown_2025-10-03.pdf
2025-10-08 16:50:01,057 - INFO - backend.storage.file.order_file_handler.OrderFileHandler - (order_file_handler.py:127) - Archived order file: KEHE DISTRIBUTORS_Downtown_2025-10-03.xlsx
2025-10-08 16:50:01,059 - INFO - backend.storage.file.order_file_handler.OrderFileHandler - (order_file_handler.py:127) - Archived order file: Johnston Paper_Downtown_2025-10-03.pdf
2025-10-08 16:50:01,060 - INFO - backend.storage.file.order_file_handler.OrderFileHandler - (order_file_handler.py:127) - Archived order file: Johnston Paper_Downtown_2025-10-03.xlsx
2025-10-08 16:50:01,062 - INFO - backend.storage.file.order_file_handler.OrderFileHandler - (order_file_handler.py:127) - Archived order file: SANICO_Downtown_2025-10-03.pdf
2025-10-08 16:50:01,064 - INFO - backend.storage.file.order_file_handler.OrderFileHandler - (order_file_handler.py:127) - Archived order file: SANICO_Downtown_2025-10-03.xlsx
2025-10-08 16:50:01,065 - INFO - backend.storage.file.order_file_handler.OrderFileHandler - (order_file_handler.py:127) - Archived order file: Equal Exchange_Downtown_2025-10-03.pdf
2025-10-08 16:50:01,067 - INFO - backend.storage.file.order_file_handler.OrderFileHandler - (order_file_handler.py:127) - Archived order file: Equal Exchange_Downtown_2025-10-03.xlsx
2025-10-08 16:50:01,069 - INFO - backend.storage.file.order_file_handler.OrderFileHandler - (order_file_handler.py:127) - Archived order file: Hill & Markes_Downtown_2025-10-03.pdf
2025-10-08 16:50:01,070 - INFO - backend.storage.file.order_file_handler.OrderFileHandler - (order_file_handler.py:127) - Archived order file: Hill & Markes_Downtown_2025-10-03.xlsx
2025-10-08 16:50:01,072 - INFO - backend.storage.file.order_file_handler.OrderFileHandler - (order_file_handler.py:127) - Archived order file: Copper Horse Coffee_Downtown_2025-10-03.pdf
2025-10-08 16:50:01,073 - INFO - backend.storage.file.order_file_handler.OrderFileHandler - (order_file_handler.py:127) - Archived order file: Copper Horse Coffee_Downtown_2025-10-03.xlsx
2025-10-08 16:50:01,075 - INFO - backend.storage.file.order_file_handler.OrderFileHandler - (order_file_handler.py:127) - Archived order file: Regional Distributors, Inc._Downtown_2025-10-03.pdf
2025-10-08 16:50:01,077 - INFO - backend.storage.file.order_file_handler.OrderFileHandler - (order_file_handler.py:127) - Archived order file: Regional Distributors, Inc._Downtown_2025-10-03.xlsx
2025-10-08 16:50:01,078 - INFO - backend.storage.file.order_file_handler.OrderFileHandler - (order_file_handler.py:127) - Archived order file: US Foods_Downtown_2025-10-03.pdf
2025-10-08 16:50:01,080 - INFO - backend.storage.file.order_file_handler.OrderFileHandler - (order_file_handler.py:127) - Archived order file: US Foods_Downtown_2025-10-03.xlsx
2025-10-08 16:50:01,082 - INFO - backend.storage.file.order_file_handler.OrderFileHandler - (order_file_handler.py:127) - Archived order file: Ithaca Bakery_Downtown_2025-10-03.pdf
2025-10-08 16:50:01,083 - INFO - backend.storage.file.order_file_handler.OrderFileHandler - (order_file_handler.py:127) - Archived order file: Ithaca Bakery_Downtown_2025-10-03.xlsx
2025-10-08 16:50:01,085 - INFO - backend.storage.file.order_file_handler.OrderFileHandler - (order_file_handler.py:127) - Archived order file: Creative Converting_Easthill_2025-10-04.pdf
2025-10-08 16:50:01,086 - INFO - backend.storage.file.order_file_handler.OrderFileHandler - (order_file_handler.py:127) - Archived order file: Creative Converting_Easthill_2025-10-04.xlsx
2025-10-08 16:50:01,088 - INFO - backend.storage.file.order_file_handler.OrderFileHandler - (order_file_handler.py:127) - Archived order file: Hen of the Woods_Easthill_2025-10-04.pdf
2025-10-08 16:50:01,089 - INFO - backend.storage.file.order_file_handler.OrderFileHandler - (order_file_handler.py:127) - Archived order file: Hen of the Woods_Easthill_2025-10-04.xlsx
2025-10-08 16:50:01,091 - INFO - backend.storage.file.order_file_handler.OrderFileHandler - (order_file_handler.py:127) - Archived order file: Worlds Best Cheeses_Easthill_2025-10-04.pdf
2025-10-08 16:50:01,092 - INFO - backend.storage.file.order_file_handler.OrderFileHandler - (order_file_handler.py:127) - Archived order file: Worlds Best Cheeses_Easthill_2025-10-04.xlsx
2025-10-08 16:50:01,094 - INFO - backend.storage.file.order_file_handler.OrderFileHandler - (order_file_handler.py:127) - Archived order file: Webstaurant_Easthill_2025-10-04.pdf
2025-10-08 16:50:01,095 - INFO - backend.storage.file.order_file_handler.OrderFileHandler - (order_file_handler.py:127) - Archived order file: Webstaurant_Easthill_2025-10-04.xlsx
2025-10-08 16:50:01,098 - INFO - backend.storage.file.order_file_handler.OrderFileHandler - (order_file_handler.py:127) - Archived order file: BALKAN BEVERAGE LLC_Easthill_2025-10-04.pdf
2025-10-08 16:50:01,099 - INFO - backend.storage.file.order_file_handler.OrderFileHandler - (order_file_handler.py:127) - Archived order file: BALKAN BEVERAGE LLC_Easthill_2025-10-04.xlsx
2025-10-08 16:50:01,101 - INFO - backend.storage.file.order_file_handler.OrderFileHandler - (order_file_handler.py:127) - Archived order file: DUTCH VALLEY FOOD DIST_Easthill_2025-10-04.pdf
2025-10-08 16:50:01,102 - INFO - backend.storage.file.order_file_handler.OrderFileHandler - (order_file_handler.py:127) - Archived order file: DUTCH VALLEY FOOD DIST_Easthill_2025-10-04.xlsx
2025-10-08 16:50:01,104 - INFO - backend.storage.file.order_file_handler.OrderFileHandler - (order_file_handler.py:127) - Archived order file: FingerLakes Farms_Easthill_2025-10-04.pdf
2025-10-08 16:50:01,105 - INFO - backend.storage.file.order_file_handler.OrderFileHandler - (order_file_handler.py:127) - Archived order file: FingerLakes Farms_Easthill_2025-10-04.xlsx
2025-10-08 16:50:01,107 - INFO - backend.storage.file.order_file_handler.OrderFileHandler - (order_file_handler.py:127) - Archived order file: Johnston Paper_Easthill_2025-10-04.pdf
2025-10-08 16:50:01,109 - INFO - backend.storage.file.order_file_handler.OrderFileHandler - (order_file_handler.py:127) - Archived order file: Johnston Paper_Easthill_2025-10-04.xlsx
2025-10-08 16:50:01,110 - INFO - backend.storage.file.order_file_handler.OrderFileHandler - (order_file_handler.py:127) - Archived order file: Hillcrest Dairy_Easthill_2025-10-04.pdf
2025-10-08 16:50:01,112 - INFO - backend.storage.file.order_file_handler.OrderFileHandler - (order_file_handler.py:127) - Archived order file: Hillcrest Dairy_Easthill_2025-10-04.xlsx
2025-10-08 16:50:01,114 - INFO - backend.storage.file.order_file_handler.OrderFileHandler - (order_file_handler.py:127) - Archived order file: UNFI_Easthill_2025-10-04.pdf
2025-10-08 16:50:01,115 - INFO - backend.storage.file.order_file_handler.OrderFileHandler - (order_file_handler.py:127) - Archived order file: UNFI_Easthill_2025-10-04.xlsx
2025-10-08 16:50:01,117 - INFO - backend.storage.file.order_file_handler.OrderFileHandler - (order_file_handler.py:127) - Archived order file: Hill & Markes_Easthill_2025-10-04.pdf
2025-10-08 16:50:01,118 - INFO - backend.storage.file.order_file_handler.OrderFileHandler - (order_file_handler.py:127) - Archived order file: Hill & Markes_Easthill_2025-10-04.xlsx
2025-10-08 16:50:01,120 - INFO - backend.storage.file.order_file_handler.OrderFileHandler - (order_file_handler.py:127) - Archived order file: Copper Horse Coffee_Easthill_2025-10-04.pdf
2025-10-08 16:50:01,121 - INFO - backend.storage.file.order_file_handler.OrderFileHandler - (order_file_handler.py:127) - Archived order file: Copper Horse Coffee_Easthill_2025-10-04.xlsx
2025-10-08 16:50:01,123 - INFO - backend.storage.file.order_file_handler.OrderFileHandler - (order_file_handler.py:127) - Archived order file: Regional Distributors, Inc._Easthill_2025-10-04.pdf
2025-10-08 16:50:01,126 - INFO - backend.storage.file.order_file_handler.OrderFileHandler - (order_file_handler.py:127) - Archived order file: Regional Distributors, Inc._Easthill_2025-10-04.xlsx
2025-10-08 16:50:01,127 - INFO - backend.storage.file.order_file_handler.OrderFileHandler - (order_file_handler.py:127) - Archived order file: Coca-Cola_Easthill_2025-10-04.pdf
2025-10-08 16:50:01,129 - INFO - backend.storage.file.order_file_handler.OrderFileHandler - (order_file_handler.py:127) - Archived order file: Coca-Cola_Easthill_2025-10-04.xlsx
2025-10-08 16:50:01,130 - INFO - backend.storage.file.order_file_handler.OrderFileHandler - (order_file_handler.py:127) - Archived order file: Hillcrest Foods_Easthill_2025-10-04.pdf
2025-10-08 16:50:01,132 - INFO - backend.storage.file.order_file_handler.OrderFileHandler - (order_file_handler.py:127) - Archived order file: Hillcrest Foods_Easthill_2025-10-04.xlsx
2025-10-08 16:50:01,133 - INFO - backend.storage.file.order_file_handler.OrderFileHandler - (order_file_handler.py:127) - Archived order file: Bo's Bones_Easthill_2025-10-04.pdf
2025-10-08 16:50:01,135 - INFO - backend.storage.file.order_file_handler.OrderFileHandler - (order_file_handler.py:127) - Archived order file: Bo's Bones_Easthill_2025-10-04.xlsx
2025-10-08 16:50:01,137 - INFO - backend.storage.file.order_file_handler.OrderFileHandler - (order_file_handler.py:127) - Archived order file: US Foods_Easthill_2025-10-04.pdf
2025-10-08 16:50:01,138 - INFO - backend.storage.file.order_file_handler.OrderFileHandler - (order_file_handler.py:127) - Archived order file: US Foods_Easthill_2025-10-04.xlsx
2025-10-08 16:50:01,140 - INFO - backend.storage.file.order_file_handler.OrderFileHandler - (order_file_handler.py:127) - Archived order file: Peters Supply_Easthill_2025-10-04.pdf
2025-10-08 16:50:01,142 - INFO - backend.storage.file.order_file_handler.OrderFileHandler - (order_file_handler.py:127) - Archived order file: Peters Supply_Easthill_2025-10-04.xlsx
2025-10-08 16:50:01,144 - INFO - backend.storage.file.order_file_handler.OrderFileHandler - (order_file_handler.py:127) - Archived order file: Performance Food_Easthill_2025-10-04.pdf
2025-10-08 16:50:01,145 - INFO - backend.storage.file.order_file_handler.OrderFileHandler - (order_file_handler.py:127) - Archived order file: Performance Food_Easthill_2025-10-04.xlsx
2025-10-08 16:50:01,147 - INFO - backend.storage.file.order_file_handler.OrderFileHandler - (order_file_handler.py:127) - Archived order file: Equal Exchange_Easthill_2025-10-04.pdf
2025-10-08 16:50:01,148 - INFO - backend.storage.file.order_file_handler.OrderFileHandler - (order_file_handler.py:127) - Archived order file: Equal Exchange_Easthill_2025-10-04.xlsx
2025-10-08 16:50:01,150 - INFO - backend.storage.file.order_file_handler.OrderFileHandler - (order_file_handler.py:127) - Archived order file: Ithaca Bakery_Easthill_2025-10-04.pdf
2025-10-08 16:50:01,151 - INFO - backend.storage.file.order_file_handler.OrderFileHandler - (order_file_handler.py:127) - Archived order file: Ithaca Bakery_Easthill_2025-10-04.xlsx
2025-10-08 16:50:01,153 - INFO - backend.storage.file.order_file_handler.OrderFileHandler - (order_file_handler.py:127) - Archived order file: Sysco_Easthill_2025-10-04.pdf
2025-10-08 16:50:01,154 - INFO - backend.storage.file.order_file_handler.OrderFileHandler - (order_file_handler.py:127) - Archived order file: Sysco_Easthill_2025-10-04.xlsx
2025-10-08 16:50:01,156 - INFO - backend.storage.file.order_file_handler.OrderFileHandler - (order_file_handler.py:127) - Archived order file: SANICO_Bakery_2025-10-07.pdf
2025-10-08 16:50:01,158 - INFO - backend.storage.file.order_file_handler.OrderFileHandler - (order_file_handler.py:127) - Archived order file: SANICO_Bakery_2025-10-07.xlsx
2025-10-08 16:50:01,159 - INFO - backend.storage.file.order_file_handler.OrderFileHandler - (order_file_handler.py:127) - Archived order file: Peters Supply_Bakery_2025-10-07.pdf
2025-10-08 16:50:01,161 - INFO - backend.storage.file.order_file_handler.OrderFileHandler - (order_file_handler.py:127) - Archived order file: Peters Supply_Bakery_2025-10-07.xlsx
2025-10-08 16:50:01,162 - INFO - backend.storage.file.order_file_handler.OrderFileHandler - (order_file_handler.py:127) - Archived order file: Johnston Paper_Bakery_2025-10-07.pdf
2025-10-08 16:50:01,164 - INFO - backend.storage.file.order_file_handler.OrderFileHandler - (order_file_handler.py:127) - Archived order file: Johnston Paper_Bakery_2025-10-07.xlsx
2025-10-08 16:50:01,165 - INFO - backend.storage.file.order_file_handler.OrderFileHandler - (order_file_handler.py:127) - Archived order file: Side Hill Acres_Bakery_2025-10-06.pdf
2025-10-08 16:50:01,167 - INFO - backend.storage.file.order_file_handler.OrderFileHandler - (order_file_handler.py:127) - Archived order file: Side Hill Acres_Bakery_2025-10-06.xlsx
2025-10-08 16:50:01,168 - INFO - backend.storage.file.order_file_handler.OrderFileHandler - (order_file_handler.py:127) - Archived order file: Atlantic Spice Company_Bakery_2025-10-06.pdf
2025-10-08 16:50:01,170 - INFO - backend.storage.file.order_file_handler.OrderFileHandler - (order_file_handler.py:127) - Archived order file: Atlantic Spice Company_Bakery_2025-10-06.xlsx
2025-10-08 16:50:01,171 - INFO - backend.storage.file.order_file_handler.OrderFileHandler - (order_file_handler.py:127) - Archived order file: Dawn_Bakery_2025-10-06.pdf
2025-10-08 16:50:01,173 - INFO - backend.storage.file.order_file_handler.OrderFileHandler - (order_file_handler.py:127) - Archived order file: Dawn_Bakery_2025-10-06.xlsx
2025-10-08 16:50:01,174 - INFO - backend.storage.file.order_file_handler.OrderFileHandler - (order_file_handler.py:127) - Archived order file: Keck's Food Service_Bakery_2025-10-06.pdf
2025-10-08 16:50:01,176 - INFO - backend.storage.file.order_file_handler.OrderFileHandler - (order_file_handler.py:127) - Archived order file: Keck's Food Service_Bakery_2025-10-06.xlsx
2025-10-08 16:50:01,177 - INFO - backend.storage.file.order_file_handler.OrderFileHandler - (order_file_handler.py:127) - Archived order file: BALKAN BEVERAGE LLC_Bakery_2025-10-06.pdf
2025-10-08 16:50:01,179 - INFO - backend.storage.file.order_file_handler.OrderFileHandler - (order_file_handler.py:127) - Archived order file: BALKAN BEVERAGE LLC_Bakery_2025-10-06.xlsx
2025-10-08 16:50:01,180 - INFO - backend.storage.file.order_file_handler.OrderFileHandler - (order_file_handler.py:127) - Archived order file: A.L. George_Bakery_2025-10-06.pdf
2025-10-08 16:50:01,182 - INFO - backend.storage.file.order_file_handler.OrderFileHandler - (order_file_handler.py:127) - Archived order file: A.L. George_Bakery_2025-10-06.xlsx
2025-10-08 16:50:01,183 - INFO - backend.storage.file.order_file_handler.OrderFileHandler - (order_file_handler.py:127) - Archived order file: Lentz_Bakery_2025-10-06.pdf
2025-10-08 16:50:01,185 - INFO - backend.storage.file.order_file_handler.OrderFileHandler - (order_file_handler.py:127) - Archived order file: Lentz_Bakery_2025-10-06.xlsx
2025-10-08 16:50:01,186 - INFO - backend.storage.file.order_file_handler.OrderFileHandler - (order_file_handler.py:127) - Archived order file: Regional Distributors, Inc._Bakery_2025-10-06.pdf
2025-10-08 16:50:01,188 - INFO - backend.storage.file.order_file_handler.OrderFileHandler - (order_file_handler.py:127) - Archived order file: Regional Distributors, Inc._Bakery_2025-10-06.xlsx
2025-10-08 16:50:01,190 - INFO - backend.storage.file.order_file_handler.OrderFileHandler - (order_file_handler.py:127) - Archived order file: Hillcrest Foods_Bakery_2025-10-06.pdf
2025-10-08 16:50:01,191 - INFO - backend.storage.file.order_file_handler.OrderFileHandler - (order_file_handler.py:127) - Archived order file: Hillcrest Foods_Bakery_2025-10-06.xlsx
2025-10-08 16:50:01,193 - INFO - backend.storage.file.order_file_handler.OrderFileHandler - (order_file_handler.py:127) - Archived order file: Hillcrest Dairy_Bakery_2025-10-05.pdf
2025-10-08 16:50:01,194 - INFO - backend.storage.file.order_file_handler.OrderFileHandler - (order_file_handler.py:127) - Archived order file: Hillcrest Dairy_Bakery_2025-10-05.xlsx
2025-10-08 16:50:01,196 - INFO - backend.storage.file.order_file_handler.OrderFileHandler - (order_file_handler.py:127) - Archived order file: Hill & Markes_Bakery_2025-10-05.pdf
2025-10-08 16:50:01,197 - INFO - backend.storage.file.order_file_handler.OrderFileHandler - (order_file_handler.py:127) - Archived order file: Hill & Markes_Bakery_2025-10-05.xlsx
2025-10-08 16:50:01,199 - INFO - backend.storage.file.order_file_handler.OrderFileHandler - (order_file_handler.py:127) - Archived order file: Equal Exchange_Bakery_2025-10-05.pdf
2025-10-08 16:50:01,200 - INFO - backend.storage.file.order_file_handler.OrderFileHandler - (order_file_handler.py:127) - Archived order file: Equal Exchange_Bakery_2025-10-05.xlsx
2025-10-08 16:50:01,202 - INFO - backend.storage.file.order_file_handler.OrderFileHandler - (order_file_handler.py:127) - Archived order file: Copper Horse Coffee_Bakery_2025-10-05.pdf
2025-10-08 16:50:01,204 - INFO - backend.storage.file.order_file_handler.OrderFileHandler - (order_file_handler.py:127) - Archived order file: Copper Horse Coffee_Bakery_2025-10-05.xlsx
2025-10-08 16:50:01,205 - INFO - backend.storage.file.order_file_handler.OrderFileHandler - (order_file_handler.py:127) - Archived order file: US Foods_Bakery_2025-10-05.pdf
2025-10-08 16:50:01,207 - INFO - backend.storage.file.order_file_handler.OrderFileHandler - (order_file_handler.py:127) - Archived order file: US Foods_Bakery_2025-10-05.xlsx
2025-10-08 16:50:01,209 - INFO - backend.storage.file.order_file_handler.OrderFileHandler - (order_file_handler.py:127) - Archived order file: Odeko In._Bakery_2025-10-05.pdf
2025-10-08 16:50:01,210 - INFO - backend.storage.file.order_file_handler.OrderFileHandler - (order_file_handler.py:127) - Archived order file: Odeko In._Bakery_2025-10-05.xlsx
2025-10-08 16:50:01,212 - INFO - backend.storage.file.order_file_handler.OrderFileHandler - (order_file_handler.py:127) - Archived order file: UNFI_Bakery_2025-10-04.pdf
2025-10-08 16:50:01,213 - INFO - backend.storage.file.order_file_handler.OrderFileHandler - (order_file_handler.py:127) - Archived order file: UNFI_Bakery_2025-10-04.xlsx
2025-10-08 16:50:01,215 - INFO - backend.storage.file.order_file_handler.OrderFileHandler - (order_file_handler.py:127) - Archived order file: BEHLOG & SON, INC._Triphammer_2025-10-05.pdf
2025-10-08 16:50:01,217 - INFO - backend.storage.file.order_file_handler.OrderFileHandler - (order_file_handler.py:127) - Archived order file: BEHLOG & SON, INC._Triphammer_2025-10-05.xlsx
2025-10-08 16:50:01,218 - INFO - backend.storage.file.order_file_handler.OrderFileHandler - (order_file_handler.py:127) - Archived order file: FingerLakes Farms_Bakery_2025-10-05.pdf
2025-10-08 16:50:01,220 - INFO - backend.storage.file.order_file_handler.OrderFileHandler - (order_file_handler.py:127) - Archived order file: FingerLakes Farms_Bakery_2025-10-05.xlsx
2025-10-08 16:50:01,221 - INFO - backend.storage.file.order_file_handler.OrderFileHandler - (order_file_handler.py:127) - Archived order file: Performance Food_Bakery_2025-10-05.pdf
2025-10-08 16:50:01,223 - INFO - backend.storage.file.order_file_handler.OrderFileHandler - (order_file_handler.py:127) - Archived order file: Performance Food_Bakery_2025-10-05.xlsx
2025-10-08 16:50:01,225 - INFO - backend.storage.file.order_file_handler.OrderFileHandler - (order_file_handler.py:127) - Archived order file: Sysco_Bakery_2025-10-05.pdf
2025-10-08 16:50:01,226 - INFO - backend.storage.file.order_file_handler.OrderFileHandler - (order_file_handler.py:127) - Archived order file: Sysco_Bakery_2025-10-05.xlsx
2025-10-08 16:50:01,228 - INFO - backend.storage.file.order_file_handler.OrderFileHandler - (order_file_handler.py:127) - Archived order file: Sysco_Triphammer_2025-10-03.pdf
2025-10-08 16:50:01,229 - INFO - backend.storage.file.order_file_handler.OrderFileHandler - (order_file_handler.py:127) - Archived order file: Sysco_Triphammer_2025-10-03.xlsx
2025-10-08 16:50:01,231 - INFO - backend.storage.file.order_file_handler.OrderFileHandler - (order_file_handler.py:127) - Archived order file: Fingerlakes Artisen Foods_Triphammer_2025-10-03.xlsx
2025-10-08 16:50:01,231 - INFO - cli.cli.CLI - (cli.py:421) - Command 'archive_orders' executed successfully.
2025-10-08 16:50:07,442 - INFO - cli.cli.CLI - (cli.py:419) - Dispatching command: archive_orders (args=['--stores', 'Bakery', 'Easthill', 'Downtown', 'Collegetown', 'Triphammer'])
2025-10-08 16:50:07,443 - INFO - backend.bots.workbot.work_bot.WorkBot - (work_bot.py:94) - Retrieving orders for: stores=[['Bakery', 'Easthill', 'Downtown', 'Collegetown', 'Triphammer']], vendors=[[]], formats=[['xlsx']]
2025-10-08 16:50:07,443 - INFO - backend.bots.workbot.work_bot.WorkBot - (work_bot.py:90) - Retrieving order files for: stores=[['Bakery', 'Easthill', 'Downtown', 'Collegetown', 'Triphammer']], vendors=[[]], formats=[['xlsx']]
2025-10-08 16:50:07,443 - INFO - backend.storage.file.order_file_handler.OrderFileHandler - (order_file_handler.py:65) - Retrieving order files: stores=[['Bakery', 'Easthill', 'Downtown', 'Collegetown', 'Triphammer']], vendors=[All vendors], formats=['xlsx']
2025-10-08 16:50:07,452 - INFO - backend.storage.file.order_file_handler.OrderFileHandler - (order_file_handler.py:107) - Retrieved 0 order files.
2025-10-08 16:50:07,452 - INFO - backend.coordinators.order_coordinator.OrderCoordinator - (order_coordinator.py:52) - Reading 0 order files.
2025-10-08 16:50:07,453 - INFO - cli.cli.CLI - (cli.py:421) - Command 'archive_orders' executed successfully.
2025-10-11 07:11:48,815 - INFO - backend.bots.workbot.work_bot.WorkBot - (work_bot.py:54) - Initializing WorkBot...
2025-10-11 07:11:48,855 - INFO - backend.bots.workbot.work_bot.WorkBot - (work_bot.py:74) - WorkBot initialized successfully.
2025-10-11 07:11:48,856 - INFO - cli.cli.CLI - (cli.py:40) - Initializing CLI.
2025-10-11 07:11:48,874 - INFO - cli.cli.CLI - (cli.py:95) - Loaded command history from C:\Users\andrew\Desktop\Andrew\Projects\IthacaBakery\RandomStuff\WorkBot\refactor\data\cli\.cli_history
2025-10-11 07:11:48,874 - INFO - cli.cli.CLI - (cli.py:48) - CLI initialized successfully with 24 commands.
2025-10-11 07:11:48,875 - INFO - cli.cli.CLI - (cli.py:321) - CLI session started.
2025-10-11 07:14:56,909 - INFO - cli.cli.CLI - (cli.py:419) - Dispatching command: download_orders (args=['--stores', 'Bakery'])
2025-10-11 07:15:03,605 - INFO - backend.bots.craftable_bot.craftable_bot.CraftableBot - (craftable_bot.py:136) - Logging into Craftable.
2025-10-11 07:15:11,170 - INFO - backend.bots.craftable_bot.craftable_bot.CraftableBot - (craftable_bot.py:160) - Login successful.
2025-10-11 07:15:11,170 - INFO - backend.bots.craftable_bot.craftable_bot.CraftableBot - (craftable_bot.py:259) - Starting order download protocol.
2025-10-11 07:15:11,170 - INFO - backend.bots.craftable_bot.craftable_bot.CraftableBot - (craftable_bot.py:262) - Accessing order page for Bakery.
2025-10-11 07:15:17,865 - INFO - backend.bots.craftable_bot.craftable_bot.CraftableBot - (craftable_bot.py:303) - Retrieving order for J.Mills (10/04/2025).
2025-10-11 07:15:19,240 - INFO - backend.bots.craftable_bot.craftable_bot.CraftableBot - (craftable_bot.py:1031) - [Order Update] Initiating update protocol for Bakery / J.Mills / 20251004.
2025-10-11 07:15:19,241 - INFO - backend.coordinators.order_coordinator.OrderCoordinator - (order_coordinator.py:195) - [Order Update] No existing file at C:\Users\andrew\Desktop\Andrew\Projects\IthacaBakery\RandomStuff\WorkBot\refactor\data\orders\J.Mills\J.Mills_Bakery_2025-10-04.xlsx. Proceeding with save.
2025-10-11 07:15:19,242 - INFO - backend.bots.craftable_bot.craftable_bot.CraftableBot - (craftable_bot.py:317) - Saving order for J.Mills.
2025-10-11 07:15:21,343 - INFO - backend.coordinators.order_coordinator.OrderCoordinator - (order_coordinator.py:252) - Moved downloaded PDF to: C:\Users\andrew\Desktop\Andrew\Projects\IthacaBakery\RandomStuff\WorkBot\refactor\data\orders\J.Mills\J.Mills_Bakery_2025-10-04.pdf
2025-10-11 07:15:23,705 - INFO - backend.bots.craftable_bot.craftable_bot.CraftableBot - (craftable_bot.py:303) - Retrieving order for Webstaurant (10/04/2025).
2025-10-11 07:15:25,385 - INFO - backend.bots.craftable_bot.craftable_bot.CraftableBot - (craftable_bot.py:1031) - [Order Update] Initiating update protocol for Bakery / Webstaurant / 20251004.
2025-10-11 07:15:25,385 - INFO - backend.coordinators.order_coordinator.OrderCoordinator - (order_coordinator.py:195) - [Order Update] No existing file at C:\Users\andrew\Desktop\Andrew\Projects\IthacaBakery\RandomStuff\WorkBot\refactor\data\orders\Webstaurant\Webstaurant_Bakery_2025-10-04.xlsx. Proceeding with save.
2025-10-11 07:15:25,386 - INFO - backend.bots.craftable_bot.craftable_bot.CraftableBot - (craftable_bot.py:317) - Saving order for Webstaurant.
2025-10-11 07:15:27,447 - INFO - backend.coordinators.order_coordinator.OrderCoordinator - (order_coordinator.py:252) - Moved downloaded PDF to: C:\Users\andrew\Desktop\Andrew\Projects\IthacaBakery\RandomStuff\WorkBot\refactor\data\orders\Webstaurant\Webstaurant_Bakery_2025-10-04.pdf
2025-10-11 07:15:29,823 - INFO - backend.bots.craftable_bot.craftable_bot.CraftableBot - (craftable_bot.py:303) - Retrieving order for Harney and Sons Tea (10/05/2025).
2025-10-11 07:15:31,071 - INFO - backend.bots.craftable_bot.craftable_bot.CraftableBot - (craftable_bot.py:1031) - [Order Update] Initiating update protocol for Bakery / Harney and Sons Tea / 20251005.
2025-10-11 07:15:31,071 - INFO - backend.coordinators.order_coordinator.OrderCoordinator - (order_coordinator.py:195) - [Order Update] No existing file at C:\Users\andrew\Desktop\Andrew\Projects\IthacaBakery\RandomStuff\WorkBot\refactor\data\orders\Harney and Sons Tea\Harney and Sons Tea_Bakery_2025-10-05.xlsx. Proceeding with save.
2025-10-11 07:15:31,072 - INFO - backend.bots.craftable_bot.craftable_bot.CraftableBot - (craftable_bot.py:317) - Saving order for Harney and Sons Tea.
2025-10-11 07:15:33,123 - INFO - backend.coordinators.order_coordinator.OrderCoordinator - (order_coordinator.py:252) - Moved downloaded PDF to: C:\Users\andrew\Desktop\Andrew\Projects\IthacaBakery\RandomStuff\WorkBot\refactor\data\orders\Harney and Sons Tea\Harney and Sons Tea_Bakery_2025-10-05.pdf
2025-10-11 07:15:35,479 - INFO - backend.bots.craftable_bot.craftable_bot.CraftableBot - (craftable_bot.py:303) - Retrieving order for Coca-Cola (10/05/2025).
2025-10-11 07:15:37,087 - INFO - backend.bots.craftable_bot.craftable_bot.CraftableBot - (craftable_bot.py:1031) - [Order Update] Initiating update protocol for Bakery / Coca-Cola / 20251005.
2025-10-11 07:15:37,088 - INFO - backend.coordinators.order_coordinator.OrderCoordinator - (order_coordinator.py:195) - [Order Update] No existing file at C:\Users\andrew\Desktop\Andrew\Projects\IthacaBakery\RandomStuff\WorkBot\refactor\data\orders\Coca-Cola\Coca-Cola_Bakery_2025-10-05.xlsx. Proceeding with save.
2025-10-11 07:15:37,088 - INFO - backend.bots.craftable_bot.craftable_bot.CraftableBot - (craftable_bot.py:317) - Saving order for Coca-Cola.
2025-10-11 07:15:39,150 - INFO - backend.coordinators.order_coordinator.OrderCoordinator - (order_coordinator.py:252) - Moved downloaded PDF to: C:\Users\andrew\Desktop\Andrew\Projects\IthacaBakery\RandomStuff\WorkBot\refactor\data\orders\Coca-Cola\Coca-Cola_Bakery_2025-10-05.pdf
2025-10-11 07:15:41,519 - INFO - backend.bots.craftable_bot.craftable_bot.CraftableBot - (craftable_bot.py:303) - Retrieving order for DUTCH VALLEY FOOD DIST (10/05/2025).
2025-10-11 07:15:43,612 - INFO - backend.bots.craftable_bot.craftable_bot.CraftableBot - (craftable_bot.py:1031) - [Order Update] Initiating update protocol for Bakery / DUTCH VALLEY FOOD DIST / 20251005.
2025-10-11 07:15:43,612 - INFO - backend.coordinators.order_coordinator.OrderCoordinator - (order_coordinator.py:195) - [Order Update] No existing file at C:\Users\andrew\Desktop\Andrew\Projects\IthacaBakery\RandomStuff\WorkBot\refactor\data\orders\DUTCH VALLEY FOOD DIST\DUTCH VALLEY FOOD DIST_Bakery_2025-10-05.xlsx. Proceeding with save.
2025-10-11 07:15:43,612 - INFO - backend.bots.craftable_bot.craftable_bot.CraftableBot - (craftable_bot.py:317) - Saving order for DUTCH VALLEY FOOD DIST.
2025-10-11 07:15:45,684 - INFO - backend.coordinators.order_coordinator.OrderCoordinator - (order_coordinator.py:252) - Moved downloaded PDF to: C:\Users\andrew\Desktop\Andrew\Projects\IthacaBakery\RandomStuff\WorkBot\refactor\data\orders\DUTCH VALLEY FOOD DIST\DUTCH VALLEY FOOD DIST_Bakery_2025-10-05.pdf
2025-10-11 07:15:48,036 - INFO - backend.bots.craftable_bot.craftable_bot.CraftableBot - (craftable_bot.py:303) - Retrieving order for BJ's (10/06/2025).
2025-10-11 07:15:49,240 - INFO - backend.bots.craftable_bot.craftable_bot.CraftableBot - (craftable_bot.py:1031) - [Order Update] Initiating update protocol for Bakery / BJ's / 20251006.
2025-10-11 07:15:49,240 - INFO - backend.coordinators.order_coordinator.OrderCoordinator - (order_coordinator.py:195) - [Order Update] No existing file at C:\Users\andrew\Desktop\Andrew\Projects\IthacaBakery\RandomStuff\WorkBot\refactor\data\orders\BJ's\BJ's_Bakery_2025-10-06.xlsx. Proceeding with save.
2025-10-11 07:15:49,240 - INFO - backend.bots.craftable_bot.craftable_bot.CraftableBot - (craftable_bot.py:317) - Saving order for BJ's.
2025-10-11 07:15:51,290 - INFO - backend.coordinators.order_coordinator.OrderCoordinator - (order_coordinator.py:252) - Moved downloaded PDF to: C:\Users\andrew\Desktop\Andrew\Projects\IthacaBakery\RandomStuff\WorkBot\refactor\data\orders\BJ's\BJ's_Bakery_2025-10-06.pdf
2025-10-11 07:15:53,638 - INFO - backend.bots.craftable_bot.craftable_bot.CraftableBot - (craftable_bot.py:303) - Retrieving order for Qualita (10/07/2025).
2025-10-11 07:15:54,822 - INFO - backend.bots.craftable_bot.craftable_bot.CraftableBot - (craftable_bot.py:1031) - [Order Update] Initiating update protocol for Bakery / Qualita / 20251007.
2025-10-11 07:15:54,822 - INFO - backend.coordinators.order_coordinator.OrderCoordinator - (order_coordinator.py:195) - [Order Update] No existing file at C:\Users\andrew\Desktop\Andrew\Projects\IthacaBakery\RandomStuff\WorkBot\refactor\data\orders\Qualita\Qualita_Bakery_2025-10-07.xlsx. Proceeding with save.
2025-10-11 07:15:54,822 - INFO - backend.bots.craftable_bot.craftable_bot.CraftableBot - (craftable_bot.py:317) - Saving order for Qualita.
2025-10-11 07:15:56,870 - INFO - backend.coordinators.order_coordinator.OrderCoordinator - (order_coordinator.py:252) - Moved downloaded PDF to: C:\Users\andrew\Desktop\Andrew\Projects\IthacaBakery\RandomStuff\WorkBot\refactor\data\orders\Qualita\Qualita_Bakery_2025-10-07.pdf
2025-10-11 07:15:59,217 - INFO - backend.bots.craftable_bot.craftable_bot.CraftableBot - (craftable_bot.py:303) - Retrieving order for FingerLakes Farms (10/07/2025).
2025-10-11 07:16:00,733 - INFO - backend.bots.craftable_bot.craftable_bot.CraftableBot - (craftable_bot.py:1031) - [Order Update] Initiating update protocol for Bakery / FingerLakes Farms / 20251007.
2025-10-11 07:16:00,733 - INFO - backend.coordinators.order_coordinator.OrderCoordinator - (order_coordinator.py:195) - [Order Update] No existing file at C:\Users\andrew\Desktop\Andrew\Projects\IthacaBakery\RandomStuff\WorkBot\refactor\data\orders\FingerLakes Farms\FingerLakes Farms_Bakery_2025-10-07.xlsx. Proceeding with save.
2025-10-11 07:16:00,733 - INFO - backend.bots.craftable_bot.craftable_bot.CraftableBot - (craftable_bot.py:317) - Saving order for FingerLakes Farms.
2025-10-11 07:16:02,794 - INFO - backend.coordinators.order_coordinator.OrderCoordinator - (order_coordinator.py:252) - Moved downloaded PDF to: C:\Users\andrew\Desktop\Andrew\Projects\IthacaBakery\RandomStuff\WorkBot\refactor\data\orders\FingerLakes Farms\FingerLakes Farms_Bakery_2025-10-07.pdf
2025-10-11 07:16:05,167 - INFO - backend.bots.craftable_bot.craftable_bot.CraftableBot - (craftable_bot.py:303) - Retrieving order for Sysco (10/07/2025).
2025-10-11 07:16:08,416 - INFO - backend.bots.craftable_bot.craftable_bot.CraftableBot - (craftable_bot.py:1031) - [Order Update] Initiating update protocol for Bakery / Sysco / 20251007.
2025-10-11 07:16:08,417 - INFO - backend.coordinators.order_coordinator.OrderCoordinator - (order_coordinator.py:195) - [Order Update] No existing file at C:\Users\andrew\Desktop\Andrew\Projects\IthacaBakery\RandomStuff\WorkBot\refactor\data\orders\Sysco\Sysco_Bakery_2025-10-07.xlsx. Proceeding with save.
2025-10-11 07:16:08,417 - INFO - backend.bots.craftable_bot.craftable_bot.CraftableBot - (craftable_bot.py:317) - Saving order for Sysco.
2025-10-11 07:16:10,510 - INFO - backend.coordinators.order_coordinator.OrderCoordinator - (order_coordinator.py:252) - Moved downloaded PDF to: C:\Users\andrew\Desktop\Andrew\Projects\IthacaBakery\RandomStuff\WorkBot\refactor\data\orders\Sysco\Sysco_Bakery_2025-10-07.pdf
2025-10-11 07:16:12,884 - INFO - backend.bots.craftable_bot.craftable_bot.CraftableBot - (craftable_bot.py:303) - Retrieving order for US Foods (10/08/2025).
2025-10-11 07:16:15,292 - INFO - backend.bots.craftable_bot.craftable_bot.CraftableBot - (craftable_bot.py:1031) - [Order Update] Initiating update protocol for Bakery / US Foods / 20251008.
2025-10-11 07:16:15,292 - INFO - backend.coordinators.order_coordinator.OrderCoordinator - (order_coordinator.py:195) - [Order Update] No existing file at C:\Users\andrew\Desktop\Andrew\Projects\IthacaBakery\RandomStuff\WorkBot\refactor\data\orders\US Foods\US Foods_Bakery_2025-10-08.xlsx. Proceeding with save.
2025-10-11 07:16:15,293 - INFO - backend.bots.craftable_bot.craftable_bot.CraftableBot - (craftable_bot.py:317) - Saving order for US Foods.
2025-10-11 07:16:17,366 - INFO - backend.coordinators.order_coordinator.OrderCoordinator - (order_coordinator.py:252) - Moved downloaded PDF to: C:\Users\andrew\Desktop\Andrew\Projects\IthacaBakery\RandomStuff\WorkBot\refactor\data\orders\US Foods\US Foods_Bakery_2025-10-08.pdf
2025-10-11 07:16:19,730 - INFO - backend.bots.craftable_bot.craftable_bot.CraftableBot - (craftable_bot.py:303) - Retrieving order for Performance Food (10/08/2025).
2025-10-11 07:16:21,848 - INFO - backend.bots.craftable_bot.craftable_bot.CraftableBot - (craftable_bot.py:1031) - [Order Update] Initiating update protocol for Bakery / Performance Food / 20251008.
2025-10-11 07:16:21,848 - INFO - backend.coordinators.order_coordinator.OrderCoordinator - (order_coordinator.py:195) - [Order Update] No existing file at C:\Users\andrew\Desktop\Andrew\Projects\IthacaBakery\RandomStuff\WorkBot\refactor\data\orders\Performance Food\Performance Food_Bakery_2025-10-08.xlsx. Proceeding with save.
2025-10-11 07:16:21,848 - INFO - backend.bots.craftable_bot.craftable_bot.CraftableBot - (craftable_bot.py:317) - Saving order for Performance Food.
2025-10-11 07:16:23,918 - INFO - backend.coordinators.order_coordinator.OrderCoordinator - (order_coordinator.py:252) - Moved downloaded PDF to: C:\Users\andrew\Desktop\Andrew\Projects\IthacaBakery\RandomStuff\WorkBot\refactor\data\orders\Performance Food\Performance Food_Bakery_2025-10-08.pdf
2025-10-11 07:16:26,296 - INFO - backend.bots.craftable_bot.craftable_bot.CraftableBot - (craftable_bot.py:303) - Retrieving order for Sweet Sam's Baking Company, LLC (10/08/2025).
2025-10-11 07:16:27,807 - INFO - backend.bots.craftable_bot.craftable_bot.CraftableBot - (craftable_bot.py:1031) - [Order Update] Initiating update protocol for Bakery / Sweet Sam's Baking Company, LLC / 20251008.
2025-10-11 07:16:27,808 - INFO - backend.coordinators.order_coordinator.OrderCoordinator - (order_coordinator.py:195) - [Order Update] No existing file at C:\Users\andrew\Desktop\Andrew\Projects\IthacaBakery\RandomStuff\WorkBot\refactor\data\orders\Sweet Sam's Baking Company, LLC\Sweet Sam's Baking Company, LLC_Bakery_2025-10-08.xlsx. Proceeding with save.
2025-10-11 07:16:27,808 - INFO - backend.bots.craftable_bot.craftable_bot.CraftableBot - (craftable_bot.py:317) - Saving order for Sweet Sam's Baking Company, LLC.
2025-10-11 07:16:29,866 - INFO - backend.coordinators.order_coordinator.OrderCoordinator - (order_coordinator.py:252) - Moved downloaded PDF to: C:\Users\andrew\Desktop\Andrew\Projects\IthacaBakery\RandomStuff\WorkBot\refactor\data\orders\Sweet Sam's Baking Company, LLC\Sweet Sam's Baking Company, LLC_Bakery_2025-10-08.pdf
2025-10-11 07:16:32,190 - INFO - backend.bots.craftable_bot.craftable_bot.CraftableBot - (craftable_bot.py:276) - Order download complete.
2025-10-11 07:16:32,190 - INFO - backend.bots.craftable_bot.craftable_bot.CraftableBot - (craftable_bot.py:277) - Closing WebDriver session.
2025-10-11 07:16:34,200 - INFO - cli.cli.CLI - (cli.py:421) - Command 'download_orders' executed successfully.
2025-10-11 07:17:19,142 - INFO - cli.cli.CLI - (cli.py:419) - Dispatching command: archive_orders (args=['--stores', 'Bakery'])
2025-10-11 07:17:19,143 - INFO - backend.bots.workbot.work_bot.WorkBot - (work_bot.py:94) - Retrieving orders for: stores=[['Bakery']], vendors=[[]], formats=[['xlsx']]
2025-10-11 07:17:19,143 - INFO - backend.bots.workbot.work_bot.WorkBot - (work_bot.py:90) - Retrieving order files for: stores=[['Bakery']], vendors=[[]], formats=[['xlsx']]
2025-10-11 07:17:19,143 - INFO - backend.storage.file.order_file_handler.OrderFileHandler - (order_file_handler.py:65) - Retrieving order files: stores=[['Bakery']], vendors=[All vendors], formats=['xlsx']
2025-10-11 07:17:19,156 - INFO - backend.storage.file.order_file_handler.OrderFileHandler - (order_file_handler.py:107) - Retrieved 12 order files.
2025-10-11 07:17:19,156 - INFO - backend.coordinators.order_coordinator.OrderCoordinator - (order_coordinator.py:52) - Reading 12 order files.
2025-10-11 07:17:19,156 - INFO - backend.coordinators.order_coordinator.OrderCoordinator - (order_coordinator.py:48) - Reading order file: C:\Users\andrew\Desktop\Andrew\Projects\IthacaBakery\RandomStuff\WorkBot\refactor\data\orders\Sweet Sam's Baking Company, LLC\Sweet Sam's Baking Company, LLC_Bakery_2025-10-08.xlsx
2025-10-11 07:17:19,177 - INFO - backend.coordinators.order_coordinator.OrderCoordinator - (order_coordinator.py:48) - Reading order file: C:\Users\andrew\Desktop\Andrew\Projects\IthacaBakery\RandomStuff\WorkBot\refactor\data\orders\Performance Food\Performance Food_Bakery_2025-10-08.xlsx
2025-10-11 07:17:19,194 - INFO - backend.coordinators.order_coordinator.OrderCoordinator - (order_coordinator.py:48) - Reading order file: C:\Users\andrew\Desktop\Andrew\Projects\IthacaBakery\RandomStuff\WorkBot\refactor\data\orders\US Foods\US Foods_Bakery_2025-10-08.xlsx
2025-10-11 07:17:19,210 - INFO - backend.coordinators.order_coordinator.OrderCoordinator - (order_coordinator.py:48) - Reading order file: C:\Users\andrew\Desktop\Andrew\Projects\IthacaBakery\RandomStuff\WorkBot\refactor\data\orders\Sysco\Sysco_Bakery_2025-10-07.xlsx
2025-10-11 07:17:19,230 - INFO - backend.coordinators.order_coordinator.OrderCoordinator - (order_coordinator.py:48) - Reading order file: C:\Users\andrew\Desktop\Andrew\Projects\IthacaBakery\RandomStuff\WorkBot\refactor\data\orders\FingerLakes Farms\FingerLakes Farms_Bakery_2025-10-07.xlsx
2025-10-11 07:17:19,245 - INFO - backend.coordinators.order_coordinator.OrderCoordinator - (order_coordinator.py:48) - Reading order file: C:\Users\andrew\Desktop\Andrew\Projects\IthacaBakery\RandomStuff\WorkBot\refactor\data\orders\Qualita\Qualita_Bakery_2025-10-07.xlsx
2025-10-11 07:17:19,259 - INFO - backend.coordinators.order_coordinator.OrderCoordinator - (order_coordinator.py:48) - Reading order file: C:\Users\andrew\Desktop\Andrew\Projects\IthacaBakery\RandomStuff\WorkBot\refactor\data\orders\BJ's\BJ's_Bakery_2025-10-06.xlsx
2025-10-11 07:17:19,273 - INFO - backend.coordinators.order_coordinator.OrderCoordinator - (order_coordinator.py:48) - Reading order file: C:\Users\andrew\Desktop\Andrew\Projects\IthacaBakery\RandomStuff\WorkBot\refactor\data\orders\DUTCH VALLEY FOOD DIST\DUTCH VALLEY FOOD DIST_Bakery_2025-10-05.xlsx
2025-10-11 07:17:19,289 - INFO - backend.coordinators.order_coordinator.OrderCoordinator - (order_coordinator.py:48) - Reading order file: C:\Users\andrew\Desktop\Andrew\Projects\IthacaBakery\RandomStuff\WorkBot\refactor\data\orders\Coca-Cola\Coca-Cola_Bakery_2025-10-05.xlsx
2025-10-11 07:17:19,305 - INFO - backend.coordinators.order_coordinator.OrderCoordinator - (order_coordinator.py:48) - Reading order file: C:\Users\andrew\Desktop\Andrew\Projects\IthacaBakery\RandomStuff\WorkBot\refactor\data\orders\Harney and Sons Tea\Harney and Sons Tea_Bakery_2025-10-05.xlsx
2025-10-11 07:17:19,320 - INFO - backend.coordinators.order_coordinator.OrderCoordinator - (order_coordinator.py:48) - Reading order file: C:\Users\andrew\Desktop\Andrew\Projects\IthacaBakery\RandomStuff\WorkBot\refactor\data\orders\Webstaurant\Webstaurant_Bakery_2025-10-04.xlsx
2025-10-11 07:17:19,335 - INFO - backend.coordinators.order_coordinator.OrderCoordinator - (order_coordinator.py:48) - Reading order file: C:\Users\andrew\Desktop\Andrew\Projects\IthacaBakery\RandomStuff\WorkBot\refactor\data\orders\J.Mills\J.Mills_Bakery_2025-10-04.xlsx
2025-10-11 07:17:19,352 - INFO - backend.storage.file.order_file_handler.OrderFileHandler - (order_file_handler.py:127) - Archived order file: Sweet Sam's Baking Company, LLC_Bakery_2025-10-08.pdf
2025-10-11 07:17:19,354 - INFO - backend.storage.file.order_file_handler.OrderFileHandler - (order_file_handler.py:127) - Archived order file: Sweet Sam's Baking Company, LLC_Bakery_2025-10-08.xlsx
2025-10-11 07:17:19,355 - INFO - backend.storage.file.order_file_handler.OrderFileHandler - (order_file_handler.py:127) - Archived order file: Performance Food_Bakery_2025-10-08.pdf
2025-10-11 07:17:19,356 - INFO - backend.storage.file.order_file_handler.OrderFileHandler - (order_file_handler.py:127) - Archived order file: Performance Food_Bakery_2025-10-08.xlsx
2025-10-11 07:17:19,358 - INFO - backend.storage.file.order_file_handler.OrderFileHandler - (order_file_handler.py:127) - Archived order file: US Foods_Bakery_2025-10-08.pdf
2025-10-11 07:17:19,359 - INFO - backend.storage.file.order_file_handler.OrderFileHandler - (order_file_handler.py:127) - Archived order file: US Foods_Bakery_2025-10-08.xlsx
2025-10-11 07:17:19,360 - INFO - backend.storage.file.order_file_handler.OrderFileHandler - (order_file_handler.py:127) - Archived order file: Sysco_Bakery_2025-10-07.pdf
2025-10-11 07:17:19,362 - INFO - backend.storage.file.order_file_handler.OrderFileHandler - (order_file_handler.py:127) - Archived order file: Sysco_Bakery_2025-10-07.xlsx
2025-10-11 07:17:19,363 - INFO - backend.storage.file.order_file_handler.OrderFileHandler - (order_file_handler.py:127) - Archived order file: FingerLakes Farms_Bakery_2025-10-07.pdf
2025-10-11 07:17:19,364 - INFO - backend.storage.file.order_file_handler.OrderFileHandler - (order_file_handler.py:127) - Archived order file: FingerLakes Farms_Bakery_2025-10-07.xlsx
2025-10-11 07:17:19,366 - INFO - backend.storage.file.order_file_handler.OrderFileHandler - (order_file_handler.py:127) - Archived order file: Qualita_Bakery_2025-10-07.pdf
2025-10-11 07:17:19,367 - INFO - backend.storage.file.order_file_handler.OrderFileHandler - (order_file_handler.py:127) - Archived order file: Qualita_Bakery_2025-10-07.xlsx
2025-10-11 07:17:19,368 - INFO - backend.storage.file.order_file_handler.OrderFileHandler - (order_file_handler.py:127) - Archived order file: BJ's_Bakery_2025-10-06.pdf
2025-10-11 07:17:19,369 - INFO - backend.storage.file.order_file_handler.OrderFileHandler - (order_file_handler.py:127) - Archived order file: BJ's_Bakery_2025-10-06.xlsx
2025-10-11 07:17:19,371 - INFO - backend.storage.file.order_file_handler.OrderFileHandler - (order_file_handler.py:127) - Archived order file: DUTCH VALLEY FOOD DIST_Bakery_2025-10-05.pdf
2025-10-11 07:17:19,372 - INFO - backend.storage.file.order_file_handler.OrderFileHandler - (order_file_handler.py:127) - Archived order file: DUTCH VALLEY FOOD DIST_Bakery_2025-10-05.xlsx
2025-10-11 07:17:19,373 - INFO - backend.storage.file.order_file_handler.OrderFileHandler - (order_file_handler.py:127) - Archived order file: Coca-Cola_Bakery_2025-10-05.pdf
2025-10-11 07:17:19,374 - INFO - backend.storage.file.order_file_handler.OrderFileHandler - (order_file_handler.py:127) - Archived order file: Coca-Cola_Bakery_2025-10-05.xlsx
2025-10-11 07:17:19,376 - INFO - backend.storage.file.order_file_handler.OrderFileHandler - (order_file_handler.py:127) - Archived order file: Harney and Sons Tea_Bakery_2025-10-05.pdf
2025-10-11 07:17:19,377 - INFO - backend.storage.file.order_file_handler.OrderFileHandler - (order_file_handler.py:127) - Archived order file: Harney and Sons Tea_Bakery_2025-10-05.xlsx
2025-10-11 07:17:19,378 - INFO - backend.storage.file.order_file_handler.OrderFileHandler - (order_file_handler.py:127) - Archived order file: Webstaurant_Bakery_2025-10-04.pdf
2025-10-11 07:17:19,379 - INFO - backend.storage.file.order_file_handler.OrderFileHandler - (order_file_handler.py:127) - Archived order file: Webstaurant_Bakery_2025-10-04.xlsx
2025-10-11 07:17:19,381 - INFO - backend.storage.file.order_file_handler.OrderFileHandler - (order_file_handler.py:127) - Archived order file: J.Mills_Bakery_2025-10-04.pdf
2025-10-11 07:17:19,382 - INFO - backend.storage.file.order_file_handler.OrderFileHandler - (order_file_handler.py:127) - Archived order file: J.Mills_Bakery_2025-10-04.xlsx
2025-10-11 07:17:19,382 - INFO - cli.cli.CLI - (cli.py:421) - Command 'archive_orders' executed successfully.
2025-10-11 07:17:49,438 - INFO - cli.cli.CLI - (cli.py:419) - Dispatching command: delete_orders (args=['--stores', 'Bakery'])
2025-10-11 07:17:53,494 - INFO - backend.bots.craftable_bot.craftable_bot.CraftableBot - (craftable_bot.py:136) - Logging into Craftable.
2025-10-11 07:18:01,013 - INFO - backend.bots.craftable_bot.craftable_bot.CraftableBot - (craftable_bot.py:160) - Login successful.
2025-10-11 07:18:01,013 - INFO - backend.bots.craftable_bot.craftable_bot.CraftableBot - (craftable_bot.py:354) - Starting order deletion for store: Bakery.
2025-10-11 07:18:07,732 - INFO - backend.bots.craftable_bot.craftable_bot.CraftableBot - (craftable_bot.py:372) - Found 12 orders for deletion.
2025-10-11 07:18:07,764 - INFO - backend.bots.craftable_bot.craftable_bot.CraftableBot - (craftable_bot.py:386) - Deleting order: Sweet Sam's Baking Company, LLC (10/08/2025)
2025-10-11 07:18:09,557 - INFO - backend.bots.craftable_bot.craftable_bot.CraftableBot - (craftable_bot.py:436) - Order deletion confirmed.
2025-10-11 07:18:14,599 - INFO - backend.bots.craftable_bot.craftable_bot.CraftableBot - (craftable_bot.py:386) - Deleting order: Performance Food (10/08/2025)
2025-10-11 07:18:16,374 - INFO - backend.bots.craftable_bot.craftable_bot.CraftableBot - (craftable_bot.py:436) - Order deletion confirmed.
2025-10-11 07:18:21,412 - INFO - backend.bots.craftable_bot.craftable_bot.CraftableBot - (craftable_bot.py:386) - Deleting order: US Foods (10/08/2025)
2025-10-11 07:18:23,187 - INFO - backend.bots.craftable_bot.craftable_bot.CraftableBot - (craftable_bot.py:436) - Order deletion confirmed.
2025-10-11 07:18:28,224 - INFO - backend.bots.craftable_bot.craftable_bot.CraftableBot - (craftable_bot.py:386) - Deleting order: Sysco (10/07/2025)
2025-10-11 07:18:30,005 - INFO - backend.bots.craftable_bot.craftable_bot.CraftableBot - (craftable_bot.py:436) - Order deletion confirmed.
2025-10-11 07:18:35,045 - INFO - backend.bots.craftable_bot.craftable_bot.CraftableBot - (craftable_bot.py:386) - Deleting order: FingerLakes Farms (10/07/2025)
2025-10-11 07:18:36,798 - INFO - backend.bots.craftable_bot.craftable_bot.CraftableBot - (craftable_bot.py:436) - Order deletion confirmed.
2025-10-11 07:18:41,837 - INFO - backend.bots.craftable_bot.craftable_bot.CraftableBot - (craftable_bot.py:386) - Deleting order: Qualita (10/07/2025)
2025-10-11 07:18:43,592 - INFO - backend.bots.craftable_bot.craftable_bot.CraftableBot - (craftable_bot.py:436) - Order deletion confirmed.
2025-10-11 07:18:48,631 - INFO - backend.bots.craftable_bot.craftable_bot.CraftableBot - (craftable_bot.py:386) - Deleting order: BJ's (10/06/2025)
2025-10-11 07:18:50,380 - INFO - backend.bots.craftable_bot.craftable_bot.CraftableBot - (craftable_bot.py:436) - Order deletion confirmed.
2025-10-11 07:18:55,420 - INFO - backend.bots.craftable_bot.craftable_bot.CraftableBot - (craftable_bot.py:386) - Deleting order: DUTCH VALLEY FOOD DIST (10/05/2025)
2025-10-11 07:18:57,190 - INFO - backend.bots.craftable_bot.craftable_bot.CraftableBot - (craftable_bot.py:436) - Order deletion confirmed.
2025-10-11 07:19:02,229 - INFO - backend.bots.craftable_bot.craftable_bot.CraftableBot - (craftable_bot.py:386) - Deleting order: Coca-Cola (10/05/2025)
2025-10-11 07:19:03,992 - INFO - backend.bots.craftable_bot.craftable_bot.CraftableBot - (craftable_bot.py:436) - Order deletion confirmed.
2025-10-11 07:19:09,031 - INFO - backend.bots.craftable_bot.craftable_bot.CraftableBot - (craftable_bot.py:386) - Deleting order: Harney and Sons Tea (10/05/2025)
2025-10-11 07:19:10,781 - INFO - backend.bots.craftable_bot.craftable_bot.CraftableBot - (craftable_bot.py:436) - Order deletion confirmed.
2025-10-11 07:19:15,820 - INFO - backend.bots.craftable_bot.craftable_bot.CraftableBot - (craftable_bot.py:386) - Deleting order: Webstaurant (10/04/2025)
2025-10-11 07:19:17,589 - INFO - backend.bots.craftable_bot.craftable_bot.CraftableBot - (craftable_bot.py:436) - Order deletion confirmed.
2025-10-11 07:19:22,628 - INFO - backend.bots.craftable_bot.craftable_bot.CraftableBot - (craftable_bot.py:386) - Deleting order: J.Mills (10/04/2025)
2025-10-11 07:19:24,389 - INFO - backend.bots.craftable_bot.craftable_bot.CraftableBot - (craftable_bot.py:436) - Order deletion confirmed.
2025-10-11 07:19:29,398 - INFO - backend.bots.craftable_bot.craftable_bot.CraftableBot - (craftable_bot.py:396) - No orders table found. All orders deleted.
2025-10-11 07:19:29,399 - INFO - backend.bots.craftable_bot.craftable_bot.CraftableBot - (craftable_bot.py:399) - Finished deleting orders for store: Bakery.
2025-10-11 07:19:31,120 - INFO - cli.cli.CLI - (cli.py:421) - Command 'delete_orders' executed successfully.
2025-10-11 07:19:52,504 - INFO - cli.cli.CLI - (cli.py:419) - Dispatching command: download_orders (args=['--stores', 'Collegetown', 'Easthill', 'Downtown', 'Triphammer'])
2025-10-11 07:19:56,649 - INFO - backend.bots.craftable_bot.craftable_bot.CraftableBot - (craftable_bot.py:136) - Logging into Craftable.
2025-10-11 07:20:03,988 - INFO - backend.bots.craftable_bot.craftable_bot.CraftableBot - (craftable_bot.py:160) - Login successful.
2025-10-11 07:20:03,989 - INFO - backend.bots.craftable_bot.craftable_bot.CraftableBot - (craftable_bot.py:259) - Starting order download protocol.
2025-10-11 07:20:03,989 - INFO - backend.bots.craftable_bot.craftable_bot.CraftableBot - (craftable_bot.py:262) - Accessing order page for Collegetown.
2025-10-11 07:20:10,810 - INFO - backend.bots.craftable_bot.craftable_bot.CraftableBot - (craftable_bot.py:303) - Retrieving order for Sysco (10/08/2025).
2025-10-11 07:20:13,040 - INFO - backend.bots.craftable_bot.craftable_bot.CraftableBot - (craftable_bot.py:1031) - [Order Update] Initiating update protocol for Collegetown / Sysco / 20251008.
2025-10-11 07:20:13,041 - INFO - backend.coordinators.order_coordinator.OrderCoordinator - (order_coordinator.py:195) - [Order Update] No existing file at C:\Users\andrew\Desktop\Andrew\Projects\IthacaBakery\RandomStuff\WorkBot\refactor\data\orders\Sysco\Sysco_Collegetown_2025-10-08.xlsx. Proceeding with save.
2025-10-11 07:20:13,041 - INFO - backend.bots.craftable_bot.craftable_bot.CraftableBot - (craftable_bot.py:317) - Saving order for Sysco.
2025-10-11 07:20:15,612 - INFO - backend.coordinators.order_coordinator.OrderCoordinator - (order_coordinator.py:252) - Moved downloaded PDF to: C:\Users\andrew\Desktop\Andrew\Projects\IthacaBakery\RandomStuff\WorkBot\refactor\data\orders\Sysco\Sysco_Collegetown_2025-10-08.pdf
2025-10-11 07:20:17,513 - INFO - backend.bots.craftable_bot.craftable_bot.CraftableBot - (craftable_bot.py:303) - Retrieving order for Performance Food (10/08/2025).
2025-10-11 07:20:20,131 - INFO - backend.bots.craftable_bot.craftable_bot.CraftableBot - (craftable_bot.py:1031) - [Order Update] Initiating update protocol for Collegetown / Performance Food / 20251008.
2025-10-11 07:20:20,131 - INFO - backend.coordinators.order_coordinator.OrderCoordinator - (order_coordinator.py:195) - [Order Update] No existing file at C:\Users\andrew\Desktop\Andrew\Projects\IthacaBakery\RandomStuff\WorkBot\refactor\data\orders\Performance Food\Performance Food_Collegetown_2025-10-08.xlsx. Proceeding with save.
2025-10-11 07:20:20,131 - INFO - backend.bots.craftable_bot.craftable_bot.CraftableBot - (craftable_bot.py:317) - Saving order for Performance Food.
2025-10-11 07:20:22,209 - INFO - backend.coordinators.order_coordinator.OrderCoordinator - (order_coordinator.py:252) - Moved downloaded PDF to: C:\Users\andrew\Desktop\Andrew\Projects\IthacaBakery\RandomStuff\WorkBot\refactor\data\orders\Performance Food\Performance Food_Collegetown_2025-10-08.pdf
2025-10-11 07:20:24,577 - INFO - backend.bots.craftable_bot.craftable_bot.CraftableBot - (craftable_bot.py:303) - Retrieving order for US Foods (10/08/2025).
2025-10-11 07:20:26,733 - INFO - backend.bots.craftable_bot.craftable_bot.CraftableBot - (craftable_bot.py:1031) - [Order Update] Initiating update protocol for Collegetown / US Foods / 20251008.
2025-10-11 07:20:26,733 - INFO - backend.coordinators.order_coordinator.OrderCoordinator - (order_coordinator.py:195) - [Order Update] No existing file at C:\Users\andrew\Desktop\Andrew\Projects\IthacaBakery\RandomStuff\WorkBot\refactor\data\orders\US Foods\US Foods_Collegetown_2025-10-08.xlsx. Proceeding with save.
2025-10-11 07:20:26,734 - INFO - backend.bots.craftable_bot.craftable_bot.CraftableBot - (craftable_bot.py:317) - Saving order for US Foods.
2025-10-11 07:20:29,300 - INFO - backend.coordinators.order_coordinator.OrderCoordinator - (order_coordinator.py:252) - Moved downloaded PDF to: C:\Users\andrew\Desktop\Andrew\Projects\IthacaBakery\RandomStuff\WorkBot\refactor\data\orders\US Foods\US Foods_Collegetown_2025-10-08.pdf
2025-10-11 07:20:31,174 - INFO - backend.bots.craftable_bot.craftable_bot.CraftableBot - (craftable_bot.py:303) - Retrieving order for Ithaca Bakery (10/08/2025).
2025-10-11 07:20:34,692 - INFO - backend.bots.craftable_bot.craftable_bot.CraftableBot - (craftable_bot.py:1031) - [Order Update] Initiating update protocol for Collegetown / Ithaca Bakery / 20251008.
2025-10-11 07:20:34,693 - INFO - backend.coordinators.order_coordinator.OrderCoordinator - (order_coordinator.py:195) - [Order Update] No existing file at C:\Users\andrew\Desktop\Andrew\Projects\IthacaBakery\RandomStuff\WorkBot\refactor\data\orders\Ithaca Bakery\Ithaca Bakery_Collegetown_2025-10-08.xlsx. Proceeding with save.
2025-10-11 07:20:34,693 - INFO - backend.bots.craftable_bot.craftable_bot.CraftableBot - (craftable_bot.py:317) - Saving order for Ithaca Bakery.
2025-10-11 07:20:36,785 - INFO - backend.coordinators.order_coordinator.OrderCoordinator - (order_coordinator.py:252) - Moved downloaded PDF to: C:\Users\andrew\Desktop\Andrew\Projects\IthacaBakery\RandomStuff\WorkBot\refactor\data\orders\Ithaca Bakery\Ithaca Bakery_Collegetown_2025-10-08.pdf
2025-10-11 07:20:39,155 - INFO - backend.bots.craftable_bot.craftable_bot.CraftableBot - (craftable_bot.py:303) - Retrieving order for Webstaurant (10/10/2025).
2025-10-11 07:20:40,469 - INFO - backend.bots.craftable_bot.craftable_bot.CraftableBot - (craftable_bot.py:1031) - [Order Update] Initiating update protocol for Collegetown / Webstaurant / 20251010.
2025-10-11 07:20:40,469 - INFO - backend.coordinators.order_coordinator.OrderCoordinator - (order_coordinator.py:195) - [Order Update] No existing file at C:\Users\andrew\Desktop\Andrew\Projects\IthacaBakery\RandomStuff\WorkBot\refactor\data\orders\Webstaurant\Webstaurant_Collegetown_2025-10-10.xlsx. Proceeding with save.
2025-10-11 07:20:40,470 - INFO - backend.bots.craftable_bot.craftable_bot.CraftableBot - (craftable_bot.py:317) - Saving order for Webstaurant.
2025-10-11 07:20:42,532 - INFO - backend.coordinators.order_coordinator.OrderCoordinator - (order_coordinator.py:252) - Moved downloaded PDF to: C:\Users\andrew\Desktop\Andrew\Projects\IthacaBakery\RandomStuff\WorkBot\refactor\data\orders\Webstaurant\Webstaurant_Collegetown_2025-10-10.pdf
2025-10-11 07:20:44,894 - INFO - backend.bots.craftable_bot.craftable_bot.CraftableBot - (craftable_bot.py:303) - Retrieving order for Regional Distributors, Inc. (10/10/2025).
2025-10-11 07:20:46,769 - INFO - backend.bots.craftable_bot.craftable_bot.CraftableBot - (craftable_bot.py:1031) - [Order Update] Initiating update protocol for Collegetown / Regional Distributors, Inc. / 20251010.
2025-10-11 07:20:46,770 - INFO - backend.coordinators.order_coordinator.OrderCoordinator - (order_coordinator.py:195) - [Order Update] No existing file at C:\Users\andrew\Desktop\Andrew\Projects\IthacaBakery\RandomStuff\WorkBot\refactor\data\orders\Regional Distributors, Inc.\Regional Distributors, Inc._Collegetown_2025-10-10.xlsx. Proceeding with save.
2025-10-11 07:20:46,770 - INFO - backend.bots.craftable_bot.craftable_bot.CraftableBot - (craftable_bot.py:317) - Saving order for Regional Distributors, Inc..
2025-10-11 07:20:48,831 - INFO - backend.coordinators.order_coordinator.OrderCoordinator - (order_coordinator.py:252) - Moved downloaded PDF to: C:\Users\andrew\Desktop\Andrew\Projects\IthacaBakery\RandomStuff\WorkBot\refactor\data\orders\Regional Distributors, Inc.\Regional Distributors, Inc._Collegetown_2025-10-10.pdf
2025-10-11 07:20:51,181 - INFO - backend.bots.craftable_bot.craftable_bot.CraftableBot - (craftable_bot.py:303) - Retrieving order for Hill & Markes (10/10/2025).
2025-10-11 07:20:52,675 - INFO - backend.bots.craftable_bot.craftable_bot.CraftableBot - (craftable_bot.py:1031) - [Order Update] Initiating update protocol for Collegetown / Hill & Markes / 20251010.
2025-10-11 07:20:52,675 - INFO - backend.coordinators.order_coordinator.OrderCoordinator - (order_coordinator.py:195) - [Order Update] No existing file at C:\Users\andrew\Desktop\Andrew\Projects\IthacaBakery\RandomStuff\WorkBot\refactor\data\orders\Hill & Markes\Hill & Markes_Collegetown_2025-10-10.xlsx. Proceeding with save.
2025-10-11 07:20:52,675 - INFO - backend.bots.craftable_bot.craftable_bot.CraftableBot - (craftable_bot.py:317) - Saving order for Hill & Markes.
2025-10-11 07:20:54,732 - INFO - backend.coordinators.order_coordinator.OrderCoordinator - (order_coordinator.py:252) - Moved downloaded PDF to: C:\Users\andrew\Desktop\Andrew\Projects\IthacaBakery\RandomStuff\WorkBot\refactor\data\orders\Hill & Markes\Hill & Markes_Collegetown_2025-10-10.pdf
2025-10-11 07:20:57,083 - INFO - backend.bots.craftable_bot.craftable_bot.CraftableBot - (craftable_bot.py:303) - Retrieving order for Equal Exchange (10/10/2025).
2025-10-11 07:20:58,528 - INFO - backend.bots.craftable_bot.craftable_bot.CraftableBot - (craftable_bot.py:1031) - [Order Update] Initiating update protocol for Collegetown / Equal Exchange / 20251010.
2025-10-11 07:20:58,528 - INFO - backend.coordinators.order_coordinator.OrderCoordinator - (order_coordinator.py:195) - [Order Update] No existing file at C:\Users\andrew\Desktop\Andrew\Projects\IthacaBakery\RandomStuff\WorkBot\refactor\data\orders\Equal Exchange\Equal Exchange_Collegetown_2025-10-10.xlsx. Proceeding with save.
2025-10-11 07:20:58,528 - INFO - backend.bots.craftable_bot.craftable_bot.CraftableBot - (craftable_bot.py:317) - Saving order for Equal Exchange.
2025-10-11 07:21:01,085 - INFO - backend.coordinators.order_coordinator.OrderCoordinator - (order_coordinator.py:252) - Moved downloaded PDF to: C:\Users\andrew\Desktop\Andrew\Projects\IthacaBakery\RandomStuff\WorkBot\refactor\data\orders\Equal Exchange\Equal Exchange_Collegetown_2025-10-10.pdf
2025-10-11 07:21:02,953 - INFO - backend.bots.craftable_bot.craftable_bot.CraftableBot - (craftable_bot.py:303) - Retrieving order for Copper Horse Coffee (10/10/2025).
2025-10-11 07:21:04,105 - INFO - backend.bots.craftable_bot.craftable_bot.CraftableBot - (craftable_bot.py:1031) - [Order Update] Initiating update protocol for Collegetown / Copper Horse Coffee / 20251010.
2025-10-11 07:21:04,106 - INFO - backend.coordinators.order_coordinator.OrderCoordinator - (order_coordinator.py:195) - [Order Update] No existing file at C:\Users\andrew\Desktop\Andrew\Projects\IthacaBakery\RandomStuff\WorkBot\refactor\data\orders\Copper Horse Coffee\Copper Horse Coffee_Collegetown_2025-10-10.xlsx. Proceeding with save.
2025-10-11 07:21:04,106 - INFO - backend.bots.craftable_bot.craftable_bot.CraftableBot - (craftable_bot.py:317) - Saving order for Copper Horse Coffee.
2025-10-11 07:21:06,153 - INFO - backend.coordinators.order_coordinator.OrderCoordinator - (order_coordinator.py:252) - Moved downloaded PDF to: C:\Users\andrew\Desktop\Andrew\Projects\IthacaBakery\RandomStuff\WorkBot\refactor\data\orders\Copper Horse Coffee\Copper Horse Coffee_Collegetown_2025-10-10.pdf
2025-10-11 07:21:08,533 - INFO - backend.bots.craftable_bot.craftable_bot.CraftableBot - (craftable_bot.py:303) - Retrieving order for DUTCH VALLEY FOOD DIST (10/10/2025).
2025-10-11 07:21:09,726 - INFO - backend.bots.craftable_bot.craftable_bot.CraftableBot - (craftable_bot.py:1031) - [Order Update] Initiating update protocol for Collegetown / DUTCH VALLEY FOOD DIST / 20251010.
2025-10-11 07:21:09,726 - INFO - backend.coordinators.order_coordinator.OrderCoordinator - (order_coordinator.py:195) - [Order Update] No existing file at C:\Users\andrew\Desktop\Andrew\Projects\IthacaBakery\RandomStuff\WorkBot\refactor\data\orders\DUTCH VALLEY FOOD DIST\DUTCH VALLEY FOOD DIST_Collegetown_2025-10-10.xlsx. Proceeding with save.
2025-10-11 07:21:09,726 - INFO - backend.bots.craftable_bot.craftable_bot.CraftableBot - (craftable_bot.py:317) - Saving order for DUTCH VALLEY FOOD DIST.
2025-10-11 07:21:12,273 - INFO - backend.coordinators.order_coordinator.OrderCoordinator - (order_coordinator.py:252) - Moved downloaded PDF to: C:\Users\andrew\Desktop\Andrew\Projects\IthacaBakery\RandomStuff\WorkBot\refactor\data\orders\DUTCH VALLEY FOOD DIST\DUTCH VALLEY FOOD DIST_Collegetown_2025-10-10.pdf
2025-10-11 07:21:14,138 - INFO - backend.bots.craftable_bot.craftable_bot.CraftableBot - (craftable_bot.py:303) - Retrieving order for KEHE DISTRIBUTORS (10/10/2025).
2025-10-11 07:21:15,289 - INFO - backend.bots.craftable_bot.craftable_bot.CraftableBot - (craftable_bot.py:1031) - [Order Update] Initiating update protocol for Collegetown / KEHE DISTRIBUTORS / 20251010.
2025-10-11 07:21:15,289 - INFO - backend.coordinators.order_coordinator.OrderCoordinator - (order_coordinator.py:195) - [Order Update] No existing file at C:\Users\andrew\Desktop\Andrew\Projects\IthacaBakery\RandomStuff\WorkBot\refactor\data\orders\KEHE DISTRIBUTORS\KEHE DISTRIBUTORS_Collegetown_2025-10-10.xlsx. Proceeding with save.
2025-10-11 07:21:15,290 - INFO - backend.bots.craftable_bot.craftable_bot.CraftableBot - (craftable_bot.py:317) - Saving order for KEHE DISTRIBUTORS.
2025-10-11 07:21:17,341 - INFO - backend.coordinators.order_coordinator.OrderCoordinator - (order_coordinator.py:252) - Moved downloaded PDF to: C:\Users\andrew\Desktop\Andrew\Projects\IthacaBakery\RandomStuff\WorkBot\refactor\data\orders\KEHE DISTRIBUTORS\KEHE DISTRIBUTORS_Collegetown_2025-10-10.pdf
2025-10-11 07:21:19,703 - INFO - backend.bots.craftable_bot.craftable_bot.CraftableBot - (craftable_bot.py:303) - Retrieving order for Hillcrest Dairy (10/10/2025).
2025-10-11 07:21:21,048 - INFO - backend.bots.craftable_bot.craftable_bot.CraftableBot - (craftable_bot.py:1031) - [Order Update] Initiating update protocol for Collegetown / Hillcrest Dairy / 20251010.
2025-10-11 07:21:21,048 - INFO - backend.coordinators.order_coordinator.OrderCoordinator - (order_coordinator.py:195) - [Order Update] No existing file at C:\Users\andrew\Desktop\Andrew\Projects\IthacaBakery\RandomStuff\WorkBot\refactor\data\orders\Hillcrest Dairy\Hillcrest Dairy_Collegetown_2025-10-10.xlsx. Proceeding with save.
2025-10-11 07:21:21,048 - INFO - backend.bots.craftable_bot.craftable_bot.CraftableBot - (craftable_bot.py:317) - Saving order for Hillcrest Dairy.
2025-10-11 07:21:23,110 - INFO - backend.coordinators.order_coordinator.OrderCoordinator - (order_coordinator.py:252) - Moved downloaded PDF to: C:\Users\andrew\Desktop\Andrew\Projects\IthacaBakery\RandomStuff\WorkBot\refactor\data\orders\Hillcrest Dairy\Hillcrest Dairy_Collegetown_2025-10-10.pdf
2025-10-11 07:21:25,467 - INFO - backend.bots.craftable_bot.craftable_bot.CraftableBot - (craftable_bot.py:303) - Retrieving order for Johnston Paper (10/10/2025).
2025-10-11 07:21:26,618 - INFO - backend.bots.craftable_bot.craftable_bot.CraftableBot - (craftable_bot.py:1031) - [Order Update] Initiating update protocol for Collegetown / Johnston Paper / 20251010.
2025-10-11 07:21:26,618 - INFO - backend.coordinators.order_coordinator.OrderCoordinator - (order_coordinator.py:195) - [Order Update] No existing file at C:\Users\andrew\Desktop\Andrew\Projects\IthacaBakery\RandomStuff\WorkBot\refactor\data\orders\Johnston Paper\Johnston Paper_Collegetown_2025-10-10.xlsx. Proceeding with save.
2025-10-11 07:21:26,618 - INFO - backend.bots.craftable_bot.craftable_bot.CraftableBot - (craftable_bot.py:317) - Saving order for Johnston Paper.
2025-10-11 07:21:28,671 - INFO - backend.coordinators.order_coordinator.OrderCoordinator - (order_coordinator.py:252) - Moved downloaded PDF to: C:\Users\andrew\Desktop\Andrew\Projects\IthacaBakery\RandomStuff\WorkBot\refactor\data\orders\Johnston Paper\Johnston Paper_Collegetown_2025-10-10.pdf
2025-10-11 07:21:31,018 - INFO - backend.bots.craftable_bot.craftable_bot.CraftableBot - (craftable_bot.py:303) - Retrieving order for Peters Supply (10/10/2025).
2025-10-11 07:21:32,435 - INFO - backend.bots.craftable_bot.craftable_bot.CraftableBot - (craftable_bot.py:1031) - [Order Update] Initiating update protocol for Collegetown / Peters Supply / 20251010.
2025-10-11 07:21:32,436 - INFO - backend.coordinators.order_coordinator.OrderCoordinator - (order_coordinator.py:195) - [Order Update] No existing file at C:\Users\andrew\Desktop\Andrew\Projects\IthacaBakery\RandomStuff\WorkBot\refactor\data\orders\Peters Supply\Peters Supply_Collegetown_2025-10-10.xlsx. Proceeding with save.
2025-10-11 07:21:32,436 - INFO - backend.bots.craftable_bot.craftable_bot.CraftableBot - (craftable_bot.py:317) - Saving order for Peters Supply.
2025-10-11 07:21:34,491 - INFO - backend.coordinators.order_coordinator.OrderCoordinator - (order_coordinator.py:252) - Moved downloaded PDF to: C:\Users\andrew\Desktop\Andrew\Projects\IthacaBakery\RandomStuff\WorkBot\refactor\data\orders\Peters Supply\Peters Supply_Collegetown_2025-10-10.pdf
2025-10-11 07:21:36,859 - INFO - backend.bots.craftable_bot.craftable_bot.CraftableBot - (craftable_bot.py:303) - Retrieving order for SANICO (10/10/2025).
2025-10-11 07:21:38,011 - INFO - backend.bots.craftable_bot.craftable_bot.CraftableBot - (craftable_bot.py:1031) - [Order Update] Initiating update protocol for Collegetown / SANICO / 20251010.
2025-10-11 07:21:38,012 - INFO - backend.coordinators.order_coordinator.OrderCoordinator - (order_coordinator.py:195) - [Order Update] No existing file at C:\Users\andrew\Desktop\Andrew\Projects\IthacaBakery\RandomStuff\WorkBot\refactor\data\orders\SANICO\SANICO_Collegetown_2025-10-10.xlsx. Proceeding with save.
2025-10-11 07:21:38,012 - INFO - backend.bots.craftable_bot.craftable_bot.CraftableBot - (craftable_bot.py:317) - Saving order for SANICO.
2025-10-11 07:21:40,063 - INFO - backend.coordinators.order_coordinator.OrderCoordinator - (order_coordinator.py:252) - Moved downloaded PDF to: C:\Users\andrew\Desktop\Andrew\Projects\IthacaBakery\RandomStuff\WorkBot\refactor\data\orders\SANICO\SANICO_Collegetown_2025-10-10.pdf
2025-10-11 07:21:42,417 - INFO - backend.bots.craftable_bot.craftable_bot.CraftableBot - (craftable_bot.py:303) - Retrieving order for BALKAN BEVERAGE LLC (10/10/2025).
2025-10-11 07:21:44,015 - INFO - backend.bots.craftable_bot.craftable_bot.CraftableBot - (craftable_bot.py:1031) - [Order Update] Initiating update protocol for Collegetown / BALKAN BEVERAGE LLC / 20251010.
2025-10-11 07:21:44,015 - INFO - backend.coordinators.order_coordinator.OrderCoordinator - (order_coordinator.py:195) - [Order Update] No existing file at C:\Users\andrew\Desktop\Andrew\Projects\IthacaBakery\RandomStuff\WorkBot\refactor\data\orders\BALKAN BEVERAGE LLC\BALKAN BEVERAGE LLC_Collegetown_2025-10-10.xlsx. Proceeding with save.
2025-10-11 07:21:44,015 - INFO - backend.bots.craftable_bot.craftable_bot.CraftableBot - (craftable_bot.py:317) - Saving order for BALKAN BEVERAGE LLC.
2025-10-11 07:21:46,074 - INFO - backend.coordinators.order_coordinator.OrderCoordinator - (order_coordinator.py:252) - Moved downloaded PDF to: C:\Users\andrew\Desktop\Andrew\Projects\IthacaBakery\RandomStuff\WorkBot\refactor\data\orders\BALKAN BEVERAGE LLC\BALKAN BEVERAGE LLC_Collegetown_2025-10-10.pdf
2025-10-11 07:21:48,429 - INFO - backend.bots.craftable_bot.craftable_bot.CraftableBot - (craftable_bot.py:303) - Retrieving order for UNFI (10/10/2025).
2025-10-11 07:21:50,774 - INFO - backend.bots.craftable_bot.craftable_bot.CraftableBot - (craftable_bot.py:1031) - [Order Update] Initiating update protocol for Collegetown / UNFI / 20251010.
2025-10-11 07:21:50,774 - INFO - backend.coordinators.order_coordinator.OrderCoordinator - (order_coordinator.py:195) - [Order Update] No existing file at C:\Users\andrew\Desktop\Andrew\Projects\IthacaBakery\RandomStuff\WorkBot\refactor\data\orders\UNFI\UNFI_Collegetown_2025-10-10.xlsx. Proceeding with save.
2025-10-11 07:21:50,775 - INFO - backend.bots.craftable_bot.craftable_bot.CraftableBot - (craftable_bot.py:317) - Saving order for UNFI.
2025-10-11 07:21:52,850 - INFO - backend.coordinators.order_coordinator.OrderCoordinator - (order_coordinator.py:252) - Moved downloaded PDF to: C:\Users\andrew\Desktop\Andrew\Projects\IthacaBakery\RandomStuff\WorkBot\refactor\data\orders\UNFI\UNFI_Collegetown_2025-10-10.pdf
2025-10-11 07:21:55,212 - INFO - backend.bots.craftable_bot.craftable_bot.CraftableBot - (craftable_bot.py:303) - Retrieving order for A.L. George (10/10/2025).
2025-10-11 07:21:56,575 - INFO - backend.bots.craftable_bot.craftable_bot.CraftableBot - (craftable_bot.py:1031) - [Order Update] Initiating update protocol for Collegetown / A.L. George / 20251010.
2025-10-11 07:21:56,576 - INFO - backend.coordinators.order_coordinator.OrderCoordinator - (order_coordinator.py:195) - [Order Update] No existing file at C:\Users\andrew\Desktop\Andrew\Projects\IthacaBakery\RandomStuff\WorkBot\refactor\data\orders\A.L. George\A.L. George_Collegetown_2025-10-10.xlsx. Proceeding with save.
2025-10-11 07:21:56,576 - INFO - backend.bots.craftable_bot.craftable_bot.CraftableBot - (craftable_bot.py:317) - Saving order for A.L. George.
2025-10-11 07:21:58,635 - INFO - backend.coordinators.order_coordinator.OrderCoordinator - (order_coordinator.py:252) - Moved downloaded PDF to: C:\Users\andrew\Desktop\Andrew\Projects\IthacaBakery\RandomStuff\WorkBot\refactor\data\orders\A.L. George\A.L. George_Collegetown_2025-10-10.pdf
2025-10-11 07:22:00,986 - INFO - backend.bots.craftable_bot.craftable_bot.CraftableBot - (craftable_bot.py:303) - Retrieving order for Coca-Cola (10/10/2025).
2025-10-11 07:22:02,492 - INFO - backend.bots.craftable_bot.craftable_bot.CraftableBot - (craftable_bot.py:1031) - [Order Update] Initiating update protocol for Collegetown / Coca-Cola / 20251010.
2025-10-11 07:22:02,493 - INFO - backend.coordinators.order_coordinator.OrderCoordinator - (order_coordinator.py:195) - [Order Update] No existing file at C:\Users\andrew\Desktop\Andrew\Projects\IthacaBakery\RandomStuff\WorkBot\refactor\data\orders\Coca-Cola\Coca-Cola_Collegetown_2025-10-10.xlsx. Proceeding with save.
2025-10-11 07:22:02,493 - INFO - backend.bots.craftable_bot.craftable_bot.CraftableBot - (craftable_bot.py:317) - Saving order for Coca-Cola.
2025-10-11 07:22:04,549 - INFO - backend.coordinators.order_coordinator.OrderCoordinator - (order_coordinator.py:252) - Moved downloaded PDF to: C:\Users\andrew\Desktop\Andrew\Projects\IthacaBakery\RandomStuff\WorkBot\refactor\data\orders\Coca-Cola\Coca-Cola_Collegetown_2025-10-10.pdf
2025-10-11 07:22:06,903 - INFO - backend.bots.craftable_bot.craftable_bot.CraftableBot - (craftable_bot.py:303) - Retrieving order for FingerLakes Farms (10/10/2025).
2025-10-11 07:22:08,060 - INFO - backend.bots.craftable_bot.craftable_bot.CraftableBot - (craftable_bot.py:1031) - [Order Update] Initiating update protocol for Collegetown / FingerLakes Farms / 20251010.
2025-10-11 07:22:08,061 - INFO - backend.coordinators.order_coordinator.OrderCoordinator - (order_coordinator.py:195) - [Order Update] No existing file at C:\Users\andrew\Desktop\Andrew\Projects\IthacaBakery\RandomStuff\WorkBot\refactor\data\orders\FingerLakes Farms\FingerLakes Farms_Collegetown_2025-10-10.xlsx. Proceeding with save.
2025-10-11 07:22:08,061 - INFO - backend.bots.craftable_bot.craftable_bot.CraftableBot - (craftable_bot.py:317) - Saving order for FingerLakes Farms.
2025-10-11 07:22:10,611 - INFO - backend.coordinators.order_coordinator.OrderCoordinator - (order_coordinator.py:252) - Moved downloaded PDF to: C:\Users\andrew\Desktop\Andrew\Projects\IthacaBakery\RandomStuff\WorkBot\refactor\data\orders\FingerLakes Farms\FingerLakes Farms_Collegetown_2025-10-10.pdf
2025-10-11 07:22:12,452 - INFO - backend.bots.craftable_bot.craftable_bot.CraftableBot - (craftable_bot.py:262) - Accessing order page for Easthill.
2025-10-11 07:22:18,937 - INFO - backend.bots.craftable_bot.craftable_bot.CraftableBot - (craftable_bot.py:303) - Retrieving order for Ithaca Bakery (10/10/2025).
2025-10-11 07:22:22,065 - INFO - backend.bots.craftable_bot.craftable_bot.CraftableBot - (craftable_bot.py:1031) - [Order Update] Initiating update protocol for Easthill / Ithaca Bakery / 20251010.
2025-10-11 07:22:22,065 - INFO - backend.coordinators.order_coordinator.OrderCoordinator - (order_coordinator.py:195) - [Order Update] No existing file at C:\Users\andrew\Desktop\Andrew\Projects\IthacaBakery\RandomStuff\WorkBot\refactor\data\orders\Ithaca Bakery\Ithaca Bakery_Easthill_2025-10-10.xlsx. Proceeding with save.
2025-10-11 07:22:22,066 - INFO - backend.bots.craftable_bot.craftable_bot.CraftableBot - (craftable_bot.py:317) - Saving order for Ithaca Bakery.
2025-10-11 07:22:24,653 - INFO - backend.coordinators.order_coordinator.OrderCoordinator - (order_coordinator.py:252) - Moved downloaded PDF to: C:\Users\andrew\Desktop\Andrew\Projects\IthacaBakery\RandomStuff\WorkBot\refactor\data\orders\Ithaca Bakery\Ithaca Bakery_Easthill_2025-10-10.pdf
2025-10-11 07:22:26,536 - INFO - backend.bots.craftable_bot.craftable_bot.CraftableBot - (craftable_bot.py:303) - Retrieving order for Performance Food (10/10/2025).
2025-10-11 07:22:28,422 - INFO - backend.bots.craftable_bot.craftable_bot.CraftableBot - (craftable_bot.py:1031) - [Order Update] Initiating update protocol for Easthill / Performance Food / 20251010.
2025-10-11 07:22:28,422 - INFO - backend.coordinators.order_coordinator.OrderCoordinator - (order_coordinator.py:195) - [Order Update] No existing file at C:\Users\andrew\Desktop\Andrew\Projects\IthacaBakery\RandomStuff\WorkBot\refactor\data\orders\Performance Food\Performance Food_Easthill_2025-10-10.xlsx. Proceeding with save.
2025-10-11 07:22:28,423 - INFO - backend.bots.craftable_bot.craftable_bot.CraftableBot - (craftable_bot.py:317) - Saving order for Performance Food.
2025-10-11 07:22:30,497 - INFO - backend.coordinators.order_coordinator.OrderCoordinator - (order_coordinator.py:252) - Moved downloaded PDF to: C:\Users\andrew\Desktop\Andrew\Projects\IthacaBakery\RandomStuff\WorkBot\refactor\data\orders\Performance Food\Performance Food_Easthill_2025-10-10.pdf
2025-10-11 07:22:32,856 - INFO - backend.bots.craftable_bot.craftable_bot.CraftableBot - (craftable_bot.py:303) - Retrieving order for Sysco (10/10/2025).
2025-10-11 07:22:34,494 - INFO - backend.bots.craftable_bot.craftable_bot.CraftableBot - (craftable_bot.py:1031) - [Order Update] Initiating update protocol for Easthill / Sysco / 20251010.
2025-10-11 07:22:34,495 - INFO - backend.coordinators.order_coordinator.OrderCoordinator - (order_coordinator.py:195) - [Order Update] No existing file at C:\Users\andrew\Desktop\Andrew\Projects\IthacaBakery\RandomStuff\WorkBot\refactor\data\orders\Sysco\Sysco_Easthill_2025-10-10.xlsx. Proceeding with save.
2025-10-11 07:22:34,495 - INFO - backend.bots.craftable_bot.craftable_bot.CraftableBot - (craftable_bot.py:317) - Saving order for Sysco.
2025-10-11 07:22:36,555 - INFO - backend.coordinators.order_coordinator.OrderCoordinator - (order_coordinator.py:252) - Moved downloaded PDF to: C:\Users\andrew\Desktop\Andrew\Projects\IthacaBakery\RandomStuff\WorkBot\refactor\data\orders\Sysco\Sysco_Easthill_2025-10-10.pdf
2025-10-11 07:22:38,920 - INFO - backend.bots.craftable_bot.craftable_bot.CraftableBot - (craftable_bot.py:303) - Retrieving order for Peters Supply (10/10/2025).
2025-10-11 07:22:40,119 - INFO - backend.bots.craftable_bot.craftable_bot.CraftableBot - (craftable_bot.py:1031) - [Order Update] Initiating update protocol for Easthill / Peters Supply / 20251010.
2025-10-11 07:22:40,120 - INFO - backend.coordinators.order_coordinator.OrderCoordinator - (order_coordinator.py:195) - [Order Update] No existing file at C:\Users\andrew\Desktop\Andrew\Projects\IthacaBakery\RandomStuff\WorkBot\refactor\data\orders\Peters Supply\Peters Supply_Easthill_2025-10-10.xlsx. Proceeding with save.
2025-10-11 07:22:40,120 - INFO - backend.bots.craftable_bot.craftable_bot.CraftableBot - (craftable_bot.py:317) - Saving order for Peters Supply.
2025-10-11 07:22:42,171 - INFO - backend.coordinators.order_coordinator.OrderCoordinator - (order_coordinator.py:252) - Moved downloaded PDF to: C:\Users\andrew\Desktop\Andrew\Projects\IthacaBakery\RandomStuff\WorkBot\refactor\data\orders\Peters Supply\Peters Supply_Easthill_2025-10-10.pdf
2025-10-11 07:22:44,542 - INFO - backend.bots.craftable_bot.craftable_bot.CraftableBot - (craftable_bot.py:303) - Retrieving order for US Foods (10/10/2025).
2025-10-11 07:22:46,566 - INFO - backend.bots.craftable_bot.craftable_bot.CraftableBot - (craftable_bot.py:1031) - [Order Update] Initiating update protocol for Easthill / US Foods / 20251010.
2025-10-11 07:22:46,566 - INFO - backend.coordinators.order_coordinator.OrderCoordinator - (order_coordinator.py:195) - [Order Update] No existing file at C:\Users\andrew\Desktop\Andrew\Projects\IthacaBakery\RandomStuff\WorkBot\refactor\data\orders\US Foods\US Foods_Easthill_2025-10-10.xlsx. Proceeding with save.
2025-10-11 07:22:46,566 - INFO - backend.bots.craftable_bot.craftable_bot.CraftableBot - (craftable_bot.py:317) - Saving order for US Foods.
2025-10-11 07:22:48,628 - INFO - backend.coordinators.order_coordinator.OrderCoordinator - (order_coordinator.py:252) - Moved downloaded PDF to: C:\Users\andrew\Desktop\Andrew\Projects\IthacaBakery\RandomStuff\WorkBot\refactor\data\orders\US Foods\US Foods_Easthill_2025-10-10.pdf
2025-10-11 07:22:50,991 - INFO - backend.bots.craftable_bot.craftable_bot.CraftableBot - (craftable_bot.py:303) - Retrieving order for Bo's Bones (10/10/2025).
2025-10-11 07:22:52,148 - INFO - backend.bots.craftable_bot.craftable_bot.CraftableBot - (craftable_bot.py:1031) - [Order Update] Initiating update protocol for Easthill / Bo's Bones / 20251010.
2025-10-11 07:22:52,148 - INFO - backend.coordinators.order_coordinator.OrderCoordinator - (order_coordinator.py:195) - [Order Update] No existing file at C:\Users\andrew\Desktop\Andrew\Projects\IthacaBakery\RandomStuff\WorkBot\refactor\data\orders\Bo's Bones\Bo's Bones_Easthill_2025-10-10.xlsx. Proceeding with save.
2025-10-11 07:22:52,148 - INFO - backend.bots.craftable_bot.craftable_bot.CraftableBot - (craftable_bot.py:317) - Saving order for Bo's Bones.
2025-10-11 07:22:54,201 - INFO - backend.coordinators.order_coordinator.OrderCoordinator - (order_coordinator.py:252) - Moved downloaded PDF to: C:\Users\andrew\Desktop\Andrew\Projects\IthacaBakery\RandomStuff\WorkBot\refactor\data\orders\Bo's Bones\Bo's Bones_Easthill_2025-10-10.pdf
2025-10-11 07:22:56,560 - INFO - backend.bots.craftable_bot.craftable_bot.CraftableBot - (craftable_bot.py:303) - Retrieving order for Regional Distributors, Inc. (10/10/2025).
2025-10-11 07:22:58,154 - INFO - backend.bots.craftable_bot.craftable_bot.CraftableBot - (craftable_bot.py:1031) - [Order Update] Initiating update protocol for Easthill / Regional Distributors, Inc. / 20251010.
2025-10-11 07:22:58,155 - INFO - backend.coordinators.order_coordinator.OrderCoordinator - (order_coordinator.py:195) - [Order Update] No existing file at C:\Users\andrew\Desktop\Andrew\Projects\IthacaBakery\RandomStuff\WorkBot\refactor\data\orders\Regional Distributors, Inc.\Regional Distributors, Inc._Easthill_2025-10-10.xlsx. Proceeding with save.
2025-10-11 07:22:58,155 - INFO - backend.bots.craftable_bot.craftable_bot.CraftableBot - (craftable_bot.py:317) - Saving order for Regional Distributors, Inc..
2025-10-11 07:23:00,214 - INFO - backend.coordinators.order_coordinator.OrderCoordinator - (order_coordinator.py:252) - Moved downloaded PDF to: C:\Users\andrew\Desktop\Andrew\Projects\IthacaBakery\RandomStuff\WorkBot\refactor\data\orders\Regional Distributors, Inc.\Regional Distributors, Inc._Easthill_2025-10-10.pdf
2025-10-11 07:23:02,566 - INFO - backend.bots.craftable_bot.craftable_bot.CraftableBot - (craftable_bot.py:303) - Retrieving order for Copper Horse Coffee (10/10/2025).
2025-10-11 07:23:03,721 - INFO - backend.bots.craftable_bot.craftable_bot.CraftableBot - (craftable_bot.py:1031) - [Order Update] Initiating update protocol for Easthill / Copper Horse Coffee / 20251010.
2025-10-11 07:23:03,722 - INFO - backend.coordinators.order_coordinator.OrderCoordinator - (order_coordinator.py:195) - [Order Update] No existing file at C:\Users\andrew\Desktop\Andrew\Projects\IthacaBakery\RandomStuff\WorkBot\refactor\data\orders\Copper Horse Coffee\Copper Horse Coffee_Easthill_2025-10-10.xlsx. Proceeding with save.
2025-10-11 07:23:03,722 - INFO - backend.bots.craftable_bot.craftable_bot.CraftableBot - (craftable_bot.py:317) - Saving order for Copper Horse Coffee.
2025-10-11 07:23:05,762 - INFO - backend.coordinators.order_coordinator.OrderCoordinator - (order_coordinator.py:252) - Moved downloaded PDF to: C:\Users\andrew\Desktop\Andrew\Projects\IthacaBakery\RandomStuff\WorkBot\refactor\data\orders\Copper Horse Coffee\Copper Horse Coffee_Easthill_2025-10-10.pdf
2025-10-11 07:23:08,157 - INFO - backend.bots.craftable_bot.craftable_bot.CraftableBot - (craftable_bot.py:303) - Retrieving order for Hill & Markes (10/10/2025).
2025-10-11 07:23:09,735 - INFO - backend.bots.craftable_bot.craftable_bot.CraftableBot - (craftable_bot.py:1031) - [Order Update] Initiating update protocol for Easthill / Hill & Markes / 20251010.
2025-10-11 07:23:09,735 - INFO - backend.coordinators.order_coordinator.OrderCoordinator - (order_coordinator.py:195) - [Order Update] No existing file at C:\Users\andrew\Desktop\Andrew\Projects\IthacaBakery\RandomStuff\WorkBot\refactor\data\orders\Hill & Markes\Hill & Markes_Easthill_2025-10-10.xlsx. Proceeding with save.
2025-10-11 07:23:09,735 - INFO - backend.bots.craftable_bot.craftable_bot.CraftableBot - (craftable_bot.py:317) - Saving order for Hill & Markes.
2025-10-11 07:23:11,793 - INFO - backend.coordinators.order_coordinator.OrderCoordinator - (order_coordinator.py:252) - Moved downloaded PDF to: C:\Users\andrew\Desktop\Andrew\Projects\IthacaBakery\RandomStuff\WorkBot\refactor\data\orders\Hill & Markes\Hill & Markes_Easthill_2025-10-10.pdf
2025-10-11 07:23:14,153 - INFO - backend.bots.craftable_bot.craftable_bot.CraftableBot - (craftable_bot.py:303) - Retrieving order for Equal Exchange (10/10/2025).
2025-10-11 07:23:15,496 - INFO - backend.bots.craftable_bot.craftable_bot.CraftableBot - (craftable_bot.py:1031) - [Order Update] Initiating update protocol for Easthill / Equal Exchange / 20251010.
2025-10-11 07:23:15,497 - INFO - backend.coordinators.order_coordinator.OrderCoordinator - (order_coordinator.py:195) - [Order Update] No existing file at C:\Users\andrew\Desktop\Andrew\Projects\IthacaBakery\RandomStuff\WorkBot\refactor\data\orders\Equal Exchange\Equal Exchange_Easthill_2025-10-10.xlsx. Proceeding with save.
2025-10-11 07:23:15,497 - INFO - backend.bots.craftable_bot.craftable_bot.CraftableBot - (craftable_bot.py:317) - Saving order for Equal Exchange.
2025-10-11 07:23:17,546 - INFO - backend.coordinators.order_coordinator.OrderCoordinator - (order_coordinator.py:252) - Moved downloaded PDF to: C:\Users\andrew\Desktop\Andrew\Projects\IthacaBakery\RandomStuff\WorkBot\refactor\data\orders\Equal Exchange\Equal Exchange_Easthill_2025-10-10.pdf
2025-10-11 07:23:19,956 - INFO - backend.bots.craftable_bot.craftable_bot.CraftableBot - (craftable_bot.py:303) - Retrieving order for UNFI (10/10/2025).
2025-10-11 07:23:21,549 - INFO - backend.bots.craftable_bot.craftable_bot.CraftableBot - (craftable_bot.py:1031) - [Order Update] Initiating update protocol for Easthill / UNFI / 20251010.
2025-10-11 07:23:21,549 - INFO - backend.coordinators.order_coordinator.OrderCoordinator - (order_coordinator.py:195) - [Order Update] No existing file at C:\Users\andrew\Desktop\Andrew\Projects\IthacaBakery\RandomStuff\WorkBot\refactor\data\orders\UNFI\UNFI_Easthill_2025-10-10.xlsx. Proceeding with save.
2025-10-11 07:23:21,549 - INFO - backend.bots.craftable_bot.craftable_bot.CraftableBot - (craftable_bot.py:317) - Saving order for UNFI.
2025-10-11 07:23:24,106 - INFO - backend.coordinators.order_coordinator.OrderCoordinator - (order_coordinator.py:252) - Moved downloaded PDF to: C:\Users\andrew\Desktop\Andrew\Projects\IthacaBakery\RandomStuff\WorkBot\refactor\data\orders\UNFI\UNFI_Easthill_2025-10-10.pdf
2025-10-11 07:23:25,995 - INFO - backend.bots.craftable_bot.craftable_bot.CraftableBot - (craftable_bot.py:303) - Retrieving order for Hillcrest Dairy (10/10/2025).
2025-10-11 07:23:27,342 - INFO - backend.bots.craftable_bot.craftable_bot.CraftableBot - (craftable_bot.py:1031) - [Order Update] Initiating update protocol for Easthill / Hillcrest Dairy / 20251010.
2025-10-11 07:23:27,343 - INFO - backend.coordinators.order_coordinator.OrderCoordinator - (order_coordinator.py:195) - [Order Update] No existing file at C:\Users\andrew\Desktop\Andrew\Projects\IthacaBakery\RandomStuff\WorkBot\refactor\data\orders\Hillcrest Dairy\Hillcrest Dairy_Easthill_2025-10-10.xlsx. Proceeding with save.
2025-10-11 07:23:27,343 - INFO - backend.bots.craftable_bot.craftable_bot.CraftableBot - (craftable_bot.py:317) - Saving order for Hillcrest Dairy.
2025-10-11 07:23:29,399 - INFO - backend.coordinators.order_coordinator.OrderCoordinator - (order_coordinator.py:252) - Moved downloaded PDF to: C:\Users\andrew\Desktop\Andrew\Projects\IthacaBakery\RandomStuff\WorkBot\refactor\data\orders\Hillcrest Dairy\Hillcrest Dairy_Easthill_2025-10-10.pdf
2025-10-11 07:23:31,762 - INFO - backend.bots.craftable_bot.craftable_bot.CraftableBot - (craftable_bot.py:303) - Retrieving order for Webstaurant (10/10/2025).
2025-10-11 07:23:32,915 - INFO - backend.bots.craftable_bot.craftable_bot.CraftableBot - (craftable_bot.py:1031) - [Order Update] Initiating update protocol for Easthill / Webstaurant / 20251010.
2025-10-11 07:23:32,916 - INFO - backend.coordinators.order_coordinator.OrderCoordinator - (order_coordinator.py:195) - [Order Update] No existing file at C:\Users\andrew\Desktop\Andrew\Projects\IthacaBakery\RandomStuff\WorkBot\refactor\data\orders\Webstaurant\Webstaurant_Easthill_2025-10-10.xlsx. Proceeding with save.
2025-10-11 07:23:32,916 - INFO - backend.bots.craftable_bot.craftable_bot.CraftableBot - (craftable_bot.py:317) - Saving order for Webstaurant.
2025-10-11 07:23:34,968 - INFO - backend.coordinators.order_coordinator.OrderCoordinator - (order_coordinator.py:252) - Moved downloaded PDF to: C:\Users\andrew\Desktop\Andrew\Projects\IthacaBakery\RandomStuff\WorkBot\refactor\data\orders\Webstaurant\Webstaurant_Easthill_2025-10-10.pdf
2025-10-11 07:23:37,322 - INFO - backend.bots.craftable_bot.craftable_bot.CraftableBot - (craftable_bot.py:303) - Retrieving order for Johnston Paper (10/10/2025).
2025-10-11 07:23:38,472 - INFO - backend.bots.craftable_bot.craftable_bot.CraftableBot - (craftable_bot.py:1031) - [Order Update] Initiating update protocol for Easthill / Johnston Paper / 20251010.
2025-10-11 07:23:38,472 - INFO - backend.coordinators.order_coordinator.OrderCoordinator - (order_coordinator.py:195) - [Order Update] No existing file at C:\Users\andrew\Desktop\Andrew\Projects\IthacaBakery\RandomStuff\WorkBot\refactor\data\orders\Johnston Paper\Johnston Paper_Easthill_2025-10-10.xlsx. Proceeding with save.
2025-10-11 07:23:38,472 - INFO - backend.bots.craftable_bot.craftable_bot.CraftableBot - (craftable_bot.py:317) - Saving order for Johnston Paper.
2025-10-11 07:23:41,024 - INFO - backend.coordinators.order_coordinator.OrderCoordinator - (order_coordinator.py:252) - Moved downloaded PDF to: C:\Users\andrew\Desktop\Andrew\Projects\IthacaBakery\RandomStuff\WorkBot\refactor\data\orders\Johnston Paper\Johnston Paper_Easthill_2025-10-10.pdf
2025-10-11 07:23:42,904 - INFO - backend.bots.craftable_bot.craftable_bot.CraftableBot - (craftable_bot.py:303) - Retrieving order for FingerLakes Farms (10/10/2025).
2025-10-11 07:23:44,355 - INFO - backend.bots.craftable_bot.craftable_bot.CraftableBot - (craftable_bot.py:1031) - [Order Update] Initiating update protocol for Easthill / FingerLakes Farms / 20251010.
2025-10-11 07:23:44,355 - INFO - backend.coordinators.order_coordinator.OrderCoordinator - (order_coordinator.py:195) - [Order Update] No existing file at C:\Users\andrew\Desktop\Andrew\Projects\IthacaBakery\RandomStuff\WorkBot\refactor\data\orders\FingerLakes Farms\FingerLakes Farms_Easthill_2025-10-10.xlsx. Proceeding with save.
2025-10-11 07:23:44,356 - INFO - backend.bots.craftable_bot.craftable_bot.CraftableBot - (craftable_bot.py:317) - Saving order for FingerLakes Farms.
2025-10-11 07:23:46,409 - INFO - backend.coordinators.order_coordinator.OrderCoordinator - (order_coordinator.py:252) - Moved downloaded PDF to: C:\Users\andrew\Desktop\Andrew\Projects\IthacaBakery\RandomStuff\WorkBot\refactor\data\orders\FingerLakes Farms\FingerLakes Farms_Easthill_2025-10-10.pdf
2025-10-11 07:23:48,772 - INFO - backend.bots.craftable_bot.craftable_bot.CraftableBot - (craftable_bot.py:303) - Retrieving order for BALKAN BEVERAGE LLC (10/10/2025).
2025-10-11 07:23:49,985 - INFO - backend.bots.craftable_bot.craftable_bot.CraftableBot - (craftable_bot.py:1031) - [Order Update] Initiating update protocol for Easthill / BALKAN BEVERAGE LLC / 20251010.
2025-10-11 07:23:49,985 - INFO - backend.coordinators.order_coordinator.OrderCoordinator - (order_coordinator.py:195) - [Order Update] No existing file at C:\Users\andrew\Desktop\Andrew\Projects\IthacaBakery\RandomStuff\WorkBot\refactor\data\orders\BALKAN BEVERAGE LLC\BALKAN BEVERAGE LLC_Easthill_2025-10-10.xlsx. Proceeding with save.
2025-10-11 07:23:49,985 - INFO - backend.bots.craftable_bot.craftable_bot.CraftableBot - (craftable_bot.py:317) - Saving order for BALKAN BEVERAGE LLC.
2025-10-11 07:23:52,037 - INFO - backend.coordinators.order_coordinator.OrderCoordinator - (order_coordinator.py:252) - Moved downloaded PDF to: C:\Users\andrew\Desktop\Andrew\Projects\IthacaBakery\RandomStuff\WorkBot\refactor\data\orders\BALKAN BEVERAGE LLC\BALKAN BEVERAGE LLC_Easthill_2025-10-10.pdf
2025-10-11 07:23:54,396 - INFO - backend.bots.craftable_bot.craftable_bot.CraftableBot - (craftable_bot.py:303) - Retrieving order for Coca-Cola (10/10/2025).
2025-10-11 07:23:55,608 - INFO - backend.bots.craftable_bot.craftable_bot.CraftableBot - (craftable_bot.py:1031) - [Order Update] Initiating update protocol for Easthill / Coca-Cola / 20251010.
2025-10-11 07:23:55,608 - INFO - backend.coordinators.order_coordinator.OrderCoordinator - (order_coordinator.py:195) - [Order Update] No existing file at C:\Users\andrew\Desktop\Andrew\Projects\IthacaBakery\RandomStuff\WorkBot\refactor\data\orders\Coca-Cola\Coca-Cola_Easthill_2025-10-10.xlsx. Proceeding with save.
2025-10-11 07:23:55,608 - INFO - backend.bots.craftable_bot.craftable_bot.CraftableBot - (craftable_bot.py:317) - Saving order for Coca-Cola.
2025-10-11 07:23:57,657 - INFO - backend.coordinators.order_coordinator.OrderCoordinator - (order_coordinator.py:252) - Moved downloaded PDF to: C:\Users\andrew\Desktop\Andrew\Projects\IthacaBakery\RandomStuff\WorkBot\refactor\data\orders\Coca-Cola\Coca-Cola_Easthill_2025-10-10.pdf
2025-10-11 07:24:00,045 - INFO - backend.bots.craftable_bot.craftable_bot.CraftableBot - (craftable_bot.py:303) - Retrieving order for Hillcrest Foods (10/11/2025).
2025-10-11 07:24:01,211 - INFO - backend.bots.craftable_bot.craftable_bot.CraftableBot - (craftable_bot.py:1031) - [Order Update] Initiating update protocol for Easthill / Hillcrest Foods / 20251011.
2025-10-11 07:24:01,212 - INFO - backend.coordinators.order_coordinator.OrderCoordinator - (order_coordinator.py:195) - [Order Update] No existing file at C:\Users\andrew\Desktop\Andrew\Projects\IthacaBakery\RandomStuff\WorkBot\refactor\data\orders\Hillcrest Foods\Hillcrest Foods_Easthill_2025-10-11.xlsx. Proceeding with save.
2025-10-11 07:24:01,212 - INFO - backend.bots.craftable_bot.craftable_bot.CraftableBot - (craftable_bot.py:317) - Saving order for Hillcrest Foods.
2025-10-11 07:24:03,263 - INFO - backend.coordinators.order_coordinator.OrderCoordinator - (order_coordinator.py:252) - Moved downloaded PDF to: C:\Users\andrew\Desktop\Andrew\Projects\IthacaBakery\RandomStuff\WorkBot\refactor\data\orders\Hillcrest Foods\Hillcrest Foods_Easthill_2025-10-11.pdf
2025-10-11 07:24:05,593 - INFO - backend.bots.craftable_bot.craftable_bot.CraftableBot - (craftable_bot.py:262) - Accessing order page for Downtown.
2025-10-11 07:24:12,081 - INFO - backend.bots.craftable_bot.craftable_bot.CraftableBot - (craftable_bot.py:303) - Retrieving order for US Foods (10/10/2025).
2025-10-11 07:24:14,050 - INFO - backend.bots.craftable_bot.craftable_bot.CraftableBot - (craftable_bot.py:1031) - [Order Update] Initiating update protocol for Downtown / US Foods / 20251010.
2025-10-11 07:24:14,050 - INFO - backend.coordinators.order_coordinator.OrderCoordinator - (order_coordinator.py:195) - [Order Update] No existing file at C:\Users\andrew\Desktop\Andrew\Projects\IthacaBakery\RandomStuff\WorkBot\refactor\data\orders\US Foods\US Foods_Downtown_2025-10-10.xlsx. Proceeding with save.
2025-10-11 07:24:14,051 - INFO - backend.bots.craftable_bot.craftable_bot.CraftableBot - (craftable_bot.py:317) - Saving order for US Foods.
2025-10-11 07:24:16,614 - INFO - backend.coordinators.order_coordinator.OrderCoordinator - (order_coordinator.py:252) - Moved downloaded PDF to: C:\Users\andrew\Desktop\Andrew\Projects\IthacaBakery\RandomStuff\WorkBot\refactor\data\orders\US Foods\US Foods_Downtown_2025-10-10.pdf
2025-10-11 07:24:18,500 - INFO - backend.bots.craftable_bot.craftable_bot.CraftableBot - (craftable_bot.py:303) - Retrieving order for Regional Distributors, Inc. (10/10/2025).
2025-10-11 07:24:20,098 - INFO - backend.bots.craftable_bot.craftable_bot.CraftableBot - (craftable_bot.py:1031) - [Order Update] Initiating update protocol for Downtown / Regional Distributors, Inc. / 20251010.
2025-10-11 07:24:20,098 - INFO - backend.coordinators.order_coordinator.OrderCoordinator - (order_coordinator.py:195) - [Order Update] No existing file at C:\Users\andrew\Desktop\Andrew\Projects\IthacaBakery\RandomStuff\WorkBot\refactor\data\orders\Regional Distributors, Inc.\Regional Distributors, Inc._Downtown_2025-10-10.xlsx. Proceeding with save.
2025-10-11 07:24:20,098 - INFO - backend.bots.craftable_bot.craftable_bot.CraftableBot - (craftable_bot.py:317) - Saving order for Regional Distributors, Inc..
2025-10-11 07:24:22,153 - INFO - backend.coordinators.order_coordinator.OrderCoordinator - (order_coordinator.py:252) - Moved downloaded PDF to: C:\Users\andrew\Desktop\Andrew\Projects\IthacaBakery\RandomStuff\WorkBot\refactor\data\orders\Regional Distributors, Inc.\Regional Distributors, Inc._Downtown_2025-10-10.pdf
2025-10-11 07:24:24,532 - INFO - backend.bots.craftable_bot.craftable_bot.CraftableBot - (craftable_bot.py:303) - Retrieving order for Ithaca Bakery (10/10/2025).
2025-10-11 07:24:27,759 - INFO - backend.bots.craftable_bot.craftable_bot.CraftableBot - (craftable_bot.py:1031) - [Order Update] Initiating update protocol for Downtown / Ithaca Bakery / 20251010.
2025-10-11 07:24:27,759 - INFO - backend.coordinators.order_coordinator.OrderCoordinator - (order_coordinator.py:195) - [Order Update] No existing file at C:\Users\andrew\Desktop\Andrew\Projects\IthacaBakery\RandomStuff\WorkBot\refactor\data\orders\Ithaca Bakery\Ithaca Bakery_Downtown_2025-10-10.xlsx. Proceeding with save.
2025-10-11 07:24:27,759 - INFO - backend.bots.craftable_bot.craftable_bot.CraftableBot - (craftable_bot.py:317) - Saving order for Ithaca Bakery.
2025-10-11 07:24:30,345 - INFO - backend.coordinators.order_coordinator.OrderCoordinator - (order_coordinator.py:252) - Moved downloaded PDF to: C:\Users\andrew\Desktop\Andrew\Projects\IthacaBakery\RandomStuff\WorkBot\refactor\data\orders\Ithaca Bakery\Ithaca Bakery_Downtown_2025-10-10.pdf
2025-10-11 07:24:32,220 - INFO - backend.bots.craftable_bot.craftable_bot.CraftableBot - (craftable_bot.py:303) - Retrieving order for Copper Horse Coffee (10/10/2025).
2025-10-11 07:24:33,637 - INFO - backend.bots.craftable_bot.craftable_bot.CraftableBot - (craftable_bot.py:1031) - [Order Update] Initiating update protocol for Downtown / Copper Horse Coffee / 20251010.
2025-10-11 07:24:33,637 - INFO - backend.coordinators.order_coordinator.OrderCoordinator - (order_coordinator.py:195) - [Order Update] No existing file at C:\Users\andrew\Desktop\Andrew\Projects\IthacaBakery\RandomStuff\WorkBot\refactor\data\orders\Copper Horse Coffee\Copper Horse Coffee_Downtown_2025-10-10.xlsx. Proceeding with save.
2025-10-11 07:24:33,637 - INFO - backend.bots.craftable_bot.craftable_bot.CraftableBot - (craftable_bot.py:317) - Saving order for Copper Horse Coffee.
2025-10-11 07:24:35,700 - INFO - backend.coordinators.order_coordinator.OrderCoordinator - (order_coordinator.py:252) - Moved downloaded PDF to: C:\Users\andrew\Desktop\Andrew\Projects\IthacaBakery\RandomStuff\WorkBot\refactor\data\orders\Copper Horse Coffee\Copper Horse Coffee_Downtown_2025-10-10.pdf
2025-10-11 07:24:38,061 - INFO - backend.bots.craftable_bot.craftable_bot.CraftableBot - (craftable_bot.py:303) - Retrieving order for Hill & Markes (10/10/2025).
2025-10-11 07:24:39,316 - INFO - backend.bots.craftable_bot.craftable_bot.CraftableBot - (craftable_bot.py:1031) - [Order Update] Initiating update protocol for Downtown / Hill & Markes / 20251010.
2025-10-11 07:24:39,316 - INFO - backend.coordinators.order_coordinator.OrderCoordinator - (order_coordinator.py:195) - [Order Update] No existing file at C:\Users\andrew\Desktop\Andrew\Projects\IthacaBakery\RandomStuff\WorkBot\refactor\data\orders\Hill & Markes\Hill & Markes_Downtown_2025-10-10.xlsx. Proceeding with save.
2025-10-11 07:24:39,317 - INFO - backend.bots.craftable_bot.craftable_bot.CraftableBot - (craftable_bot.py:317) - Saving order for Hill & Markes.
2025-10-11 07:24:41,868 - INFO - backend.coordinators.order_coordinator.OrderCoordinator - (order_coordinator.py:252) - Moved downloaded PDF to: C:\Users\andrew\Desktop\Andrew\Projects\IthacaBakery\RandomStuff\WorkBot\refactor\data\orders\Hill & Markes\Hill & Markes_Downtown_2025-10-10.pdf
2025-10-11 07:24:43,749 - INFO - backend.bots.craftable_bot.craftable_bot.CraftableBot - (craftable_bot.py:303) - Retrieving order for Equal Exchange (10/10/2025).
2025-10-11 07:24:45,098 - INFO - backend.bots.craftable_bot.craftable_bot.CraftableBot - (craftable_bot.py:1031) - [Order Update] Initiating update protocol for Downtown / Equal Exchange / 20251010.
2025-10-11 07:24:45,098 - INFO - backend.coordinators.order_coordinator.OrderCoordinator - (order_coordinator.py:195) - [Order Update] No existing file at C:\Users\andrew\Desktop\Andrew\Projects\IthacaBakery\RandomStuff\WorkBot\refactor\data\orders\Equal Exchange\Equal Exchange_Downtown_2025-10-10.xlsx. Proceeding with save.
2025-10-11 07:24:45,098 - INFO - backend.bots.craftable_bot.craftable_bot.CraftableBot - (craftable_bot.py:317) - Saving order for Equal Exchange.
2025-10-11 07:24:47,151 - INFO - backend.coordinators.order_coordinator.OrderCoordinator - (order_coordinator.py:252) - Moved downloaded PDF to: C:\Users\andrew\Desktop\Andrew\Projects\IthacaBakery\RandomStuff\WorkBot\refactor\data\orders\Equal Exchange\Equal Exchange_Downtown_2025-10-10.pdf
2025-10-11 07:24:49,521 - INFO - backend.bots.craftable_bot.craftable_bot.CraftableBot - (craftable_bot.py:303) - Retrieving order for Johnston Paper (10/10/2025).
2025-10-11 07:24:50,724 - INFO - backend.bots.craftable_bot.craftable_bot.CraftableBot - (craftable_bot.py:1031) - [Order Update] Initiating update protocol for Downtown / Johnston Paper / 20251010.
2025-10-11 07:24:50,724 - INFO - backend.coordinators.order_coordinator.OrderCoordinator - (order_coordinator.py:195) - [Order Update] No existing file at C:\Users\andrew\Desktop\Andrew\Projects\IthacaBakery\RandomStuff\WorkBot\refactor\data\orders\Johnston Paper\Johnston Paper_Downtown_2025-10-10.xlsx. Proceeding with save.
2025-10-11 07:24:50,724 - INFO - backend.bots.craftable_bot.craftable_bot.CraftableBot - (craftable_bot.py:317) - Saving order for Johnston Paper.
2025-10-11 07:24:52,777 - INFO - backend.coordinators.order_coordinator.OrderCoordinator - (order_coordinator.py:252) - Moved downloaded PDF to: C:\Users\andrew\Desktop\Andrew\Projects\IthacaBakery\RandomStuff\WorkBot\refactor\data\orders\Johnston Paper\Johnston Paper_Downtown_2025-10-10.pdf
2025-10-11 07:24:55,136 - INFO - backend.bots.craftable_bot.craftable_bot.CraftableBot - (craftable_bot.py:303) - Retrieving order for FingerLakes Farms (10/10/2025).
2025-10-11 07:24:56,596 - INFO - backend.bots.craftable_bot.craftable_bot.CraftableBot - (craftable_bot.py:1031) - [Order Update] Initiating update protocol for Downtown / FingerLakes Farms / 20251010.
2025-10-11 07:24:56,597 - INFO - backend.coordinators.order_coordinator.OrderCoordinator - (order_coordinator.py:195) - [Order Update] No existing file at C:\Users\andrew\Desktop\Andrew\Projects\IthacaBakery\RandomStuff\WorkBot\refactor\data\orders\FingerLakes Farms\FingerLakes Farms_Downtown_2025-10-10.xlsx. Proceeding with save.
2025-10-11 07:24:56,597 - INFO - backend.bots.craftable_bot.craftable_bot.CraftableBot - (craftable_bot.py:317) - Saving order for FingerLakes Farms.
2025-10-11 07:24:59,155 - INFO - backend.coordinators.order_coordinator.OrderCoordinator - (order_coordinator.py:252) - Moved downloaded PDF to: C:\Users\andrew\Desktop\Andrew\Projects\IthacaBakery\RandomStuff\WorkBot\refactor\data\orders\FingerLakes Farms\FingerLakes Farms_Downtown_2025-10-10.pdf
2025-10-11 07:25:01,033 - INFO - backend.bots.craftable_bot.craftable_bot.CraftableBot - (craftable_bot.py:303) - Retrieving order for Sysco (10/10/2025).
2025-10-11 07:25:02,680 - INFO - backend.bots.craftable_bot.craftable_bot.CraftableBot - (craftable_bot.py:1031) - [Order Update] Initiating update protocol for Downtown / Sysco / 20251010.
2025-10-11 07:25:02,680 - INFO - backend.coordinators.order_coordinator.OrderCoordinator - (order_coordinator.py:195) - [Order Update] No existing file at C:\Users\andrew\Desktop\Andrew\Projects\IthacaBakery\RandomStuff\WorkBot\refactor\data\orders\Sysco\Sysco_Downtown_2025-10-10.xlsx. Proceeding with save.
2025-10-11 07:25:02,680 - INFO - backend.bots.craftable_bot.craftable_bot.CraftableBot - (craftable_bot.py:317) - Saving order for Sysco.
2025-10-11 07:25:04,740 - INFO - backend.coordinators.order_coordinator.OrderCoordinator - (order_coordinator.py:252) - Moved downloaded PDF to: C:\Users\andrew\Desktop\Andrew\Projects\IthacaBakery\RandomStuff\WorkBot\refactor\data\orders\Sysco\Sysco_Downtown_2025-10-10.pdf
2025-10-11 07:25:07,093 - INFO - backend.bots.craftable_bot.craftable_bot.CraftableBot - (craftable_bot.py:303) - Retrieving order for Coca-Cola (10/10/2025).
2025-10-11 07:25:08,693 - INFO - backend.bots.craftable_bot.craftable_bot.CraftableBot - (craftable_bot.py:1031) - [Order Update] Initiating update protocol for Downtown / Coca-Cola / 20251010.
2025-10-11 07:25:08,693 - INFO - backend.coordinators.order_coordinator.OrderCoordinator - (order_coordinator.py:195) - [Order Update] No existing file at C:\Users\andrew\Desktop\Andrew\Projects\IthacaBakery\RandomStuff\WorkBot\refactor\data\orders\Coca-Cola\Coca-Cola_Downtown_2025-10-10.xlsx. Proceeding with save.
2025-10-11 07:25:08,693 - INFO - backend.bots.craftable_bot.craftable_bot.CraftableBot - (craftable_bot.py:317) - Saving order for Coca-Cola.
2025-10-11 07:25:10,748 - INFO - backend.coordinators.order_coordinator.OrderCoordinator - (order_coordinator.py:252) - Moved downloaded PDF to: C:\Users\andrew\Desktop\Andrew\Projects\IthacaBakery\RandomStuff\WorkBot\refactor\data\orders\Coca-Cola\Coca-Cola_Downtown_2025-10-10.pdf
2025-10-11 07:25:13,117 - INFO - backend.bots.craftable_bot.craftable_bot.CraftableBot - (craftable_bot.py:303) - Retrieving order for UNFI (10/10/2025).
2025-10-11 07:25:15,672 - INFO - backend.bots.craftable_bot.craftable_bot.CraftableBot - (craftable_bot.py:1031) - [Order Update] Initiating update protocol for Downtown / UNFI / 20251010.
2025-10-11 07:25:15,672 - INFO - backend.coordinators.order_coordinator.OrderCoordinator - (order_coordinator.py:195) - [Order Update] No existing file at C:\Users\andrew\Desktop\Andrew\Projects\IthacaBakery\RandomStuff\WorkBot\refactor\data\orders\UNFI\UNFI_Downtown_2025-10-10.xlsx. Proceeding with save.
2025-10-11 07:25:15,672 - INFO - backend.bots.craftable_bot.craftable_bot.CraftableBot - (craftable_bot.py:317) - Saving order for UNFI.
2025-10-11 07:25:17,752 - INFO - backend.coordinators.order_coordinator.OrderCoordinator - (order_coordinator.py:252) - Moved downloaded PDF to: C:\Users\andrew\Desktop\Andrew\Projects\IthacaBakery\RandomStuff\WorkBot\refactor\data\orders\UNFI\UNFI_Downtown_2025-10-10.pdf
2025-10-11 07:25:20,108 - INFO - backend.bots.craftable_bot.craftable_bot.CraftableBot - (craftable_bot.py:303) - Retrieving order for Performance Food (10/10/2025).
2025-10-11 07:25:21,745 - INFO - backend.bots.craftable_bot.craftable_bot.CraftableBot - (craftable_bot.py:1031) - [Order Update] Initiating update protocol for Downtown / Performance Food / 20251010.
2025-10-11 07:25:21,745 - INFO - backend.coordinators.order_coordinator.OrderCoordinator - (order_coordinator.py:195) - [Order Update] No existing file at C:\Users\andrew\Desktop\Andrew\Projects\IthacaBakery\RandomStuff\WorkBot\refactor\data\orders\Performance Food\Performance Food_Downtown_2025-10-10.xlsx. Proceeding with save.
2025-10-11 07:25:21,746 - INFO - backend.bots.craftable_bot.craftable_bot.CraftableBot - (craftable_bot.py:317) - Saving order for Performance Food.
2025-10-11 07:25:23,802 - INFO - backend.coordinators.order_coordinator.OrderCoordinator - (order_coordinator.py:252) - Moved downloaded PDF to: C:\Users\andrew\Desktop\Andrew\Projects\IthacaBakery\RandomStuff\WorkBot\refactor\data\orders\Performance Food\Performance Food_Downtown_2025-10-10.pdf
2025-10-11 07:25:26,167 - INFO - backend.bots.craftable_bot.craftable_bot.CraftableBot - (craftable_bot.py:303) - Retrieving order for Hillcrest Dairy (10/10/2025).
2025-10-11 07:25:27,466 - INFO - backend.bots.craftable_bot.craftable_bot.CraftableBot - (craftable_bot.py:1031) - [Order Update] Initiating update protocol for Downtown / Hillcrest Dairy / 20251010.
2025-10-11 07:25:27,467 - INFO - backend.coordinators.order_coordinator.OrderCoordinator - (order_coordinator.py:195) - [Order Update] No existing file at C:\Users\andrew\Desktop\Andrew\Projects\IthacaBakery\RandomStuff\WorkBot\refactor\data\orders\Hillcrest Dairy\Hillcrest Dairy_Downtown_2025-10-10.xlsx. Proceeding with save.
2025-10-11 07:25:27,467 - INFO - backend.bots.craftable_bot.craftable_bot.CraftableBot - (craftable_bot.py:317) - Saving order for Hillcrest Dairy.
2025-10-11 07:25:29,519 - INFO - backend.coordinators.order_coordinator.OrderCoordinator - (order_coordinator.py:252) - Moved downloaded PDF to: C:\Users\andrew\Desktop\Andrew\Projects\IthacaBakery\RandomStuff\WorkBot\refactor\data\orders\Hillcrest Dairy\Hillcrest Dairy_Downtown_2025-10-10.pdf
2025-10-11 07:25:31,883 - INFO - backend.bots.craftable_bot.craftable_bot.CraftableBot - (craftable_bot.py:303) - Retrieving order for Peters Supply (10/10/2025).
2025-10-11 07:25:33,227 - INFO - backend.bots.craftable_bot.craftable_bot.CraftableBot - (craftable_bot.py:1031) - [Order Update] Initiating update protocol for Downtown / Peters Supply / 20251010.
2025-10-11 07:25:33,227 - INFO - backend.coordinators.order_coordinator.OrderCoordinator - (order_coordinator.py:195) - [Order Update] No existing file at C:\Users\andrew\Desktop\Andrew\Projects\IthacaBakery\RandomStuff\WorkBot\refactor\data\orders\Peters Supply\Peters Supply_Downtown_2025-10-10.xlsx. Proceeding with save.
2025-10-11 07:25:33,227 - INFO - backend.bots.craftable_bot.craftable_bot.CraftableBot - (craftable_bot.py:317) - Saving order for Peters Supply.
2025-10-11 07:25:35,284 - INFO - backend.coordinators.order_coordinator.OrderCoordinator - (order_coordinator.py:252) - Moved downloaded PDF to: C:\Users\andrew\Desktop\Andrew\Projects\IthacaBakery\RandomStuff\WorkBot\refactor\data\orders\Peters Supply\Peters Supply_Downtown_2025-10-10.pdf
2025-10-11 07:25:37,645 - INFO - backend.bots.craftable_bot.craftable_bot.CraftableBot - (craftable_bot.py:303) - Retrieving order for Webstaurant (10/10/2025).
2025-10-11 07:25:38,802 - INFO - backend.bots.craftable_bot.craftable_bot.CraftableBot - (craftable_bot.py:1031) - [Order Update] Initiating update protocol for Downtown / Webstaurant / 20251010.
2025-10-11 07:25:38,802 - INFO - backend.coordinators.order_coordinator.OrderCoordinator - (order_coordinator.py:195) - [Order Update] No existing file at C:\Users\andrew\Desktop\Andrew\Projects\IthacaBakery\RandomStuff\WorkBot\refactor\data\orders\Webstaurant\Webstaurant_Downtown_2025-10-10.xlsx. Proceeding with save.
2025-10-11 07:25:38,802 - INFO - backend.bots.craftable_bot.craftable_bot.CraftableBot - (craftable_bot.py:317) - Saving order for Webstaurant.
2025-10-11 07:25:40,842 - INFO - backend.coordinators.order_coordinator.OrderCoordinator - (order_coordinator.py:252) - Moved downloaded PDF to: C:\Users\andrew\Desktop\Andrew\Projects\IthacaBakery\RandomStuff\WorkBot\refactor\data\orders\Webstaurant\Webstaurant_Downtown_2025-10-10.pdf
2025-10-11 07:25:43,193 - INFO - backend.bots.craftable_bot.craftable_bot.CraftableBot - (craftable_bot.py:303) - Retrieving order for BALKAN BEVERAGE LLC (10/10/2025).
2025-10-11 07:25:44,376 - INFO - backend.bots.craftable_bot.craftable_bot.CraftableBot - (craftable_bot.py:1031) - [Order Update] Initiating update protocol for Downtown / BALKAN BEVERAGE LLC / 20251010.
2025-10-11 07:25:44,377 - INFO - backend.coordinators.order_coordinator.OrderCoordinator - (order_coordinator.py:195) - [Order Update] No existing file at C:\Users\andrew\Desktop\Andrew\Projects\IthacaBakery\RandomStuff\WorkBot\refactor\data\orders\BALKAN BEVERAGE LLC\BALKAN BEVERAGE LLC_Downtown_2025-10-10.xlsx. Proceeding with save.
2025-10-11 07:25:44,377 - INFO - backend.bots.craftable_bot.craftable_bot.CraftableBot - (craftable_bot.py:317) - Saving order for BALKAN BEVERAGE LLC.
2025-10-11 07:25:46,429 - INFO - backend.coordinators.order_coordinator.OrderCoordinator - (order_coordinator.py:252) - Moved downloaded PDF to: C:\Users\andrew\Desktop\Andrew\Projects\IthacaBakery\RandomStuff\WorkBot\refactor\data\orders\BALKAN BEVERAGE LLC\BALKAN BEVERAGE LLC_Downtown_2025-10-10.pdf
2025-10-11 07:25:48,748 - INFO - backend.bots.craftable_bot.craftable_bot.CraftableBot - (craftable_bot.py:262) - Accessing order page for Triphammer.
2025-10-11 07:25:55,263 - INFO - backend.bots.craftable_bot.craftable_bot.CraftableBot - (craftable_bot.py:303) - Retrieving order for Sysco (10/10/2025).
2025-10-11 07:25:57,067 - INFO - backend.bots.craftable_bot.craftable_bot.CraftableBot - (craftable_bot.py:1031) - [Order Update] Initiating update protocol for Triphammer / Sysco / 20251010.
2025-10-11 07:25:57,068 - INFO - backend.coordinators.order_coordinator.OrderCoordinator - (order_coordinator.py:195) - [Order Update] No existing file at C:\Users\andrew\Desktop\Andrew\Projects\IthacaBakery\RandomStuff\WorkBot\refactor\data\orders\Sysco\Sysco_Triphammer_2025-10-10.xlsx. Proceeding with save.
2025-10-11 07:25:57,068 - INFO - backend.bots.craftable_bot.craftable_bot.CraftableBot - (craftable_bot.py:317) - Saving order for Sysco.
2025-10-11 07:25:59,128 - INFO - backend.coordinators.order_coordinator.OrderCoordinator - (order_coordinator.py:252) - Moved downloaded PDF to: C:\Users\andrew\Desktop\Andrew\Projects\IthacaBakery\RandomStuff\WorkBot\refactor\data\orders\Sysco\Sysco_Triphammer_2025-10-10.pdf
2025-10-11 07:26:01,495 - INFO - backend.bots.craftable_bot.craftable_bot.CraftableBot - (craftable_bot.py:303) - Retrieving order for Ithaca Bakery (10/10/2025).
2025-10-11 07:26:04,195 - INFO - backend.bots.craftable_bot.craftable_bot.CraftableBot - (craftable_bot.py:1031) - [Order Update] Initiating update protocol for Triphammer / Ithaca Bakery / 20251010.
2025-10-11 07:26:04,195 - INFO - backend.coordinators.order_coordinator.OrderCoordinator - (order_coordinator.py:195) - [Order Update] No existing file at C:\Users\andrew\Desktop\Andrew\Projects\IthacaBakery\RandomStuff\WorkBot\refactor\data\orders\Ithaca Bakery\Ithaca Bakery_Triphammer_2025-10-10.xlsx. Proceeding with save.
2025-10-11 07:26:04,196 - INFO - backend.bots.craftable_bot.craftable_bot.CraftableBot - (craftable_bot.py:317) - Saving order for Ithaca Bakery.
2025-10-11 07:26:06,782 - INFO - backend.coordinators.order_coordinator.OrderCoordinator - (order_coordinator.py:252) - Moved downloaded PDF to: C:\Users\andrew\Desktop\Andrew\Projects\IthacaBakery\RandomStuff\WorkBot\refactor\data\orders\Ithaca Bakery\Ithaca Bakery_Triphammer_2025-10-10.pdf
2025-10-11 07:26:08,653 - INFO - backend.bots.craftable_bot.craftable_bot.CraftableBot - (craftable_bot.py:303) - Retrieving order for UNFI (10/10/2025).
2025-10-11 07:26:10,540 - INFO - backend.bots.craftable_bot.craftable_bot.CraftableBot - (craftable_bot.py:1031) - [Order Update] Initiating update protocol for Triphammer / UNFI / 20251010.
2025-10-11 07:26:10,541 - INFO - backend.coordinators.order_coordinator.OrderCoordinator - (order_coordinator.py:195) - [Order Update] No existing file at C:\Users\andrew\Desktop\Andrew\Projects\IthacaBakery\RandomStuff\WorkBot\refactor\data\orders\UNFI\UNFI_Triphammer_2025-10-10.xlsx. Proceeding with save.
2025-10-11 07:26:10,541 - INFO - backend.bots.craftable_bot.craftable_bot.CraftableBot - (craftable_bot.py:317) - Saving order for UNFI.
2025-10-11 07:26:12,605 - INFO - backend.coordinators.order_coordinator.OrderCoordinator - (order_coordinator.py:252) - Moved downloaded PDF to: C:\Users\andrew\Desktop\Andrew\Projects\IthacaBakery\RandomStuff\WorkBot\refactor\data\orders\UNFI\UNFI_Triphammer_2025-10-10.pdf
2025-10-11 07:26:14,970 - INFO - backend.bots.craftable_bot.craftable_bot.CraftableBot - (craftable_bot.py:303) - Retrieving order for Performance Food (10/10/2025).
2025-10-11 07:26:16,816 - INFO - backend.bots.craftable_bot.craftable_bot.CraftableBot - (craftable_bot.py:1031) - [Order Update] Initiating update protocol for Triphammer / Performance Food / 20251010.
2025-10-11 07:26:16,816 - INFO - backend.coordinators.order_coordinator.OrderCoordinator - (order_coordinator.py:195) - [Order Update] No existing file at C:\Users\andrew\Desktop\Andrew\Projects\IthacaBakery\RandomStuff\WorkBot\refactor\data\orders\Performance Food\Performance Food_Triphammer_2025-10-10.xlsx. Proceeding with save.
2025-10-11 07:26:16,816 - INFO - backend.bots.craftable_bot.craftable_bot.CraftableBot - (craftable_bot.py:317) - Saving order for Performance Food.
2025-10-11 07:26:19,383 - INFO - backend.coordinators.order_coordinator.OrderCoordinator - (order_coordinator.py:252) - Moved downloaded PDF to: C:\Users\andrew\Desktop\Andrew\Projects\IthacaBakery\RandomStuff\WorkBot\refactor\data\orders\Performance Food\Performance Food_Triphammer_2025-10-10.pdf
2025-10-11 07:26:21,247 - INFO - backend.bots.craftable_bot.craftable_bot.CraftableBot - (craftable_bot.py:303) - Retrieving order for FingerLakes Farms (10/10/2025).
2025-10-11 07:26:22,954 - INFO - backend.bots.craftable_bot.craftable_bot.CraftableBot - (craftable_bot.py:1031) - [Order Update] Initiating update protocol for Triphammer / FingerLakes Farms / 20251010.
2025-10-11 07:26:22,954 - INFO - backend.coordinators.order_coordinator.OrderCoordinator - (order_coordinator.py:195) - [Order Update] No existing file at C:\Users\andrew\Desktop\Andrew\Projects\IthacaBakery\RandomStuff\WorkBot\refactor\data\orders\FingerLakes Farms\FingerLakes Farms_Triphammer_2025-10-10.xlsx. Proceeding with save.
2025-10-11 07:26:22,955 - INFO - backend.bots.craftable_bot.craftable_bot.CraftableBot - (craftable_bot.py:317) - Saving order for FingerLakes Farms.
2025-10-11 07:26:25,516 - INFO - backend.coordinators.order_coordinator.OrderCoordinator - (order_coordinator.py:252) - Moved downloaded PDF to: C:\Users\andrew\Desktop\Andrew\Projects\IthacaBakery\RandomStuff\WorkBot\refactor\data\orders\FingerLakes Farms\FingerLakes Farms_Triphammer_2025-10-10.pdf
2025-10-11 07:26:27,392 - INFO - backend.bots.craftable_bot.craftable_bot.CraftableBot - (craftable_bot.py:303) - Retrieving order for Hillcrest Dairy (10/10/2025).
2025-10-11 07:26:28,693 - INFO - backend.bots.craftable_bot.craftable_bot.CraftableBot - (craftable_bot.py:1031) - [Order Update] Initiating update protocol for Triphammer / Hillcrest Dairy / 20251010.
2025-10-11 07:26:28,693 - INFO - backend.coordinators.order_coordinator.OrderCoordinator - (order_coordinator.py:195) - [Order Update] No existing file at C:\Users\andrew\Desktop\Andrew\Projects\IthacaBakery\RandomStuff\WorkBot\refactor\data\orders\Hillcrest Dairy\Hillcrest Dairy_Triphammer_2025-10-10.xlsx. Proceeding with save.
2025-10-11 07:26:28,694 - INFO - backend.bots.craftable_bot.craftable_bot.CraftableBot - (craftable_bot.py:317) - Saving order for Hillcrest Dairy.
2025-10-11 07:26:31,247 - INFO - backend.coordinators.order_coordinator.OrderCoordinator - (order_coordinator.py:252) - Moved downloaded PDF to: C:\Users\andrew\Desktop\Andrew\Projects\IthacaBakery\RandomStuff\WorkBot\refactor\data\orders\Hillcrest Dairy\Hillcrest Dairy_Triphammer_2025-10-10.pdf
2025-10-11 07:26:33,118 - INFO - backend.bots.craftable_bot.craftable_bot.CraftableBot - (craftable_bot.py:303) - Retrieving order for US Foods (10/10/2025).
2025-10-11 07:26:35,012 - INFO - backend.bots.craftable_bot.craftable_bot.CraftableBot - (craftable_bot.py:1031) - [Order Update] Initiating update protocol for Triphammer / US Foods / 20251010.
2025-10-11 07:26:35,013 - INFO - backend.coordinators.order_coordinator.OrderCoordinator - (order_coordinator.py:195) - [Order Update] No existing file at C:\Users\andrew\Desktop\Andrew\Projects\IthacaBakery\RandomStuff\WorkBot\refactor\data\orders\US Foods\US Foods_Triphammer_2025-10-10.xlsx. Proceeding with save.
2025-10-11 07:26:35,013 - INFO - backend.bots.craftable_bot.craftable_bot.CraftableBot - (craftable_bot.py:317) - Saving order for US Foods.
2025-10-11 07:26:37,737 - INFO - backend.coordinators.order_coordinator.OrderCoordinator - (order_coordinator.py:252) - Moved downloaded PDF to: C:\Users\andrew\Desktop\Andrew\Projects\IthacaBakery\RandomStuff\WorkBot\refactor\data\orders\US Foods\US Foods_Triphammer_2025-10-10.pdf
2025-10-11 07:26:39,606 - INFO - backend.bots.craftable_bot.craftable_bot.CraftableBot - (craftable_bot.py:303) - Retrieving order for Equal Exchange (10/10/2025).
2025-10-11 07:26:40,812 - INFO - backend.bots.craftable_bot.craftable_bot.CraftableBot - (craftable_bot.py:1031) - [Order Update] Initiating update protocol for Triphammer / Equal Exchange / 20251010.
2025-10-11 07:26:40,812 - INFO - backend.coordinators.order_coordinator.OrderCoordinator - (order_coordinator.py:195) - [Order Update] No existing file at C:\Users\andrew\Desktop\Andrew\Projects\IthacaBakery\RandomStuff\WorkBot\refactor\data\orders\Equal Exchange\Equal Exchange_Triphammer_2025-10-10.xlsx. Proceeding with save.
2025-10-11 07:26:40,813 - INFO - backend.bots.craftable_bot.craftable_bot.CraftableBot - (craftable_bot.py:317) - Saving order for Equal Exchange.
2025-10-11 07:26:42,863 - INFO - backend.coordinators.order_coordinator.OrderCoordinator - (order_coordinator.py:252) - Moved downloaded PDF to: C:\Users\andrew\Desktop\Andrew\Projects\IthacaBakery\RandomStuff\WorkBot\refactor\data\orders\Equal Exchange\Equal Exchange_Triphammer_2025-10-10.pdf
2025-10-11 07:26:45,229 - INFO - backend.bots.craftable_bot.craftable_bot.CraftableBot - (craftable_bot.py:303) - Retrieving order for Peters Supply (10/10/2025).
2025-10-11 07:26:46,584 - INFO - backend.bots.craftable_bot.craftable_bot.CraftableBot - (craftable_bot.py:1031) - [Order Update] Initiating update protocol for Triphammer / Peters Supply / 20251010.
2025-10-11 07:26:46,585 - INFO - backend.coordinators.order_coordinator.OrderCoordinator - (order_coordinator.py:195) - [Order Update] No existing file at C:\Users\andrew\Desktop\Andrew\Projects\IthacaBakery\RandomStuff\WorkBot\refactor\data\orders\Peters Supply\Peters Supply_Triphammer_2025-10-10.xlsx. Proceeding with save.
2025-10-11 07:26:46,585 - INFO - backend.bots.craftable_bot.craftable_bot.CraftableBot - (craftable_bot.py:317) - Saving order for Peters Supply.
2025-10-11 07:26:49,142 - INFO - backend.coordinators.order_coordinator.OrderCoordinator - (order_coordinator.py:252) - Moved downloaded PDF to: C:\Users\andrew\Desktop\Andrew\Projects\IthacaBakery\RandomStuff\WorkBot\refactor\data\orders\Peters Supply\Peters Supply_Triphammer_2025-10-10.pdf
2025-10-11 07:26:51,006 - INFO - backend.bots.craftable_bot.craftable_bot.CraftableBot - (craftable_bot.py:303) - Retrieving order for Regional Distributors, Inc. (10/10/2025).
2025-10-11 07:26:52,741 - INFO - backend.bots.craftable_bot.craftable_bot.CraftableBot - (craftable_bot.py:1031) - [Order Update] Initiating update protocol for Triphammer / Regional Distributors, Inc. / 20251010.
2025-10-11 07:26:52,741 - INFO - backend.coordinators.order_coordinator.OrderCoordinator - (order_coordinator.py:195) - [Order Update] No existing file at C:\Users\andrew\Desktop\Andrew\Projects\IthacaBakery\RandomStuff\WorkBot\refactor\data\orders\Regional Distributors, Inc.\Regional Distributors, Inc._Triphammer_2025-10-10.xlsx. Proceeding with save.
2025-10-11 07:26:52,742 - INFO - backend.bots.craftable_bot.craftable_bot.CraftableBot - (craftable_bot.py:317) - Saving order for Regional Distributors, Inc..
2025-10-11 07:26:54,801 - INFO - backend.coordinators.order_coordinator.OrderCoordinator - (order_coordinator.py:252) - Moved downloaded PDF to: C:\Users\andrew\Desktop\Andrew\Projects\IthacaBakery\RandomStuff\WorkBot\refactor\data\orders\Regional Distributors, Inc.\Regional Distributors, Inc._Triphammer_2025-10-10.pdf
2025-10-11 07:26:57,160 - INFO - backend.bots.craftable_bot.craftable_bot.CraftableBot - (craftable_bot.py:303) - Retrieving order for Johnston Paper (10/10/2025).
2025-10-11 07:26:58,423 - INFO - backend.bots.craftable_bot.craftable_bot.CraftableBot - (craftable_bot.py:1031) - [Order Update] Initiating update protocol for Triphammer / Johnston Paper / 20251010.
2025-10-11 07:26:58,423 - INFO - backend.coordinators.order_coordinator.OrderCoordinator - (order_coordinator.py:195) - [Order Update] No existing file at C:\Users\andrew\Desktop\Andrew\Projects\IthacaBakery\RandomStuff\WorkBot\refactor\data\orders\Johnston Paper\Johnston Paper_Triphammer_2025-10-10.xlsx. Proceeding with save.
2025-10-11 07:26:58,423 - INFO - backend.bots.craftable_bot.craftable_bot.CraftableBot - (craftable_bot.py:317) - Saving order for Johnston Paper.
2025-10-11 07:27:00,977 - INFO - backend.coordinators.order_coordinator.OrderCoordinator - (order_coordinator.py:252) - Moved downloaded PDF to: C:\Users\andrew\Desktop\Andrew\Projects\IthacaBakery\RandomStuff\WorkBot\refactor\data\orders\Johnston Paper\Johnston Paper_Triphammer_2025-10-10.pdf
2025-10-11 07:27:02,855 - INFO - backend.bots.craftable_bot.craftable_bot.CraftableBot - (craftable_bot.py:303) - Retrieving order for Hill & Markes (10/10/2025).
2025-10-11 07:27:04,447 - INFO - backend.bots.craftable_bot.craftable_bot.CraftableBot - (craftable_bot.py:1031) - [Order Update] Initiating update protocol for Triphammer / Hill & Markes / 20251010.
2025-10-11 07:27:04,448 - INFO - backend.coordinators.order_coordinator.OrderCoordinator - (order_coordinator.py:195) - [Order Update] No existing file at C:\Users\andrew\Desktop\Andrew\Projects\IthacaBakery\RandomStuff\WorkBot\refactor\data\orders\Hill & Markes\Hill & Markes_Triphammer_2025-10-10.xlsx. Proceeding with save.
2025-10-11 07:27:04,448 - INFO - backend.bots.craftable_bot.craftable_bot.CraftableBot - (craftable_bot.py:317) - Saving order for Hill & Markes.
2025-10-11 07:27:06,507 - INFO - backend.coordinators.order_coordinator.OrderCoordinator - (order_coordinator.py:252) - Moved downloaded PDF to: C:\Users\andrew\Desktop\Andrew\Projects\IthacaBakery\RandomStuff\WorkBot\refactor\data\orders\Hill & Markes\Hill & Markes_Triphammer_2025-10-10.pdf
2025-10-11 07:27:08,879 - INFO - backend.bots.craftable_bot.craftable_bot.CraftableBot - (craftable_bot.py:303) - Retrieving order for Copper Horse Coffee (10/10/2025).
2025-10-11 07:27:10,028 - INFO - backend.bots.craftable_bot.craftable_bot.CraftableBot - (craftable_bot.py:1031) - [Order Update] Initiating update protocol for Triphammer / Copper Horse Coffee / 20251010.
2025-10-11 07:27:10,029 - INFO - backend.coordinators.order_coordinator.OrderCoordinator - (order_coordinator.py:195) - [Order Update] No existing file at C:\Users\andrew\Desktop\Andrew\Projects\IthacaBakery\RandomStuff\WorkBot\refactor\data\orders\Copper Horse Coffee\Copper Horse Coffee_Triphammer_2025-10-10.xlsx. Proceeding with save.
2025-10-11 07:27:10,029 - INFO - backend.bots.craftable_bot.craftable_bot.CraftableBot - (craftable_bot.py:317) - Saving order for Copper Horse Coffee.
2025-10-11 07:27:12,078 - INFO - backend.coordinators.order_coordinator.OrderCoordinator - (order_coordinator.py:252) - Moved downloaded PDF to: C:\Users\andrew\Desktop\Andrew\Projects\IthacaBakery\RandomStuff\WorkBot\refactor\data\orders\Copper Horse Coffee\Copper Horse Coffee_Triphammer_2025-10-10.pdf
2025-10-11 07:27:14,441 - INFO - backend.bots.craftable_bot.craftable_bot.CraftableBot - (craftable_bot.py:303) - Retrieving order for A.L. George (10/10/2025).
2025-10-11 07:27:15,637 - INFO - backend.bots.craftable_bot.craftable_bot.CraftableBot - (craftable_bot.py:1031) - [Order Update] Initiating update protocol for Triphammer / A.L. George / 20251010.
2025-10-11 07:27:15,638 - INFO - backend.coordinators.order_coordinator.OrderCoordinator - (order_coordinator.py:195) - [Order Update] No existing file at C:\Users\andrew\Desktop\Andrew\Projects\IthacaBakery\RandomStuff\WorkBot\refactor\data\orders\A.L. George\A.L. George_Triphammer_2025-10-10.xlsx. Proceeding with save.
2025-10-11 07:27:15,638 - INFO - backend.bots.craftable_bot.craftable_bot.CraftableBot - (craftable_bot.py:317) - Saving order for A.L. George.
2025-10-11 07:27:17,801 - INFO - backend.coordinators.order_coordinator.OrderCoordinator - (order_coordinator.py:252) - Moved downloaded PDF to: C:\Users\andrew\Desktop\Andrew\Projects\IthacaBakery\RandomStuff\WorkBot\refactor\data\orders\A.L. George\A.L. George_Triphammer_2025-10-10.pdf
2025-10-11 07:27:20,165 - INFO - backend.bots.craftable_bot.craftable_bot.CraftableBot - (craftable_bot.py:303) - Retrieving order for Webstaurant (10/10/2025).
2025-10-11 07:27:21,319 - INFO - backend.bots.craftable_bot.craftable_bot.CraftableBot - (craftable_bot.py:1031) - [Order Update] Initiating update protocol for Triphammer / Webstaurant / 20251010.
2025-10-11 07:27:21,320 - INFO - backend.coordinators.order_coordinator.OrderCoordinator - (order_coordinator.py:195) - [Order Update] No existing file at C:\Users\andrew\Desktop\Andrew\Projects\IthacaBakery\RandomStuff\WorkBot\refactor\data\orders\Webstaurant\Webstaurant_Triphammer_2025-10-10.xlsx. Proceeding with save.
2025-10-11 07:27:21,320 - INFO - backend.bots.craftable_bot.craftable_bot.CraftableBot - (craftable_bot.py:317) - Saving order for Webstaurant.
2025-10-11 07:27:23,369 - INFO - backend.coordinators.order_coordinator.OrderCoordinator - (order_coordinator.py:252) - Moved downloaded PDF to: C:\Users\andrew\Desktop\Andrew\Projects\IthacaBakery\RandomStuff\WorkBot\refactor\data\orders\Webstaurant\Webstaurant_Triphammer_2025-10-10.pdf
2025-10-11 07:27:25,704 - INFO - backend.bots.craftable_bot.craftable_bot.CraftableBot - (craftable_bot.py:276) - Order download complete.
2025-10-11 07:27:25,704 - INFO - backend.bots.craftable_bot.craftable_bot.CraftableBot - (craftable_bot.py:277) - Closing WebDriver session.
2025-10-11 07:27:27,834 - INFO - cli.cli.CLI - (cli.py:421) - Command 'download_orders' executed successfully.
2025-10-11 08:15:25,393 - INFO - cli.cli.CLI - (cli.py:419) - Dispatching command: download_orders (args=['--stores', 'Bakery'])
2025-10-11 08:15:29,556 - INFO - backend.bots.craftable_bot.craftable_bot.CraftableBot - (craftable_bot.py:136) - Logging into Craftable.
2025-10-11 08:15:36,897 - INFO - backend.bots.craftable_bot.craftable_bot.CraftableBot - (craftable_bot.py:160) - Login successful.
2025-10-11 08:15:36,898 - INFO - backend.bots.craftable_bot.craftable_bot.CraftableBot - (craftable_bot.py:259) - Starting order download protocol.
2025-10-11 08:15:36,898 - INFO - backend.bots.craftable_bot.craftable_bot.CraftableBot - (craftable_bot.py:262) - Accessing order page for Bakery.
2025-10-11 08:15:43,614 - INFO - backend.bots.craftable_bot.craftable_bot.CraftableBot - (craftable_bot.py:303) - Retrieving order for UNFI (10/11/2025).
2025-10-11 08:15:45,970 - INFO - backend.bots.craftable_bot.craftable_bot.CraftableBot - (craftable_bot.py:1031) - [Order Update] Initiating update protocol for Bakery / UNFI / 20251011.
2025-10-11 08:15:45,970 - INFO - backend.coordinators.order_coordinator.OrderCoordinator - (order_coordinator.py:195) - [Order Update] No existing file at C:\Users\andrew\Desktop\Andrew\Projects\IthacaBakery\RandomStuff\WorkBot\refactor\data\orders\UNFI\UNFI_Bakery_2025-10-11.xlsx. Proceeding with save.
2025-10-11 08:15:45,971 - INFO - backend.bots.craftable_bot.craftable_bot.CraftableBot - (craftable_bot.py:317) - Saving order for UNFI.
2025-10-11 08:15:48,545 - INFO - backend.coordinators.order_coordinator.OrderCoordinator - (order_coordinator.py:252) - Moved downloaded PDF to: C:\Users\andrew\Desktop\Andrew\Projects\IthacaBakery\RandomStuff\WorkBot\refactor\data\orders\UNFI\UNFI_Bakery_2025-10-11.pdf
2025-10-11 08:15:50,444 - INFO - backend.bots.craftable_bot.craftable_bot.CraftableBot - (craftable_bot.py:303) - Retrieving order for Webstaurant (10/11/2025).
2025-10-11 08:15:51,648 - INFO - backend.bots.craftable_bot.craftable_bot.CraftableBot - (craftable_bot.py:1031) - [Order Update] Initiating update protocol for Bakery / Webstaurant / 20251011.
2025-10-11 08:15:51,648 - INFO - backend.coordinators.order_coordinator.OrderCoordinator - (order_coordinator.py:195) - [Order Update] No existing file at C:\Users\andrew\Desktop\Andrew\Projects\IthacaBakery\RandomStuff\WorkBot\refactor\data\orders\Webstaurant\Webstaurant_Bakery_2025-10-11.xlsx. Proceeding with save.
2025-10-11 08:15:51,648 - INFO - backend.bots.craftable_bot.craftable_bot.CraftableBot - (craftable_bot.py:317) - Saving order for Webstaurant.
2025-10-11 08:15:53,702 - INFO - backend.coordinators.order_coordinator.OrderCoordinator - (order_coordinator.py:252) - Moved downloaded PDF to: C:\Users\andrew\Desktop\Andrew\Projects\IthacaBakery\RandomStuff\WorkBot\refactor\data\orders\Webstaurant\Webstaurant_Bakery_2025-10-11.pdf
2025-10-11 08:15:56,027 - INFO - backend.bots.craftable_bot.craftable_bot.CraftableBot - (craftable_bot.py:276) - Order download complete.
2025-10-11 08:15:56,027 - INFO - backend.bots.craftable_bot.craftable_bot.CraftableBot - (craftable_bot.py:277) - Closing WebDriver session.
2025-10-11 08:15:57,743 - INFO - cli.cli.CLI - (cli.py:421) - Command 'download_orders' executed successfully.
2025-10-11 08:16:25,146 - INFO - cli.cli.CLI - (cli.py:419) - Dispatching command: generate_vendor_upload_files (args=['--stores', 'Bakery', 'Easthill', 'Downtown', 'Collegetown', 'Triphammer', '--vendors', 'UNFI'])
2025-10-11 08:16:25,146 - INFO - backend.bots.workbot.work_bot.WorkBot - (work_bot.py:170) - Generating vendor upload files for stores=['Bakery', 'Easthill', 'Downtown', 'Collegetown', 'Triphammer'], vendors=['UNFI'], start_date=None, end_date=None
2025-10-11 08:16:25,147 - INFO - backend.bots.workbot.work_bot.WorkBot - (work_bot.py:90) - Retrieving order files for: stores=[['Bakery', 'Easthill', 'Downtown', 'Collegetown', 'Triphammer']], vendors=[['UNFI']], formats=[['xlsx']]
2025-10-11 08:16:25,147 - INFO - backend.storage.file.order_file_handler.OrderFileHandler - (order_file_handler.py:65) - Retrieving order files: stores=[['Bakery', 'Easthill', 'Downtown', 'Collegetown', 'Triphammer']], vendors=[['UNFI']], formats=['xlsx']
2025-10-11 08:16:25,152 - INFO - backend.storage.file.order_file_handler.OrderFileHandler - (order_file_handler.py:107) - Retrieved 5 order files.
2025-10-11 08:16:25,152 - INFO - backend.bots.workbot.work_bot.WorkBot - (work_bot.py:174) - Found 5 order files to process.
2025-10-11 08:16:25,152 - INFO - backend.coordinators.order_coordinator.OrderCoordinator - (order_coordinator.py:48) - Reading order file: C:\Users\andrew\Desktop\Andrew\Projects\IthacaBakery\RandomStuff\WorkBot\refactor\data\orders\UNFI\UNFI_Bakery_2025-10-11.xlsx
2025-10-11 08:16:25,172 - INFO - backend.coordinators.order_coordinator.OrderCoordinator - (order_coordinator.py:48) - Reading order file: C:\Users\andrew\Desktop\Andrew\Projects\IthacaBakery\RandomStuff\WorkBot\refactor\data\orders\UNFI\UNFI_Triphammer_2025-10-10.xlsx
2025-10-11 08:16:25,189 - INFO - backend.coordinators.order_coordinator.OrderCoordinator - (order_coordinator.py:48) - Reading order file: C:\Users\andrew\Desktop\Andrew\Projects\IthacaBakery\RandomStuff\WorkBot\refactor\data\orders\UNFI\UNFI_Downtown_2025-10-10.xlsx
2025-10-11 08:16:25,206 - INFO - backend.coordinators.order_coordinator.OrderCoordinator - (order_coordinator.py:48) - Reading order file: C:\Users\andrew\Desktop\Andrew\Projects\IthacaBakery\RandomStuff\WorkBot\refactor\data\orders\UNFI\UNFI_Easthill_2025-10-10.xlsx
2025-10-11 08:16:25,221 - INFO - backend.coordinators.order_coordinator.OrderCoordinator - (order_coordinator.py:48) - Reading order file: C:\Users\andrew\Desktop\Andrew\Projects\IthacaBakery\RandomStuff\WorkBot\refactor\data\orders\UNFI\UNFI_Collegetown_2025-10-10.xlsx
2025-10-11 08:16:25,237 - INFO - backend.storage.file.order_file_handler.OrderFileHandler - (order_file_handler.py:65) - Retrieving order files: stores=[['Bakery', 'Easthill', 'Downtown', 'Collegetown', 'Triphammer']], vendors=[['UNFI']], formats=['xlsx']
2025-10-11 08:16:25,241 - INFO - backend.storage.file.order_file_handler.OrderFileHandler - (order_file_handler.py:107) - Retrieved 5 order files.
2025-10-11 08:16:25,241 - INFO - backend.coordinators.order_coordinator.OrderCoordinator - (order_coordinator.py:48) - Reading order file: C:\Users\andrew\Desktop\Andrew\Projects\IthacaBakery\RandomStuff\WorkBot\refactor\data\orders\UNFI\UNFI_Bakery_2025-10-11.xlsx
2025-10-11 08:16:25,248 - INFO - backend.storage.file.order_file_handler.OrderFileHandler - (order_file_handler.py:191) - [upload] UNFI | Bakery | 2025-10-11 -> C:\Users\andrew\Desktop\Andrew\Projects\IthacaBakery\RandomStuff\WorkBot\refactor\data\upload_files\UNFI\UNFI_Bakery_2025-10-11.csv
2025-10-11 08:16:25,248 - INFO - backend.coordinators.order_coordinator.OrderCoordinator - (order_coordinator.py:48) - Reading order file: C:\Users\andrew\Desktop\Andrew\Projects\IthacaBakery\RandomStuff\WorkBot\refactor\data\orders\UNFI\UNFI_Triphammer_2025-10-10.xlsx
2025-10-11 08:16:25,254 - INFO - backend.storage.file.order_file_handler.OrderFileHandler - (order_file_handler.py:191) - [upload] UNFI | Triphammer | 2025-10-10 -> C:\Users\andrew\Desktop\Andrew\Projects\IthacaBakery\RandomStuff\WorkBot\refactor\data\upload_files\UNFI\UNFI_Triphammer_2025-10-10.csv
2025-10-11 08:16:25,254 - INFO - backend.coordinators.order_coordinator.OrderCoordinator - (order_coordinator.py:48) - Reading order file: C:\Users\andrew\Desktop\Andrew\Projects\IthacaBakery\RandomStuff\WorkBot\refactor\data\orders\UNFI\UNFI_Downtown_2025-10-10.xlsx
2025-10-11 08:16:25,260 - INFO - backend.storage.file.order_file_handler.OrderFileHandler - (order_file_handler.py:191) - [upload] UNFI | Downtown | 2025-10-10 -> C:\Users\andrew\Desktop\Andrew\Projects\IthacaBakery\RandomStuff\WorkBot\refactor\data\upload_files\UNFI\UNFI_Downtown_2025-10-10.csv
2025-10-11 08:16:25,261 - INFO - backend.coordinators.order_coordinator.OrderCoordinator - (order_coordinator.py:48) - Reading order file: C:\Users\andrew\Desktop\Andrew\Projects\IthacaBakery\RandomStuff\WorkBot\refactor\data\orders\UNFI\UNFI_Easthill_2025-10-10.xlsx
2025-10-11 08:16:25,265 - INFO - backend.storage.file.order_file_handler.OrderFileHandler - (order_file_handler.py:191) - [upload] UNFI | Easthill | 2025-10-10 -> C:\Users\andrew\Desktop\Andrew\Projects\IthacaBakery\RandomStuff\WorkBot\refactor\data\upload_files\UNFI\UNFI_Easthill_2025-10-10.csv
2025-10-11 08:16:25,265 - INFO - backend.coordinators.order_coordinator.OrderCoordinator - (order_coordinator.py:48) - Reading order file: C:\Users\andrew\Desktop\Andrew\Projects\IthacaBakery\RandomStuff\WorkBot\refactor\data\orders\UNFI\UNFI_Collegetown_2025-10-10.xlsx
2025-10-11 08:16:25,271 - INFO - backend.storage.file.order_file_handler.OrderFileHandler - (order_file_handler.py:191) - [upload] UNFI | Collegetown | 2025-10-10 -> C:\Users\andrew\Desktop\Andrew\Projects\IthacaBakery\RandomStuff\WorkBot\refactor\data\upload_files\UNFI\UNFI_Collegetown_2025-10-10.csv
2025-10-11 08:16:25,272 - INFO - backend.bots.workbot.work_bot.WorkBot - (work_bot.py:197) - Vendor upload file generation complete. 5 files created.
2025-10-11 08:16:25,273 - INFO - cli.cli.CLI - (cli.py:421) - Command 'generate_vendor_upload_files' executed successfully.
2025-10-11 08:16:34,402 - INFO - cli.cli.CLI - (cli.py:419) - Dispatching command: download_orders (args=['--stores', 'Downtown'])
2025-10-11 08:16:38,548 - INFO - backend.bots.craftable_bot.craftable_bot.CraftableBot - (craftable_bot.py:136) - Logging into Craftable.
2025-10-11 08:16:46,065 - INFO - backend.bots.craftable_bot.craftable_bot.CraftableBot - (craftable_bot.py:160) - Login successful.
2025-10-11 08:16:46,065 - INFO - backend.bots.craftable_bot.craftable_bot.CraftableBot - (craftable_bot.py:259) - Starting order download protocol.
2025-10-11 08:16:46,065 - INFO - backend.bots.craftable_bot.craftable_bot.CraftableBot - (craftable_bot.py:262) - Accessing order page for Downtown.
2025-10-11 08:16:52,830 - INFO - backend.bots.craftable_bot.craftable_bot.CraftableBot - (craftable_bot.py:303) - Retrieving order for US Foods (10/10/2025).
2025-10-11 08:16:54,809 - INFO - backend.bots.craftable_bot.craftable_bot.CraftableBot - (craftable_bot.py:1031) - [Order Update] Initiating update protocol for Downtown / US Foods / 20251010.
2025-10-11 08:16:54,829 - INFO - backend.coordinators.order_coordinator.OrderCoordinator - (order_coordinator.py:208) - [Order Update] Order has changed. Removing old file.
2025-10-11 08:16:54,830 - INFO - backend.bots.craftable_bot.craftable_bot.CraftableBot - (craftable_bot.py:317) - Saving order for US Foods.
2025-10-11 08:16:57,386 - INFO - backend.coordinators.order_coordinator.OrderCoordinator - (order_coordinator.py:252) - Moved downloaded PDF to: C:\Users\andrew\Desktop\Andrew\Projects\IthacaBakery\RandomStuff\WorkBot\refactor\data\orders\US Foods\US Foods_Downtown_2025-10-10.pdf
2025-10-11 08:16:59,275 - INFO - backend.bots.craftable_bot.craftable_bot.CraftableBot - (craftable_bot.py:303) - Retrieving order for Regional Distributors, Inc. (10/10/2025).
2025-10-11 08:17:00,819 - INFO - backend.bots.craftable_bot.craftable_bot.CraftableBot - (craftable_bot.py:1031) - [Order Update] Initiating update protocol for Downtown / Regional Distributors, Inc. / 20251010.
2025-10-11 08:17:00,836 - INFO - backend.coordinators.order_coordinator.OrderCoordinator - (order_coordinator.py:208) - [Order Update] Order has changed. Removing old file.
2025-10-11 08:17:00,837 - INFO - backend.bots.craftable_bot.craftable_bot.CraftableBot - (craftable_bot.py:317) - Saving order for Regional Distributors, Inc..
2025-10-11 08:17:02,887 - INFO - backend.coordinators.order_coordinator.OrderCoordinator - (order_coordinator.py:252) - Moved downloaded PDF to: C:\Users\andrew\Desktop\Andrew\Projects\IthacaBakery\RandomStuff\WorkBot\refactor\data\orders\Regional Distributors, Inc.\Regional Distributors, Inc._Downtown_2025-10-10.pdf
2025-10-11 08:17:05,256 - INFO - backend.bots.craftable_bot.craftable_bot.CraftableBot - (craftable_bot.py:303) - Retrieving order for Ithaca Bakery (10/10/2025).
2025-10-11 08:17:08,462 - INFO - backend.bots.craftable_bot.craftable_bot.CraftableBot - (craftable_bot.py:1031) - [Order Update] Initiating update protocol for Downtown / Ithaca Bakery / 20251010.
2025-10-11 08:17:08,484 - INFO - backend.coordinators.order_coordinator.OrderCoordinator - (order_coordinator.py:208) - [Order Update] Order has changed. Removing old file.
2025-10-11 08:17:08,485 - INFO - backend.bots.craftable_bot.craftable_bot.CraftableBot - (craftable_bot.py:317) - Saving order for Ithaca Bakery.
2025-10-11 08:17:11,088 - INFO - backend.coordinators.order_coordinator.OrderCoordinator - (order_coordinator.py:252) - Moved downloaded PDF to: C:\Users\andrew\Desktop\Andrew\Projects\IthacaBakery\RandomStuff\WorkBot\refactor\data\orders\Ithaca Bakery\Ithaca Bakery_Downtown_2025-10-10.pdf
2025-10-11 08:17:12,938 - INFO - backend.bots.craftable_bot.craftable_bot.CraftableBot - (craftable_bot.py:303) - Retrieving order for Copper Horse Coffee (10/10/2025).
2025-10-11 08:17:14,276 - INFO - backend.bots.craftable_bot.craftable_bot.CraftableBot - (craftable_bot.py:1031) - [Order Update] Initiating update protocol for Downtown / Copper Horse Coffee / 20251010.
2025-10-11 08:17:14,292 - INFO - backend.coordinators.order_coordinator.OrderCoordinator - (order_coordinator.py:208) - [Order Update] Order has changed. Removing old file.
2025-10-11 08:17:14,293 - INFO - backend.bots.craftable_bot.craftable_bot.CraftableBot - (craftable_bot.py:317) - Saving order for Copper Horse Coffee.
2025-10-11 08:17:16,338 - INFO - backend.coordinators.order_coordinator.OrderCoordinator - (order_coordinator.py:252) - Moved downloaded PDF to: C:\Users\andrew\Desktop\Andrew\Projects\IthacaBakery\RandomStuff\WorkBot\refactor\data\orders\Copper Horse Coffee\Copper Horse Coffee_Downtown_2025-10-10.pdf
2025-10-11 08:17:18,700 - INFO - backend.bots.craftable_bot.craftable_bot.CraftableBot - (craftable_bot.py:303) - Retrieving order for Hill & Markes (10/10/2025).
2025-10-11 08:17:19,979 - INFO - backend.bots.craftable_bot.craftable_bot.CraftableBot - (craftable_bot.py:1031) - [Order Update] Initiating update protocol for Downtown / Hill & Markes / 20251010.
2025-10-11 08:17:19,996 - INFO - backend.coordinators.order_coordinator.OrderCoordinator - (order_coordinator.py:208) - [Order Update] Order has changed. Removing old file.
2025-10-11 08:17:19,998 - INFO - backend.bots.craftable_bot.craftable_bot.CraftableBot - (craftable_bot.py:317) - Saving order for Hill & Markes.
2025-10-11 08:17:22,039 - INFO - backend.coordinators.order_coordinator.OrderCoordinator - (order_coordinator.py:252) - Moved downloaded PDF to: C:\Users\andrew\Desktop\Andrew\Projects\IthacaBakery\RandomStuff\WorkBot\refactor\data\orders\Hill & Markes\Hill & Markes_Downtown_2025-10-10.pdf
2025-10-11 08:17:24,394 - INFO - backend.bots.craftable_bot.craftable_bot.CraftableBot - (craftable_bot.py:303) - Retrieving order for Equal Exchange (10/10/2025).
2025-10-11 08:17:25,739 - INFO - backend.bots.craftable_bot.craftable_bot.CraftableBot - (craftable_bot.py:1031) - [Order Update] Initiating update protocol for Downtown / Equal Exchange / 20251010.
2025-10-11 08:17:25,756 - INFO - backend.coordinators.order_coordinator.OrderCoordinator - (order_coordinator.py:208) - [Order Update] Order has changed. Removing old file.
2025-10-11 08:17:25,757 - INFO - backend.bots.craftable_bot.craftable_bot.CraftableBot - (craftable_bot.py:317) - Saving order for Equal Exchange.
2025-10-11 08:17:28,305 - INFO - backend.coordinators.order_coordinator.OrderCoordinator - (order_coordinator.py:252) - Moved downloaded PDF to: C:\Users\andrew\Desktop\Andrew\Projects\IthacaBakery\RandomStuff\WorkBot\refactor\data\orders\Equal Exchange\Equal Exchange_Downtown_2025-10-10.pdf
2025-10-11 08:17:30,165 - INFO - backend.bots.craftable_bot.craftable_bot.CraftableBot - (craftable_bot.py:303) - Retrieving order for Johnston Paper (10/10/2025).
2025-10-11 08:17:31,364 - INFO - backend.bots.craftable_bot.craftable_bot.CraftableBot - (craftable_bot.py:1031) - [Order Update] Initiating update protocol for Downtown / Johnston Paper / 20251010.
2025-10-11 08:17:31,381 - INFO - backend.coordinators.order_coordinator.OrderCoordinator - (order_coordinator.py:208) - [Order Update] Order has changed. Removing old file.
2025-10-11 08:17:31,382 - INFO - backend.bots.craftable_bot.craftable_bot.CraftableBot - (craftable_bot.py:317) - Saving order for Johnston Paper.
2025-10-11 08:17:33,421 - INFO - backend.coordinators.order_coordinator.OrderCoordinator - (order_coordinator.py:252) - Moved downloaded PDF to: C:\Users\andrew\Desktop\Andrew\Projects\IthacaBakery\RandomStuff\WorkBot\refactor\data\orders\Johnston Paper\Johnston Paper_Downtown_2025-10-10.pdf
2025-10-11 08:17:35,763 - INFO - backend.bots.craftable_bot.craftable_bot.CraftableBot - (craftable_bot.py:303) - Retrieving order for FingerLakes Farms (10/10/2025).
2025-10-11 08:17:37,211 - INFO - backend.bots.craftable_bot.craftable_bot.CraftableBot - (craftable_bot.py:1031) - [Order Update] Initiating update protocol for Downtown / FingerLakes Farms / 20251010.
2025-10-11 08:17:37,228 - INFO - backend.coordinators.order_coordinator.OrderCoordinator - (order_coordinator.py:208) - [Order Update] Order has changed. Removing old file.
2025-10-11 08:17:37,229 - INFO - backend.bots.craftable_bot.craftable_bot.CraftableBot - (craftable_bot.py:317) - Saving order for FingerLakes Farms.
2025-10-11 08:17:39,286 - INFO - backend.coordinators.order_coordinator.OrderCoordinator - (order_coordinator.py:252) - Moved downloaded PDF to: C:\Users\andrew\Desktop\Andrew\Projects\IthacaBakery\RandomStuff\WorkBot\refactor\data\orders\FingerLakes Farms\FingerLakes Farms_Downtown_2025-10-10.pdf
2025-10-11 08:17:41,650 - INFO - backend.bots.craftable_bot.craftable_bot.CraftableBot - (craftable_bot.py:303) - Retrieving order for Sysco (10/10/2025).
2025-10-11 08:17:43,331 - INFO - backend.bots.craftable_bot.craftable_bot.CraftableBot - (craftable_bot.py:1031) - [Order Update] Initiating update protocol for Downtown / Sysco / 20251010.
2025-10-11 08:17:43,348 - INFO - backend.coordinators.order_coordinator.OrderCoordinator - (order_coordinator.py:208) - [Order Update] Order has changed. Removing old file.
2025-10-11 08:17:43,349 - INFO - backend.bots.craftable_bot.craftable_bot.CraftableBot - (craftable_bot.py:317) - Saving order for Sysco.
2025-10-11 08:17:45,901 - INFO - backend.coordinators.order_coordinator.OrderCoordinator - (order_coordinator.py:252) - Moved downloaded PDF to: C:\Users\andrew\Desktop\Andrew\Projects\IthacaBakery\RandomStuff\WorkBot\refactor\data\orders\Sysco\Sysco_Downtown_2025-10-10.pdf
2025-10-11 08:17:47,759 - INFO - backend.bots.craftable_bot.craftable_bot.CraftableBot - (craftable_bot.py:303) - Retrieving order for Coca-Cola (10/10/2025).
2025-10-11 08:17:49,344 - INFO - backend.bots.craftable_bot.craftable_bot.CraftableBot - (craftable_bot.py:1031) - [Order Update] Initiating update protocol for Downtown / Coca-Cola / 20251010.
2025-10-11 08:17:49,361 - INFO - backend.coordinators.order_coordinator.OrderCoordinator - (order_coordinator.py:208) - [Order Update] Order has changed. Removing old file.
2025-10-11 08:17:49,362 - INFO - backend.bots.craftable_bot.craftable_bot.CraftableBot - (craftable_bot.py:317) - Saving order for Coca-Cola.
2025-10-11 08:17:51,416 - INFO - backend.coordinators.order_coordinator.OrderCoordinator - (order_coordinator.py:252) - Moved downloaded PDF to: C:\Users\andrew\Desktop\Andrew\Projects\IthacaBakery\RandomStuff\WorkBot\refactor\data\orders\Coca-Cola\Coca-Cola_Downtown_2025-10-10.pdf
2025-10-11 08:17:53,786 - INFO - backend.bots.craftable_bot.craftable_bot.CraftableBot - (craftable_bot.py:303) - Retrieving order for UNFI (10/10/2025).
2025-10-11 08:17:56,249 - INFO - backend.bots.craftable_bot.craftable_bot.CraftableBot - (craftable_bot.py:1031) - [Order Update] Initiating update protocol for Downtown / UNFI / 20251010.
2025-10-11 08:17:56,259 - INFO - backend.coordinators.order_coordinator.OrderCoordinator - (order_coordinator.py:208) - [Order Update] Order has changed. Removing old file.
2025-10-11 08:17:56,260 - INFO - backend.bots.craftable_bot.craftable_bot.CraftableBot - (craftable_bot.py:317) - Saving order for UNFI.
2025-10-11 08:17:58,333 - INFO - backend.coordinators.order_coordinator.OrderCoordinator - (order_coordinator.py:252) - Moved downloaded PDF to: C:\Users\andrew\Desktop\Andrew\Projects\IthacaBakery\RandomStuff\WorkBot\refactor\data\orders\UNFI\UNFI_Downtown_2025-10-10.pdf
2025-10-11 08:18:00,702 - INFO - backend.bots.craftable_bot.craftable_bot.CraftableBot - (craftable_bot.py:303) - Retrieving order for Performance Food (10/10/2025).
2025-10-11 08:18:02,289 - INFO - backend.bots.craftable_bot.craftable_bot.CraftableBot - (craftable_bot.py:1031) - [Order Update] Initiating update protocol for Downtown / Performance Food / 20251010.
2025-10-11 08:18:02,307 - INFO - backend.coordinators.order_coordinator.OrderCoordinator - (order_coordinator.py:208) - [Order Update] Order has changed. Removing old file.
2025-10-11 08:18:02,308 - INFO - backend.bots.craftable_bot.craftable_bot.CraftableBot - (craftable_bot.py:317) - Saving order for Performance Food.
2025-10-11 08:18:04,355 - INFO - backend.coordinators.order_coordinator.OrderCoordinator - (order_coordinator.py:252) - Moved downloaded PDF to: C:\Users\andrew\Desktop\Andrew\Projects\IthacaBakery\RandomStuff\WorkBot\refactor\data\orders\Performance Food\Performance Food_Downtown_2025-10-10.pdf
2025-10-11 08:18:06,717 - INFO - backend.bots.craftable_bot.craftable_bot.CraftableBot - (craftable_bot.py:303) - Retrieving order for Hillcrest Dairy (10/10/2025).
2025-10-11 08:18:08,007 - INFO - backend.bots.craftable_bot.craftable_bot.CraftableBot - (craftable_bot.py:1031) - [Order Update] Initiating update protocol for Downtown / Hillcrest Dairy / 20251010.
2025-10-11 08:18:08,025 - INFO - backend.coordinators.order_coordinator.OrderCoordinator - (order_coordinator.py:208) - [Order Update] Order has changed. Removing old file.
2025-10-11 08:18:08,026 - INFO - backend.bots.craftable_bot.craftable_bot.CraftableBot - (craftable_bot.py:317) - Saving order for Hillcrest Dairy.
2025-10-11 08:18:10,073 - INFO - backend.coordinators.order_coordinator.OrderCoordinator - (order_coordinator.py:252) - Moved downloaded PDF to: C:\Users\andrew\Desktop\Andrew\Projects\IthacaBakery\RandomStuff\WorkBot\refactor\data\orders\Hillcrest Dairy\Hillcrest Dairy_Downtown_2025-10-10.pdf
2025-10-11 08:18:12,421 - INFO - backend.bots.craftable_bot.craftable_bot.CraftableBot - (craftable_bot.py:303) - Retrieving order for Peters Supply (10/10/2025).
2025-10-11 08:18:13,767 - INFO - backend.bots.craftable_bot.craftable_bot.CraftableBot - (craftable_bot.py:1031) - [Order Update] Initiating update protocol for Downtown / Peters Supply / 20251010.
2025-10-11 08:18:13,784 - INFO - backend.coordinators.order_coordinator.OrderCoordinator - (order_coordinator.py:208) - [Order Update] Order has changed. Removing old file.
2025-10-11 08:18:13,785 - INFO - backend.bots.craftable_bot.craftable_bot.CraftableBot - (craftable_bot.py:317) - Saving order for Peters Supply.
2025-10-11 08:18:15,826 - INFO - backend.coordinators.order_coordinator.OrderCoordinator - (order_coordinator.py:252) - Moved downloaded PDF to: C:\Users\andrew\Desktop\Andrew\Projects\IthacaBakery\RandomStuff\WorkBot\refactor\data\orders\Peters Supply\Peters Supply_Downtown_2025-10-10.pdf
2025-10-11 08:18:18,183 - INFO - backend.bots.craftable_bot.craftable_bot.CraftableBot - (craftable_bot.py:303) - Retrieving order for Webstaurant (10/10/2025).
2025-10-11 08:18:19,380 - INFO - backend.bots.craftable_bot.craftable_bot.CraftableBot - (craftable_bot.py:1031) - [Order Update] Initiating update protocol for Downtown / Webstaurant / 20251010.
2025-10-11 08:18:19,397 - INFO - backend.coordinators.order_coordinator.OrderCoordinator - (order_coordinator.py:208) - [Order Update] Order has changed. Removing old file.
2025-10-11 08:18:19,398 - INFO - backend.bots.craftable_bot.craftable_bot.CraftableBot - (craftable_bot.py:317) - Saving order for Webstaurant.
2025-10-11 08:18:21,435 - INFO - backend.coordinators.order_coordinator.OrderCoordinator - (order_coordinator.py:252) - Moved downloaded PDF to: C:\Users\andrew\Desktop\Andrew\Projects\IthacaBakery\RandomStuff\WorkBot\refactor\data\orders\Webstaurant\Webstaurant_Downtown_2025-10-10.pdf
2025-10-11 08:18:23,784 - INFO - backend.bots.craftable_bot.craftable_bot.CraftableBot - (craftable_bot.py:303) - Retrieving order for BALKAN BEVERAGE LLC (10/10/2025).
2025-10-11 08:18:24,959 - INFO - backend.bots.craftable_bot.craftable_bot.CraftableBot - (craftable_bot.py:1031) - [Order Update] Initiating update protocol for Downtown / BALKAN BEVERAGE LLC / 20251010.
2025-10-11 08:18:24,979 - INFO - backend.coordinators.order_coordinator.OrderCoordinator - (order_coordinator.py:208) - [Order Update] Order has changed. Removing old file.
2025-10-11 08:18:24,980 - INFO - backend.bots.craftable_bot.craftable_bot.CraftableBot - (craftable_bot.py:317) - Saving order for BALKAN BEVERAGE LLC.
2025-10-11 08:18:27,019 - INFO - backend.coordinators.order_coordinator.OrderCoordinator - (order_coordinator.py:252) - Moved downloaded PDF to: C:\Users\andrew\Desktop\Andrew\Projects\IthacaBakery\RandomStuff\WorkBot\refactor\data\orders\BALKAN BEVERAGE LLC\BALKAN BEVERAGE LLC_Downtown_2025-10-10.pdf
2025-10-11 08:18:29,339 - INFO - backend.bots.craftable_bot.craftable_bot.CraftableBot - (craftable_bot.py:276) - Order download complete.
2025-10-11 08:18:29,339 - INFO - backend.bots.craftable_bot.craftable_bot.CraftableBot - (craftable_bot.py:277) - Closing WebDriver session.
2025-10-11 08:18:31,090 - INFO - cli.cli.CLI - (cli.py:421) - Command 'download_orders' executed successfully.
2025-10-11 08:18:33,147 - INFO - cli.cli.CLI - (cli.py:419) - Dispatching command: generate_vendor_upload_files (args=['--stores', 'Bakery', 'Easthill', 'Downtown', 'Collegetown', 'Triphammer', '--vendors', 'UNFI'])
2025-10-11 08:18:33,148 - INFO - backend.bots.workbot.work_bot.WorkBot - (work_bot.py:170) - Generating vendor upload files for stores=['Bakery', 'Easthill', 'Downtown', 'Collegetown', 'Triphammer'], vendors=['UNFI'], start_date=None, end_date=None
2025-10-11 08:18:33,148 - INFO - backend.bots.workbot.work_bot.WorkBot - (work_bot.py:90) - Retrieving order files for: stores=[['Bakery', 'Easthill', 'Downtown', 'Collegetown', 'Triphammer']], vendors=[['UNFI']], formats=[['xlsx']]
2025-10-11 08:18:33,148 - INFO - backend.storage.file.order_file_handler.OrderFileHandler - (order_file_handler.py:65) - Retrieving order files: stores=[['Bakery', 'Easthill', 'Downtown', 'Collegetown', 'Triphammer']], vendors=[['UNFI']], formats=['xlsx']
2025-10-11 08:18:33,153 - INFO - backend.storage.file.order_file_handler.OrderFileHandler - (order_file_handler.py:107) - Retrieved 5 order files.
2025-10-11 08:18:33,153 - INFO - backend.bots.workbot.work_bot.WorkBot - (work_bot.py:174) - Found 5 order files to process.
2025-10-11 08:18:33,153 - INFO - backend.coordinators.order_coordinator.OrderCoordinator - (order_coordinator.py:48) - Reading order file: C:\Users\andrew\Desktop\Andrew\Projects\IthacaBakery\RandomStuff\WorkBot\refactor\data\orders\UNFI\UNFI_Downtown_2025-10-10.xlsx
2025-10-11 08:18:33,171 - INFO - backend.coordinators.order_coordinator.OrderCoordinator - (order_coordinator.py:48) - Reading order file: C:\Users\andrew\Desktop\Andrew\Projects\IthacaBakery\RandomStuff\WorkBot\refactor\data\orders\UNFI\UNFI_Bakery_2025-10-11.xlsx
2025-10-11 08:18:33,176 - INFO - backend.coordinators.order_coordinator.OrderCoordinator - (order_coordinator.py:48) - Reading order file: C:\Users\andrew\Desktop\Andrew\Projects\IthacaBakery\RandomStuff\WorkBot\refactor\data\orders\UNFI\UNFI_Triphammer_2025-10-10.xlsx
2025-10-11 08:18:33,180 - INFO - backend.coordinators.order_coordinator.OrderCoordinator - (order_coordinator.py:48) - Reading order file: C:\Users\andrew\Desktop\Andrew\Projects\IthacaBakery\RandomStuff\WorkBot\refactor\data\orders\UNFI\UNFI_Easthill_2025-10-10.xlsx
2025-10-11 08:18:33,184 - INFO - backend.coordinators.order_coordinator.OrderCoordinator - (order_coordinator.py:48) - Reading order file: C:\Users\andrew\Desktop\Andrew\Projects\IthacaBakery\RandomStuff\WorkBot\refactor\data\orders\UNFI\UNFI_Collegetown_2025-10-10.xlsx
2025-10-11 08:18:33,189 - INFO - backend.storage.file.order_file_handler.OrderFileHandler - (order_file_handler.py:65) - Retrieving order files: stores=[['Bakery', 'Easthill', 'Downtown', 'Collegetown', 'Triphammer']], vendors=[['UNFI']], formats=['xlsx']
2025-10-11 08:18:33,193 - INFO - backend.storage.file.order_file_handler.OrderFileHandler - (order_file_handler.py:107) - Retrieved 5 order files.
2025-10-11 08:18:33,193 - INFO - backend.coordinators.order_coordinator.OrderCoordinator - (order_coordinator.py:48) - Reading order file: C:\Users\andrew\Desktop\Andrew\Projects\IthacaBakery\RandomStuff\WorkBot\refactor\data\orders\UNFI\UNFI_Downtown_2025-10-10.xlsx
2025-10-11 08:18:33,199 - INFO - backend.storage.file.order_file_handler.OrderFileHandler - (order_file_handler.py:191) - [upload] UNFI | Downtown | 2025-10-10 -> C:\Users\andrew\Desktop\Andrew\Projects\IthacaBakery\RandomStuff\WorkBot\refactor\data\upload_files\UNFI\UNFI_Downtown_2025-10-10.csv
2025-10-11 08:18:33,199 - INFO - backend.coordinators.order_coordinator.OrderCoordinator - (order_coordinator.py:48) - Reading order file: C:\Users\andrew\Desktop\Andrew\Projects\IthacaBakery\RandomStuff\WorkBot\refactor\data\orders\UNFI\UNFI_Bakery_2025-10-11.xlsx
2025-10-11 08:18:33,205 - INFO - backend.storage.file.order_file_handler.OrderFileHandler - (order_file_handler.py:191) - [upload] UNFI | Bakery | 2025-10-11 -> C:\Users\andrew\Desktop\Andrew\Projects\IthacaBakery\RandomStuff\WorkBot\refactor\data\upload_files\UNFI\UNFI_Bakery_2025-10-11.csv
2025-10-11 08:18:33,205 - INFO - backend.coordinators.order_coordinator.OrderCoordinator - (order_coordinator.py:48) - Reading order file: C:\Users\andrew\Desktop\Andrew\Projects\IthacaBakery\RandomStuff\WorkBot\refactor\data\orders\UNFI\UNFI_Triphammer_2025-10-10.xlsx
2025-10-11 08:18:33,210 - INFO - backend.storage.file.order_file_handler.OrderFileHandler - (order_file_handler.py:191) - [upload] UNFI | Triphammer | 2025-10-10 -> C:\Users\andrew\Desktop\Andrew\Projects\IthacaBakery\RandomStuff\WorkBot\refactor\data\upload_files\UNFI\UNFI_Triphammer_2025-10-10.csv
2025-10-11 08:18:33,211 - INFO - backend.coordinators.order_coordinator.OrderCoordinator - (order_coordinator.py:48) - Reading order file: C:\Users\andrew\Desktop\Andrew\Projects\IthacaBakery\RandomStuff\WorkBot\refactor\data\orders\UNFI\UNFI_Easthill_2025-10-10.xlsx
2025-10-11 08:18:33,215 - INFO - backend.storage.file.order_file_handler.OrderFileHandler - (order_file_handler.py:191) - [upload] UNFI | Easthill | 2025-10-10 -> C:\Users\andrew\Desktop\Andrew\Projects\IthacaBakery\RandomStuff\WorkBot\refactor\data\upload_files\UNFI\UNFI_Easthill_2025-10-10.csv
2025-10-11 08:18:33,215 - INFO - backend.coordinators.order_coordinator.OrderCoordinator - (order_coordinator.py:48) - Reading order file: C:\Users\andrew\Desktop\Andrew\Projects\IthacaBakery\RandomStuff\WorkBot\refactor\data\orders\UNFI\UNFI_Collegetown_2025-10-10.xlsx
2025-10-11 08:18:33,221 - INFO - backend.storage.file.order_file_handler.OrderFileHandler - (order_file_handler.py:191) - [upload] UNFI | Collegetown | 2025-10-10 -> C:\Users\andrew\Desktop\Andrew\Projects\IthacaBakery\RandomStuff\WorkBot\refactor\data\upload_files\UNFI\UNFI_Collegetown_2025-10-10.csv
2025-10-11 08:18:33,221 - INFO - backend.bots.workbot.work_bot.WorkBot - (work_bot.py:197) - Vendor upload file generation complete. 5 files created.
2025-10-11 08:18:33,224 - INFO - cli.cli.CLI - (cli.py:421) - Command 'generate_vendor_upload_files' executed successfully.
2025-10-11 08:19:21,956 - INFO - cli.cli.CLI - (cli.py:419) - Dispatching command: generate_vendor_upload_files (args=['--stores', 'Bakery', 'Easthill', 'Downtown', 'Collegetown', 'Triphammer', '--vendors', 'UNFI'])
2025-10-11 08:19:21,957 - INFO - backend.bots.workbot.work_bot.WorkBot - (work_bot.py:170) - Generating vendor upload files for stores=['Bakery', 'Easthill', 'Downtown', 'Collegetown', 'Triphammer'], vendors=['UNFI'], start_date=None, end_date=None
2025-10-11 08:19:21,957 - INFO - backend.bots.workbot.work_bot.WorkBot - (work_bot.py:90) - Retrieving order files for: stores=[['Bakery', 'Easthill', 'Downtown', 'Collegetown', 'Triphammer']], vendors=[['UNFI']], formats=[['xlsx']]
2025-10-11 08:19:21,957 - INFO - backend.storage.file.order_file_handler.OrderFileHandler - (order_file_handler.py:65) - Retrieving order files: stores=[['Bakery', 'Easthill', 'Downtown', 'Collegetown', 'Triphammer']], vendors=[['UNFI']], formats=['xlsx']
2025-10-11 08:19:21,962 - INFO - backend.storage.file.order_file_handler.OrderFileHandler - (order_file_handler.py:107) - Retrieved 5 order files.
2025-10-11 08:19:21,962 - INFO - backend.bots.workbot.work_bot.WorkBot - (work_bot.py:174) - Found 5 order files to process.
2025-10-11 08:19:21,962 - INFO - backend.coordinators.order_coordinator.OrderCoordinator - (order_coordinator.py:48) - Reading order file: C:\Users\andrew\Desktop\Andrew\Projects\IthacaBakery\RandomStuff\WorkBot\refactor\data\orders\UNFI\UNFI_Downtown_2025-10-10.xlsx
2025-10-11 08:19:21,967 - INFO - backend.coordinators.order_coordinator.OrderCoordinator - (order_coordinator.py:48) - Reading order file: C:\Users\andrew\Desktop\Andrew\Projects\IthacaBakery\RandomStuff\WorkBot\refactor\data\orders\UNFI\UNFI_Bakery_2025-10-11.xlsx
2025-10-11 08:19:21,974 - INFO - backend.coordinators.order_coordinator.OrderCoordinator - (order_coordinator.py:48) - Reading order file: C:\Users\andrew\Desktop\Andrew\Projects\IthacaBakery\RandomStuff\WorkBot\refactor\data\orders\UNFI\UNFI_Triphammer_2025-10-10.xlsx
2025-10-11 08:19:21,978 - INFO - backend.coordinators.order_coordinator.OrderCoordinator - (order_coordinator.py:48) - Reading order file: C:\Users\andrew\Desktop\Andrew\Projects\IthacaBakery\RandomStuff\WorkBot\refactor\data\orders\UNFI\UNFI_Easthill_2025-10-10.xlsx
2025-10-11 08:19:21,982 - INFO - backend.coordinators.order_coordinator.OrderCoordinator - (order_coordinator.py:48) - Reading order file: C:\Users\andrew\Desktop\Andrew\Projects\IthacaBakery\RandomStuff\WorkBot\refactor\data\orders\UNFI\UNFI_Collegetown_2025-10-10.xlsx
2025-10-11 08:19:21,988 - INFO - backend.storage.file.order_file_handler.OrderFileHandler - (order_file_handler.py:65) - Retrieving order files: stores=[['Bakery', 'Easthill', 'Downtown', 'Collegetown', 'Triphammer']], vendors=[['UNFI']], formats=['xlsx']
2025-10-11 08:19:21,993 - INFO - backend.storage.file.order_file_handler.OrderFileHandler - (order_file_handler.py:107) - Retrieved 5 order files.
2025-10-11 08:19:21,993 - INFO - backend.coordinators.order_coordinator.OrderCoordinator - (order_coordinator.py:48) - Reading order file: C:\Users\andrew\Desktop\Andrew\Projects\IthacaBakery\RandomStuff\WorkBot\refactor\data\orders\UNFI\UNFI_Downtown_2025-10-10.xlsx
2025-10-11 08:19:22,000 - INFO - backend.storage.file.order_file_handler.OrderFileHandler - (order_file_handler.py:191) - [upload] UNFI | Downtown | 2025-10-10 -> C:\Users\andrew\Desktop\Andrew\Projects\IthacaBakery\RandomStuff\WorkBot\refactor\data\upload_files\UNFI\UNFI_Downtown_2025-10-10.csv
2025-10-11 08:19:22,001 - INFO - backend.coordinators.order_coordinator.OrderCoordinator - (order_coordinator.py:48) - Reading order file: C:\Users\andrew\Desktop\Andrew\Projects\IthacaBakery\RandomStuff\WorkBot\refactor\data\orders\UNFI\UNFI_Bakery_2025-10-11.xlsx
2025-10-11 08:19:22,008 - INFO - backend.storage.file.order_file_handler.OrderFileHandler - (order_file_handler.py:191) - [upload] UNFI | Bakery | 2025-10-11 -> C:\Users\andrew\Desktop\Andrew\Projects\IthacaBakery\RandomStuff\WorkBot\refactor\data\upload_files\UNFI\UNFI_Bakery_2025-10-11.csv
2025-10-11 08:19:22,009 - INFO - backend.coordinators.order_coordinator.OrderCoordinator - (order_coordinator.py:48) - Reading order file: C:\Users\andrew\Desktop\Andrew\Projects\IthacaBakery\RandomStuff\WorkBot\refactor\data\orders\UNFI\UNFI_Triphammer_2025-10-10.xlsx
2025-10-11 08:19:22,015 - INFO - backend.storage.file.order_file_handler.OrderFileHandler - (order_file_handler.py:191) - [upload] UNFI | Triphammer | 2025-10-10 -> C:\Users\andrew\Desktop\Andrew\Projects\IthacaBakery\RandomStuff\WorkBot\refactor\data\upload_files\UNFI\UNFI_Triphammer_2025-10-10.csv
2025-10-11 08:19:22,015 - INFO - backend.coordinators.order_coordinator.OrderCoordinator - (order_coordinator.py:48) - Reading order file: C:\Users\andrew\Desktop\Andrew\Projects\IthacaBakery\RandomStuff\WorkBot\refactor\data\orders\UNFI\UNFI_Easthill_2025-10-10.xlsx
2025-10-11 08:19:22,021 - INFO - backend.storage.file.order_file_handler.OrderFileHandler - (order_file_handler.py:191) - [upload] UNFI | Easthill | 2025-10-10 -> C:\Users\andrew\Desktop\Andrew\Projects\IthacaBakery\RandomStuff\WorkBot\refactor\data\upload_files\UNFI\UNFI_Easthill_2025-10-10.csv
2025-10-11 08:19:22,021 - INFO - backend.coordinators.order_coordinator.OrderCoordinator - (order_coordinator.py:48) - Reading order file: C:\Users\andrew\Desktop\Andrew\Projects\IthacaBakery\RandomStuff\WorkBot\refactor\data\orders\UNFI\UNFI_Collegetown_2025-10-10.xlsx
2025-10-11 08:19:22,028 - INFO - backend.storage.file.order_file_handler.OrderFileHandler - (order_file_handler.py:191) - [upload] UNFI | Collegetown | 2025-10-10 -> C:\Users\andrew\Desktop\Andrew\Projects\IthacaBakery\RandomStuff\WorkBot\refactor\data\upload_files\UNFI\UNFI_Collegetown_2025-10-10.csv
2025-10-11 08:19:22,028 - INFO - backend.bots.workbot.work_bot.WorkBot - (work_bot.py:197) - Vendor upload file generation complete. 5 files created.
2025-10-11 08:19:22,030 - INFO - cli.cli.CLI - (cli.py:421) - Command 'generate_vendor_upload_files' executed successfully.
2025-10-11 10:38:19,117 - INFO - cli.cli.CLI - (cli.py:419) - Dispatching command: download_orders (args=['--stores', 'Bakery', 'Easthill', 'Downtown', 'Collegetown', 'Triphammer'])
2025-10-11 10:38:23,643 - INFO - backend.bots.craftable_bot.craftable_bot.CraftableBot - (craftable_bot.py:136) - Logging into Craftable.
2025-10-11 10:38:31,029 - INFO - backend.bots.craftable_bot.craftable_bot.CraftableBot - (craftable_bot.py:160) - Login successful.
2025-10-11 10:38:31,029 - INFO - backend.bots.craftable_bot.craftable_bot.CraftableBot - (craftable_bot.py:259) - Starting order download protocol.
2025-10-11 10:38:31,029 - INFO - backend.bots.craftable_bot.craftable_bot.CraftableBot - (craftable_bot.py:262) - Accessing order page for Bakery.
2025-10-11 10:38:37,740 - INFO - backend.bots.craftable_bot.craftable_bot.CraftableBot - (craftable_bot.py:303) - Retrieving order for UNFI (10/11/2025).
2025-10-11 10:38:40,080 - INFO - backend.bots.craftable_bot.craftable_bot.CraftableBot - (craftable_bot.py:1031) - [Order Update] Initiating update protocol for Bakery / UNFI / 20251011.
2025-10-11 10:38:40,095 - INFO - backend.coordinators.order_coordinator.OrderCoordinator - (order_coordinator.py:208) - [Order Update] Order has changed. Removing old file.
2025-10-11 10:38:40,097 - INFO - backend.bots.craftable_bot.craftable_bot.CraftableBot - (craftable_bot.py:317) - Saving order for UNFI.
2025-10-11 10:38:42,683 - INFO - backend.coordinators.order_coordinator.OrderCoordinator - (order_coordinator.py:252) - Moved downloaded PDF to: C:\Users\andrew\Desktop\Andrew\Projects\IthacaBakery\RandomStuff\WorkBot\refactor\data\orders\UNFI\UNFI_Bakery_2025-10-11.pdf
2025-10-11 10:38:44,558 - INFO - backend.bots.craftable_bot.craftable_bot.CraftableBot - (craftable_bot.py:303) - Retrieving order for Webstaurant (10/11/2025).
2025-10-11 10:38:45,780 - INFO - backend.bots.craftable_bot.craftable_bot.CraftableBot - (craftable_bot.py:1031) - [Order Update] Initiating update protocol for Bakery / Webstaurant / 20251011.
2025-10-11 10:38:45,798 - INFO - backend.coordinators.order_coordinator.OrderCoordinator - (order_coordinator.py:208) - [Order Update] Order has changed. Removing old file.
2025-10-11 10:38:45,799 - INFO - backend.bots.craftable_bot.craftable_bot.CraftableBot - (craftable_bot.py:317) - Saving order for Webstaurant.
2025-10-11 10:38:48,345 - INFO - backend.coordinators.order_coordinator.OrderCoordinator - (order_coordinator.py:252) - Moved downloaded PDF to: C:\Users\andrew\Desktop\Andrew\Projects\IthacaBakery\RandomStuff\WorkBot\refactor\data\orders\Webstaurant\Webstaurant_Bakery_2025-10-11.pdf
2025-10-11 10:38:50,220 - INFO - backend.bots.craftable_bot.craftable_bot.CraftableBot - (craftable_bot.py:303) - Retrieving order for Coffee Depot LLC (10/11/2025).
2025-10-11 10:38:51,322 - INFO - backend.bots.craftable_bot.craftable_bot.CraftableBot - (craftable_bot.py:1031) - [Order Update] Initiating update protocol for Bakery / Coffee Depot LLC / 20251011.
2025-10-11 10:38:51,323 - INFO - backend.coordinators.order_coordinator.OrderCoordinator - (order_coordinator.py:195) - [Order Update] No existing file at C:\Users\andrew\Desktop\Andrew\Projects\IthacaBakery\RandomStuff\WorkBot\refactor\data\orders\Coffee Depot LLC\Coffee Depot LLC_Bakery_2025-10-11.xlsx. Proceeding with save.
2025-10-11 10:38:51,323 - INFO - backend.bots.craftable_bot.craftable_bot.CraftableBot - (craftable_bot.py:317) - Saving order for Coffee Depot LLC.
2025-10-11 10:38:52,372 - ERROR - backend.bots.craftable_bot.craftable_bot.CraftableBot - (logger.py:107) - Error in download_orders: Message: no such element: Unable to locate element: {"method":"css selector","selector":".fa-download"}
  (Session info: chrome=141.0.7390.77); For documentation on this error, please visit: https://www.selenium.dev/documentation/webdriver/troubleshooting/errors#no-such-element-exception
Stacktrace:
	GetHandleVerifier [0x0x40fea3+66515]
	GetHandleVerifier [0x0x40fee4+66580]
	(No symbol) [0x0x1fdc48]
	(No symbol) [0x0x248704]
	(No symbol) [0x0x248aab]
	(No symbol) [0x0x28f482]
	(No symbol) [0x0x26b214]
	(No symbol) [0x0x28cba7]
	(No symbol) [0x0x26afc6]
	(No symbol) [0x0x23c2ca]
	(No symbol) [0x0x23d154]
	GetHandleVerifier [0x0x6673d3+2521347]
	GetHandleVerifier [0x0x662353+2500739]
	GetHandleVerifier [0x0x437cf4+229924]
	GetHandleVerifier [0x0x428258+165768]
	GetHandleVerifier [0x0x42ed0d+193085]
	GetHandleVerifier [0x0x4181b8+100072]
	GetHandleVerifier [0x0x418350+100480]
	GetHandleVerifier [0x0x40260a+11066]
	BaseThreadInitThunk [0x0x766afcc9+25]
	RtlGetAppContainerNamedObjectPath [0x0x773682ae+286]
	RtlGetAppContainerNamedObjectPath [0x0x7736827e+238]
Traceback (most recent call last):
  File "C:\Users\andrew\Desktop\Andrew\Projects\IthacaBakery\RandomStuff\WorkBot\refactor\backend\utils\logger.py", line 105, in wrapper
    return func(*args, **kwargs)
  File "C:\Users\andrew\Desktop\Andrew\Projects\IthacaBakery\RandomStuff\WorkBot\refactor\backend\bots\craftable_bot\craftable_bot.py", line 274, in download_orders
    self._process_order_row(store, stale_reference_table_rows[pos], vendors, download_pdf, update)
    ~~~~~~~~~~~~~~~~~~~~~~~^^^^^^^^^^^^^^^^^^^^^^^^^^^^^^^^^^^^^^^^^^^^^^^^^^^^^^^^^^^^^^^^^^^^^^^
  File "C:\Users\andrew\Desktop\Andrew\Projects\IthacaBakery\RandomStuff\WorkBot\refactor\backend\bots\craftable_bot\craftable_bot.py", line 329, in _process_order_row
    self._download_order_pdf()
    ~~~~~~~~~~~~~~~~~~~~~~~~^^
  File "C:\Users\andrew\Desktop\Andrew\Projects\IthacaBakery\RandomStuff\WorkBot\refactor\backend\bots\craftable_bot\craftable_bot.py", line 1019, in _download_order_pdf
    download_button = self.driver.find_element(By.CLASS_NAME, 'fa-download')
  File "C:\Users\andrew\Desktop\Andrew\Projects\IthacaBakery\RandomStuff\venv\Lib\site-packages\selenium\webdriver\remote\webdriver.py", line 888, in find_element
    return self.execute(Command.FIND_ELEMENT, {"using": by, "value": value})["value"]
           ~~~~~~~~~~~~^^^^^^^^^^^^^^^^^^^^^^^^^^^^^^^^^^^^^^^^^^^^^^^^^^^^^
  File "C:\Users\andrew\Desktop\Andrew\Projects\IthacaBakery\RandomStuff\venv\Lib\site-packages\selenium\webdriver\remote\webdriver.py", line 429, in execute
    self.error_handler.check_response(response)
    ~~~~~~~~~~~~~~~~~~~~~~~~~~~~~~~~~^^^^^^^^^^
  File "C:\Users\andrew\Desktop\Andrew\Projects\IthacaBakery\RandomStuff\venv\Lib\site-packages\selenium\webdriver\remote\errorhandler.py", line 232, in check_response
    raise exception_class(message, screen, stacktrace)
selenium.common.exceptions.NoSuchElementException: Message: no such element: Unable to locate element: {"method":"css selector","selector":".fa-download"}
  (Session info: chrome=141.0.7390.77); For documentation on this error, please visit: https://www.selenium.dev/documentation/webdriver/troubleshooting/errors#no-such-element-exception
Stacktrace:
	GetHandleVerifier [0x0x40fea3+66515]
	GetHandleVerifier [0x0x40fee4+66580]
	(No symbol) [0x0x1fdc48]
	(No symbol) [0x0x248704]
	(No symbol) [0x0x248aab]
	(No symbol) [0x0x28f482]
	(No symbol) [0x0x26b214]
	(No symbol) [0x0x28cba7]
	(No symbol) [0x0x26afc6]
	(No symbol) [0x0x23c2ca]
	(No symbol) [0x0x23d154]
	GetHandleVerifier [0x0x6673d3+2521347]
	GetHandleVerifier [0x0x662353+2500739]
	GetHandleVerifier [0x0x437cf4+229924]
	GetHandleVerifier [0x0x428258+165768]
	GetHandleVerifier [0x0x42ed0d+193085]
	GetHandleVerifier [0x0x4181b8+100072]
	GetHandleVerifier [0x0x418350+100480]
	GetHandleVerifier [0x0x40260a+11066]
	BaseThreadInitThunk [0x0x766afcc9+25]
	RtlGetAppContainerNamedObjectPath [0x0x773682ae+286]
	RtlGetAppContainerNamedObjectPath [0x0x7736827e+238]

2025-10-11 10:38:54,172 - ERROR - cli.cli.CLI - (cli.py:426) - [Error] download_orders failed: Message: no such element: Unable to locate element: {"method":"css selector","selector":".fa-download"}
  (Session info: chrome=141.0.7390.77); For documentation on this error, please visit: https://www.selenium.dev/documentation/webdriver/troubleshooting/errors#no-such-element-exception
Stacktrace:
	GetHandleVerifier [0x0x40fea3+66515]
	GetHandleVerifier [0x0x40fee4+66580]
	(No symbol) [0x0x1fdc48]
	(No symbol) [0x0x248704]
	(No symbol) [0x0x248aab]
	(No symbol) [0x0x28f482]
	(No symbol) [0x0x26b214]
	(No symbol) [0x0x28cba7]
	(No symbol) [0x0x26afc6]
	(No symbol) [0x0x23c2ca]
	(No symbol) [0x0x23d154]
	GetHandleVerifier [0x0x6673d3+2521347]
	GetHandleVerifier [0x0x662353+2500739]
	GetHandleVerifier [0x0x437cf4+229924]
	GetHandleVerifier [0x0x428258+165768]
	GetHandleVerifier [0x0x42ed0d+193085]
	GetHandleVerifier [0x0x4181b8+100072]
	GetHandleVerifier [0x0x418350+100480]
	GetHandleVerifier [0x0x40260a+11066]
	BaseThreadInitThunk [0x0x766afcc9+25]
	RtlGetAppContainerNamedObjectPath [0x0x773682ae+286]
	RtlGetAppContainerNamedObjectPath [0x0x7736827e+238]
Traceback (most recent call last):
  File "C:\Users\andrew\Desktop\Andrew\Projects\IthacaBakery\RandomStuff\WorkBot\refactor\cli\cli.py", line 420, in _dispatch_command
    self.commands[command](args) if args else self.commands[command]()
    ~~~~~~~~~~~~~~~~~~~~~~^^^^^^
  File "C:\Users\andrew\Desktop\Andrew\Projects\IthacaBakery\RandomStuff\WorkBot\refactor\cli\workbot_cli.py", line 48, in cmd_download_orders
    self.workbot.download_craftable_orders(parsed_args.stores, parsed_args.vendors)
    ~~~~~~~~~~~~~~~~~~~~~~~~~~~~~~~~~~~~~~^^^^^^^^^^^^^^^^^^^^^^^^^^^^^^^^^^^^^^^^^
  File "C:\Users\andrew\Desktop\Andrew\Projects\IthacaBakery\RandomStuff\WorkBot\refactor\backend\bots\workbot\work_bot.py", line 81, in download_craftable_orders
    self.craft_bot.download_orders(stores, vendors, download_pdf=download_pdf, update=update)
    ~~~~~~~~~~~~~~~~~~~~~~~~~~~~~~^^^^^^^^^^^^^^^^^^^^^^^^^^^^^^^^^^^^^^^^^^^^^^^^^^^^^^^^^^^
  File "C:\Users\andrew\Desktop\Andrew\Projects\IthacaBakery\RandomStuff\WorkBot\refactor\backend\bots\bot_mixins.py", line 95, in wrapper
    return func(self, *args, **kwargs)
  File "C:\Users\andrew\Desktop\Andrew\Projects\IthacaBakery\RandomStuff\WorkBot\refactor\backend\utils\logger.py", line 105, in wrapper
    return func(*args, **kwargs)
  File "C:\Users\andrew\Desktop\Andrew\Projects\IthacaBakery\RandomStuff\WorkBot\refactor\backend\bots\craftable_bot\craftable_bot.py", line 274, in download_orders
    self._process_order_row(store, stale_reference_table_rows[pos], vendors, download_pdf, update)
    ~~~~~~~~~~~~~~~~~~~~~~~^^^^^^^^^^^^^^^^^^^^^^^^^^^^^^^^^^^^^^^^^^^^^^^^^^^^^^^^^^^^^^^^^^^^^^^
  File "C:\Users\andrew\Desktop\Andrew\Projects\IthacaBakery\RandomStuff\WorkBot\refactor\backend\bots\craftable_bot\craftable_bot.py", line 329, in _process_order_row
    self._download_order_pdf()
    ~~~~~~~~~~~~~~~~~~~~~~~~^^
  File "C:\Users\andrew\Desktop\Andrew\Projects\IthacaBakery\RandomStuff\WorkBot\refactor\backend\bots\craftable_bot\craftable_bot.py", line 1019, in _download_order_pdf
    download_button = self.driver.find_element(By.CLASS_NAME, 'fa-download')
  File "C:\Users\andrew\Desktop\Andrew\Projects\IthacaBakery\RandomStuff\venv\Lib\site-packages\selenium\webdriver\remote\webdriver.py", line 888, in find_element
    return self.execute(Command.FIND_ELEMENT, {"using": by, "value": value})["value"]
           ~~~~~~~~~~~~^^^^^^^^^^^^^^^^^^^^^^^^^^^^^^^^^^^^^^^^^^^^^^^^^^^^^
  File "C:\Users\andrew\Desktop\Andrew\Projects\IthacaBakery\RandomStuff\venv\Lib\site-packages\selenium\webdriver\remote\webdriver.py", line 429, in execute
    self.error_handler.check_response(response)
    ~~~~~~~~~~~~~~~~~~~~~~~~~~~~~~~~~^^^^^^^^^^
  File "C:\Users\andrew\Desktop\Andrew\Projects\IthacaBakery\RandomStuff\venv\Lib\site-packages\selenium\webdriver\remote\errorhandler.py", line 232, in check_response
    raise exception_class(message, screen, stacktrace)
selenium.common.exceptions.NoSuchElementException: Message: no such element: Unable to locate element: {"method":"css selector","selector":".fa-download"}
  (Session info: chrome=141.0.7390.77); For documentation on this error, please visit: https://www.selenium.dev/documentation/webdriver/troubleshooting/errors#no-such-element-exception
Stacktrace:
	GetHandleVerifier [0x0x40fea3+66515]
	GetHandleVerifier [0x0x40fee4+66580]
	(No symbol) [0x0x1fdc48]
	(No symbol) [0x0x248704]
	(No symbol) [0x0x248aab]
	(No symbol) [0x0x28f482]
	(No symbol) [0x0x26b214]
	(No symbol) [0x0x28cba7]
	(No symbol) [0x0x26afc6]
	(No symbol) [0x0x23c2ca]
	(No symbol) [0x0x23d154]
	GetHandleVerifier [0x0x6673d3+2521347]
	GetHandleVerifier [0x0x662353+2500739]
	GetHandleVerifier [0x0x437cf4+229924]
	GetHandleVerifier [0x0x428258+165768]
	GetHandleVerifier [0x0x42ed0d+193085]
	GetHandleVerifier [0x0x4181b8+100072]
	GetHandleVerifier [0x0x418350+100480]
	GetHandleVerifier [0x0x40260a+11066]
	BaseThreadInitThunk [0x0x766afcc9+25]
	RtlGetAppContainerNamedObjectPath [0x0x773682ae+286]
	RtlGetAppContainerNamedObjectPath [0x0x7736827e+238]

2025-10-11 10:40:27,861 - INFO - cli.cli.CLI - (cli.py:347) - CLI interrupted by user (Ctrl+C / EOF).
2025-10-11 10:40:27,865 - INFO - cli.cli.CLI - (cli.py:390) - Exiting CLI and saving history.
2025-10-11 10:40:34,273 - INFO - backend.bots.workbot.work_bot.WorkBot - (work_bot.py:54) - Initializing WorkBot...
2025-10-11 10:40:34,299 - INFO - backend.bots.workbot.work_bot.WorkBot - (work_bot.py:74) - WorkBot initialized successfully.
2025-10-11 10:40:34,299 - INFO - cli.cli.CLI - (cli.py:40) - Initializing CLI.
2025-10-11 10:40:34,320 - INFO - cli.cli.CLI - (cli.py:95) - Loaded command history from C:\Users\andrew\Desktop\Andrew\Projects\IthacaBakery\RandomStuff\WorkBot\refactor\data\cli\.cli_history
2025-10-11 10:40:34,320 - INFO - cli.cli.CLI - (cli.py:48) - CLI initialized successfully with 24 commands.
2025-10-11 10:40:34,320 - INFO - cli.cli.CLI - (cli.py:321) - CLI session started.
2025-10-11 11:36:41,695 - INFO - cli.cli.CLI - (cli.py:347) - CLI interrupted by user (Ctrl+C / EOF).
2025-10-11 11:36:41,703 - INFO - cli.cli.CLI - (cli.py:390) - Exiting CLI and saving history.
