2025-12-07 11:47:32,602 - INFO - backend.bots.workbot.work_bot.WorkBot - (work_bot.py:88) - Easthill's order for Hillcrest Dairy is already up-to-date...skipping.
2025-12-07 11:47:32,606 - INFO - backend.bots.workbot.work_bot.WorkBot - (work_bot.py:146) - [Order Update] Initiating update protocol for Easthill / Performance Food / 20251204.
2025-12-07 11:47:32,648 - INFO - backend.bots.workbot.work_bot.WorkBot - (work_bot.py:88) - Easthill's order for Performance Food is already up-to-date...skipping.
2025-12-07 11:47:32,649 - INFO - backend.bots.workbot.work_bot.WorkBot - (work_bot.py:146) - [Order Update] Initiating update protocol for Easthill / Equal Exchange / 20251204.
2025-12-07 11:47:32,687 - INFO - backend.bots.workbot.work_bot.WorkBot - (work_bot.py:88) - Easthill's order for Equal Exchange is already up-to-date...skipping.
2025-12-07 11:47:32,688 - INFO - backend.bots.workbot.work_bot.WorkBot - (work_bot.py:146) - [Order Update] Initiating update protocol for Easthill / US Foods / 20251204.
2025-12-07 11:47:32,728 - INFO - backend.bots.workbot.work_bot.WorkBot - (work_bot.py:88) - Easthill's order for US Foods is already up-to-date...skipping.
2025-12-07 11:47:32,729 - INFO - backend.bots.workbot.work_bot.WorkBot - (work_bot.py:146) - [Order Update] Initiating update protocol for Easthill / Sysco / 20251204.
2025-12-07 11:47:32,772 - INFO - backend.bots.workbot.work_bot.WorkBot - (work_bot.py:88) - Easthill's order for Sysco is already up-to-date...skipping.
2025-12-07 11:47:32,773 - INFO - backend.bots.workbot.work_bot.WorkBot - (work_bot.py:146) - [Order Update] Initiating update protocol for Easthill / Regional Distributors, Inc. / 20251204.
2025-12-07 11:47:32,849 - INFO - backend.bots.workbot.work_bot.WorkBot - (work_bot.py:109) - [PDF] Ingested: Order.pdf for Easthill/Regional Distributors, Inc.
2025-12-07 11:47:32,850 - INFO - backend.bots.workbot.work_bot.WorkBot - (work_bot.py:146) - [Order Update] Initiating update protocol for Easthill / FingerLakes Farms / 20251204.
2025-12-07 11:47:32,891 - INFO - backend.bots.workbot.work_bot.WorkBot - (work_bot.py:88) - Easthill's order for FingerLakes Farms is already up-to-date...skipping.
2025-12-07 11:47:32,892 - INFO - backend.bots.workbot.work_bot.WorkBot - (work_bot.py:146) - [Order Update] Initiating update protocol for Easthill / Coffee Depot LLC / 20251204.
2025-12-07 11:47:32,959 - INFO - backend.bots.workbot.work_bot.WorkBot - (work_bot.py:109) - [PDF] Ingested: Order.pdf for Easthill/Coffee Depot LLC
2025-12-07 11:47:32,960 - INFO - backend.bots.workbot.work_bot.WorkBot - (work_bot.py:146) - [Order Update] Initiating update protocol for Easthill / Coca-Cola / 20251204.
2025-12-07 11:47:32,999 - INFO - backend.bots.workbot.work_bot.WorkBot - (work_bot.py:88) - Easthill's order for Coca-Cola is already up-to-date...skipping.
2025-12-07 11:47:33,000 - INFO - backend.bots.workbot.work_bot.WorkBot - (work_bot.py:146) - [Order Update] Initiating update protocol for Easthill / Peters Supply / 20251204.
2025-12-07 11:47:33,038 - INFO - backend.bots.workbot.work_bot.WorkBot - (work_bot.py:88) - Easthill's order for Peters Supply is already up-to-date...skipping.
2025-12-07 11:47:33,039 - INFO - backend.bots.workbot.work_bot.WorkBot - (work_bot.py:146) - [Order Update] Initiating update protocol for Easthill / Johnston Paper / 20251204.
2025-12-07 11:47:33,080 - INFO - backend.bots.workbot.work_bot.WorkBot - (work_bot.py:88) - Easthill's order for Johnston Paper is already up-to-date...skipping.
2025-12-07 11:47:33,081 - INFO - backend.bots.workbot.work_bot.WorkBot - (work_bot.py:146) - [Order Update] Initiating update protocol for Easthill / Hill & Markes / 20251204.
2025-12-07 11:47:33,121 - INFO - backend.bots.workbot.work_bot.WorkBot - (work_bot.py:88) - Easthill's order for Hill & Markes is already up-to-date...skipping.
2025-12-07 11:47:33,122 - INFO - backend.bots.workbot.work_bot.WorkBot - (work_bot.py:146) - [Order Update] Initiating update protocol for Syracuse / Regional Distributors, Inc. / 20251205.
2025-12-07 11:47:33,197 - INFO - backend.bots.workbot.work_bot.WorkBot - (work_bot.py:109) - [PDF] Ingested: Order.pdf for Syracuse/Regional Distributors, Inc.
2025-12-07 11:47:33,198 - INFO - backend.bots.workbot.work_bot.WorkBot - (work_bot.py:146) - [Order Update] Initiating update protocol for Syracuse / US Foods / 20251205.
2025-12-07 11:47:33,235 - INFO - backend.bots.workbot.work_bot.WorkBot - (work_bot.py:88) - Syracuse's order for US Foods is already up-to-date...skipping.
2025-12-07 11:47:33,236 - INFO - backend.bots.workbot.work_bot.WorkBot - (work_bot.py:146) - [Order Update] Initiating update protocol for Syracuse / Ithaca Bakery / 20251205.
2025-12-07 11:47:33,296 - INFO - backend.bots.workbot.work_bot.WorkBot - (work_bot.py:109) - [PDF] Ingested: Order.pdf for Syracuse/Ithaca Bakery
2025-12-07 11:47:33,297 - INFO - backend.bots.workbot.work_bot.WorkBot - (work_bot.py:146) - [Order Update] Initiating update protocol for Syracuse / Performance Food / 20251205.
2025-12-07 11:47:33,334 - INFO - backend.bots.workbot.work_bot.WorkBot - (work_bot.py:88) - Syracuse's order for Performance Food is already up-to-date...skipping.
2025-12-07 11:47:33,334 - INFO - backend.bots.workbot.work_bot.WorkBot - (work_bot.py:146) - [Order Update] Initiating update protocol for Syracuse / UNFI / 20251205.
2025-12-07 11:47:33,371 - INFO - backend.bots.workbot.work_bot.WorkBot - (work_bot.py:88) - Syracuse's order for UNFI is already up-to-date...skipping.
2025-12-07 11:47:33,372 - INFO - backend.bots.workbot.work_bot.WorkBot - (work_bot.py:146) - [Order Update] Initiating update protocol for Syracuse / Sysco / 20251205.
2025-12-07 11:47:33,409 - INFO - backend.bots.workbot.work_bot.WorkBot - (work_bot.py:88) - Syracuse's order for Sysco is already up-to-date...skipping.
2025-12-07 11:47:33,410 - INFO - backend.bots.workbot.work_bot.WorkBot - (work_bot.py:146) - [Order Update] Initiating update protocol for Syracuse / FingerLakes Farms / 20251205.
2025-12-07 11:47:33,449 - INFO - backend.bots.workbot.work_bot.WorkBot - (work_bot.py:88) - Syracuse's order for FingerLakes Farms is already up-to-date...skipping.
2025-12-07 11:47:33,450 - INFO - backend.bots.workbot.work_bot.WorkBot - (work_bot.py:146) - [Order Update] Initiating update protocol for Syracuse / Hillcrest Dairy / 20251205.
2025-12-07 11:47:33,488 - INFO - backend.bots.workbot.work_bot.WorkBot - (work_bot.py:88) - Syracuse's order for Hillcrest Dairy is already up-to-date...skipping.
2025-12-07 11:47:33,489 - INFO - backend.bots.workbot.work_bot.WorkBot - (work_bot.py:146) - [Order Update] Initiating update protocol for Syracuse / Hill & Markes / 20251205.
2025-12-07 11:47:33,554 - INFO - backend.bots.workbot.work_bot.WorkBot - (work_bot.py:88) - Syracuse's order for Hill & Markes is already up-to-date...skipping.
2025-12-07 11:47:33,558 - INFO - backend.bots.workbot.work_bot.WorkBot - (work_bot.py:146) - [Order Update] Initiating update protocol for Syracuse / Coffee Depot LLC / 20251205.
2025-12-07 11:47:33,688 - INFO - backend.bots.workbot.work_bot.WorkBot - (work_bot.py:109) - [PDF] Ingested: Order.pdf for Syracuse/Coffee Depot LLC
2025-12-07 11:47:33,689 - INFO - backend.bots.workbot.work_bot.WorkBot - (work_bot.py:146) - [Order Update] Initiating update protocol for Syracuse / Equal Exchange / 20251205.
2025-12-07 11:47:33,754 - INFO - backend.bots.workbot.work_bot.WorkBot - (work_bot.py:88) - Syracuse's order for Equal Exchange is already up-to-date...skipping.
2025-12-07 11:47:33,755 - INFO - backend.bots.workbot.work_bot.WorkBot - (work_bot.py:146) - [Order Update] Initiating update protocol for Syracuse / Peters Supply / 20251205.
2025-12-07 11:47:33,802 - INFO - backend.bots.workbot.work_bot.WorkBot - (work_bot.py:88) - Syracuse's order for Peters Supply is already up-to-date...skipping.
2025-12-07 11:47:33,803 - INFO - backend.bots.workbot.work_bot.WorkBot - (work_bot.py:146) - [Order Update] Initiating update protocol for Syracuse / DUTCH VALLEY FOOD DIST / 20251205.
2025-12-07 11:47:33,839 - INFO - backend.bots.workbot.work_bot.WorkBot - (work_bot.py:88) - Syracuse's order for DUTCH VALLEY FOOD DIST is already up-to-date...skipping.
2025-12-07 11:47:33,840 - INFO - backend.bots.workbot.work_bot.WorkBot - (work_bot.py:146) - [Order Update] Initiating update protocol for Triphammer / Sysco / 20251205.
2025-12-07 11:47:33,879 - INFO - backend.bots.workbot.work_bot.WorkBot - (work_bot.py:88) - Triphammer's order for Sysco is already up-to-date...skipping.
2025-12-07 11:47:33,880 - INFO - backend.bots.workbot.work_bot.WorkBot - (work_bot.py:146) - [Order Update] Initiating update protocol for Triphammer / Performance Food / 20251205.
2025-12-07 11:47:33,918 - INFO - backend.bots.workbot.work_bot.WorkBot - (work_bot.py:88) - Triphammer's order for Performance Food is already up-to-date...skipping.
2025-12-07 11:47:33,919 - INFO - backend.bots.workbot.work_bot.WorkBot - (work_bot.py:146) - [Order Update] Initiating update protocol for Triphammer / Ithaca Bakery / 20251205.
2025-12-07 11:47:33,982 - INFO - backend.bots.workbot.work_bot.WorkBot - (work_bot.py:109) - [PDF] Ingested: Order.pdf for Triphammer/Ithaca Bakery
2025-12-07 11:47:33,983 - INFO - backend.bots.workbot.work_bot.WorkBot - (work_bot.py:146) - [Order Update] Initiating update protocol for Triphammer / US Foods / 20251205.
2025-12-07 11:47:34,021 - INFO - backend.bots.workbot.work_bot.WorkBot - (work_bot.py:88) - Triphammer's order for US Foods is already up-to-date...skipping.
2025-12-07 11:47:34,022 - INFO - backend.bots.workbot.work_bot.WorkBot - (work_bot.py:146) - [Order Update] Initiating update protocol for Triphammer / FingerLakes Farms / 20251205.
2025-12-07 11:47:34,082 - INFO - backend.bots.workbot.work_bot.WorkBot - (work_bot.py:109) - [PDF] Ingested: Order.pdf for Triphammer/FingerLakes Farms
2025-12-07 11:47:34,082 - INFO - backend.bots.workbot.work_bot.WorkBot - (work_bot.py:146) - [Order Update] Initiating update protocol for Triphammer / UNFI / 20251205.
2025-12-07 11:47:34,121 - INFO - backend.bots.workbot.work_bot.WorkBot - (work_bot.py:88) - Triphammer's order for UNFI is already up-to-date...skipping.
2025-12-07 11:47:34,122 - INFO - backend.bots.workbot.work_bot.WorkBot - (work_bot.py:146) - [Order Update] Initiating update protocol for Triphammer / Hillcrest Dairy / 20251205.
2025-12-07 11:47:34,162 - INFO - backend.bots.workbot.work_bot.WorkBot - (work_bot.py:88) - Triphammer's order for Hillcrest Dairy is already up-to-date...skipping.
2025-12-07 11:47:34,163 - INFO - backend.bots.workbot.work_bot.WorkBot - (work_bot.py:146) - [Order Update] Initiating update protocol for Triphammer / Peters Supply / 20251205.
2025-12-07 11:47:34,201 - INFO - backend.bots.workbot.work_bot.WorkBot - (work_bot.py:88) - Triphammer's order for Peters Supply is already up-to-date...skipping.
2025-12-07 11:47:34,202 - INFO - backend.bots.workbot.work_bot.WorkBot - (work_bot.py:146) - [Order Update] Initiating update protocol for Triphammer / Johnston Paper / 20251205.
2025-12-07 11:47:34,239 - INFO - backend.bots.workbot.work_bot.WorkBot - (work_bot.py:88) - Triphammer's order for Johnston Paper is already up-to-date...skipping.
2025-12-07 11:47:34,240 - INFO - backend.bots.workbot.work_bot.WorkBot - (work_bot.py:146) - [Order Update] Initiating update protocol for Triphammer / Regional Distributors, Inc. / 20251205.
2025-12-07 11:47:34,330 - INFO - backend.bots.workbot.work_bot.WorkBot - (work_bot.py:109) - [PDF] Ingested: Order.pdf for Triphammer/Regional Distributors, Inc.
2025-12-07 11:47:34,330 - INFO - backend.bots.workbot.work_bot.WorkBot - (work_bot.py:146) - [Order Update] Initiating update protocol for Triphammer / Hill & Markes / 20251205.
2025-12-07 11:47:34,367 - INFO - backend.bots.workbot.work_bot.WorkBot - (work_bot.py:88) - Triphammer's order for Hill & Markes is already up-to-date...skipping.
2025-12-07 11:47:34,368 - INFO - backend.bots.workbot.work_bot.WorkBot - (work_bot.py:146) - [Order Update] Initiating update protocol for Triphammer / Copper Horse Coffee / 20251205.
2025-12-07 11:47:34,432 - INFO - backend.bots.workbot.work_bot.WorkBot - (work_bot.py:109) - [PDF] Ingested: Order.pdf for Triphammer/Copper Horse Coffee
2025-12-07 11:47:34,433 - INFO - backend.bots.workbot.work_bot.WorkBot - (work_bot.py:146) - [Order Update] Initiating update protocol for Triphammer / Equal Exchange / 20251205.
2025-12-07 11:47:34,471 - INFO - backend.bots.workbot.work_bot.WorkBot - (work_bot.py:88) - Triphammer's order for Equal Exchange is already up-to-date...skipping.
2025-12-07 11:47:34,472 - INFO - backend.bots.workbot.work_bot.WorkBot - (work_bot.py:146) - [Order Update] Initiating update protocol for Triphammer / Coffee Depot LLC / 20251205.
2025-12-07 11:47:34,534 - INFO - backend.bots.workbot.work_bot.WorkBot - (work_bot.py:109) - [PDF] Ingested: Order.pdf for Triphammer/Coffee Depot LLC
2025-12-07 11:47:34,535 - INFO - backend.bots.workbot.work_bot.WorkBot - (work_bot.py:146) - [Order Update] Initiating update protocol for Triphammer / Coca-Cola / 20251205.
2025-12-07 11:47:34,573 - INFO - backend.bots.workbot.work_bot.WorkBot - (work_bot.py:88) - Triphammer's order for Coca-Cola is already up-to-date...skipping.
2025-12-07 11:47:34,574 - INFO - backend.bots.workbot.work_bot.WorkBot - (work_bot.py:146) - [Order Update] Initiating update protocol for Triphammer / A.L. George / 20251205.
2025-12-07 11:47:34,612 - INFO - backend.bots.workbot.work_bot.WorkBot - (work_bot.py:88) - Triphammer's order for A.L. George is already up-to-date...skipping.
2025-12-07 11:47:34,613 - INFO - backend.bots.workbot.work_bot.WorkBot - (work_bot.py:146) - [Order Update] Initiating update protocol for Triphammer / Webstaurant / 20251205.
2025-12-07 11:47:34,650 - INFO - backend.bots.workbot.work_bot.WorkBot - (work_bot.py:88) - Triphammer's order for Webstaurant is already up-to-date...skipping.
2025-12-07 11:47:34,653 - INFO - backend.bots.workbot.work_bot.WorkBot - (work_bot.py:120) - Craftable order sync completed successfully.
2025-12-07 12:08:59,758 - INFO - backend.bots.workbot.work_bot.WorkBot - (work_bot.py:176) - Retrieving orders for: stores=['Bakery', 'Easthill', 'Collegetown', 'Triphammer', 'Downtown'], vendors=['Performance Food', 'FingerLakes Farms']
2025-12-07 12:12:02,545 - INFO - backend.bots.workbot.work_bot.WorkBot - (work_bot.py:146) - [Order Update] Initiating update protocol for Bakery / FingerLakes Farms / 20251206.
2025-12-07 12:12:02,598 - INFO - backend.bots.workbot.work_bot.WorkBot - (work_bot.py:109) - [PDF] Ingested: Order.pdf for Bakery/FingerLakes Farms
2025-12-07 12:12:02,598 - INFO - backend.bots.workbot.work_bot.WorkBot - (work_bot.py:146) - [Order Update] Initiating update protocol for Bakery / Performance Food / 20251206.
2025-12-07 12:12:02,649 - INFO - backend.bots.workbot.work_bot.WorkBot - (work_bot.py:109) - [PDF] Ingested: Order.pdf for Bakery/Performance Food
2025-12-07 12:12:02,649 - INFO - backend.bots.workbot.work_bot.WorkBot - (work_bot.py:146) - [Order Update] Initiating update protocol for Collegetown / FingerLakes Farms / 20251205.
2025-12-07 12:12:02,686 - INFO - backend.bots.workbot.work_bot.WorkBot - (work_bot.py:109) - [PDF] Ingested: Order.pdf for Collegetown/FingerLakes Farms
2025-12-07 12:12:02,687 - INFO - backend.bots.workbot.work_bot.WorkBot - (work_bot.py:146) - [Order Update] Initiating update protocol for Collegetown / Performance Food / 20251205.
2025-12-07 12:12:02,711 - INFO - backend.bots.workbot.work_bot.WorkBot - (work_bot.py:88) - Collegetown's order for Performance Food is already up-to-date...skipping.
2025-12-07 12:12:02,713 - INFO - backend.bots.workbot.work_bot.WorkBot - (work_bot.py:146) - [Order Update] Initiating update protocol for Downtown / FingerLakes Farms / 20251205.
2025-12-07 12:12:02,748 - INFO - backend.bots.workbot.work_bot.WorkBot - (work_bot.py:109) - [PDF] Ingested: Order.pdf for Downtown/FingerLakes Farms
2025-12-07 12:12:02,748 - INFO - backend.bots.workbot.work_bot.WorkBot - (work_bot.py:146) - [Order Update] Initiating update protocol for Downtown / Performance Food / 20251205.
2025-12-07 12:12:02,772 - INFO - backend.bots.workbot.work_bot.WorkBot - (work_bot.py:88) - Downtown's order for Performance Food is already up-to-date...skipping.
2025-12-07 12:12:02,772 - INFO - backend.bots.workbot.work_bot.WorkBot - (work_bot.py:146) - [Order Update] Initiating update protocol for Easthill / FingerLakes Farms / 20251204.
2025-12-07 12:12:02,820 - INFO - backend.bots.workbot.work_bot.WorkBot - (work_bot.py:109) - [PDF] Ingested: Order.pdf for Easthill/FingerLakes Farms
2025-12-07 12:12:02,820 - INFO - backend.bots.workbot.work_bot.WorkBot - (work_bot.py:146) - [Order Update] Initiating update protocol for Easthill / Performance Food / 20251204.
2025-12-07 12:12:02,865 - INFO - backend.bots.workbot.work_bot.WorkBot - (work_bot.py:109) - [PDF] Ingested: Order.pdf for Easthill/Performance Food
2025-12-07 12:12:02,866 - INFO - backend.bots.workbot.work_bot.WorkBot - (work_bot.py:146) - [Order Update] Initiating update protocol for Syracuse / FingerLakes Farms / 20251205.
2025-12-07 12:12:02,889 - INFO - backend.bots.workbot.work_bot.WorkBot - (work_bot.py:88) - Syracuse's order for FingerLakes Farms is already up-to-date...skipping.
2025-12-07 12:12:02,890 - INFO - backend.bots.workbot.work_bot.WorkBot - (work_bot.py:146) - [Order Update] Initiating update protocol for Syracuse / Performance Food / 20251205.
2025-12-07 12:12:02,914 - INFO - backend.bots.workbot.work_bot.WorkBot - (work_bot.py:88) - Syracuse's order for Performance Food is already up-to-date...skipping.
2025-12-07 12:12:02,915 - INFO - backend.bots.workbot.work_bot.WorkBot - (work_bot.py:146) - [Order Update] Initiating update protocol for Triphammer / FingerLakes Farms / 20251205.
2025-12-07 12:12:02,962 - INFO - backend.bots.workbot.work_bot.WorkBot - (work_bot.py:109) - [PDF] Ingested: Order.pdf for Triphammer/FingerLakes Farms
2025-12-07 12:12:02,963 - INFO - backend.bots.workbot.work_bot.WorkBot - (work_bot.py:146) - [Order Update] Initiating update protocol for Triphammer / Performance Food / 20251205.
2025-12-07 12:12:03,010 - INFO - backend.bots.workbot.work_bot.WorkBot - (work_bot.py:109) - [PDF] Ingested: Order.pdf for Triphammer/Performance Food
2025-12-07 12:12:03,010 - INFO - backend.bots.workbot.work_bot.WorkBot - (work_bot.py:120) - Craftable order sync completed successfully.
2025-12-07 12:42:05,699 - INFO - backend.bots.workbot.work_bot.WorkBot - (work_bot.py:261) - Generating vendor upload files for stores=['Bakery', 'Collegetown', 'Downtown', 'Easthill', 'Syracuse', 'Triphammer'], vendors=['Sysco', 'Performance Food', 'US Foods'], start_date=None, end_date=None
2025-12-07 12:42:05,699 - INFO - backend.bots.workbot.work_bot.WorkBot - (work_bot.py:176) - Retrieving orders for: stores=['Bakery', 'Collegetown', 'Downtown', 'Easthill', 'Syracuse', 'Triphammer'], vendors=['Sysco', 'Performance Food', 'US Foods']
2025-12-07 12:42:06,178 - INFO - backend.bots.workbot.work_bot.WorkBot - (work_bot.py:265) - Found 18 orders to process.
2025-12-07 12:42:06,233 - INFO - backend.bots.workbot.work_bot.WorkBot - (work_bot.py:278) - Context map built with 18 entries. Delegating to OrderServices.
2025-12-07 12:42:06,787 - INFO - backend.bots.workbot.work_bot.WorkBot - (work_bot.py:288) - Vendor upload file generation complete. 18 files created.
2025-12-07 13:04:30,309 - INFO - backend.bots.workbot.work_bot.WorkBot - (work_bot.py:146) - [Order Update] Initiating update protocol for Triphammer / Sysco / 20251205.
2025-12-07 13:04:30,396 - INFO - backend.bots.workbot.work_bot.WorkBot - (work_bot.py:109) - [PDF] Ingested: Order.pdf for Triphammer/Sysco
2025-12-07 13:04:30,397 - INFO - backend.bots.workbot.work_bot.WorkBot - (work_bot.py:146) - [Order Update] Initiating update protocol for Triphammer / Performance Food / 20251205.
2025-12-07 13:04:30,446 - INFO - backend.bots.workbot.work_bot.WorkBot - (work_bot.py:109) - [PDF] Ingested: Order.pdf for Triphammer/Performance Food
2025-12-07 13:04:30,447 - INFO - backend.bots.workbot.work_bot.WorkBot - (work_bot.py:146) - [Order Update] Initiating update protocol for Triphammer / Ithaca Bakery / 20251205.
2025-12-07 13:04:30,512 - INFO - backend.bots.workbot.work_bot.WorkBot - (work_bot.py:109) - [PDF] Ingested: Order.pdf for Triphammer/Ithaca Bakery
2025-12-07 13:04:30,513 - INFO - backend.bots.workbot.work_bot.WorkBot - (work_bot.py:146) - [Order Update] Initiating update protocol for Triphammer / US Foods / 20251205.
2025-12-07 13:04:30,562 - INFO - backend.bots.workbot.work_bot.WorkBot - (work_bot.py:109) - [PDF] Ingested: Order.pdf for Triphammer/US Foods
2025-12-07 13:04:30,563 - INFO - backend.bots.workbot.work_bot.WorkBot - (work_bot.py:146) - [Order Update] Initiating update protocol for Triphammer / FingerLakes Farms / 20251205.
2025-12-07 13:04:30,602 - INFO - backend.bots.workbot.work_bot.WorkBot - (work_bot.py:109) - [PDF] Ingested: Order.pdf for Triphammer/FingerLakes Farms
2025-12-07 13:04:30,603 - INFO - backend.bots.workbot.work_bot.WorkBot - (work_bot.py:146) - [Order Update] Initiating update protocol for Triphammer / UNFI / 20251205.
2025-12-07 13:04:30,648 - INFO - backend.bots.workbot.work_bot.WorkBot - (work_bot.py:109) - [PDF] Ingested: Order.pdf for Triphammer/UNFI
2025-12-07 13:04:30,648 - INFO - backend.bots.workbot.work_bot.WorkBot - (work_bot.py:146) - [Order Update] Initiating update protocol for Triphammer / Hillcrest Dairy / 20251205.
2025-12-07 13:04:30,671 - INFO - backend.bots.workbot.work_bot.WorkBot - (work_bot.py:88) - Triphammer's order for Hillcrest Dairy is already up-to-date...skipping.
2025-12-07 13:04:30,672 - INFO - backend.bots.workbot.work_bot.WorkBot - (work_bot.py:146) - [Order Update] Initiating update protocol for Triphammer / Peters Supply / 20251205.
2025-12-07 13:04:30,697 - INFO - backend.bots.workbot.work_bot.WorkBot - (work_bot.py:88) - Triphammer's order for Peters Supply is already up-to-date...skipping.
2025-12-07 13:04:30,697 - INFO - backend.bots.workbot.work_bot.WorkBot - (work_bot.py:146) - [Order Update] Initiating update protocol for Triphammer / Johnston Paper / 20251205.
2025-12-07 13:04:30,721 - INFO - backend.bots.workbot.work_bot.WorkBot - (work_bot.py:88) - Triphammer's order for Johnston Paper is already up-to-date...skipping.
2025-12-07 13:04:30,721 - INFO - backend.bots.workbot.work_bot.WorkBot - (work_bot.py:146) - [Order Update] Initiating update protocol for Triphammer / Regional Distributors, Inc. / 20251205.
2025-12-07 13:04:30,780 - INFO - backend.bots.workbot.work_bot.WorkBot - (work_bot.py:109) - [PDF] Ingested: Order.pdf for Triphammer/Regional Distributors, Inc.
2025-12-07 13:04:30,781 - INFO - backend.bots.workbot.work_bot.WorkBot - (work_bot.py:146) - [Order Update] Initiating update protocol for Triphammer / Hill & Markes / 20251205.
2025-12-07 13:04:30,805 - INFO - backend.bots.workbot.work_bot.WorkBot - (work_bot.py:88) - Triphammer's order for Hill & Markes is already up-to-date...skipping.
2025-12-07 13:04:30,805 - INFO - backend.bots.workbot.work_bot.WorkBot - (work_bot.py:146) - [Order Update] Initiating update protocol for Triphammer / Copper Horse Coffee / 20251205.
2025-12-07 13:04:30,841 - INFO - backend.bots.workbot.work_bot.WorkBot - (work_bot.py:109) - [PDF] Ingested: Order.pdf for Triphammer/Copper Horse Coffee
2025-12-07 13:04:30,842 - INFO - backend.bots.workbot.work_bot.WorkBot - (work_bot.py:146) - [Order Update] Initiating update protocol for Triphammer / Equal Exchange / 20251205.
2025-12-07 13:04:30,866 - INFO - backend.bots.workbot.work_bot.WorkBot - (work_bot.py:88) - Triphammer's order for Equal Exchange is already up-to-date...skipping.
2025-12-07 13:04:30,867 - INFO - backend.bots.workbot.work_bot.WorkBot - (work_bot.py:146) - [Order Update] Initiating update protocol for Triphammer / Coffee Depot LLC / 20251205.
2025-12-07 13:04:30,904 - INFO - backend.bots.workbot.work_bot.WorkBot - (work_bot.py:109) - [PDF] Ingested: Order.pdf for Triphammer/Coffee Depot LLC
2025-12-07 13:04:30,904 - INFO - backend.bots.workbot.work_bot.WorkBot - (work_bot.py:146) - [Order Update] Initiating update protocol for Triphammer / Coca-Cola / 20251205.
2025-12-07 13:04:30,929 - INFO - backend.bots.workbot.work_bot.WorkBot - (work_bot.py:88) - Triphammer's order for Coca-Cola is already up-to-date...skipping.
2025-12-07 13:04:30,929 - INFO - backend.bots.workbot.work_bot.WorkBot - (work_bot.py:146) - [Order Update] Initiating update protocol for Triphammer / A.L. George / 20251205.
2025-12-07 13:04:30,952 - INFO - backend.bots.workbot.work_bot.WorkBot - (work_bot.py:88) - Triphammer's order for A.L. George is already up-to-date...skipping.
2025-12-07 13:04:30,953 - INFO - backend.bots.workbot.work_bot.WorkBot - (work_bot.py:146) - [Order Update] Initiating update protocol for Triphammer / Webstaurant / 20251205.
2025-12-07 13:04:30,976 - INFO - backend.bots.workbot.work_bot.WorkBot - (work_bot.py:88) - Triphammer's order for Webstaurant is already up-to-date...skipping.
2025-12-07 13:04:30,977 - INFO - backend.bots.workbot.work_bot.WorkBot - (work_bot.py:146) - [Order Update] Initiating update protocol for Triphammer / Fingerlakes Artisen Foods / 20251207.
2025-12-07 13:04:31,022 - INFO - backend.bots.workbot.work_bot.WorkBot - (work_bot.py:109) - [PDF] Ingested: Order.pdf for Triphammer/Fingerlakes Artisen Foods
2025-12-07 13:04:31,022 - INFO - backend.bots.workbot.work_bot.WorkBot - (work_bot.py:146) - [Order Update] Initiating update protocol for Triphammer / Vegan Epicure / 20251207.
2025-12-07 13:04:31,064 - INFO - backend.bots.workbot.work_bot.WorkBot - (work_bot.py:109) - [PDF] Ingested: Order.pdf for Triphammer/Vegan Epicure
2025-12-07 13:04:31,065 - INFO - backend.bots.workbot.work_bot.WorkBot - (work_bot.py:146) - [Order Update] Initiating update protocol for Triphammer / Russo Produce / 20251207.
2025-12-07 13:04:31,107 - INFO - backend.bots.workbot.work_bot.WorkBot - (work_bot.py:109) - [PDF] Ingested: Order.pdf for Triphammer/Russo Produce
2025-12-07 13:04:31,107 - INFO - backend.bots.workbot.work_bot.WorkBot - (work_bot.py:120) - Craftable order sync completed successfully.
2025-12-07 13:05:39,570 - INFO - backend.bots.workbot.work_bot.WorkBot - (work_bot.py:261) - Generating vendor upload files for stores=['Triphammer'], vendors=['Sysco', 'US Foods', 'Performance Food'], start_date=None, end_date=None
2025-12-07 13:05:39,570 - INFO - backend.bots.workbot.work_bot.WorkBot - (work_bot.py:176) - Retrieving orders for: stores=['Triphammer'], vendors=['Sysco', 'US Foods', 'Performance Food']
2025-12-07 13:05:39,684 - INFO - backend.bots.workbot.work_bot.WorkBot - (work_bot.py:265) - Found 3 orders to process.
2025-12-07 13:05:39,692 - INFO - backend.bots.workbot.work_bot.WorkBot - (work_bot.py:278) - Context map built with 3 entries. Delegating to OrderServices.
2025-12-07 13:05:39,787 - INFO - backend.bots.workbot.work_bot.WorkBot - (work_bot.py:288) - Vendor upload file generation complete. 3 files created.
2025-12-07 13:54:18,234 - INFO - backend.bots.workbot.work_bot.WorkBot - (work_bot.py:208) - Beginning order-transfer conversion: Syracuse-Ithaca Bakery -> Bakery
2025-12-07 13:54:18,234 - INFO - backend.bots.workbot.work_bot.WorkBot - (work_bot.py:176) - Retrieving orders for: stores=['Syracuse'], vendors=['Ithaca Bakery']
2025-12-08 07:12:33,450 - INFO - backend.bots.workbot.work_bot.WorkBot - (work_bot.py:53) - Initializing WorkBot...
2025-12-08 07:12:33,451 - INFO - backend.bots.workbot.work_bot.WorkBot - (work_bot.py:66) - WorkBot initialized successfully.
2025-12-08 07:21:03,337 - INFO - backend.bots.workbot.work_bot.WorkBot - (work_bot.py:146) - [Order Update] Initiating update protocol for Bakery / DUTCH VALLEY FOOD DIST / 20251130.
2025-12-08 07:21:03,433 - INFO - backend.bots.workbot.work_bot.WorkBot - (work_bot.py:88) - Bakery's order for DUTCH VALLEY FOOD DIST is already up-to-date...skipping.
2025-12-08 07:21:03,434 - INFO - backend.bots.workbot.work_bot.WorkBot - (work_bot.py:146) - [Order Update] Initiating update protocol for Bakery / Grandma's Coffee Cake / 20251203.
2025-12-08 07:21:03,484 - INFO - backend.bots.workbot.work_bot.WorkBot - (work_bot.py:109) - [PDF] Ingested: Order.pdf for Bakery/Grandma's Coffee Cake
2025-12-08 07:21:03,484 - INFO - backend.bots.workbot.work_bot.WorkBot - (work_bot.py:146) - [Order Update] Initiating update protocol for Bakery / Coffee Depot LLC / 20251206.
2025-12-08 07:21:03,542 - INFO - backend.bots.workbot.work_bot.WorkBot - (work_bot.py:109) - [PDF] Ingested: Order.pdf for Bakery/Coffee Depot LLC
2025-12-08 07:21:03,542 - INFO - backend.bots.workbot.work_bot.WorkBot - (work_bot.py:146) - [Order Update] Initiating update protocol for Bakery / UNFI / 20251206.
2025-12-08 07:21:03,577 - INFO - backend.bots.workbot.work_bot.WorkBot - (work_bot.py:88) - Bakery's order for UNFI is already up-to-date...skipping.
2025-12-08 07:21:03,578 - INFO - backend.bots.workbot.work_bot.WorkBot - (work_bot.py:146) - [Order Update] Initiating update protocol for Bakery / Sysco / 20251206.
2025-12-08 07:21:03,606 - INFO - backend.bots.workbot.work_bot.WorkBot - (work_bot.py:88) - Bakery's order for Sysco is already up-to-date...skipping.
2025-12-08 07:21:03,606 - INFO - backend.bots.workbot.work_bot.WorkBot - (work_bot.py:146) - [Order Update] Initiating update protocol for Bakery / FingerLakes Farms / 20251206.
2025-12-08 07:21:03,652 - INFO - backend.bots.workbot.work_bot.WorkBot - (work_bot.py:109) - [PDF] Ingested: Order.pdf for Bakery/FingerLakes Farms
2025-12-08 07:21:03,653 - INFO - backend.bots.workbot.work_bot.WorkBot - (work_bot.py:146) - [Order Update] Initiating update protocol for Bakery / Performance Food / 20251206.
2025-12-08 07:21:03,678 - INFO - backend.bots.workbot.work_bot.WorkBot - (work_bot.py:88) - Bakery's order for Performance Food is already up-to-date...skipping.
2025-12-08 07:21:03,678 - INFO - backend.bots.workbot.work_bot.WorkBot - (work_bot.py:146) - [Order Update] Initiating update protocol for Bakery / Hillcrest Dairy / 20251206.
2025-12-08 07:21:03,702 - INFO - backend.bots.workbot.work_bot.WorkBot - (work_bot.py:88) - Bakery's order for Hillcrest Dairy is already up-to-date...skipping.
2025-12-08 07:21:03,703 - INFO - backend.bots.workbot.work_bot.WorkBot - (work_bot.py:146) - [Order Update] Initiating update protocol for Bakery / US Foods / 20251207.
2025-12-08 07:21:03,728 - INFO - backend.bots.workbot.work_bot.WorkBot - (work_bot.py:88) - Bakery's order for US Foods is already up-to-date...skipping.
2025-12-08 07:21:03,728 - INFO - backend.bots.workbot.work_bot.WorkBot - (work_bot.py:146) - [Order Update] Initiating update protocol for Bakery / Webstaurant / 20251207.
2025-12-08 07:21:03,752 - INFO - backend.bots.workbot.work_bot.WorkBot - (work_bot.py:88) - Bakery's order for Webstaurant is already up-to-date...skipping.
2025-12-08 07:21:03,753 - INFO - backend.bots.workbot.work_bot.WorkBot - (work_bot.py:146) - [Order Update] Initiating update protocol for Bakery / Equal Exchange / 20251207.
2025-12-08 07:21:03,777 - INFO - backend.bots.workbot.work_bot.WorkBot - (work_bot.py:88) - Bakery's order for Equal Exchange is already up-to-date...skipping.
2025-12-08 07:21:03,778 - INFO - backend.bots.workbot.work_bot.WorkBot - (work_bot.py:146) - [Order Update] Initiating update protocol for Bakery / Copper Horse Coffee / 20251207.
2025-12-08 07:21:03,824 - INFO - backend.bots.workbot.work_bot.WorkBot - (work_bot.py:109) - [PDF] Ingested: Order.pdf for Bakery/Copper Horse Coffee
2025-12-08 07:21:03,825 - INFO - backend.bots.workbot.work_bot.WorkBot - (work_bot.py:146) - [Order Update] Initiating update protocol for Bakery / Coca-Cola / 20251207.
2025-12-08 07:21:03,850 - INFO - backend.bots.workbot.work_bot.WorkBot - (work_bot.py:88) - Bakery's order for Coca-Cola is already up-to-date...skipping.
2025-12-08 07:21:03,851 - INFO - backend.bots.workbot.work_bot.WorkBot - (work_bot.py:146) - [Order Update] Initiating update protocol for Collegetown / Performance Food / 20251205.
2025-12-08 07:21:03,887 - INFO - backend.bots.workbot.work_bot.WorkBot - (work_bot.py:88) - Collegetown's order for Performance Food is already up-to-date...skipping.
2025-12-08 07:21:03,888 - INFO - backend.bots.workbot.work_bot.WorkBot - (work_bot.py:146) - [Order Update] Initiating update protocol for Collegetown / Sysco / 20251205.
2025-12-08 07:21:03,925 - INFO - backend.bots.workbot.work_bot.WorkBot - (work_bot.py:88) - Collegetown's order for Sysco is already up-to-date...skipping.
2025-12-08 07:21:03,926 - INFO - backend.bots.workbot.work_bot.WorkBot - (work_bot.py:146) - [Order Update] Initiating update protocol for Collegetown / Ithaca Bakery / 20251205.
2025-12-08 07:21:03,975 - INFO - backend.bots.workbot.work_bot.WorkBot - (work_bot.py:109) - [PDF] Ingested: Order.pdf for Collegetown/Ithaca Bakery
2025-12-08 07:21:03,976 - INFO - backend.bots.workbot.work_bot.WorkBot - (work_bot.py:146) - [Order Update] Initiating update protocol for Collegetown / US Foods / 20251205.
2025-12-08 07:21:04,012 - INFO - backend.bots.workbot.work_bot.WorkBot - (work_bot.py:88) - Collegetown's order for US Foods is already up-to-date...skipping.
2025-12-08 07:21:04,013 - INFO - backend.bots.workbot.work_bot.WorkBot - (work_bot.py:146) - [Order Update] Initiating update protocol for Collegetown / Hillcrest Dairy / 20251205.
2025-12-08 07:21:04,048 - INFO - backend.bots.workbot.work_bot.WorkBot - (work_bot.py:88) - Collegetown's order for Hillcrest Dairy is already up-to-date...skipping.
2025-12-08 07:21:04,048 - INFO - backend.bots.workbot.work_bot.WorkBot - (work_bot.py:146) - [Order Update] Initiating update protocol for Collegetown / Regional Distributors, Inc. / 20251205.
2025-12-08 07:21:04,120 - INFO - backend.bots.workbot.work_bot.WorkBot - (work_bot.py:109) - [PDF] Ingested: Order.pdf for Collegetown/Regional Distributors, Inc.
2025-12-08 07:21:04,120 - INFO - backend.bots.workbot.work_bot.WorkBot - (work_bot.py:146) - [Order Update] Initiating update protocol for Collegetown / Equal Exchange / 20251205.
2025-12-08 07:21:04,156 - INFO - backend.bots.workbot.work_bot.WorkBot - (work_bot.py:88) - Collegetown's order for Equal Exchange is already up-to-date...skipping.
2025-12-08 07:21:04,157 - INFO - backend.bots.workbot.work_bot.WorkBot - (work_bot.py:146) - [Order Update] Initiating update protocol for Collegetown / Hill & Markes / 20251205.
2025-12-08 07:21:04,192 - INFO - backend.bots.workbot.work_bot.WorkBot - (work_bot.py:88) - Collegetown's order for Hill & Markes is already up-to-date...skipping.
2025-12-08 07:21:04,192 - INFO - backend.bots.workbot.work_bot.WorkBot - (work_bot.py:146) - [Order Update] Initiating update protocol for Collegetown / Coca-Cola / 20251205.
2025-12-08 07:21:04,228 - INFO - backend.bots.workbot.work_bot.WorkBot - (work_bot.py:88) - Collegetown's order for Coca-Cola is already up-to-date...skipping.
2025-12-08 07:21:04,229 - INFO - backend.bots.workbot.work_bot.WorkBot - (work_bot.py:146) - [Order Update] Initiating update protocol for Collegetown / Peters Supply / 20251205.
2025-12-08 07:21:04,263 - INFO - backend.bots.workbot.work_bot.WorkBot - (work_bot.py:88) - Collegetown's order for Peters Supply is already up-to-date...skipping.
2025-12-08 07:21:04,264 - INFO - backend.bots.workbot.work_bot.WorkBot - (work_bot.py:146) - [Order Update] Initiating update protocol for Collegetown / Coffee Depot LLC / 20251205.
2025-12-08 07:21:04,310 - INFO - backend.bots.workbot.work_bot.WorkBot - (work_bot.py:109) - [PDF] Ingested: Order.pdf for Collegetown/Coffee Depot LLC
2025-12-08 07:21:04,311 - INFO - backend.bots.workbot.work_bot.WorkBot - (work_bot.py:146) - [Order Update] Initiating update protocol for Collegetown / FingerLakes Farms / 20251205.
2025-12-08 07:21:04,356 - INFO - backend.bots.workbot.work_bot.WorkBot - (work_bot.py:109) - [PDF] Ingested: Order.pdf for Collegetown/FingerLakes Farms
2025-12-08 07:21:04,356 - INFO - backend.bots.workbot.work_bot.WorkBot - (work_bot.py:146) - [Order Update] Initiating update protocol for Collegetown / A.L. George / 20251205.
2025-12-08 07:21:04,392 - INFO - backend.bots.workbot.work_bot.WorkBot - (work_bot.py:88) - Collegetown's order for A.L. George is already up-to-date...skipping.
2025-12-08 07:21:04,393 - INFO - backend.bots.workbot.work_bot.WorkBot - (work_bot.py:146) - [Order Update] Initiating update protocol for Collegetown / UNFI / 20251205.
2025-12-08 07:21:04,429 - INFO - backend.bots.workbot.work_bot.WorkBot - (work_bot.py:88) - Collegetown's order for UNFI is already up-to-date...skipping.
2025-12-08 07:21:04,430 - INFO - backend.bots.workbot.work_bot.WorkBot - (work_bot.py:146) - [Order Update] Initiating update protocol for Collegetown / BALKAN BEVERAGE LLC / 20251205.
2025-12-08 07:21:04,465 - INFO - backend.bots.workbot.work_bot.WorkBot - (work_bot.py:88) - Collegetown's order for BALKAN BEVERAGE LLC is already up-to-date...skipping.
2025-12-08 07:21:04,466 - INFO - backend.bots.workbot.work_bot.WorkBot - (work_bot.py:146) - [Order Update] Initiating update protocol for Downtown / Hill & Markes / 20251205.
2025-12-08 07:21:04,501 - INFO - backend.bots.workbot.work_bot.WorkBot - (work_bot.py:88) - Downtown's order for Hill & Markes is already up-to-date...skipping.
2025-12-08 07:21:04,501 - INFO - backend.bots.workbot.work_bot.WorkBot - (work_bot.py:146) - [Order Update] Initiating update protocol for Downtown / US Foods / 20251205.
2025-12-08 07:21:04,536 - INFO - backend.bots.workbot.work_bot.WorkBot - (work_bot.py:88) - Downtown's order for US Foods is already up-to-date...skipping.
2025-12-08 07:21:04,537 - INFO - backend.bots.workbot.work_bot.WorkBot - (work_bot.py:146) - [Order Update] Initiating update protocol for Downtown / Equal Exchange / 20251205.
2025-12-08 07:21:04,572 - INFO - backend.bots.workbot.work_bot.WorkBot - (work_bot.py:88) - Downtown's order for Equal Exchange is already up-to-date...skipping.
2025-12-08 07:21:04,573 - INFO - backend.bots.workbot.work_bot.WorkBot - (work_bot.py:146) - [Order Update] Initiating update protocol for Downtown / Ithaca Bakery / 20251205.
2025-12-08 07:21:04,623 - INFO - backend.bots.workbot.work_bot.WorkBot - (work_bot.py:109) - [PDF] Ingested: Order.pdf for Downtown/Ithaca Bakery
2025-12-08 07:21:04,624 - INFO - backend.bots.workbot.work_bot.WorkBot - (work_bot.py:146) - [Order Update] Initiating update protocol for Downtown / Regional Distributors, Inc. / 20251205.
2025-12-08 07:21:04,698 - INFO - backend.bots.workbot.work_bot.WorkBot - (work_bot.py:109) - [PDF] Ingested: Order.pdf for Downtown/Regional Distributors, Inc.
2025-12-08 07:21:04,698 - INFO - backend.bots.workbot.work_bot.WorkBot - (work_bot.py:146) - [Order Update] Initiating update protocol for Downtown / FingerLakes Farms / 20251205.
2025-12-08 07:21:04,745 - INFO - backend.bots.workbot.work_bot.WorkBot - (work_bot.py:109) - [PDF] Ingested: Order.pdf for Downtown/FingerLakes Farms
2025-12-08 07:21:04,746 - INFO - backend.bots.workbot.work_bot.WorkBot - (work_bot.py:146) - [Order Update] Initiating update protocol for Downtown / Performance Food / 20251205.
2025-12-08 07:21:04,781 - INFO - backend.bots.workbot.work_bot.WorkBot - (work_bot.py:88) - Downtown's order for Performance Food is already up-to-date...skipping.
2025-12-08 07:21:04,782 - INFO - backend.bots.workbot.work_bot.WorkBot - (work_bot.py:146) - [Order Update] Initiating update protocol for Downtown / Coca-Cola / 20251205.
2025-12-08 07:21:04,818 - INFO - backend.bots.workbot.work_bot.WorkBot - (work_bot.py:88) - Downtown's order for Coca-Cola is already up-to-date...skipping.
2025-12-08 07:21:04,818 - INFO - backend.bots.workbot.work_bot.WorkBot - (work_bot.py:146) - [Order Update] Initiating update protocol for Downtown / UNFI / 20251205.
2025-12-08 07:21:04,856 - INFO - backend.bots.workbot.work_bot.WorkBot - (work_bot.py:88) - Downtown's order for UNFI is already up-to-date...skipping.
2025-12-08 07:21:04,857 - INFO - backend.bots.workbot.work_bot.WorkBot - (work_bot.py:146) - [Order Update] Initiating update protocol for Downtown / Hillcrest Dairy / 20251205.
2025-12-08 07:21:04,903 - INFO - backend.bots.workbot.work_bot.WorkBot - (work_bot.py:88) - Downtown's order for Hillcrest Dairy is already up-to-date...skipping.
2025-12-08 07:21:04,904 - INFO - backend.bots.workbot.work_bot.WorkBot - (work_bot.py:146) - [Order Update] Initiating update protocol for Downtown / Sysco / 20251205.
2025-12-08 07:21:04,948 - INFO - backend.bots.workbot.work_bot.WorkBot - (work_bot.py:88) - Downtown's order for Sysco is already up-to-date...skipping.
2025-12-08 07:21:04,949 - INFO - backend.bots.workbot.work_bot.WorkBot - (work_bot.py:146) - [Order Update] Initiating update protocol for Downtown / Peters Supply / 20251205.
2025-12-08 07:21:04,990 - INFO - backend.bots.workbot.work_bot.WorkBot - (work_bot.py:88) - Downtown's order for Peters Supply is already up-to-date...skipping.
2025-12-08 07:21:04,991 - INFO - backend.bots.workbot.work_bot.WorkBot - (work_bot.py:146) - [Order Update] Initiating update protocol for Downtown / Coffee Depot LLC / 20251205.
2025-12-08 07:21:05,041 - INFO - backend.bots.workbot.work_bot.WorkBot - (work_bot.py:109) - [PDF] Ingested: Order.pdf for Downtown/Coffee Depot LLC
2025-12-08 07:21:05,041 - INFO - backend.bots.workbot.work_bot.WorkBot - (work_bot.py:146) - [Order Update] Initiating update protocol for Downtown / Johnston Paper / 20251205.
2025-12-08 07:21:05,076 - INFO - backend.bots.workbot.work_bot.WorkBot - (work_bot.py:88) - Downtown's order for Johnston Paper is already up-to-date...skipping.
2025-12-08 07:21:05,077 - INFO - backend.bots.workbot.work_bot.WorkBot - (work_bot.py:146) - [Order Update] Initiating update protocol for Downtown / Motherworks,LLC / 20251206.
2025-12-08 07:21:05,112 - INFO - backend.bots.workbot.work_bot.WorkBot - (work_bot.py:88) - Downtown's order for Motherworks,LLC is already up-to-date...skipping.
2025-12-08 07:21:05,113 - INFO - backend.bots.workbot.work_bot.WorkBot - (work_bot.py:146) - [Order Update] Initiating update protocol for Easthill / Copper Horse Coffee / 20251204.
2025-12-08 07:21:05,158 - INFO - backend.bots.workbot.work_bot.WorkBot - (work_bot.py:109) - [PDF] Ingested: Order.pdf for Easthill/Copper Horse Coffee
2025-12-08 07:21:05,158 - INFO - backend.bots.workbot.work_bot.WorkBot - (work_bot.py:146) - [Order Update] Initiating update protocol for Easthill / UNFI / 20251204.
2025-12-08 07:21:05,195 - INFO - backend.bots.workbot.work_bot.WorkBot - (work_bot.py:88) - Easthill's order for UNFI is already up-to-date...skipping.
2025-12-08 07:21:05,196 - INFO - backend.bots.workbot.work_bot.WorkBot - (work_bot.py:146) - [Order Update] Initiating update protocol for Easthill / DUTCH VALLEY FOOD DIST / 20251204.
2025-12-08 07:21:05,234 - INFO - backend.bots.workbot.work_bot.WorkBot - (work_bot.py:88) - Easthill's order for DUTCH VALLEY FOOD DIST is already up-to-date...skipping.
2025-12-08 07:21:05,235 - INFO - backend.bots.workbot.work_bot.WorkBot - (work_bot.py:146) - [Order Update] Initiating update protocol for Easthill / Ithaca Bakery / 20251204.
2025-12-08 07:21:05,282 - INFO - backend.bots.workbot.work_bot.WorkBot - (work_bot.py:109) - [PDF] Ingested: Order.pdf for Easthill/Ithaca Bakery
2025-12-08 07:21:05,283 - INFO - backend.bots.workbot.work_bot.WorkBot - (work_bot.py:146) - [Order Update] Initiating update protocol for Easthill / Creative Converting / 20251204.
2025-12-08 07:21:05,318 - INFO - backend.bots.workbot.work_bot.WorkBot - (work_bot.py:88) - Easthill's order for Creative Converting is already up-to-date...skipping.
2025-12-08 07:21:05,318 - INFO - backend.bots.workbot.work_bot.WorkBot - (work_bot.py:146) - [Order Update] Initiating update protocol for Easthill / Hillcrest Dairy / 20251204.
2025-12-08 07:21:05,353 - INFO - backend.bots.workbot.work_bot.WorkBot - (work_bot.py:88) - Easthill's order for Hillcrest Dairy is already up-to-date...skipping.
2025-12-08 07:21:05,354 - INFO - backend.bots.workbot.work_bot.WorkBot - (work_bot.py:146) - [Order Update] Initiating update protocol for Easthill / Performance Food / 20251204.
2025-12-08 07:21:05,378 - INFO - backend.bots.workbot.work_bot.WorkBot - (work_bot.py:88) - Easthill's order for Performance Food is already up-to-date...skipping.
2025-12-08 07:21:05,379 - INFO - backend.bots.workbot.work_bot.WorkBot - (work_bot.py:146) - [Order Update] Initiating update protocol for Easthill / Equal Exchange / 20251204.
2025-12-08 07:21:05,414 - INFO - backend.bots.workbot.work_bot.WorkBot - (work_bot.py:88) - Easthill's order for Equal Exchange is already up-to-date...skipping.
2025-12-08 07:21:05,415 - INFO - backend.bots.workbot.work_bot.WorkBot - (work_bot.py:146) - [Order Update] Initiating update protocol for Easthill / US Foods / 20251204.
2025-12-08 07:21:05,451 - INFO - backend.bots.workbot.work_bot.WorkBot - (work_bot.py:88) - Easthill's order for US Foods is already up-to-date...skipping.
2025-12-08 07:21:05,452 - INFO - backend.bots.workbot.work_bot.WorkBot - (work_bot.py:146) - [Order Update] Initiating update protocol for Easthill / Sysco / 20251204.
2025-12-08 07:21:05,487 - INFO - backend.bots.workbot.work_bot.WorkBot - (work_bot.py:88) - Easthill's order for Sysco is already up-to-date...skipping.
2025-12-08 07:21:05,488 - INFO - backend.bots.workbot.work_bot.WorkBot - (work_bot.py:146) - [Order Update] Initiating update protocol for Easthill / Regional Distributors, Inc. / 20251204.
2025-12-08 07:21:05,549 - INFO - backend.bots.workbot.work_bot.WorkBot - (work_bot.py:109) - [PDF] Ingested: Order.pdf for Easthill/Regional Distributors, Inc.
2025-12-08 07:21:05,549 - INFO - backend.bots.workbot.work_bot.WorkBot - (work_bot.py:146) - [Order Update] Initiating update protocol for Easthill / FingerLakes Farms / 20251204.
2025-12-08 07:21:05,574 - INFO - backend.bots.workbot.work_bot.WorkBot - (work_bot.py:88) - Easthill's order for FingerLakes Farms is already up-to-date...skipping.
2025-12-08 07:21:05,574 - INFO - backend.bots.workbot.work_bot.WorkBot - (work_bot.py:146) - [Order Update] Initiating update protocol for Easthill / Coffee Depot LLC / 20251204.
2025-12-08 07:21:05,619 - INFO - backend.bots.workbot.work_bot.WorkBot - (work_bot.py:109) - [PDF] Ingested: Order.pdf for Easthill/Coffee Depot LLC
2025-12-08 07:21:05,619 - INFO - backend.bots.workbot.work_bot.WorkBot - (work_bot.py:146) - [Order Update] Initiating update protocol for Easthill / Coca-Cola / 20251204.
2025-12-08 07:21:05,654 - INFO - backend.bots.workbot.work_bot.WorkBot - (work_bot.py:88) - Easthill's order for Coca-Cola is already up-to-date...skipping.
2025-12-08 07:21:05,655 - INFO - backend.bots.workbot.work_bot.WorkBot - (work_bot.py:146) - [Order Update] Initiating update protocol for Easthill / Peters Supply / 20251204.
2025-12-08 07:21:05,690 - INFO - backend.bots.workbot.work_bot.WorkBot - (work_bot.py:88) - Easthill's order for Peters Supply is already up-to-date...skipping.
2025-12-08 07:21:05,691 - INFO - backend.bots.workbot.work_bot.WorkBot - (work_bot.py:146) - [Order Update] Initiating update protocol for Easthill / Johnston Paper / 20251204.
2025-12-08 07:21:05,725 - INFO - backend.bots.workbot.work_bot.WorkBot - (work_bot.py:88) - Easthill's order for Johnston Paper is already up-to-date...skipping.
2025-12-08 07:21:05,726 - INFO - backend.bots.workbot.work_bot.WorkBot - (work_bot.py:146) - [Order Update] Initiating update protocol for Easthill / Hill & Markes / 20251204.
2025-12-08 07:21:05,761 - INFO - backend.bots.workbot.work_bot.WorkBot - (work_bot.py:88) - Easthill's order for Hill & Markes is already up-to-date...skipping.
2025-12-08 07:21:05,761 - INFO - backend.bots.workbot.work_bot.WorkBot - (work_bot.py:146) - [Order Update] Initiating update protocol for Syracuse / Regional Distributors, Inc. / 20251205.
2025-12-08 07:21:05,822 - INFO - backend.bots.workbot.work_bot.WorkBot - (work_bot.py:109) - [PDF] Ingested: Order.pdf for Syracuse/Regional Distributors, Inc.
2025-12-08 07:21:05,822 - INFO - backend.bots.workbot.work_bot.WorkBot - (work_bot.py:146) - [Order Update] Initiating update protocol for Syracuse / US Foods / 20251205.
2025-12-08 07:21:05,857 - INFO - backend.bots.workbot.work_bot.WorkBot - (work_bot.py:88) - Syracuse's order for US Foods is already up-to-date...skipping.
2025-12-08 07:21:05,858 - INFO - backend.bots.workbot.work_bot.WorkBot - (work_bot.py:146) - [Order Update] Initiating update protocol for Syracuse / Ithaca Bakery / 20251205.
2025-12-08 07:21:05,903 - INFO - backend.bots.workbot.work_bot.WorkBot - (work_bot.py:109) - [PDF] Ingested: Order.pdf for Syracuse/Ithaca Bakery
2025-12-08 07:21:05,904 - INFO - backend.bots.workbot.work_bot.WorkBot - (work_bot.py:146) - [Order Update] Initiating update protocol for Syracuse / Performance Food / 20251205.
2025-12-08 07:21:05,939 - INFO - backend.bots.workbot.work_bot.WorkBot - (work_bot.py:88) - Syracuse's order for Performance Food is already up-to-date...skipping.
2025-12-08 07:21:05,940 - INFO - backend.bots.workbot.work_bot.WorkBot - (work_bot.py:146) - [Order Update] Initiating update protocol for Syracuse / UNFI / 20251205.
2025-12-08 07:21:05,975 - INFO - backend.bots.workbot.work_bot.WorkBot - (work_bot.py:88) - Syracuse's order for UNFI is already up-to-date...skipping.
2025-12-08 07:21:05,976 - INFO - backend.bots.workbot.work_bot.WorkBot - (work_bot.py:146) - [Order Update] Initiating update protocol for Syracuse / Sysco / 20251205.
2025-12-08 07:21:06,011 - INFO - backend.bots.workbot.work_bot.WorkBot - (work_bot.py:88) - Syracuse's order for Sysco is already up-to-date...skipping.
2025-12-08 07:21:06,012 - INFO - backend.bots.workbot.work_bot.WorkBot - (work_bot.py:146) - [Order Update] Initiating update protocol for Syracuse / FingerLakes Farms / 20251205.
2025-12-08 07:21:06,050 - INFO - backend.bots.workbot.work_bot.WorkBot - (work_bot.py:88) - Syracuse's order for FingerLakes Farms is already up-to-date...skipping.
2025-12-08 07:21:06,050 - INFO - backend.bots.workbot.work_bot.WorkBot - (work_bot.py:146) - [Order Update] Initiating update protocol for Syracuse / Hillcrest Dairy / 20251205.
2025-12-08 07:21:06,085 - INFO - backend.bots.workbot.work_bot.WorkBot - (work_bot.py:88) - Syracuse's order for Hillcrest Dairy is already up-to-date...skipping.
2025-12-08 07:21:06,086 - INFO - backend.bots.workbot.work_bot.WorkBot - (work_bot.py:146) - [Order Update] Initiating update protocol for Syracuse / Hill & Markes / 20251205.
2025-12-08 07:21:06,121 - INFO - backend.bots.workbot.work_bot.WorkBot - (work_bot.py:88) - Syracuse's order for Hill & Markes is already up-to-date...skipping.
2025-12-08 07:21:06,122 - INFO - backend.bots.workbot.work_bot.WorkBot - (work_bot.py:146) - [Order Update] Initiating update protocol for Syracuse / Coffee Depot LLC / 20251205.
2025-12-08 07:21:06,168 - INFO - backend.bots.workbot.work_bot.WorkBot - (work_bot.py:109) - [PDF] Ingested: Order.pdf for Syracuse/Coffee Depot LLC
2025-12-08 07:21:06,169 - INFO - backend.bots.workbot.work_bot.WorkBot - (work_bot.py:146) - [Order Update] Initiating update protocol for Syracuse / Equal Exchange / 20251205.
2025-12-08 07:21:06,203 - INFO - backend.bots.workbot.work_bot.WorkBot - (work_bot.py:88) - Syracuse's order for Equal Exchange is already up-to-date...skipping.
2025-12-08 07:21:06,204 - INFO - backend.bots.workbot.work_bot.WorkBot - (work_bot.py:146) - [Order Update] Initiating update protocol for Syracuse / Peters Supply / 20251205.
2025-12-08 07:21:06,239 - INFO - backend.bots.workbot.work_bot.WorkBot - (work_bot.py:88) - Syracuse's order for Peters Supply is already up-to-date...skipping.
2025-12-08 07:21:06,239 - INFO - backend.bots.workbot.work_bot.WorkBot - (work_bot.py:146) - [Order Update] Initiating update protocol for Syracuse / DUTCH VALLEY FOOD DIST / 20251205.
2025-12-08 07:21:06,274 - INFO - backend.bots.workbot.work_bot.WorkBot - (work_bot.py:88) - Syracuse's order for DUTCH VALLEY FOOD DIST is already up-to-date...skipping.
2025-12-08 07:21:06,275 - INFO - backend.bots.workbot.work_bot.WorkBot - (work_bot.py:146) - [Order Update] Initiating update protocol for Triphammer / Sysco / 20251205.
2025-12-08 07:21:06,302 - INFO - backend.bots.workbot.work_bot.WorkBot - (work_bot.py:88) - Triphammer's order for Sysco is already up-to-date...skipping.
2025-12-08 07:21:06,303 - INFO - backend.bots.workbot.work_bot.WorkBot - (work_bot.py:146) - [Order Update] Initiating update protocol for Triphammer / Performance Food / 20251205.
2025-12-08 07:21:06,330 - INFO - backend.bots.workbot.work_bot.WorkBot - (work_bot.py:88) - Triphammer's order for Performance Food is already up-to-date...skipping.
2025-12-08 07:21:06,331 - INFO - backend.bots.workbot.work_bot.WorkBot - (work_bot.py:146) - [Order Update] Initiating update protocol for Triphammer / Ithaca Bakery / 20251205.
2025-12-08 07:21:06,380 - INFO - backend.bots.workbot.work_bot.WorkBot - (work_bot.py:109) - [PDF] Ingested: Order.pdf for Triphammer/Ithaca Bakery
2025-12-08 07:21:06,380 - INFO - backend.bots.workbot.work_bot.WorkBot - (work_bot.py:146) - [Order Update] Initiating update protocol for Triphammer / US Foods / 20251205.
2025-12-08 07:21:06,408 - INFO - backend.bots.workbot.work_bot.WorkBot - (work_bot.py:88) - Triphammer's order for US Foods is already up-to-date...skipping.
2025-12-08 07:21:06,409 - INFO - backend.bots.workbot.work_bot.WorkBot - (work_bot.py:146) - [Order Update] Initiating update protocol for Triphammer / FingerLakes Farms / 20251205.
2025-12-08 07:21:06,455 - INFO - backend.bots.workbot.work_bot.WorkBot - (work_bot.py:109) - [PDF] Ingested: Order.pdf for Triphammer/FingerLakes Farms
2025-12-08 07:21:06,455 - INFO - backend.bots.workbot.work_bot.WorkBot - (work_bot.py:146) - [Order Update] Initiating update protocol for Triphammer / UNFI / 20251205.
2025-12-08 07:21:06,480 - INFO - backend.bots.workbot.work_bot.WorkBot - (work_bot.py:88) - Triphammer's order for UNFI is already up-to-date...skipping.
2025-12-08 07:21:06,481 - INFO - backend.bots.workbot.work_bot.WorkBot - (work_bot.py:146) - [Order Update] Initiating update protocol for Triphammer / Hillcrest Dairy / 20251205.
2025-12-08 07:21:06,515 - INFO - backend.bots.workbot.work_bot.WorkBot - (work_bot.py:88) - Triphammer's order for Hillcrest Dairy is already up-to-date...skipping.
2025-12-08 07:21:06,516 - INFO - backend.bots.workbot.work_bot.WorkBot - (work_bot.py:146) - [Order Update] Initiating update protocol for Triphammer / Peters Supply / 20251205.
2025-12-08 07:21:06,552 - INFO - backend.bots.workbot.work_bot.WorkBot - (work_bot.py:88) - Triphammer's order for Peters Supply is already up-to-date...skipping.
2025-12-08 07:21:06,553 - INFO - backend.bots.workbot.work_bot.WorkBot - (work_bot.py:146) - [Order Update] Initiating update protocol for Triphammer / Johnston Paper / 20251205.
2025-12-08 07:21:06,589 - INFO - backend.bots.workbot.work_bot.WorkBot - (work_bot.py:88) - Triphammer's order for Johnston Paper is already up-to-date...skipping.
2025-12-08 07:21:06,590 - INFO - backend.bots.workbot.work_bot.WorkBot - (work_bot.py:146) - [Order Update] Initiating update protocol for Triphammer / Regional Distributors, Inc. / 20251205.
2025-12-08 07:21:06,668 - INFO - backend.bots.workbot.work_bot.WorkBot - (work_bot.py:109) - [PDF] Ingested: Order.pdf for Triphammer/Regional Distributors, Inc.
2025-12-08 07:21:06,668 - INFO - backend.bots.workbot.work_bot.WorkBot - (work_bot.py:146) - [Order Update] Initiating update protocol for Triphammer / Hill & Markes / 20251205.
2025-12-08 07:21:06,703 - INFO - backend.bots.workbot.work_bot.WorkBot - (work_bot.py:88) - Triphammer's order for Hill & Markes is already up-to-date...skipping.
2025-12-08 07:21:06,704 - INFO - backend.bots.workbot.work_bot.WorkBot - (work_bot.py:146) - [Order Update] Initiating update protocol for Triphammer / Copper Horse Coffee / 20251205.
2025-12-08 07:21:06,748 - INFO - backend.bots.workbot.work_bot.WorkBot - (work_bot.py:109) - [PDF] Ingested: Order.pdf for Triphammer/Copper Horse Coffee
2025-12-08 07:21:06,749 - INFO - backend.bots.workbot.work_bot.WorkBot - (work_bot.py:146) - [Order Update] Initiating update protocol for Triphammer / Equal Exchange / 20251205.
2025-12-08 07:21:06,784 - INFO - backend.bots.workbot.work_bot.WorkBot - (work_bot.py:88) - Triphammer's order for Equal Exchange is already up-to-date...skipping.
2025-12-08 07:21:06,785 - INFO - backend.bots.workbot.work_bot.WorkBot - (work_bot.py:146) - [Order Update] Initiating update protocol for Triphammer / Coffee Depot LLC / 20251205.
2025-12-08 07:21:06,842 - INFO - backend.bots.workbot.work_bot.WorkBot - (work_bot.py:109) - [PDF] Ingested: Order.pdf for Triphammer/Coffee Depot LLC
2025-12-08 07:21:06,843 - INFO - backend.bots.workbot.work_bot.WorkBot - (work_bot.py:146) - [Order Update] Initiating update protocol for Triphammer / Coca-Cola / 20251205.
2025-12-08 07:21:06,878 - INFO - backend.bots.workbot.work_bot.WorkBot - (work_bot.py:88) - Triphammer's order for Coca-Cola is already up-to-date...skipping.
2025-12-08 07:21:06,879 - INFO - backend.bots.workbot.work_bot.WorkBot - (work_bot.py:146) - [Order Update] Initiating update protocol for Triphammer / A.L. George / 20251205.
2025-12-08 07:21:06,914 - INFO - backend.bots.workbot.work_bot.WorkBot - (work_bot.py:88) - Triphammer's order for A.L. George is already up-to-date...skipping.
2025-12-08 07:21:06,914 - INFO - backend.bots.workbot.work_bot.WorkBot - (work_bot.py:146) - [Order Update] Initiating update protocol for Triphammer / Webstaurant / 20251205.
2025-12-08 07:21:06,949 - INFO - backend.bots.workbot.work_bot.WorkBot - (work_bot.py:88) - Triphammer's order for Webstaurant is already up-to-date...skipping.
2025-12-08 07:21:06,950 - INFO - backend.bots.workbot.work_bot.WorkBot - (work_bot.py:146) - [Order Update] Initiating update protocol for Triphammer / Fingerlakes Artisen Foods / 20251207.
2025-12-08 07:21:06,993 - INFO - backend.bots.workbot.work_bot.WorkBot - (work_bot.py:109) - [PDF] Ingested: Order.pdf for Triphammer/Fingerlakes Artisen Foods
2025-12-08 07:21:06,994 - INFO - backend.bots.workbot.work_bot.WorkBot - (work_bot.py:146) - [Order Update] Initiating update protocol for Triphammer / Vegan Epicure / 20251207.
2025-12-08 07:21:07,018 - INFO - backend.bots.workbot.work_bot.WorkBot - (work_bot.py:88) - Triphammer's order for Vegan Epicure is already up-to-date...skipping.
2025-12-08 07:21:07,018 - INFO - backend.bots.workbot.work_bot.WorkBot - (work_bot.py:146) - [Order Update] Initiating update protocol for Triphammer / Russo Produce / 20251207.
2025-12-08 07:21:07,066 - INFO - backend.bots.workbot.work_bot.WorkBot - (work_bot.py:109) - [PDF] Ingested: Order.pdf for Triphammer/Russo Produce
2025-12-08 07:21:07,068 - INFO - backend.bots.workbot.work_bot.WorkBot - (work_bot.py:120) - Craftable order sync completed successfully.
2025-12-08 08:05:50,669 - INFO - backend.bots.workbot.work_bot.WorkBot - (work_bot.py:146) - [Order Update] Initiating update protocol for Bakery / DUTCH VALLEY FOOD DIST / 20251130.
2025-12-08 08:05:50,721 - INFO - backend.bots.workbot.work_bot.WorkBot - (work_bot.py:109) - [PDF] Ingested: Order.pdf for Bakery/DUTCH VALLEY FOOD DIST
2025-12-08 08:05:50,722 - INFO - backend.bots.workbot.work_bot.WorkBot - (work_bot.py:146) - [Order Update] Initiating update protocol for Bakery / Grandma's Coffee Cake / 20251203.
2025-12-08 08:05:50,779 - INFO - backend.bots.workbot.work_bot.WorkBot - (work_bot.py:109) - [PDF] Ingested: Order.pdf for Bakery/Grandma's Coffee Cake
2025-12-08 08:05:50,780 - INFO - backend.bots.workbot.work_bot.WorkBot - (work_bot.py:146) - [Order Update] Initiating update protocol for Bakery / Coffee Depot LLC / 20251206.
2025-12-08 08:05:50,829 - INFO - backend.bots.workbot.work_bot.WorkBot - (work_bot.py:109) - [PDF] Ingested: Order.pdf for Bakery/Coffee Depot LLC
2025-12-08 08:05:50,829 - INFO - backend.bots.workbot.work_bot.WorkBot - (work_bot.py:146) - [Order Update] Initiating update protocol for Bakery / UNFI / 20251206.
2025-12-08 08:05:50,853 - INFO - backend.bots.workbot.work_bot.WorkBot - (work_bot.py:88) - Bakery's order for UNFI is already up-to-date...skipping.
2025-12-08 08:05:50,854 - INFO - backend.bots.workbot.work_bot.WorkBot - (work_bot.py:146) - [Order Update] Initiating update protocol for Bakery / Sysco / 20251206.
2025-12-08 08:05:50,878 - INFO - backend.bots.workbot.work_bot.WorkBot - (work_bot.py:88) - Bakery's order for Sysco is already up-to-date...skipping.
2025-12-08 08:05:50,879 - INFO - backend.bots.workbot.work_bot.WorkBot - (work_bot.py:146) - [Order Update] Initiating update protocol for Bakery / FingerLakes Farms / 20251206.
2025-12-08 08:05:50,927 - INFO - backend.bots.workbot.work_bot.WorkBot - (work_bot.py:109) - [PDF] Ingested: Order.pdf for Bakery/FingerLakes Farms
2025-12-08 08:05:50,928 - INFO - backend.bots.workbot.work_bot.WorkBot - (work_bot.py:146) - [Order Update] Initiating update protocol for Bakery / Performance Food / 20251206.
2025-12-08 08:05:50,952 - INFO - backend.bots.workbot.work_bot.WorkBot - (work_bot.py:88) - Bakery's order for Performance Food is already up-to-date...skipping.
2025-12-08 08:05:50,953 - INFO - backend.bots.workbot.work_bot.WorkBot - (work_bot.py:146) - [Order Update] Initiating update protocol for Bakery / Hillcrest Dairy / 20251206.
2025-12-08 08:05:50,998 - INFO - backend.bots.workbot.work_bot.WorkBot - (work_bot.py:109) - [PDF] Ingested: Order.pdf for Bakery/Hillcrest Dairy
2025-12-08 08:05:50,999 - INFO - backend.bots.workbot.work_bot.WorkBot - (work_bot.py:146) - [Order Update] Initiating update protocol for Bakery / US Foods / 20251207.
2025-12-08 08:05:51,023 - INFO - backend.bots.workbot.work_bot.WorkBot - (work_bot.py:88) - Bakery's order for US Foods is already up-to-date...skipping.
2025-12-08 08:05:51,024 - INFO - backend.bots.workbot.work_bot.WorkBot - (work_bot.py:146) - [Order Update] Initiating update protocol for Bakery / Webstaurant / 20251207.
2025-12-08 08:05:51,072 - INFO - backend.bots.workbot.work_bot.WorkBot - (work_bot.py:109) - [PDF] Ingested: Order.pdf for Bakery/Webstaurant
2025-12-08 08:05:51,072 - INFO - backend.bots.workbot.work_bot.WorkBot - (work_bot.py:146) - [Order Update] Initiating update protocol for Bakery / Equal Exchange / 20251207.
2025-12-08 08:05:51,096 - INFO - backend.bots.workbot.work_bot.WorkBot - (work_bot.py:88) - Bakery's order for Equal Exchange is already up-to-date...skipping.
2025-12-08 08:05:51,097 - INFO - backend.bots.workbot.work_bot.WorkBot - (work_bot.py:146) - [Order Update] Initiating update protocol for Bakery / Copper Horse Coffee / 20251207.
2025-12-08 08:05:51,148 - INFO - backend.bots.workbot.work_bot.WorkBot - (work_bot.py:109) - [PDF] Ingested: Order.pdf for Bakery/Copper Horse Coffee
2025-12-08 08:05:51,148 - INFO - backend.bots.workbot.work_bot.WorkBot - (work_bot.py:146) - [Order Update] Initiating update protocol for Bakery / Coca-Cola / 20251207.
2025-12-08 08:05:51,172 - INFO - backend.bots.workbot.work_bot.WorkBot - (work_bot.py:88) - Bakery's order for Coca-Cola is already up-to-date...skipping.
2025-12-08 08:05:51,173 - INFO - backend.bots.workbot.work_bot.WorkBot - (work_bot.py:146) - [Order Update] Initiating update protocol for Bakery / Hillcrest Foods / 20251208.
2025-12-08 08:05:51,215 - INFO - backend.bots.workbot.work_bot.WorkBot - (work_bot.py:109) - [PDF] Ingested: Order.pdf for Bakery/Hillcrest Foods
2025-12-08 08:05:51,216 - INFO - backend.bots.workbot.work_bot.WorkBot - (work_bot.py:146) - [Order Update] Initiating update protocol for Bakery / Lentz / 20251208.
2025-12-08 08:05:51,257 - INFO - backend.bots.workbot.work_bot.WorkBot - (work_bot.py:109) - [PDF] Ingested: Order.pdf for Bakery/Lentz
2025-12-08 08:05:51,257 - INFO - backend.bots.workbot.work_bot.WorkBot - (work_bot.py:146) - [Order Update] Initiating update protocol for Bakery / Regional Distributors, Inc. / 20251208.
2025-12-08 08:05:51,316 - INFO - backend.bots.workbot.work_bot.WorkBot - (work_bot.py:109) - [PDF] Ingested: Order.pdf for Bakery/Regional Distributors, Inc.
2025-12-08 08:05:51,317 - INFO - backend.bots.workbot.work_bot.WorkBot - (work_bot.py:146) - [Order Update] Initiating update protocol for Bakery / BALKAN BEVERAGE LLC / 20251208.
2025-12-08 08:05:51,358 - INFO - backend.bots.workbot.work_bot.WorkBot - (work_bot.py:109) - [PDF] Ingested: Order.pdf for Bakery/BALKAN BEVERAGE LLC
2025-12-08 08:05:51,359 - INFO - backend.bots.workbot.work_bot.WorkBot - (work_bot.py:146) - [Order Update] Initiating update protocol for Bakery / BJ's / 20251208.
2025-12-08 08:05:51,400 - INFO - backend.bots.workbot.work_bot.WorkBot - (work_bot.py:109) - [PDF] Ingested: Order.pdf for Bakery/BJ's
2025-12-08 08:05:51,401 - INFO - backend.bots.workbot.work_bot.WorkBot - (work_bot.py:146) - [Order Update] Initiating update protocol for Bakery / A.L. George / 20251208.
2025-12-08 08:05:51,443 - INFO - backend.bots.workbot.work_bot.WorkBot - (work_bot.py:109) - [PDF] Ingested: Order.pdf for Bakery/A.L. George
2025-12-08 08:05:51,443 - INFO - backend.bots.workbot.work_bot.WorkBot - (work_bot.py:146) - [Order Update] Initiating update protocol for Bakery / Keck's Food Service / 20251208.
2025-12-08 08:05:51,485 - INFO - backend.bots.workbot.work_bot.WorkBot - (work_bot.py:109) - [PDF] Ingested: Order.pdf for Bakery/Keck's Food Service
2025-12-08 08:05:51,486 - INFO - backend.bots.workbot.work_bot.WorkBot - (work_bot.py:146) - [Order Update] Initiating update protocol for Bakery / Dawn / 20251208.
2025-12-08 08:05:51,528 - INFO - backend.bots.workbot.work_bot.WorkBot - (work_bot.py:109) - [PDF] Ingested: Order.pdf for Bakery/Dawn
2025-12-08 08:05:51,529 - INFO - backend.bots.workbot.work_bot.WorkBot - (work_bot.py:120) - Craftable order sync completed successfully.
2025-12-08 08:12:05,533 - INFO - backend.bots.workbot.work_bot.WorkBot - (work_bot.py:146) - [Order Update] Initiating update protocol for Bakery / A.L. George / 20251208.
2025-12-08 08:12:05,584 - INFO - backend.bots.workbot.work_bot.WorkBot - (work_bot.py:109) - [PDF] Ingested: Order.pdf for Bakery/A.L. George
2025-12-08 08:12:05,584 - INFO - backend.bots.workbot.work_bot.WorkBot - (work_bot.py:120) - Craftable order sync completed successfully.
2025-12-08 08:54:25,905 - INFO - backend.bots.workbot.work_bot.WorkBot - (work_bot.py:261) - Generating vendor upload files for stores=['Syracuse'], vendors=['Hill & Markes'], start_date=None, end_date=None
2025-12-08 08:54:25,906 - INFO - backend.bots.workbot.work_bot.WorkBot - (work_bot.py:176) - Retrieving orders for: stores=['Syracuse'], vendors=['Hill & Markes']
2025-12-08 08:54:25,949 - INFO - backend.bots.workbot.work_bot.WorkBot - (work_bot.py:265) - Found 1 orders to process.
2025-12-08 08:54:25,964 - INFO - backend.bots.workbot.work_bot.WorkBot - (work_bot.py:278) - Context map built with 1 entries. Delegating to OrderServices.
2025-12-08 08:54:26,020 - INFO - backend.bots.workbot.work_bot.WorkBot - (work_bot.py:288) - Vendor upload file generation complete. 1 files created.
2025-12-08 14:01:52,827 - INFO - backend.bots.workbot.work_bot.WorkBot - (work_bot.py:146) - [Order Update] Initiating update protocol for Triphammer / Sysco / 20251205.
2025-12-08 14:01:52,923 - INFO - backend.bots.workbot.work_bot.WorkBot - (work_bot.py:88) - Triphammer's order for Sysco is already up-to-date...skipping.
2025-12-08 14:01:52,924 - INFO - backend.bots.workbot.work_bot.WorkBot - (work_bot.py:146) - [Order Update] Initiating update protocol for Triphammer / Performance Food / 20251205.
2025-12-08 14:01:52,966 - INFO - backend.bots.workbot.work_bot.WorkBot - (work_bot.py:88) - Triphammer's order for Performance Food is already up-to-date...skipping.
2025-12-08 14:01:52,967 - INFO - backend.bots.workbot.work_bot.WorkBot - (work_bot.py:146) - [Order Update] Initiating update protocol for Triphammer / Ithaca Bakery / 20251205.
2025-12-08 14:01:53,039 - INFO - backend.bots.workbot.work_bot.WorkBot - (work_bot.py:109) - [PDF] Ingested: Order.pdf for Triphammer/Ithaca Bakery
2025-12-08 14:01:53,040 - INFO - backend.bots.workbot.work_bot.WorkBot - (work_bot.py:146) - [Order Update] Initiating update protocol for Triphammer / US Foods / 20251205.
2025-12-08 14:01:53,103 - INFO - backend.bots.workbot.work_bot.WorkBot - (work_bot.py:109) - [PDF] Ingested: Order.pdf for Triphammer/US Foods
2025-12-08 14:01:53,104 - INFO - backend.bots.workbot.work_bot.WorkBot - (work_bot.py:146) - [Order Update] Initiating update protocol for Triphammer / FingerLakes Farms / 20251205.
2025-12-08 14:01:53,160 - INFO - backend.bots.workbot.work_bot.WorkBot - (work_bot.py:109) - [PDF] Ingested: Order.pdf for Triphammer/FingerLakes Farms
2025-12-08 14:01:53,161 - INFO - backend.bots.workbot.work_bot.WorkBot - (work_bot.py:146) - [Order Update] Initiating update protocol for Triphammer / UNFI / 20251205.
2025-12-08 14:01:53,199 - INFO - backend.bots.workbot.work_bot.WorkBot - (work_bot.py:88) - Triphammer's order for UNFI is already up-to-date...skipping.
2025-12-08 14:01:53,200 - INFO - backend.bots.workbot.work_bot.WorkBot - (work_bot.py:146) - [Order Update] Initiating update protocol for Triphammer / Hillcrest Dairy / 20251205.
2025-12-08 14:01:53,237 - INFO - backend.bots.workbot.work_bot.WorkBot - (work_bot.py:88) - Triphammer's order for Hillcrest Dairy is already up-to-date...skipping.
2025-12-08 14:01:53,238 - INFO - backend.bots.workbot.work_bot.WorkBot - (work_bot.py:146) - [Order Update] Initiating update protocol for Triphammer / Peters Supply / 20251205.
2025-12-08 14:01:53,275 - INFO - backend.bots.workbot.work_bot.WorkBot - (work_bot.py:88) - Triphammer's order for Peters Supply is already up-to-date...skipping.
2025-12-08 14:01:53,276 - INFO - backend.bots.workbot.work_bot.WorkBot - (work_bot.py:146) - [Order Update] Initiating update protocol for Triphammer / Johnston Paper / 20251205.
2025-12-08 14:01:53,336 - INFO - backend.bots.workbot.work_bot.WorkBot - (work_bot.py:109) - [PDF] Ingested: Order.pdf for Triphammer/Johnston Paper
2025-12-08 14:01:53,336 - INFO - backend.bots.workbot.work_bot.WorkBot - (work_bot.py:146) - [Order Update] Initiating update protocol for Triphammer / Regional Distributors, Inc. / 20251205.
2025-12-08 14:01:53,400 - ERROR - backend.bots.workbot.work_bot.WorkBot - (work_bot.py:115) - Error processing Craftable order (Triphammer/Regional Distributors, Inc.): [WinError 32] The process cannot access the file because it is being used by another process: 'C:\\Users\\andrew\\Desktop\\Andrew\\Projects\\IthacaBakery\\RandomStuff\\WorkBot\\refactor-experimental\\data\\orders\\Regional Distributors, Inc\\Regional Distributors, Inc._Triphammer_20251205.pdf'
Traceback (most recent call last):
  File "C:\Users\andrew\Desktop\Andrew\Projects\IthacaBakery\RandomStuff\WorkBot\refactor-experimental\backend\infra\filesystem\local_blob_store.py", line 69, in move
    os.replace(src, dest)
    ~~~~~~~~~~^^^^^^^^^^^
PermissionError: [WinError 5] Access is denied: 'C:\\Users\\andrew\\Desktop\\Andrew\\Projects\\IthacaBakery\\RandomStuff\\WorkBot\\refactor-experimental\\data\\downloads\\sessions\\a4d114c7-f81e-45e6-ba55-63cba3166479\\Order.pdf' -> 'C:\\Users\\andrew\\Desktop\\Andrew\\Projects\\IthacaBakery\\RandomStuff\\WorkBot\\refactor-experimental\\data\\orders\\Regional Distributors, Inc\\Regional Distributors, Inc._Triphammer_20251205.pdf'

During handling of the above exception, another exception occurred:

Traceback (most recent call last):
  File "C:\Users\andrew\Desktop\Andrew\Projects\IthacaBakery\RandomStuff\WorkBot\refactor-experimental\backend\bots\workbot\work_bot.py", line 108, in download_craftable_orders
    self.orders.ingest_downloaded_file(order, fp, 'pdf')
    ~~~~~~~~~~~~~~~~~~~~~~~~~~~~~~~~~~^^^^^^^^^^^^^^^^^^
  File "C:\Users\andrew\Desktop\Andrew\Projects\IthacaBakery\RandomStuff\WorkBot\refactor-experimental\backend\app\services\order_service.py", line 195, in __call__
    self.repo.ingest_downloaded_attachment(
    ~~~~~~~~~~~~~~~~~~~~~~~~~~~~~~~~~~~~~~^
        order=order,
        ^^^^^^^^^^^^
        src_path=file_path,
        ^^^^^^^^^^^^^^^^^^^
        kind=kind,
        ^^^^^^^^^^
    )
    ^
  File "C:\Users\andrew\Desktop\Andrew\Projects\IthacaBakery\RandomStuff\WorkBot\refactor-experimental\backend\adapters\repos\order_file_repository.py", line 83, in ingest_downloaded_attachment
    self._engine.move(src_path, dest_path, overwrite=True)
    ~~~~~~~~~~~~~~~~~^^^^^^^^^^^^^^^^^^^^^^^^^^^^^^^^^^^^^
  File "C:\Users\andrew\Desktop\Andrew\Projects\IthacaBakery\RandomStuff\WorkBot\refactor-experimental\backend\adapters\files\generic_file_adapter.py", line 81, in move
    self.store.move(src, dest, overwrite=overwrite)
    ~~~~~~~~~~~~~~~^^^^^^^^^^^^^^^^^^^^^^^^^^^^^^^^
  File "C:\Users\andrew\Desktop\Andrew\Projects\IthacaBakery\RandomStuff\WorkBot\refactor-experimental\backend\infra\filesystem\local_blob_store.py", line 72, in move
    dest.unlink(missing_ok=True)
    ~~~~~~~~~~~^^^^^^^^^^^^^^^^^
  File "C:\Users\Will\AppData\Local\Programs\Python\Python313\Lib\pathlib\_local.py", line 746, in unlink
    os.unlink(self)
    ~~~~~~~~~^^^^^^
PermissionError: [WinError 32] The process cannot access the file because it is being used by another process: 'C:\\Users\\andrew\\Desktop\\Andrew\\Projects\\IthacaBakery\\RandomStuff\\WorkBot\\refactor-experimental\\data\\orders\\Regional Distributors, Inc\\Regional Distributors, Inc._Triphammer_20251205.pdf'
2025-12-08 14:01:53,441 - INFO - backend.bots.workbot.work_bot.WorkBot - (work_bot.py:146) - [Order Update] Initiating update protocol for Triphammer / Hill & Markes / 20251205.
2025-12-08 14:01:53,502 - INFO - backend.bots.workbot.work_bot.WorkBot - (work_bot.py:109) - [PDF] Ingested: Order.pdf for Triphammer/Hill & Markes
2025-12-08 14:01:53,503 - INFO - backend.bots.workbot.work_bot.WorkBot - (work_bot.py:146) - [Order Update] Initiating update protocol for Triphammer / Copper Horse Coffee / 20251205.
2025-12-08 14:01:53,559 - INFO - backend.bots.workbot.work_bot.WorkBot - (work_bot.py:109) - [PDF] Ingested: Order.pdf for Triphammer/Copper Horse Coffee
2025-12-08 14:01:53,560 - INFO - backend.bots.workbot.work_bot.WorkBot - (work_bot.py:146) - [Order Update] Initiating update protocol for Triphammer / Equal Exchange / 20251205.
2025-12-08 14:01:53,595 - INFO - backend.bots.workbot.work_bot.WorkBot - (work_bot.py:88) - Triphammer's order for Equal Exchange is already up-to-date...skipping.
2025-12-08 14:01:53,596 - INFO - backend.bots.workbot.work_bot.WorkBot - (work_bot.py:146) - [Order Update] Initiating update protocol for Triphammer / Coffee Depot LLC / 20251205.
2025-12-08 14:01:53,659 - INFO - backend.bots.workbot.work_bot.WorkBot - (work_bot.py:109) - [PDF] Ingested: Order.pdf for Triphammer/Coffee Depot LLC
2025-12-08 14:01:53,659 - INFO - backend.bots.workbot.work_bot.WorkBot - (work_bot.py:146) - [Order Update] Initiating update protocol for Triphammer / Coca-Cola / 20251205.
2025-12-08 14:01:53,695 - INFO - backend.bots.workbot.work_bot.WorkBot - (work_bot.py:88) - Triphammer's order for Coca-Cola is already up-to-date...skipping.
2025-12-08 14:01:53,696 - INFO - backend.bots.workbot.work_bot.WorkBot - (work_bot.py:146) - [Order Update] Initiating update protocol for Triphammer / A.L. George / 20251205.
2025-12-08 14:01:53,732 - INFO - backend.bots.workbot.work_bot.WorkBot - (work_bot.py:88) - Triphammer's order for A.L. George is already up-to-date...skipping.
2025-12-08 14:01:53,733 - INFO - backend.bots.workbot.work_bot.WorkBot - (work_bot.py:146) - [Order Update] Initiating update protocol for Triphammer / Webstaurant / 20251205.
2025-12-08 14:01:53,789 - INFO - backend.bots.workbot.work_bot.WorkBot - (work_bot.py:109) - [PDF] Ingested: Order.pdf for Triphammer/Webstaurant
2025-12-08 14:01:53,790 - INFO - backend.bots.workbot.work_bot.WorkBot - (work_bot.py:146) - [Order Update] Initiating update protocol for Triphammer / Fingerlakes Artisen Foods / 20251207.
2025-12-08 14:01:53,850 - INFO - backend.bots.workbot.work_bot.WorkBot - (work_bot.py:109) - [PDF] Ingested: Order.pdf for Triphammer/Fingerlakes Artisen Foods
2025-12-08 14:01:53,850 - INFO - backend.bots.workbot.work_bot.WorkBot - (work_bot.py:146) - [Order Update] Initiating update protocol for Triphammer / Vegan Epicure / 20251207.
2025-12-08 14:01:53,885 - INFO - backend.bots.workbot.work_bot.WorkBot - (work_bot.py:88) - Triphammer's order for Vegan Epicure is already up-to-date...skipping.
2025-12-08 14:01:53,886 - INFO - backend.bots.workbot.work_bot.WorkBot - (work_bot.py:146) - [Order Update] Initiating update protocol for Triphammer / Russo Produce / 20251207.
2025-12-08 14:01:53,945 - INFO - backend.bots.workbot.work_bot.WorkBot - (work_bot.py:109) - [PDF] Ingested: Order.pdf for Triphammer/Russo Produce
2025-12-08 14:01:53,946 - INFO - backend.bots.workbot.work_bot.WorkBot - (work_bot.py:120) - Craftable order sync completed successfully.
2025-12-08 14:08:23,837 - INFO - backend.bots.workbot.work_bot.WorkBot - (work_bot.py:146) - [Order Update] Initiating update protocol for Triphammer / Sysco / 20251205.
2025-12-08 14:08:23,866 - INFO - backend.bots.workbot.work_bot.WorkBot - (work_bot.py:88) - Triphammer's order for Sysco is already up-to-date...skipping.
2025-12-08 14:08:23,867 - INFO - backend.bots.workbot.work_bot.WorkBot - (work_bot.py:146) - [Order Update] Initiating update protocol for Triphammer / Performance Food / 20251205.
2025-12-08 14:08:23,894 - INFO - backend.bots.workbot.work_bot.WorkBot - (work_bot.py:88) - Triphammer's order for Performance Food is already up-to-date...skipping.
2025-12-08 14:08:23,895 - INFO - backend.bots.workbot.work_bot.WorkBot - (work_bot.py:146) - [Order Update] Initiating update protocol for Triphammer / Ithaca Bakery / 20251205.
2025-12-08 14:08:23,957 - INFO - backend.bots.workbot.work_bot.WorkBot - (work_bot.py:109) - [PDF] Ingested: Order.pdf for Triphammer/Ithaca Bakery
2025-12-08 14:08:23,958 - INFO - backend.bots.workbot.work_bot.WorkBot - (work_bot.py:146) - [Order Update] Initiating update protocol for Triphammer / US Foods / 20251205.
2025-12-08 14:08:23,995 - INFO - backend.bots.workbot.work_bot.WorkBot - (work_bot.py:88) - Triphammer's order for US Foods is already up-to-date...skipping.
2025-12-08 14:08:23,996 - INFO - backend.bots.workbot.work_bot.WorkBot - (work_bot.py:146) - [Order Update] Initiating update protocol for Triphammer / FingerLakes Farms / 20251205.
2025-12-08 14:08:24,045 - INFO - backend.bots.workbot.work_bot.WorkBot - (work_bot.py:109) - [PDF] Ingested: Order.pdf for Triphammer/FingerLakes Farms
2025-12-08 14:08:24,045 - INFO - backend.bots.workbot.work_bot.WorkBot - (work_bot.py:146) - [Order Update] Initiating update protocol for Triphammer / UNFI / 20251205.
2025-12-08 14:08:24,069 - INFO - backend.bots.workbot.work_bot.WorkBot - (work_bot.py:88) - Triphammer's order for UNFI is already up-to-date...skipping.
2025-12-08 14:08:24,070 - INFO - backend.bots.workbot.work_bot.WorkBot - (work_bot.py:146) - [Order Update] Initiating update protocol for Triphammer / Hillcrest Dairy / 20251205.
2025-12-08 14:08:24,093 - INFO - backend.bots.workbot.work_bot.WorkBot - (work_bot.py:88) - Triphammer's order for Hillcrest Dairy is already up-to-date...skipping.
2025-12-08 14:08:24,094 - INFO - backend.bots.workbot.work_bot.WorkBot - (work_bot.py:146) - [Order Update] Initiating update protocol for Triphammer / Peters Supply / 20251205.
2025-12-08 14:08:24,118 - INFO - backend.bots.workbot.work_bot.WorkBot - (work_bot.py:88) - Triphammer's order for Peters Supply is already up-to-date...skipping.
2025-12-08 14:08:24,119 - INFO - backend.bots.workbot.work_bot.WorkBot - (work_bot.py:146) - [Order Update] Initiating update protocol for Triphammer / Johnston Paper / 20251205.
2025-12-08 14:08:24,154 - INFO - backend.bots.workbot.work_bot.WorkBot - (work_bot.py:88) - Triphammer's order for Johnston Paper is already up-to-date...skipping.
2025-12-08 14:08:24,155 - INFO - backend.bots.workbot.work_bot.WorkBot - (work_bot.py:146) - [Order Update] Initiating update protocol for Triphammer / Regional Distributors, Inc. / 20251205.
2025-12-08 14:08:24,190 - INFO - backend.bots.workbot.work_bot.WorkBot - (work_bot.py:88) - Triphammer's order for Regional Distributors, Inc. is already up-to-date...skipping.
2025-12-08 14:08:24,191 - INFO - backend.bots.workbot.work_bot.WorkBot - (work_bot.py:146) - [Order Update] Initiating update protocol for Triphammer / Hill & Markes / 20251205.
2025-12-08 14:08:24,226 - INFO - backend.bots.workbot.work_bot.WorkBot - (work_bot.py:88) - Triphammer's order for Hill & Markes is already up-to-date...skipping.
2025-12-08 14:08:24,227 - INFO - backend.bots.workbot.work_bot.WorkBot - (work_bot.py:146) - [Order Update] Initiating update protocol for Triphammer / Copper Horse Coffee / 20251205.
2025-12-08 14:08:24,276 - INFO - backend.bots.workbot.work_bot.WorkBot - (work_bot.py:109) - [PDF] Ingested: Order.pdf for Triphammer/Copper Horse Coffee
2025-12-08 14:08:24,276 - INFO - backend.bots.workbot.work_bot.WorkBot - (work_bot.py:146) - [Order Update] Initiating update protocol for Triphammer / Equal Exchange / 20251205.
2025-12-08 14:08:24,301 - INFO - backend.bots.workbot.work_bot.WorkBot - (work_bot.py:88) - Triphammer's order for Equal Exchange is already up-to-date...skipping.
2025-12-08 14:08:24,302 - INFO - backend.bots.workbot.work_bot.WorkBot - (work_bot.py:146) - [Order Update] Initiating update protocol for Triphammer / Coffee Depot LLC / 20251205.
2025-12-08 14:08:24,351 - INFO - backend.bots.workbot.work_bot.WorkBot - (work_bot.py:109) - [PDF] Ingested: Order.pdf for Triphammer/Coffee Depot LLC
2025-12-08 14:08:24,351 - INFO - backend.bots.workbot.work_bot.WorkBot - (work_bot.py:146) - [Order Update] Initiating update protocol for Triphammer / Coca-Cola / 20251205.
2025-12-08 14:08:24,375 - INFO - backend.bots.workbot.work_bot.WorkBot - (work_bot.py:88) - Triphammer's order for Coca-Cola is already up-to-date...skipping.
2025-12-08 14:08:24,376 - INFO - backend.bots.workbot.work_bot.WorkBot - (work_bot.py:146) - [Order Update] Initiating update protocol for Triphammer / A.L. George / 20251205.
2025-12-08 14:08:24,400 - INFO - backend.bots.workbot.work_bot.WorkBot - (work_bot.py:88) - Triphammer's order for A.L. George is already up-to-date...skipping.
2025-12-08 14:08:24,400 - INFO - backend.bots.workbot.work_bot.WorkBot - (work_bot.py:146) - [Order Update] Initiating update protocol for Triphammer / Webstaurant / 20251205.
2025-12-08 14:08:24,435 - INFO - backend.bots.workbot.work_bot.WorkBot - (work_bot.py:88) - Triphammer's order for Webstaurant is already up-to-date...skipping.
2025-12-08 14:08:24,436 - INFO - backend.bots.workbot.work_bot.WorkBot - (work_bot.py:146) - [Order Update] Initiating update protocol for Triphammer / Fingerlakes Artisen Foods / 20251207.
2025-12-08 14:08:24,483 - INFO - backend.bots.workbot.work_bot.WorkBot - (work_bot.py:109) - [PDF] Ingested: Order.pdf for Triphammer/Fingerlakes Artisen Foods
2025-12-08 14:08:24,484 - INFO - backend.bots.workbot.work_bot.WorkBot - (work_bot.py:146) - [Order Update] Initiating update protocol for Triphammer / Vegan Epicure / 20251207.
2025-12-08 14:08:24,508 - INFO - backend.bots.workbot.work_bot.WorkBot - (work_bot.py:88) - Triphammer's order for Vegan Epicure is already up-to-date...skipping.
2025-12-08 14:08:24,509 - INFO - backend.bots.workbot.work_bot.WorkBot - (work_bot.py:146) - [Order Update] Initiating update protocol for Triphammer / Russo Produce / 20251207.
2025-12-08 14:08:24,558 - INFO - backend.bots.workbot.work_bot.WorkBot - (work_bot.py:109) - [PDF] Ingested: Order.pdf for Triphammer/Russo Produce
2025-12-08 14:08:24,559 - INFO - backend.bots.workbot.work_bot.WorkBot - (work_bot.py:120) - Craftable order sync completed successfully.
2025-12-09 06:44:27,057 - INFO - backend.bots.workbot.work_bot.WorkBot - (work_bot.py:53) - Initializing WorkBot...
2025-12-09 06:44:27,057 - INFO - backend.bots.workbot.work_bot.WorkBot - (work_bot.py:66) - WorkBot initialized successfully.
2025-12-09 06:53:51,397 - INFO - backend.bots.workbot.work_bot.WorkBot - (work_bot.py:146) - [Order Update] Initiating update protocol for Bakery / DUTCH VALLEY FOOD DIST / 20251130.
2025-12-09 06:53:51,525 - INFO - backend.bots.workbot.work_bot.WorkBot - (work_bot.py:88) - Bakery's order for DUTCH VALLEY FOOD DIST is already up-to-date...skipping.
2025-12-09 06:53:51,526 - INFO - backend.bots.workbot.work_bot.WorkBot - (work_bot.py:146) - [Order Update] Initiating update protocol for Bakery / Grandma's Coffee Cake / 20251203.
2025-12-09 06:53:51,591 - INFO - backend.bots.workbot.work_bot.WorkBot - (work_bot.py:109) - [PDF] Ingested: Order.pdf for Bakery/Grandma's Coffee Cake
2025-12-09 06:53:51,592 - INFO - backend.bots.workbot.work_bot.WorkBot - (work_bot.py:146) - [Order Update] Initiating update protocol for Bakery / Coffee Depot LLC / 20251206.
2025-12-09 06:53:51,656 - INFO - backend.bots.workbot.work_bot.WorkBot - (work_bot.py:109) - [PDF] Ingested: Order.pdf for Bakery/Coffee Depot LLC
2025-12-09 06:53:51,656 - INFO - backend.bots.workbot.work_bot.WorkBot - (work_bot.py:146) - [Order Update] Initiating update protocol for Bakery / UNFI / 20251206.
2025-12-09 06:53:51,692 - INFO - backend.bots.workbot.work_bot.WorkBot - (work_bot.py:88) - Bakery's order for UNFI is already up-to-date...skipping.
2025-12-09 06:53:51,693 - INFO - backend.bots.workbot.work_bot.WorkBot - (work_bot.py:146) - [Order Update] Initiating update protocol for Bakery / Sysco / 20251206.
2025-12-09 06:53:51,729 - INFO - backend.bots.workbot.work_bot.WorkBot - (work_bot.py:88) - Bakery's order for Sysco is already up-to-date...skipping.
2025-12-09 06:53:51,729 - INFO - backend.bots.workbot.work_bot.WorkBot - (work_bot.py:146) - [Order Update] Initiating update protocol for Bakery / FingerLakes Farms / 20251206.
2025-12-09 06:53:51,790 - INFO - backend.bots.workbot.work_bot.WorkBot - (work_bot.py:109) - [PDF] Ingested: Order.pdf for Bakery/FingerLakes Farms
2025-12-09 06:53:51,791 - INFO - backend.bots.workbot.work_bot.WorkBot - (work_bot.py:146) - [Order Update] Initiating update protocol for Bakery / Performance Food / 20251206.
2025-12-09 06:53:51,828 - INFO - backend.bots.workbot.work_bot.WorkBot - (work_bot.py:88) - Bakery's order for Performance Food is already up-to-date...skipping.
2025-12-09 06:53:51,829 - INFO - backend.bots.workbot.work_bot.WorkBot - (work_bot.py:146) - [Order Update] Initiating update protocol for Bakery / Hillcrest Dairy / 20251206.
2025-12-09 06:53:51,864 - INFO - backend.bots.workbot.work_bot.WorkBot - (work_bot.py:88) - Bakery's order for Hillcrest Dairy is already up-to-date...skipping.
2025-12-09 06:53:51,865 - INFO - backend.bots.workbot.work_bot.WorkBot - (work_bot.py:146) - [Order Update] Initiating update protocol for Bakery / US Foods / 20251207.
2025-12-09 06:53:51,901 - INFO - backend.bots.workbot.work_bot.WorkBot - (work_bot.py:88) - Bakery's order for US Foods is already up-to-date...skipping.
2025-12-09 06:53:51,902 - INFO - backend.bots.workbot.work_bot.WorkBot - (work_bot.py:146) - [Order Update] Initiating update protocol for Bakery / Webstaurant / 20251207.
2025-12-09 06:53:51,940 - INFO - backend.bots.workbot.work_bot.WorkBot - (work_bot.py:88) - Bakery's order for Webstaurant is already up-to-date...skipping.
2025-12-09 06:53:51,941 - INFO - backend.bots.workbot.work_bot.WorkBot - (work_bot.py:146) - [Order Update] Initiating update protocol for Bakery / Equal Exchange / 20251207.
2025-12-09 06:53:51,977 - INFO - backend.bots.workbot.work_bot.WorkBot - (work_bot.py:88) - Bakery's order for Equal Exchange is already up-to-date...skipping.
2025-12-09 06:53:51,978 - INFO - backend.bots.workbot.work_bot.WorkBot - (work_bot.py:146) - [Order Update] Initiating update protocol for Bakery / Copper Horse Coffee / 20251207.
2025-12-09 06:53:52,036 - INFO - backend.bots.workbot.work_bot.WorkBot - (work_bot.py:109) - [PDF] Ingested: Order.pdf for Bakery/Copper Horse Coffee
2025-12-09 06:53:52,036 - INFO - backend.bots.workbot.work_bot.WorkBot - (work_bot.py:146) - [Order Update] Initiating update protocol for Bakery / Coca-Cola / 20251207.
2025-12-09 06:53:52,072 - INFO - backend.bots.workbot.work_bot.WorkBot - (work_bot.py:88) - Bakery's order for Coca-Cola is already up-to-date...skipping.
2025-12-09 06:53:52,072 - INFO - backend.bots.workbot.work_bot.WorkBot - (work_bot.py:146) - [Order Update] Initiating update protocol for Bakery / Hillcrest Foods / 20251208.
2025-12-09 06:53:52,109 - INFO - backend.bots.workbot.work_bot.WorkBot - (work_bot.py:88) - Bakery's order for Hillcrest Foods is already up-to-date...skipping.
2025-12-09 06:53:52,110 - INFO - backend.bots.workbot.work_bot.WorkBot - (work_bot.py:146) - [Order Update] Initiating update protocol for Bakery / Lentz / 20251208.
2025-12-09 06:53:52,145 - INFO - backend.bots.workbot.work_bot.WorkBot - (work_bot.py:88) - Bakery's order for Lentz is already up-to-date...skipping.
2025-12-09 06:53:52,146 - INFO - backend.bots.workbot.work_bot.WorkBot - (work_bot.py:146) - [Order Update] Initiating update protocol for Bakery / Regional Distributors, Inc. / 20251208.
2025-12-09 06:53:52,183 - INFO - backend.bots.workbot.work_bot.WorkBot - (work_bot.py:88) - Bakery's order for Regional Distributors, Inc. is already up-to-date...skipping.
2025-12-09 06:53:52,184 - INFO - backend.bots.workbot.work_bot.WorkBot - (work_bot.py:146) - [Order Update] Initiating update protocol for Bakery / BALKAN BEVERAGE LLC / 20251208.
2025-12-09 06:53:52,219 - INFO - backend.bots.workbot.work_bot.WorkBot - (work_bot.py:88) - Bakery's order for BALKAN BEVERAGE LLC is already up-to-date...skipping.
2025-12-09 06:53:52,220 - INFO - backend.bots.workbot.work_bot.WorkBot - (work_bot.py:146) - [Order Update] Initiating update protocol for Bakery / BJ's / 20251208.
2025-12-09 06:53:52,277 - INFO - backend.bots.workbot.work_bot.WorkBot - (work_bot.py:109) - [PDF] Ingested: Order.pdf for Bakery/BJ's
2025-12-09 06:53:52,278 - INFO - backend.bots.workbot.work_bot.WorkBot - (work_bot.py:146) - [Order Update] Initiating update protocol for Bakery / A.L. George / 20251208.
2025-12-09 06:53:52,314 - INFO - backend.bots.workbot.work_bot.WorkBot - (work_bot.py:88) - Bakery's order for A.L. George is already up-to-date...skipping.
2025-12-09 06:53:52,315 - INFO - backend.bots.workbot.work_bot.WorkBot - (work_bot.py:146) - [Order Update] Initiating update protocol for Bakery / Keck's Food Service / 20251208.
2025-12-09 06:53:52,351 - INFO - backend.bots.workbot.work_bot.WorkBot - (work_bot.py:88) - Bakery's order for Keck's Food Service is already up-to-date...skipping.
2025-12-09 06:53:52,351 - INFO - backend.bots.workbot.work_bot.WorkBot - (work_bot.py:146) - [Order Update] Initiating update protocol for Bakery / Dawn / 20251208.
2025-12-09 06:53:52,387 - INFO - backend.bots.workbot.work_bot.WorkBot - (work_bot.py:88) - Bakery's order for Dawn is already up-to-date...skipping.
2025-12-09 06:53:52,388 - INFO - backend.bots.workbot.work_bot.WorkBot - (work_bot.py:146) - [Order Update] Initiating update protocol for Collegetown / Performance Food / 20251205.
2025-12-09 06:53:52,423 - INFO - backend.bots.workbot.work_bot.WorkBot - (work_bot.py:88) - Collegetown's order for Performance Food is already up-to-date...skipping.
2025-12-09 06:53:52,424 - INFO - backend.bots.workbot.work_bot.WorkBot - (work_bot.py:146) - [Order Update] Initiating update protocol for Collegetown / Sysco / 20251205.
2025-12-09 06:53:52,460 - INFO - backend.bots.workbot.work_bot.WorkBot - (work_bot.py:88) - Collegetown's order for Sysco is already up-to-date...skipping.
2025-12-09 06:53:52,461 - INFO - backend.bots.workbot.work_bot.WorkBot - (work_bot.py:146) - [Order Update] Initiating update protocol for Collegetown / Ithaca Bakery / 20251205.
2025-12-09 06:53:52,521 - INFO - backend.bots.workbot.work_bot.WorkBot - (work_bot.py:109) - [PDF] Ingested: Order.pdf for Collegetown/Ithaca Bakery
2025-12-09 06:53:52,522 - INFO - backend.bots.workbot.work_bot.WorkBot - (work_bot.py:146) - [Order Update] Initiating update protocol for Collegetown / US Foods / 20251205.
2025-12-09 06:53:52,558 - INFO - backend.bots.workbot.work_bot.WorkBot - (work_bot.py:88) - Collegetown's order for US Foods is already up-to-date...skipping.
2025-12-09 06:53:52,559 - INFO - backend.bots.workbot.work_bot.WorkBot - (work_bot.py:146) - [Order Update] Initiating update protocol for Collegetown / Hillcrest Dairy / 20251205.
2025-12-09 06:53:52,595 - INFO - backend.bots.workbot.work_bot.WorkBot - (work_bot.py:88) - Collegetown's order for Hillcrest Dairy is already up-to-date...skipping.
2025-12-09 06:53:52,596 - INFO - backend.bots.workbot.work_bot.WorkBot - (work_bot.py:146) - [Order Update] Initiating update protocol for Collegetown / Regional Distributors, Inc. / 20251205.
2025-12-09 06:53:52,632 - INFO - backend.bots.workbot.work_bot.WorkBot - (work_bot.py:88) - Collegetown's order for Regional Distributors, Inc. is already up-to-date...skipping.
2025-12-09 06:53:52,632 - INFO - backend.bots.workbot.work_bot.WorkBot - (work_bot.py:146) - [Order Update] Initiating update protocol for Collegetown / Equal Exchange / 20251205.
2025-12-09 06:53:52,669 - INFO - backend.bots.workbot.work_bot.WorkBot - (work_bot.py:88) - Collegetown's order for Equal Exchange is already up-to-date...skipping.
2025-12-09 06:53:52,670 - INFO - backend.bots.workbot.work_bot.WorkBot - (work_bot.py:146) - [Order Update] Initiating update protocol for Collegetown / Hill & Markes / 20251205.
2025-12-09 06:53:52,706 - INFO - backend.bots.workbot.work_bot.WorkBot - (work_bot.py:88) - Collegetown's order for Hill & Markes is already up-to-date...skipping.
2025-12-09 06:53:52,706 - INFO - backend.bots.workbot.work_bot.WorkBot - (work_bot.py:146) - [Order Update] Initiating update protocol for Collegetown / Coca-Cola / 20251205.
2025-12-09 06:53:52,743 - INFO - backend.bots.workbot.work_bot.WorkBot - (work_bot.py:88) - Collegetown's order for Coca-Cola is already up-to-date...skipping.
2025-12-09 06:53:52,743 - INFO - backend.bots.workbot.work_bot.WorkBot - (work_bot.py:146) - [Order Update] Initiating update protocol for Collegetown / Peters Supply / 20251205.
2025-12-09 06:53:52,780 - INFO - backend.bots.workbot.work_bot.WorkBot - (work_bot.py:88) - Collegetown's order for Peters Supply is already up-to-date...skipping.
2025-12-09 06:53:52,781 - INFO - backend.bots.workbot.work_bot.WorkBot - (work_bot.py:146) - [Order Update] Initiating update protocol for Collegetown / Coffee Depot LLC / 20251205.
2025-12-09 06:53:52,844 - INFO - backend.bots.workbot.work_bot.WorkBot - (work_bot.py:109) - [PDF] Ingested: Order.pdf for Collegetown/Coffee Depot LLC
2025-12-09 06:53:52,845 - INFO - backend.bots.workbot.work_bot.WorkBot - (work_bot.py:146) - [Order Update] Initiating update protocol for Collegetown / FingerLakes Farms / 20251205.
2025-12-09 06:53:52,915 - INFO - backend.bots.workbot.work_bot.WorkBot - (work_bot.py:109) - [PDF] Ingested: Order.pdf for Collegetown/FingerLakes Farms
2025-12-09 06:53:52,916 - INFO - backend.bots.workbot.work_bot.WorkBot - (work_bot.py:146) - [Order Update] Initiating update protocol for Collegetown / A.L. George / 20251205.
2025-12-09 06:53:52,970 - INFO - backend.bots.workbot.work_bot.WorkBot - (work_bot.py:88) - Collegetown's order for A.L. George is already up-to-date...skipping.
2025-12-09 06:53:52,971 - INFO - backend.bots.workbot.work_bot.WorkBot - (work_bot.py:146) - [Order Update] Initiating update protocol for Collegetown / UNFI / 20251205.
2025-12-09 06:53:53,014 - INFO - backend.bots.workbot.work_bot.WorkBot - (work_bot.py:88) - Collegetown's order for UNFI is already up-to-date...skipping.
2025-12-09 06:53:53,014 - INFO - backend.bots.workbot.work_bot.WorkBot - (work_bot.py:146) - [Order Update] Initiating update protocol for Collegetown / BALKAN BEVERAGE LLC / 20251205.
2025-12-09 06:53:53,053 - INFO - backend.bots.workbot.work_bot.WorkBot - (work_bot.py:88) - Collegetown's order for BALKAN BEVERAGE LLC is already up-to-date...skipping.
2025-12-09 06:53:53,054 - INFO - backend.bots.workbot.work_bot.WorkBot - (work_bot.py:146) - [Order Update] Initiating update protocol for Downtown / Hill & Markes / 20251205.
2025-12-09 06:53:53,091 - INFO - backend.bots.workbot.work_bot.WorkBot - (work_bot.py:88) - Downtown's order for Hill & Markes is already up-to-date...skipping.
2025-12-09 06:53:53,092 - INFO - backend.bots.workbot.work_bot.WorkBot - (work_bot.py:146) - [Order Update] Initiating update protocol for Downtown / US Foods / 20251205.
2025-12-09 06:53:53,128 - INFO - backend.bots.workbot.work_bot.WorkBot - (work_bot.py:88) - Downtown's order for US Foods is already up-to-date...skipping.
2025-12-09 06:53:53,129 - INFO - backend.bots.workbot.work_bot.WorkBot - (work_bot.py:146) - [Order Update] Initiating update protocol for Downtown / Equal Exchange / 20251205.
2025-12-09 06:53:53,164 - INFO - backend.bots.workbot.work_bot.WorkBot - (work_bot.py:88) - Downtown's order for Equal Exchange is already up-to-date...skipping.
2025-12-09 06:53:53,165 - INFO - backend.bots.workbot.work_bot.WorkBot - (work_bot.py:146) - [Order Update] Initiating update protocol for Downtown / Ithaca Bakery / 20251205.
2025-12-09 06:53:53,224 - INFO - backend.bots.workbot.work_bot.WorkBot - (work_bot.py:109) - [PDF] Ingested: Order.pdf for Downtown/Ithaca Bakery
2025-12-09 06:53:53,224 - INFO - backend.bots.workbot.work_bot.WorkBot - (work_bot.py:146) - [Order Update] Initiating update protocol for Downtown / Regional Distributors, Inc. / 20251205.
2025-12-09 06:53:53,264 - INFO - backend.bots.workbot.work_bot.WorkBot - (work_bot.py:88) - Downtown's order for Regional Distributors, Inc. is already up-to-date...skipping.
2025-12-09 06:53:53,264 - INFO - backend.bots.workbot.work_bot.WorkBot - (work_bot.py:146) - [Order Update] Initiating update protocol for Downtown / FingerLakes Farms / 20251205.
2025-12-09 06:53:53,321 - INFO - backend.bots.workbot.work_bot.WorkBot - (work_bot.py:109) - [PDF] Ingested: Order.pdf for Downtown/FingerLakes Farms
2025-12-09 06:53:53,322 - INFO - backend.bots.workbot.work_bot.WorkBot - (work_bot.py:146) - [Order Update] Initiating update protocol for Downtown / Performance Food / 20251205.
2025-12-09 06:53:53,358 - INFO - backend.bots.workbot.work_bot.WorkBot - (work_bot.py:88) - Downtown's order for Performance Food is already up-to-date...skipping.
2025-12-09 06:53:53,359 - INFO - backend.bots.workbot.work_bot.WorkBot - (work_bot.py:146) - [Order Update] Initiating update protocol for Downtown / Coca-Cola / 20251205.
2025-12-09 06:53:53,396 - INFO - backend.bots.workbot.work_bot.WorkBot - (work_bot.py:88) - Downtown's order for Coca-Cola is already up-to-date...skipping.
2025-12-09 06:53:53,396 - INFO - backend.bots.workbot.work_bot.WorkBot - (work_bot.py:146) - [Order Update] Initiating update protocol for Downtown / UNFI / 20251205.
2025-12-09 06:53:53,435 - INFO - backend.bots.workbot.work_bot.WorkBot - (work_bot.py:88) - Downtown's order for UNFI is already up-to-date...skipping.
2025-12-09 06:53:53,436 - INFO - backend.bots.workbot.work_bot.WorkBot - (work_bot.py:146) - [Order Update] Initiating update protocol for Downtown / Hillcrest Dairy / 20251205.
2025-12-09 06:53:53,472 - INFO - backend.bots.workbot.work_bot.WorkBot - (work_bot.py:88) - Downtown's order for Hillcrest Dairy is already up-to-date...skipping.
2025-12-09 06:53:53,472 - INFO - backend.bots.workbot.work_bot.WorkBot - (work_bot.py:146) - [Order Update] Initiating update protocol for Downtown / Sysco / 20251205.
2025-12-09 06:53:53,508 - INFO - backend.bots.workbot.work_bot.WorkBot - (work_bot.py:88) - Downtown's order for Sysco is already up-to-date...skipping.
2025-12-09 06:53:53,509 - INFO - backend.bots.workbot.work_bot.WorkBot - (work_bot.py:146) - [Order Update] Initiating update protocol for Downtown / Peters Supply / 20251205.
2025-12-09 06:53:53,544 - INFO - backend.bots.workbot.work_bot.WorkBot - (work_bot.py:88) - Downtown's order for Peters Supply is already up-to-date...skipping.
2025-12-09 06:53:53,545 - INFO - backend.bots.workbot.work_bot.WorkBot - (work_bot.py:146) - [Order Update] Initiating update protocol for Downtown / Coffee Depot LLC / 20251205.
2025-12-09 06:53:53,602 - INFO - backend.bots.workbot.work_bot.WorkBot - (work_bot.py:109) - [PDF] Ingested: Order.pdf for Downtown/Coffee Depot LLC
2025-12-09 06:53:53,603 - INFO - backend.bots.workbot.work_bot.WorkBot - (work_bot.py:146) - [Order Update] Initiating update protocol for Downtown / Johnston Paper / 20251205.
2025-12-09 06:53:53,638 - INFO - backend.bots.workbot.work_bot.WorkBot - (work_bot.py:88) - Downtown's order for Johnston Paper is already up-to-date...skipping.
2025-12-09 06:53:53,639 - INFO - backend.bots.workbot.work_bot.WorkBot - (work_bot.py:146) - [Order Update] Initiating update protocol for Downtown / Motherworks,LLC / 20251206.
2025-12-09 06:53:53,674 - INFO - backend.bots.workbot.work_bot.WorkBot - (work_bot.py:88) - Downtown's order for Motherworks,LLC is already up-to-date...skipping.
2025-12-09 06:53:53,675 - INFO - backend.bots.workbot.work_bot.WorkBot - (work_bot.py:146) - [Order Update] Initiating update protocol for Easthill / Copper Horse Coffee / 20251204.
2025-12-09 06:53:53,731 - INFO - backend.bots.workbot.work_bot.WorkBot - (work_bot.py:109) - [PDF] Ingested: Order.pdf for Easthill/Copper Horse Coffee
2025-12-09 06:53:53,732 - INFO - backend.bots.workbot.work_bot.WorkBot - (work_bot.py:146) - [Order Update] Initiating update protocol for Easthill / UNFI / 20251204.
2025-12-09 06:53:53,767 - INFO - backend.bots.workbot.work_bot.WorkBot - (work_bot.py:88) - Easthill's order for UNFI is already up-to-date...skipping.
2025-12-09 06:53:53,768 - INFO - backend.bots.workbot.work_bot.WorkBot - (work_bot.py:146) - [Order Update] Initiating update protocol for Easthill / DUTCH VALLEY FOOD DIST / 20251204.
2025-12-09 06:53:53,804 - INFO - backend.bots.workbot.work_bot.WorkBot - (work_bot.py:88) - Easthill's order for DUTCH VALLEY FOOD DIST is already up-to-date...skipping.
2025-12-09 06:53:53,805 - INFO - backend.bots.workbot.work_bot.WorkBot - (work_bot.py:146) - [Order Update] Initiating update protocol for Easthill / Ithaca Bakery / 20251204.
2025-12-09 06:53:53,865 - INFO - backend.bots.workbot.work_bot.WorkBot - (work_bot.py:109) - [PDF] Ingested: Order.pdf for Easthill/Ithaca Bakery
2025-12-09 06:53:53,865 - INFO - backend.bots.workbot.work_bot.WorkBot - (work_bot.py:146) - [Order Update] Initiating update protocol for Easthill / Creative Converting / 20251204.
2025-12-09 06:53:53,901 - INFO - backend.bots.workbot.work_bot.WorkBot - (work_bot.py:88) - Easthill's order for Creative Converting is already up-to-date...skipping.
2025-12-09 06:53:53,902 - INFO - backend.bots.workbot.work_bot.WorkBot - (work_bot.py:146) - [Order Update] Initiating update protocol for Easthill / Hillcrest Dairy / 20251204.
2025-12-09 06:53:53,937 - INFO - backend.bots.workbot.work_bot.WorkBot - (work_bot.py:88) - Easthill's order for Hillcrest Dairy is already up-to-date...skipping.
2025-12-09 06:53:53,938 - INFO - backend.bots.workbot.work_bot.WorkBot - (work_bot.py:146) - [Order Update] Initiating update protocol for Easthill / Performance Food / 20251204.
2025-12-09 06:53:53,974 - INFO - backend.bots.workbot.work_bot.WorkBot - (work_bot.py:88) - Easthill's order for Performance Food is already up-to-date...skipping.
2025-12-09 06:53:53,975 - INFO - backend.bots.workbot.work_bot.WorkBot - (work_bot.py:146) - [Order Update] Initiating update protocol for Easthill / Equal Exchange / 20251204.
2025-12-09 06:53:54,012 - INFO - backend.bots.workbot.work_bot.WorkBot - (work_bot.py:88) - Easthill's order for Equal Exchange is already up-to-date...skipping.
2025-12-09 06:53:54,013 - INFO - backend.bots.workbot.work_bot.WorkBot - (work_bot.py:146) - [Order Update] Initiating update protocol for Easthill / US Foods / 20251204.
2025-12-09 06:53:54,050 - INFO - backend.bots.workbot.work_bot.WorkBot - (work_bot.py:88) - Easthill's order for US Foods is already up-to-date...skipping.
2025-12-09 06:53:54,051 - INFO - backend.bots.workbot.work_bot.WorkBot - (work_bot.py:146) - [Order Update] Initiating update protocol for Easthill / Sysco / 20251204.
2025-12-09 06:53:54,104 - INFO - backend.bots.workbot.work_bot.WorkBot - (work_bot.py:88) - Easthill's order for Sysco is already up-to-date...skipping.
2025-12-09 06:53:54,105 - INFO - backend.bots.workbot.work_bot.WorkBot - (work_bot.py:146) - [Order Update] Initiating update protocol for Easthill / Regional Distributors, Inc. / 20251204.
2025-12-09 06:53:54,152 - INFO - backend.bots.workbot.work_bot.WorkBot - (work_bot.py:88) - Easthill's order for Regional Distributors, Inc. is already up-to-date...skipping.
2025-12-09 06:53:54,153 - INFO - backend.bots.workbot.work_bot.WorkBot - (work_bot.py:146) - [Order Update] Initiating update protocol for Easthill / FingerLakes Farms / 20251204.
2025-12-09 06:53:54,195 - INFO - backend.bots.workbot.work_bot.WorkBot - (work_bot.py:88) - Easthill's order for FingerLakes Farms is already up-to-date...skipping.
2025-12-09 06:53:54,196 - INFO - backend.bots.workbot.work_bot.WorkBot - (work_bot.py:146) - [Order Update] Initiating update protocol for Easthill / Coffee Depot LLC / 20251204.
2025-12-09 06:53:54,254 - INFO - backend.bots.workbot.work_bot.WorkBot - (work_bot.py:109) - [PDF] Ingested: Order.pdf for Easthill/Coffee Depot LLC
2025-12-09 06:53:54,255 - INFO - backend.bots.workbot.work_bot.WorkBot - (work_bot.py:146) - [Order Update] Initiating update protocol for Easthill / Coca-Cola / 20251204.
2025-12-09 06:53:54,293 - INFO - backend.bots.workbot.work_bot.WorkBot - (work_bot.py:88) - Easthill's order for Coca-Cola is already up-to-date...skipping.
2025-12-09 06:53:54,294 - INFO - backend.bots.workbot.work_bot.WorkBot - (work_bot.py:146) - [Order Update] Initiating update protocol for Easthill / Peters Supply / 20251204.
2025-12-09 06:53:54,333 - INFO - backend.bots.workbot.work_bot.WorkBot - (work_bot.py:88) - Easthill's order for Peters Supply is already up-to-date...skipping.
2025-12-09 06:53:54,334 - INFO - backend.bots.workbot.work_bot.WorkBot - (work_bot.py:146) - [Order Update] Initiating update protocol for Easthill / Johnston Paper / 20251204.
2025-12-09 06:53:54,369 - INFO - backend.bots.workbot.work_bot.WorkBot - (work_bot.py:88) - Easthill's order for Johnston Paper is already up-to-date...skipping.
2025-12-09 06:53:54,370 - INFO - backend.bots.workbot.work_bot.WorkBot - (work_bot.py:146) - [Order Update] Initiating update protocol for Easthill / Hill & Markes / 20251204.
2025-12-09 06:53:54,406 - INFO - backend.bots.workbot.work_bot.WorkBot - (work_bot.py:88) - Easthill's order for Hill & Markes is already up-to-date...skipping.
2025-12-09 06:53:54,407 - INFO - backend.bots.workbot.work_bot.WorkBot - (work_bot.py:146) - [Order Update] Initiating update protocol for Syracuse / Regional Distributors, Inc. / 20251205.
2025-12-09 06:53:54,442 - INFO - backend.bots.workbot.work_bot.WorkBot - (work_bot.py:88) - Syracuse's order for Regional Distributors, Inc. is already up-to-date...skipping.
2025-12-09 06:53:54,443 - INFO - backend.bots.workbot.work_bot.WorkBot - (work_bot.py:146) - [Order Update] Initiating update protocol for Syracuse / US Foods / 20251205.
2025-12-09 06:53:54,480 - INFO - backend.bots.workbot.work_bot.WorkBot - (work_bot.py:88) - Syracuse's order for US Foods is already up-to-date...skipping.
2025-12-09 06:53:54,481 - INFO - backend.bots.workbot.work_bot.WorkBot - (work_bot.py:146) - [Order Update] Initiating update protocol for Syracuse / Ithaca Bakery / 20251205.
2025-12-09 06:53:54,538 - INFO - backend.bots.workbot.work_bot.WorkBot - (work_bot.py:109) - [PDF] Ingested: Order.pdf for Syracuse/Ithaca Bakery
2025-12-09 06:53:54,539 - INFO - backend.bots.workbot.work_bot.WorkBot - (work_bot.py:146) - [Order Update] Initiating update protocol for Syracuse / Performance Food / 20251205.
2025-12-09 06:53:54,575 - INFO - backend.bots.workbot.work_bot.WorkBot - (work_bot.py:88) - Syracuse's order for Performance Food is already up-to-date...skipping.
2025-12-09 06:53:54,575 - INFO - backend.bots.workbot.work_bot.WorkBot - (work_bot.py:146) - [Order Update] Initiating update protocol for Syracuse / UNFI / 20251205.
2025-12-09 06:53:54,612 - INFO - backend.bots.workbot.work_bot.WorkBot - (work_bot.py:88) - Syracuse's order for UNFI is already up-to-date...skipping.
2025-12-09 06:53:54,613 - INFO - backend.bots.workbot.work_bot.WorkBot - (work_bot.py:146) - [Order Update] Initiating update protocol for Syracuse / Sysco / 20251205.
2025-12-09 06:53:54,651 - INFO - backend.bots.workbot.work_bot.WorkBot - (work_bot.py:88) - Syracuse's order for Sysco is already up-to-date...skipping.
2025-12-09 06:53:54,652 - INFO - backend.bots.workbot.work_bot.WorkBot - (work_bot.py:146) - [Order Update] Initiating update protocol for Syracuse / FingerLakes Farms / 20251205.
2025-12-09 06:53:54,688 - INFO - backend.bots.workbot.work_bot.WorkBot - (work_bot.py:88) - Syracuse's order for FingerLakes Farms is already up-to-date...skipping.
2025-12-09 06:53:54,689 - INFO - backend.bots.workbot.work_bot.WorkBot - (work_bot.py:146) - [Order Update] Initiating update protocol for Syracuse / Hillcrest Dairy / 20251205.
2025-12-09 06:53:54,724 - INFO - backend.bots.workbot.work_bot.WorkBot - (work_bot.py:88) - Syracuse's order for Hillcrest Dairy is already up-to-date...skipping.
2025-12-09 06:53:54,725 - INFO - backend.bots.workbot.work_bot.WorkBot - (work_bot.py:146) - [Order Update] Initiating update protocol for Syracuse / Hill & Markes / 20251205.
2025-12-09 06:53:54,761 - INFO - backend.bots.workbot.work_bot.WorkBot - (work_bot.py:88) - Syracuse's order for Hill & Markes is already up-to-date...skipping.
2025-12-09 06:53:54,762 - INFO - backend.bots.workbot.work_bot.WorkBot - (work_bot.py:146) - [Order Update] Initiating update protocol for Syracuse / Coffee Depot LLC / 20251205.
2025-12-09 06:53:54,819 - INFO - backend.bots.workbot.work_bot.WorkBot - (work_bot.py:109) - [PDF] Ingested: Order.pdf for Syracuse/Coffee Depot LLC
2025-12-09 06:53:54,820 - INFO - backend.bots.workbot.work_bot.WorkBot - (work_bot.py:146) - [Order Update] Initiating update protocol for Syracuse / Equal Exchange / 20251205.
2025-12-09 06:53:54,856 - INFO - backend.bots.workbot.work_bot.WorkBot - (work_bot.py:88) - Syracuse's order for Equal Exchange is already up-to-date...skipping.
2025-12-09 06:53:54,857 - INFO - backend.bots.workbot.work_bot.WorkBot - (work_bot.py:146) - [Order Update] Initiating update protocol for Syracuse / Peters Supply / 20251205.
2025-12-09 06:53:54,894 - INFO - backend.bots.workbot.work_bot.WorkBot - (work_bot.py:88) - Syracuse's order for Peters Supply is already up-to-date...skipping.
2025-12-09 06:53:54,895 - INFO - backend.bots.workbot.work_bot.WorkBot - (work_bot.py:146) - [Order Update] Initiating update protocol for Syracuse / DUTCH VALLEY FOOD DIST / 20251205.
2025-12-09 06:53:54,930 - INFO - backend.bots.workbot.work_bot.WorkBot - (work_bot.py:88) - Syracuse's order for DUTCH VALLEY FOOD DIST is already up-to-date...skipping.
2025-12-09 06:53:54,931 - INFO - backend.bots.workbot.work_bot.WorkBot - (work_bot.py:146) - [Order Update] Initiating update protocol for Triphammer / Sysco / 20251205.
2025-12-09 06:53:54,969 - INFO - backend.bots.workbot.work_bot.WorkBot - (work_bot.py:88) - Triphammer's order for Sysco is already up-to-date...skipping.
2025-12-09 06:53:54,970 - INFO - backend.bots.workbot.work_bot.WorkBot - (work_bot.py:146) - [Order Update] Initiating update protocol for Triphammer / Performance Food / 20251205.
2025-12-09 06:53:55,007 - INFO - backend.bots.workbot.work_bot.WorkBot - (work_bot.py:88) - Triphammer's order for Performance Food is already up-to-date...skipping.
2025-12-09 06:53:55,008 - INFO - backend.bots.workbot.work_bot.WorkBot - (work_bot.py:146) - [Order Update] Initiating update protocol for Triphammer / Ithaca Bakery / 20251205.
2025-12-09 06:53:55,059 - INFO - backend.bots.workbot.work_bot.WorkBot - (work_bot.py:109) - [PDF] Ingested: Order.pdf for Triphammer/Ithaca Bakery
2025-12-09 06:53:55,060 - INFO - backend.bots.workbot.work_bot.WorkBot - (work_bot.py:146) - [Order Update] Initiating update protocol for Triphammer / US Foods / 20251205.
2025-12-09 06:53:55,097 - INFO - backend.bots.workbot.work_bot.WorkBot - (work_bot.py:88) - Triphammer's order for US Foods is already up-to-date...skipping.
2025-12-09 06:53:55,098 - INFO - backend.bots.workbot.work_bot.WorkBot - (work_bot.py:146) - [Order Update] Initiating update protocol for Triphammer / FingerLakes Farms / 20251205.
2025-12-09 06:53:55,157 - INFO - backend.bots.workbot.work_bot.WorkBot - (work_bot.py:109) - [PDF] Ingested: Order.pdf for Triphammer/FingerLakes Farms
2025-12-09 06:53:55,157 - INFO - backend.bots.workbot.work_bot.WorkBot - (work_bot.py:146) - [Order Update] Initiating update protocol for Triphammer / UNFI / 20251205.
2025-12-09 06:53:55,197 - INFO - backend.bots.workbot.work_bot.WorkBot - (work_bot.py:88) - Triphammer's order for UNFI is already up-to-date...skipping.
2025-12-09 06:53:55,198 - INFO - backend.bots.workbot.work_bot.WorkBot - (work_bot.py:146) - [Order Update] Initiating update protocol for Triphammer / Hillcrest Dairy / 20251205.
2025-12-09 06:53:55,234 - INFO - backend.bots.workbot.work_bot.WorkBot - (work_bot.py:88) - Triphammer's order for Hillcrest Dairy is already up-to-date...skipping.
2025-12-09 06:53:55,235 - INFO - backend.bots.workbot.work_bot.WorkBot - (work_bot.py:146) - [Order Update] Initiating update protocol for Triphammer / Peters Supply / 20251205.
2025-12-09 06:53:55,271 - INFO - backend.bots.workbot.work_bot.WorkBot - (work_bot.py:88) - Triphammer's order for Peters Supply is already up-to-date...skipping.
2025-12-09 06:53:55,272 - INFO - backend.bots.workbot.work_bot.WorkBot - (work_bot.py:146) - [Order Update] Initiating update protocol for Triphammer / Johnston Paper / 20251205.
2025-12-09 06:53:55,317 - INFO - backend.bots.workbot.work_bot.WorkBot - (work_bot.py:88) - Triphammer's order for Johnston Paper is already up-to-date...skipping.
2025-12-09 06:53:55,318 - INFO - backend.bots.workbot.work_bot.WorkBot - (work_bot.py:146) - [Order Update] Initiating update protocol for Triphammer / Regional Distributors, Inc. / 20251205.
2025-12-09 06:53:55,371 - INFO - backend.bots.workbot.work_bot.WorkBot - (work_bot.py:88) - Triphammer's order for Regional Distributors, Inc. is already up-to-date...skipping.
2025-12-09 06:53:55,372 - INFO - backend.bots.workbot.work_bot.WorkBot - (work_bot.py:146) - [Order Update] Initiating update protocol for Triphammer / Hill & Markes / 20251205.
2025-12-09 06:53:55,417 - INFO - backend.bots.workbot.work_bot.WorkBot - (work_bot.py:88) - Triphammer's order for Hill & Markes is already up-to-date...skipping.
2025-12-09 06:53:55,418 - INFO - backend.bots.workbot.work_bot.WorkBot - (work_bot.py:146) - [Order Update] Initiating update protocol for Triphammer / Copper Horse Coffee / 20251205.
2025-12-09 06:53:55,477 - INFO - backend.bots.workbot.work_bot.WorkBot - (work_bot.py:109) - [PDF] Ingested: Order.pdf for Triphammer/Copper Horse Coffee
2025-12-09 06:53:55,477 - INFO - backend.bots.workbot.work_bot.WorkBot - (work_bot.py:146) - [Order Update] Initiating update protocol for Triphammer / Equal Exchange / 20251205.
2025-12-09 06:53:55,514 - INFO - backend.bots.workbot.work_bot.WorkBot - (work_bot.py:88) - Triphammer's order for Equal Exchange is already up-to-date...skipping.
2025-12-09 06:53:55,514 - INFO - backend.bots.workbot.work_bot.WorkBot - (work_bot.py:146) - [Order Update] Initiating update protocol for Triphammer / Coffee Depot LLC / 20251205.
2025-12-09 06:53:55,572 - INFO - backend.bots.workbot.work_bot.WorkBot - (work_bot.py:109) - [PDF] Ingested: Order.pdf for Triphammer/Coffee Depot LLC
2025-12-09 06:53:55,572 - INFO - backend.bots.workbot.work_bot.WorkBot - (work_bot.py:146) - [Order Update] Initiating update protocol for Triphammer / Coca-Cola / 20251205.
2025-12-09 06:53:55,608 - INFO - backend.bots.workbot.work_bot.WorkBot - (work_bot.py:88) - Triphammer's order for Coca-Cola is already up-to-date...skipping.
2025-12-09 06:53:55,609 - INFO - backend.bots.workbot.work_bot.WorkBot - (work_bot.py:146) - [Order Update] Initiating update protocol for Triphammer / A.L. George / 20251205.
2025-12-09 06:53:55,645 - INFO - backend.bots.workbot.work_bot.WorkBot - (work_bot.py:88) - Triphammer's order for A.L. George is already up-to-date...skipping.
2025-12-09 06:53:55,646 - INFO - backend.bots.workbot.work_bot.WorkBot - (work_bot.py:146) - [Order Update] Initiating update protocol for Triphammer / Webstaurant / 20251205.
2025-12-09 06:53:55,682 - INFO - backend.bots.workbot.work_bot.WorkBot - (work_bot.py:88) - Triphammer's order for Webstaurant is already up-to-date...skipping.
2025-12-09 06:53:55,683 - INFO - backend.bots.workbot.work_bot.WorkBot - (work_bot.py:146) - [Order Update] Initiating update protocol for Triphammer / Fingerlakes Artisen Foods / 20251207.
2025-12-09 06:53:55,738 - INFO - backend.bots.workbot.work_bot.WorkBot - (work_bot.py:109) - [PDF] Ingested: Order.pdf for Triphammer/Fingerlakes Artisen Foods
2025-12-09 06:53:55,739 - INFO - backend.bots.workbot.work_bot.WorkBot - (work_bot.py:146) - [Order Update] Initiating update protocol for Triphammer / Vegan Epicure / 20251207.
2025-12-09 06:53:55,775 - INFO - backend.bots.workbot.work_bot.WorkBot - (work_bot.py:88) - Triphammer's order for Vegan Epicure is already up-to-date...skipping.
2025-12-09 06:53:55,776 - INFO - backend.bots.workbot.work_bot.WorkBot - (work_bot.py:146) - [Order Update] Initiating update protocol for Triphammer / Russo Produce / 20251207.
2025-12-09 06:53:55,835 - INFO - backend.bots.workbot.work_bot.WorkBot - (work_bot.py:109) - [PDF] Ingested: Order.pdf for Triphammer/Russo Produce
2025-12-09 06:53:55,836 - INFO - backend.bots.workbot.work_bot.WorkBot - (work_bot.py:120) - Craftable order sync completed successfully.
2025-12-09 07:56:23,262 - INFO - backend.bots.workbot.work_bot.WorkBot - (work_bot.py:146) - [Order Update] Initiating update protocol for Bakery / DUTCH VALLEY FOOD DIST / 20251130.
2025-12-09 07:56:23,288 - INFO - backend.bots.workbot.work_bot.WorkBot - (work_bot.py:88) - Bakery's order for DUTCH VALLEY FOOD DIST is already up-to-date...skipping.
2025-12-09 07:56:23,289 - INFO - backend.bots.workbot.work_bot.WorkBot - (work_bot.py:146) - [Order Update] Initiating update protocol for Bakery / Grandma's Coffee Cake / 20251203.
2025-12-09 07:56:23,340 - INFO - backend.bots.workbot.work_bot.WorkBot - (work_bot.py:109) - [PDF] Ingested: Order.pdf for Bakery/Grandma's Coffee Cake
2025-12-09 07:56:23,340 - INFO - backend.bots.workbot.work_bot.WorkBot - (work_bot.py:146) - [Order Update] Initiating update protocol for Bakery / Coffee Depot LLC / 20251206.
2025-12-09 07:56:23,388 - INFO - backend.bots.workbot.work_bot.WorkBot - (work_bot.py:109) - [PDF] Ingested: Order.pdf for Bakery/Coffee Depot LLC
2025-12-09 07:56:23,389 - INFO - backend.bots.workbot.work_bot.WorkBot - (work_bot.py:146) - [Order Update] Initiating update protocol for Bakery / UNFI / 20251206.
2025-12-09 07:56:23,413 - INFO - backend.bots.workbot.work_bot.WorkBot - (work_bot.py:88) - Bakery's order for UNFI is already up-to-date...skipping.
2025-12-09 07:56:23,414 - INFO - backend.bots.workbot.work_bot.WorkBot - (work_bot.py:146) - [Order Update] Initiating update protocol for Bakery / Sysco / 20251206.
2025-12-09 07:56:23,439 - INFO - backend.bots.workbot.work_bot.WorkBot - (work_bot.py:88) - Bakery's order for Sysco is already up-to-date...skipping.
2025-12-09 07:56:23,440 - INFO - backend.bots.workbot.work_bot.WorkBot - (work_bot.py:146) - [Order Update] Initiating update protocol for Bakery / FingerLakes Farms / 20251206.
2025-12-09 07:56:23,489 - INFO - backend.bots.workbot.work_bot.WorkBot - (work_bot.py:109) - [PDF] Ingested: Order.pdf for Bakery/FingerLakes Farms
2025-12-09 07:56:23,489 - INFO - backend.bots.workbot.work_bot.WorkBot - (work_bot.py:146) - [Order Update] Initiating update protocol for Bakery / Performance Food / 20251206.
2025-12-09 07:56:23,515 - INFO - backend.bots.workbot.work_bot.WorkBot - (work_bot.py:88) - Bakery's order for Performance Food is already up-to-date...skipping.
2025-12-09 07:56:23,516 - INFO - backend.bots.workbot.work_bot.WorkBot - (work_bot.py:146) - [Order Update] Initiating update protocol for Bakery / Hillcrest Dairy / 20251206.
2025-12-09 07:56:23,542 - INFO - backend.bots.workbot.work_bot.WorkBot - (work_bot.py:88) - Bakery's order for Hillcrest Dairy is already up-to-date...skipping.
2025-12-09 07:56:23,543 - INFO - backend.bots.workbot.work_bot.WorkBot - (work_bot.py:146) - [Order Update] Initiating update protocol for Bakery / US Foods / 20251207.
2025-12-09 07:56:23,568 - INFO - backend.bots.workbot.work_bot.WorkBot - (work_bot.py:88) - Bakery's order for US Foods is already up-to-date...skipping.
2025-12-09 07:56:23,569 - INFO - backend.bots.workbot.work_bot.WorkBot - (work_bot.py:146) - [Order Update] Initiating update protocol for Bakery / Webstaurant / 20251207.
2025-12-09 07:56:23,618 - INFO - backend.bots.workbot.work_bot.WorkBot - (work_bot.py:109) - [PDF] Ingested: Order.pdf for Bakery/Webstaurant
2025-12-09 07:56:23,618 - INFO - backend.bots.workbot.work_bot.WorkBot - (work_bot.py:146) - [Order Update] Initiating update protocol for Bakery / Equal Exchange / 20251207.
2025-12-09 07:56:23,643 - INFO - backend.bots.workbot.work_bot.WorkBot - (work_bot.py:88) - Bakery's order for Equal Exchange is already up-to-date...skipping.
2025-12-09 07:56:23,644 - INFO - backend.bots.workbot.work_bot.WorkBot - (work_bot.py:146) - [Order Update] Initiating update protocol for Bakery / Copper Horse Coffee / 20251207.
2025-12-09 07:56:23,691 - INFO - backend.bots.workbot.work_bot.WorkBot - (work_bot.py:109) - [PDF] Ingested: Order.pdf for Bakery/Copper Horse Coffee
2025-12-09 07:56:23,692 - INFO - backend.bots.workbot.work_bot.WorkBot - (work_bot.py:146) - [Order Update] Initiating update protocol for Bakery / Coca-Cola / 20251207.
2025-12-09 07:56:23,717 - INFO - backend.bots.workbot.work_bot.WorkBot - (work_bot.py:88) - Bakery's order for Coca-Cola is already up-to-date...skipping.
2025-12-09 07:56:23,717 - INFO - backend.bots.workbot.work_bot.WorkBot - (work_bot.py:146) - [Order Update] Initiating update protocol for Bakery / Hillcrest Foods / 20251208.
2025-12-09 07:56:23,742 - INFO - backend.bots.workbot.work_bot.WorkBot - (work_bot.py:88) - Bakery's order for Hillcrest Foods is already up-to-date...skipping.
2025-12-09 07:56:23,743 - INFO - backend.bots.workbot.work_bot.WorkBot - (work_bot.py:146) - [Order Update] Initiating update protocol for Bakery / Lentz / 20251208.
2025-12-09 07:56:23,767 - INFO - backend.bots.workbot.work_bot.WorkBot - (work_bot.py:88) - Bakery's order for Lentz is already up-to-date...skipping.
2025-12-09 07:56:23,768 - INFO - backend.bots.workbot.work_bot.WorkBot - (work_bot.py:146) - [Order Update] Initiating update protocol for Bakery / Regional Distributors, Inc. / 20251208.
2025-12-09 07:56:23,792 - INFO - backend.bots.workbot.work_bot.WorkBot - (work_bot.py:88) - Bakery's order for Regional Distributors, Inc. is already up-to-date...skipping.
2025-12-09 07:56:23,792 - INFO - backend.bots.workbot.work_bot.WorkBot - (work_bot.py:146) - [Order Update] Initiating update protocol for Bakery / BALKAN BEVERAGE LLC / 20251208.
2025-12-09 07:56:23,816 - INFO - backend.bots.workbot.work_bot.WorkBot - (work_bot.py:88) - Bakery's order for BALKAN BEVERAGE LLC is already up-to-date...skipping.
2025-12-09 07:56:23,817 - INFO - backend.bots.workbot.work_bot.WorkBot - (work_bot.py:146) - [Order Update] Initiating update protocol for Bakery / BJ's / 20251208.
2025-12-09 07:56:23,867 - INFO - backend.bots.workbot.work_bot.WorkBot - (work_bot.py:109) - [PDF] Ingested: Order.pdf for Bakery/BJ's
2025-12-09 07:56:23,867 - INFO - backend.bots.workbot.work_bot.WorkBot - (work_bot.py:146) - [Order Update] Initiating update protocol for Bakery / A.L. George / 20251208.
2025-12-09 07:56:23,891 - INFO - backend.bots.workbot.work_bot.WorkBot - (work_bot.py:88) - Bakery's order for A.L. George is already up-to-date...skipping.
2025-12-09 07:56:23,892 - INFO - backend.bots.workbot.work_bot.WorkBot - (work_bot.py:146) - [Order Update] Initiating update protocol for Bakery / Keck's Food Service / 20251208.
2025-12-09 07:56:23,915 - INFO - backend.bots.workbot.work_bot.WorkBot - (work_bot.py:88) - Bakery's order for Keck's Food Service is already up-to-date...skipping.
2025-12-09 07:56:23,916 - INFO - backend.bots.workbot.work_bot.WorkBot - (work_bot.py:146) - [Order Update] Initiating update protocol for Bakery / Dawn / 20251208.
2025-12-09 07:56:23,940 - INFO - backend.bots.workbot.work_bot.WorkBot - (work_bot.py:88) - Bakery's order for Dawn is already up-to-date...skipping.
2025-12-09 07:56:23,940 - INFO - backend.bots.workbot.work_bot.WorkBot - (work_bot.py:146) - [Order Update] Initiating update protocol for Bakery / Hill & Markes / 20251209.
2025-12-09 07:56:23,986 - INFO - backend.bots.workbot.work_bot.WorkBot - (work_bot.py:109) - [PDF] Ingested: Order.pdf for Bakery/Hill & Markes
2025-12-09 07:56:23,986 - INFO - backend.bots.workbot.work_bot.WorkBot - (work_bot.py:146) - [Order Update] Initiating update protocol for Bakery / Peters Supply / 20251209.
2025-12-09 07:56:24,032 - INFO - backend.bots.workbot.work_bot.WorkBot - (work_bot.py:109) - [PDF] Ingested: Order.pdf for Bakery/Peters Supply
2025-12-09 07:56:24,032 - INFO - backend.bots.workbot.work_bot.WorkBot - (work_bot.py:146) - [Order Update] Initiating update protocol for Bakery / Johnston Paper / 20251209.
2025-12-09 07:56:24,076 - INFO - backend.bots.workbot.work_bot.WorkBot - (work_bot.py:109) - [PDF] Ingested: Order.pdf for Bakery/Johnston Paper
2025-12-09 07:56:24,076 - INFO - backend.bots.workbot.work_bot.WorkBot - (work_bot.py:120) - Craftable order sync completed successfully.
2025-12-09 11:52:11,183 - INFO - backend.bots.workbot.work_bot.WorkBot - (work_bot.py:53) - Initializing WorkBot...
2025-12-09 11:52:11,184 - INFO - backend.bots.workbot.work_bot.WorkBot - (work_bot.py:66) - WorkBot initialized successfully.
2025-12-09 11:53:06,585 - INFO - backend.bots.workbot.work_bot.WorkBot - (work_bot.py:146) - [Order Update] Initiating update protocol for Bakery / Hill & Markes / 20251209.
2025-12-09 11:53:06,643 - INFO - backend.bots.workbot.work_bot.WorkBot - (work_bot.py:88) - Bakery's order for Hill & Markes is already up-to-date...skipping.
2025-12-09 11:53:06,644 - INFO - backend.bots.workbot.work_bot.WorkBot - (work_bot.py:146) - [Order Update] Initiating update protocol for Collegetown / Hill & Markes / 20251205.
2025-12-09 11:53:06,681 - INFO - backend.bots.workbot.work_bot.WorkBot - (work_bot.py:88) - Collegetown's order for Hill & Markes is already up-to-date...skipping.
2025-12-09 11:53:06,682 - INFO - backend.bots.workbot.work_bot.WorkBot - (work_bot.py:146) - [Order Update] Initiating update protocol for Downtown / Hill & Markes / 20251205.
2025-12-09 11:53:06,718 - INFO - backend.bots.workbot.work_bot.WorkBot - (work_bot.py:88) - Downtown's order for Hill & Markes is already up-to-date...skipping.
2025-12-09 11:53:06,719 - INFO - backend.bots.workbot.work_bot.WorkBot - (work_bot.py:146) - [Order Update] Initiating update protocol for Easthill / Hill & Markes / 20251204.
2025-12-09 11:53:06,759 - INFO - backend.bots.workbot.work_bot.WorkBot - (work_bot.py:88) - Easthill's order for Hill & Markes is already up-to-date...skipping.
2025-12-09 11:53:06,759 - INFO - backend.bots.workbot.work_bot.WorkBot - (work_bot.py:146) - [Order Update] Initiating update protocol for Syracuse / Hill & Markes / 20251205.
2025-12-09 11:53:06,796 - INFO - backend.bots.workbot.work_bot.WorkBot - (work_bot.py:88) - Syracuse's order for Hill & Markes is already up-to-date...skipping.
2025-12-09 11:53:06,796 - INFO - backend.bots.workbot.work_bot.WorkBot - (work_bot.py:146) - [Order Update] Initiating update protocol for Triphammer / Hill & Markes / 20251205.
2025-12-09 11:53:06,835 - INFO - backend.bots.workbot.work_bot.WorkBot - (work_bot.py:88) - Triphammer's order for Hill & Markes is already up-to-date...skipping.
2025-12-09 11:53:06,836 - INFO - backend.bots.workbot.work_bot.WorkBot - (work_bot.py:120) - Craftable order sync completed successfully.
2025-12-09 11:56:33,114 - INFO - backend.bots.workbot.work_bot.WorkBot - (work_bot.py:261) - Generating vendor upload files for stores=['Bakery', 'Collegetown', 'Downtown', 'Easthill', 'Syracuse', 'Triphammer'], vendors=['Hill & Markes'], start_date=None, end_date=None
2025-12-09 11:56:33,114 - INFO - backend.bots.workbot.work_bot.WorkBot - (work_bot.py:176) - Retrieving orders for: stores=['Bakery', 'Collegetown', 'Downtown', 'Easthill', 'Syracuse', 'Triphammer'], vendors=['Hill & Markes']
2025-12-09 11:56:33,262 - INFO - backend.bots.workbot.work_bot.WorkBot - (work_bot.py:265) - Found 6 orders to process.
2025-12-09 11:56:33,278 - INFO - backend.bots.workbot.work_bot.WorkBot - (work_bot.py:278) - Context map built with 6 entries. Delegating to OrderServices.
2025-12-09 11:56:33,547 - INFO - backend.bots.workbot.work_bot.WorkBot - (work_bot.py:288) - Vendor upload file generation complete. 6 files created.
2025-12-10 07:31:22,827 - INFO - backend.bots.workbot.work_bot.WorkBot - (work_bot.py:53) - Initializing WorkBot...
2025-12-10 07:31:22,828 - INFO - backend.bots.workbot.work_bot.WorkBot - (work_bot.py:66) - WorkBot initialized successfully.
2025-12-10 07:40:45,821 - INFO - backend.bots.workbot.work_bot.WorkBot - (work_bot.py:146) - [Order Update] Initiating update protocol for Bakery / DUTCH VALLEY FOOD DIST / 20251130.
2025-12-10 07:40:45,936 - INFO - backend.bots.workbot.work_bot.WorkBot - (work_bot.py:88) - Bakery's order for DUTCH VALLEY FOOD DIST is already up-to-date...skipping.
2025-12-10 07:40:45,937 - INFO - backend.bots.workbot.work_bot.WorkBot - (work_bot.py:146) - [Order Update] Initiating update protocol for Bakery / Grandma's Coffee Cake / 20251203.
2025-12-10 07:40:46,000 - INFO - backend.bots.workbot.work_bot.WorkBot - (work_bot.py:109) - [PDF] Ingested: Order.pdf for Bakery/Grandma's Coffee Cake
2025-12-10 07:40:46,001 - INFO - backend.bots.workbot.work_bot.WorkBot - (work_bot.py:146) - [Order Update] Initiating update protocol for Bakery / Coffee Depot LLC / 20251206.
2025-12-10 07:40:46,060 - INFO - backend.bots.workbot.work_bot.WorkBot - (work_bot.py:109) - [PDF] Ingested: Order.pdf for Bakery/Coffee Depot LLC
2025-12-10 07:40:46,061 - INFO - backend.bots.workbot.work_bot.WorkBot - (work_bot.py:146) - [Order Update] Initiating update protocol for Bakery / UNFI / 20251206.
2025-12-10 07:40:46,098 - INFO - backend.bots.workbot.work_bot.WorkBot - (work_bot.py:88) - Bakery's order for UNFI is already up-to-date...skipping.
2025-12-10 07:40:46,099 - INFO - backend.bots.workbot.work_bot.WorkBot - (work_bot.py:146) - [Order Update] Initiating update protocol for Bakery / Hillcrest Dairy / 20251206.
2025-12-10 07:40:46,136 - INFO - backend.bots.workbot.work_bot.WorkBot - (work_bot.py:88) - Bakery's order for Hillcrest Dairy is already up-to-date...skipping.
2025-12-10 07:40:46,137 - INFO - backend.bots.workbot.work_bot.WorkBot - (work_bot.py:146) - [Order Update] Initiating update protocol for Bakery / US Foods / 20251207.
2025-12-10 07:40:46,184 - INFO - backend.bots.workbot.work_bot.WorkBot - (work_bot.py:88) - Bakery's order for US Foods is already up-to-date...skipping.
2025-12-10 07:40:46,185 - INFO - backend.bots.workbot.work_bot.WorkBot - (work_bot.py:146) - [Order Update] Initiating update protocol for Bakery / Webstaurant / 20251207.
2025-12-10 07:40:46,223 - INFO - backend.bots.workbot.work_bot.WorkBot - (work_bot.py:88) - Bakery's order for Webstaurant is already up-to-date...skipping.
2025-12-10 07:40:46,223 - INFO - backend.bots.workbot.work_bot.WorkBot - (work_bot.py:146) - [Order Update] Initiating update protocol for Bakery / Equal Exchange / 20251207.
2025-12-10 07:40:46,260 - INFO - backend.bots.workbot.work_bot.WorkBot - (work_bot.py:88) - Bakery's order for Equal Exchange is already up-to-date...skipping.
2025-12-10 07:40:46,261 - INFO - backend.bots.workbot.work_bot.WorkBot - (work_bot.py:146) - [Order Update] Initiating update protocol for Bakery / Copper Horse Coffee / 20251207.
2025-12-10 07:40:46,321 - INFO - backend.bots.workbot.work_bot.WorkBot - (work_bot.py:109) - [PDF] Ingested: Order.pdf for Bakery/Copper Horse Coffee
2025-12-10 07:40:46,321 - INFO - backend.bots.workbot.work_bot.WorkBot - (work_bot.py:146) - [Order Update] Initiating update protocol for Bakery / Coca-Cola / 20251207.
2025-12-10 07:40:46,357 - INFO - backend.bots.workbot.work_bot.WorkBot - (work_bot.py:88) - Bakery's order for Coca-Cola is already up-to-date...skipping.
2025-12-10 07:40:46,358 - INFO - backend.bots.workbot.work_bot.WorkBot - (work_bot.py:146) - [Order Update] Initiating update protocol for Bakery / Hillcrest Foods / 20251208.
2025-12-10 07:40:46,397 - INFO - backend.bots.workbot.work_bot.WorkBot - (work_bot.py:88) - Bakery's order for Hillcrest Foods is already up-to-date...skipping.
2025-12-10 07:40:46,398 - INFO - backend.bots.workbot.work_bot.WorkBot - (work_bot.py:146) - [Order Update] Initiating update protocol for Bakery / Lentz / 20251208.
2025-12-10 07:40:46,436 - INFO - backend.bots.workbot.work_bot.WorkBot - (work_bot.py:88) - Bakery's order for Lentz is already up-to-date...skipping.
2025-12-10 07:40:46,437 - INFO - backend.bots.workbot.work_bot.WorkBot - (work_bot.py:146) - [Order Update] Initiating update protocol for Bakery / Regional Distributors, Inc. / 20251208.
2025-12-10 07:40:46,474 - INFO - backend.bots.workbot.work_bot.WorkBot - (work_bot.py:88) - Bakery's order for Regional Distributors, Inc. is already up-to-date...skipping.
2025-12-10 07:40:46,476 - INFO - backend.bots.workbot.work_bot.WorkBot - (work_bot.py:146) - [Order Update] Initiating update protocol for Bakery / BALKAN BEVERAGE LLC / 20251208.
2025-12-10 07:40:46,512 - INFO - backend.bots.workbot.work_bot.WorkBot - (work_bot.py:88) - Bakery's order for BALKAN BEVERAGE LLC is already up-to-date...skipping.
2025-12-10 07:40:46,513 - INFO - backend.bots.workbot.work_bot.WorkBot - (work_bot.py:146) - [Order Update] Initiating update protocol for Bakery / BJ's / 20251208.
2025-12-10 07:40:46,570 - INFO - backend.bots.workbot.work_bot.WorkBot - (work_bot.py:109) - [PDF] Ingested: Order.pdf for Bakery/BJ's
2025-12-10 07:40:46,571 - INFO - backend.bots.workbot.work_bot.WorkBot - (work_bot.py:146) - [Order Update] Initiating update protocol for Bakery / A.L. George / 20251208.
2025-12-10 07:40:46,608 - INFO - backend.bots.workbot.work_bot.WorkBot - (work_bot.py:88) - Bakery's order for A.L. George is already up-to-date...skipping.
2025-12-10 07:40:46,609 - INFO - backend.bots.workbot.work_bot.WorkBot - (work_bot.py:146) - [Order Update] Initiating update protocol for Bakery / Keck's Food Service / 20251208.
2025-12-10 07:40:46,649 - INFO - backend.bots.workbot.work_bot.WorkBot - (work_bot.py:88) - Bakery's order for Keck's Food Service is already up-to-date...skipping.
2025-12-10 07:40:46,650 - INFO - backend.bots.workbot.work_bot.WorkBot - (work_bot.py:146) - [Order Update] Initiating update protocol for Bakery / Dawn / 20251208.
2025-12-10 07:40:46,687 - INFO - backend.bots.workbot.work_bot.WorkBot - (work_bot.py:88) - Bakery's order for Dawn is already up-to-date...skipping.
2025-12-10 07:40:46,687 - INFO - backend.bots.workbot.work_bot.WorkBot - (work_bot.py:146) - [Order Update] Initiating update protocol for Bakery / Hill & Markes / 20251209.
2025-12-10 07:40:46,725 - INFO - backend.bots.workbot.work_bot.WorkBot - (work_bot.py:88) - Bakery's order for Hill & Markes is already up-to-date...skipping.
2025-12-10 07:40:46,726 - INFO - backend.bots.workbot.work_bot.WorkBot - (work_bot.py:146) - [Order Update] Initiating update protocol for Bakery / Peters Supply / 20251209.
2025-12-10 07:40:46,763 - INFO - backend.bots.workbot.work_bot.WorkBot - (work_bot.py:88) - Bakery's order for Peters Supply is already up-to-date...skipping.
2025-12-10 07:40:46,764 - INFO - backend.bots.workbot.work_bot.WorkBot - (work_bot.py:146) - [Order Update] Initiating update protocol for Bakery / Johnston Paper / 20251209.
2025-12-10 07:40:46,801 - INFO - backend.bots.workbot.work_bot.WorkBot - (work_bot.py:88) - Bakery's order for Johnston Paper is already up-to-date...skipping.
2025-12-10 07:40:46,802 - INFO - backend.bots.workbot.work_bot.WorkBot - (work_bot.py:146) - [Order Update] Initiating update protocol for Bakery / FingerLakes Farms / 20251209.
2025-12-10 07:40:46,860 - INFO - backend.bots.workbot.work_bot.WorkBot - (work_bot.py:109) - [PDF] Ingested: Order.pdf for Bakery/FingerLakes Farms
2025-12-10 07:40:46,861 - INFO - backend.bots.workbot.work_bot.WorkBot - (work_bot.py:146) - [Order Update] Initiating update protocol for Bakery / Sysco / 20251209.
2025-12-10 07:40:46,921 - INFO - backend.bots.workbot.work_bot.WorkBot - (work_bot.py:109) - [PDF] Ingested: Order.pdf for Bakery/Sysco
2025-12-10 07:40:46,922 - INFO - backend.bots.workbot.work_bot.WorkBot - (work_bot.py:146) - [Order Update] Initiating update protocol for Collegetown / Performance Food / 20251205.
2025-12-10 07:40:46,960 - INFO - backend.bots.workbot.work_bot.WorkBot - (work_bot.py:88) - Collegetown's order for Performance Food is already up-to-date...skipping.
2025-12-10 07:40:46,961 - INFO - backend.bots.workbot.work_bot.WorkBot - (work_bot.py:146) - [Order Update] Initiating update protocol for Collegetown / Sysco / 20251205.
2025-12-10 07:40:47,008 - INFO - backend.bots.workbot.work_bot.WorkBot - (work_bot.py:88) - Collegetown's order for Sysco is already up-to-date...skipping.
2025-12-10 07:40:47,009 - INFO - backend.bots.workbot.work_bot.WorkBot - (work_bot.py:146) - [Order Update] Initiating update protocol for Collegetown / Ithaca Bakery / 20251205.
2025-12-10 07:40:47,072 - INFO - backend.bots.workbot.work_bot.WorkBot - (work_bot.py:109) - [PDF] Ingested: Order.pdf for Collegetown/Ithaca Bakery
2025-12-10 07:40:47,073 - INFO - backend.bots.workbot.work_bot.WorkBot - (work_bot.py:146) - [Order Update] Initiating update protocol for Collegetown / US Foods / 20251205.
2025-12-10 07:40:47,112 - INFO - backend.bots.workbot.work_bot.WorkBot - (work_bot.py:88) - Collegetown's order for US Foods is already up-to-date...skipping.
2025-12-10 07:40:47,112 - INFO - backend.bots.workbot.work_bot.WorkBot - (work_bot.py:146) - [Order Update] Initiating update protocol for Collegetown / Hillcrest Dairy / 20251205.
2025-12-10 07:40:47,150 - INFO - backend.bots.workbot.work_bot.WorkBot - (work_bot.py:88) - Collegetown's order for Hillcrest Dairy is already up-to-date...skipping.
2025-12-10 07:40:47,151 - INFO - backend.bots.workbot.work_bot.WorkBot - (work_bot.py:146) - [Order Update] Initiating update protocol for Collegetown / Regional Distributors, Inc. / 20251205.
2025-12-10 07:40:47,189 - INFO - backend.bots.workbot.work_bot.WorkBot - (work_bot.py:88) - Collegetown's order for Regional Distributors, Inc. is already up-to-date...skipping.
2025-12-10 07:40:47,190 - INFO - backend.bots.workbot.work_bot.WorkBot - (work_bot.py:146) - [Order Update] Initiating update protocol for Collegetown / Equal Exchange / 20251205.
2025-12-10 07:40:47,238 - INFO - backend.bots.workbot.work_bot.WorkBot - (work_bot.py:88) - Collegetown's order for Equal Exchange is already up-to-date...skipping.
2025-12-10 07:40:47,239 - INFO - backend.bots.workbot.work_bot.WorkBot - (work_bot.py:146) - [Order Update] Initiating update protocol for Collegetown / Hill & Markes / 20251205.
2025-12-10 07:40:47,282 - INFO - backend.bots.workbot.work_bot.WorkBot - (work_bot.py:88) - Collegetown's order for Hill & Markes is already up-to-date...skipping.
2025-12-10 07:40:47,283 - INFO - backend.bots.workbot.work_bot.WorkBot - (work_bot.py:146) - [Order Update] Initiating update protocol for Collegetown / Coca-Cola / 20251205.
2025-12-10 07:40:47,322 - INFO - backend.bots.workbot.work_bot.WorkBot - (work_bot.py:88) - Collegetown's order for Coca-Cola is already up-to-date...skipping.
2025-12-10 07:40:47,323 - INFO - backend.bots.workbot.work_bot.WorkBot - (work_bot.py:146) - [Order Update] Initiating update protocol for Collegetown / Peters Supply / 20251205.
2025-12-10 07:40:47,362 - INFO - backend.bots.workbot.work_bot.WorkBot - (work_bot.py:88) - Collegetown's order for Peters Supply is already up-to-date...skipping.
2025-12-10 07:40:47,363 - INFO - backend.bots.workbot.work_bot.WorkBot - (work_bot.py:146) - [Order Update] Initiating update protocol for Collegetown / Coffee Depot LLC / 20251205.
2025-12-10 07:40:47,434 - INFO - backend.bots.workbot.work_bot.WorkBot - (work_bot.py:109) - [PDF] Ingested: Order.pdf for Collegetown/Coffee Depot LLC
2025-12-10 07:40:47,435 - INFO - backend.bots.workbot.work_bot.WorkBot - (work_bot.py:146) - [Order Update] Initiating update protocol for Collegetown / FingerLakes Farms / 20251205.
2025-12-10 07:40:47,510 - INFO - backend.bots.workbot.work_bot.WorkBot - (work_bot.py:109) - [PDF] Ingested: Order.pdf for Collegetown/FingerLakes Farms
2025-12-10 07:40:47,511 - INFO - backend.bots.workbot.work_bot.WorkBot - (work_bot.py:146) - [Order Update] Initiating update protocol for Collegetown / A.L. George / 20251205.
2025-12-10 07:40:47,551 - INFO - backend.bots.workbot.work_bot.WorkBot - (work_bot.py:88) - Collegetown's order for A.L. George is already up-to-date...skipping.
2025-12-10 07:40:47,553 - INFO - backend.bots.workbot.work_bot.WorkBot - (work_bot.py:146) - [Order Update] Initiating update protocol for Collegetown / UNFI / 20251205.
2025-12-10 07:40:47,591 - INFO - backend.bots.workbot.work_bot.WorkBot - (work_bot.py:88) - Collegetown's order for UNFI is already up-to-date...skipping.
2025-12-10 07:40:47,592 - INFO - backend.bots.workbot.work_bot.WorkBot - (work_bot.py:146) - [Order Update] Initiating update protocol for Collegetown / BALKAN BEVERAGE LLC / 20251205.
2025-12-10 07:40:47,628 - INFO - backend.bots.workbot.work_bot.WorkBot - (work_bot.py:88) - Collegetown's order for BALKAN BEVERAGE LLC is already up-to-date...skipping.
2025-12-10 07:40:47,629 - INFO - backend.bots.workbot.work_bot.WorkBot - (work_bot.py:146) - [Order Update] Initiating update protocol for Downtown / Hill & Markes / 20251205.
2025-12-10 07:40:47,666 - INFO - backend.bots.workbot.work_bot.WorkBot - (work_bot.py:88) - Downtown's order for Hill & Markes is already up-to-date...skipping.
2025-12-10 07:40:47,667 - INFO - backend.bots.workbot.work_bot.WorkBot - (work_bot.py:146) - [Order Update] Initiating update protocol for Downtown / US Foods / 20251205.
2025-12-10 07:40:47,705 - INFO - backend.bots.workbot.work_bot.WorkBot - (work_bot.py:88) - Downtown's order for US Foods is already up-to-date...skipping.
2025-12-10 07:40:47,706 - INFO - backend.bots.workbot.work_bot.WorkBot - (work_bot.py:146) - [Order Update] Initiating update protocol for Downtown / Equal Exchange / 20251205.
2025-12-10 07:40:47,742 - INFO - backend.bots.workbot.work_bot.WorkBot - (work_bot.py:88) - Downtown's order for Equal Exchange is already up-to-date...skipping.
2025-12-10 07:40:47,743 - INFO - backend.bots.workbot.work_bot.WorkBot - (work_bot.py:146) - [Order Update] Initiating update protocol for Downtown / Ithaca Bakery / 20251205.
2025-12-10 07:40:47,804 - INFO - backend.bots.workbot.work_bot.WorkBot - (work_bot.py:109) - [PDF] Ingested: Order.pdf for Downtown/Ithaca Bakery
2025-12-10 07:40:47,805 - INFO - backend.bots.workbot.work_bot.WorkBot - (work_bot.py:146) - [Order Update] Initiating update protocol for Downtown / Regional Distributors, Inc. / 20251205.
2025-12-10 07:40:47,842 - INFO - backend.bots.workbot.work_bot.WorkBot - (work_bot.py:88) - Downtown's order for Regional Distributors, Inc. is already up-to-date...skipping.
2025-12-10 07:40:47,843 - INFO - backend.bots.workbot.work_bot.WorkBot - (work_bot.py:146) - [Order Update] Initiating update protocol for Downtown / FingerLakes Farms / 20251205.
2025-12-10 07:40:47,903 - INFO - backend.bots.workbot.work_bot.WorkBot - (work_bot.py:109) - [PDF] Ingested: Order.pdf for Downtown/FingerLakes Farms
2025-12-10 07:40:47,903 - INFO - backend.bots.workbot.work_bot.WorkBot - (work_bot.py:146) - [Order Update] Initiating update protocol for Downtown / Performance Food / 20251205.
2025-12-10 07:40:47,940 - INFO - backend.bots.workbot.work_bot.WorkBot - (work_bot.py:88) - Downtown's order for Performance Food is already up-to-date...skipping.
2025-12-10 07:40:47,941 - INFO - backend.bots.workbot.work_bot.WorkBot - (work_bot.py:146) - [Order Update] Initiating update protocol for Downtown / Coca-Cola / 20251205.
2025-12-10 07:40:47,978 - INFO - backend.bots.workbot.work_bot.WorkBot - (work_bot.py:88) - Downtown's order for Coca-Cola is already up-to-date...skipping.
2025-12-10 07:40:47,979 - INFO - backend.bots.workbot.work_bot.WorkBot - (work_bot.py:146) - [Order Update] Initiating update protocol for Downtown / UNFI / 20251205.
2025-12-10 07:40:48,016 - INFO - backend.bots.workbot.work_bot.WorkBot - (work_bot.py:88) - Downtown's order for UNFI is already up-to-date...skipping.
2025-12-10 07:40:48,017 - INFO - backend.bots.workbot.work_bot.WorkBot - (work_bot.py:146) - [Order Update] Initiating update protocol for Downtown / Hillcrest Dairy / 20251205.
2025-12-10 07:40:48,054 - INFO - backend.bots.workbot.work_bot.WorkBot - (work_bot.py:88) - Downtown's order for Hillcrest Dairy is already up-to-date...skipping.
2025-12-10 07:40:48,055 - INFO - backend.bots.workbot.work_bot.WorkBot - (work_bot.py:146) - [Order Update] Initiating update protocol for Downtown / Sysco / 20251205.
2025-12-10 07:40:48,092 - INFO - backend.bots.workbot.work_bot.WorkBot - (work_bot.py:88) - Downtown's order for Sysco is already up-to-date...skipping.
2025-12-10 07:40:48,093 - INFO - backend.bots.workbot.work_bot.WorkBot - (work_bot.py:146) - [Order Update] Initiating update protocol for Downtown / Peters Supply / 20251205.
2025-12-10 07:40:48,131 - INFO - backend.bots.workbot.work_bot.WorkBot - (work_bot.py:88) - Downtown's order for Peters Supply is already up-to-date...skipping.
2025-12-10 07:40:48,132 - INFO - backend.bots.workbot.work_bot.WorkBot - (work_bot.py:146) - [Order Update] Initiating update protocol for Downtown / Coffee Depot LLC / 20251205.
2025-12-10 07:40:48,190 - INFO - backend.bots.workbot.work_bot.WorkBot - (work_bot.py:109) - [PDF] Ingested: Order.pdf for Downtown/Coffee Depot LLC
2025-12-10 07:40:48,191 - INFO - backend.bots.workbot.work_bot.WorkBot - (work_bot.py:146) - [Order Update] Initiating update protocol for Downtown / Johnston Paper / 20251205.
2025-12-10 07:40:48,228 - INFO - backend.bots.workbot.work_bot.WorkBot - (work_bot.py:88) - Downtown's order for Johnston Paper is already up-to-date...skipping.
2025-12-10 07:40:48,229 - INFO - backend.bots.workbot.work_bot.WorkBot - (work_bot.py:146) - [Order Update] Initiating update protocol for Downtown / Motherworks,LLC / 20251206.
2025-12-10 07:40:48,266 - INFO - backend.bots.workbot.work_bot.WorkBot - (work_bot.py:88) - Downtown's order for Motherworks,LLC is already up-to-date...skipping.
2025-12-10 07:40:48,266 - INFO - backend.bots.workbot.work_bot.WorkBot - (work_bot.py:146) - [Order Update] Initiating update protocol for Easthill / Copper Horse Coffee / 20251204.
2025-12-10 07:40:48,324 - INFO - backend.bots.workbot.work_bot.WorkBot - (work_bot.py:109) - [PDF] Ingested: Order.pdf for Easthill/Copper Horse Coffee
2025-12-10 07:40:48,324 - INFO - backend.bots.workbot.work_bot.WorkBot - (work_bot.py:146) - [Order Update] Initiating update protocol for Easthill / UNFI / 20251204.
2025-12-10 07:40:48,361 - INFO - backend.bots.workbot.work_bot.WorkBot - (work_bot.py:88) - Easthill's order for UNFI is already up-to-date...skipping.
2025-12-10 07:40:48,362 - INFO - backend.bots.workbot.work_bot.WorkBot - (work_bot.py:146) - [Order Update] Initiating update protocol for Easthill / DUTCH VALLEY FOOD DIST / 20251204.
2025-12-10 07:40:48,401 - INFO - backend.bots.workbot.work_bot.WorkBot - (work_bot.py:88) - Easthill's order for DUTCH VALLEY FOOD DIST is already up-to-date...skipping.
2025-12-10 07:40:48,402 - INFO - backend.bots.workbot.work_bot.WorkBot - (work_bot.py:146) - [Order Update] Initiating update protocol for Easthill / Ithaca Bakery / 20251204.
2025-12-10 07:40:48,463 - INFO - backend.bots.workbot.work_bot.WorkBot - (work_bot.py:109) - [PDF] Ingested: Order.pdf for Easthill/Ithaca Bakery
2025-12-10 07:40:48,464 - INFO - backend.bots.workbot.work_bot.WorkBot - (work_bot.py:146) - [Order Update] Initiating update protocol for Easthill / Creative Converting / 20251204.
2025-12-10 07:40:48,500 - INFO - backend.bots.workbot.work_bot.WorkBot - (work_bot.py:88) - Easthill's order for Creative Converting is already up-to-date...skipping.
2025-12-10 07:40:48,501 - INFO - backend.bots.workbot.work_bot.WorkBot - (work_bot.py:146) - [Order Update] Initiating update protocol for Easthill / Hillcrest Dairy / 20251204.
2025-12-10 07:40:48,538 - INFO - backend.bots.workbot.work_bot.WorkBot - (work_bot.py:88) - Easthill's order for Hillcrest Dairy is already up-to-date...skipping.
2025-12-10 07:40:48,538 - INFO - backend.bots.workbot.work_bot.WorkBot - (work_bot.py:146) - [Order Update] Initiating update protocol for Easthill / Performance Food / 20251204.
2025-12-10 07:40:48,576 - INFO - backend.bots.workbot.work_bot.WorkBot - (work_bot.py:88) - Easthill's order for Performance Food is already up-to-date...skipping.
2025-12-10 07:40:48,577 - INFO - backend.bots.workbot.work_bot.WorkBot - (work_bot.py:146) - [Order Update] Initiating update protocol for Easthill / Equal Exchange / 20251204.
2025-12-10 07:40:48,614 - INFO - backend.bots.workbot.work_bot.WorkBot - (work_bot.py:88) - Easthill's order for Equal Exchange is already up-to-date...skipping.
2025-12-10 07:40:48,614 - INFO - backend.bots.workbot.work_bot.WorkBot - (work_bot.py:146) - [Order Update] Initiating update protocol for Easthill / US Foods / 20251204.
2025-12-10 07:40:48,652 - INFO - backend.bots.workbot.work_bot.WorkBot - (work_bot.py:88) - Easthill's order for US Foods is already up-to-date...skipping.
2025-12-10 07:40:48,653 - INFO - backend.bots.workbot.work_bot.WorkBot - (work_bot.py:146) - [Order Update] Initiating update protocol for Easthill / Sysco / 20251204.
2025-12-10 07:40:48,693 - INFO - backend.bots.workbot.work_bot.WorkBot - (work_bot.py:88) - Easthill's order for Sysco is already up-to-date...skipping.
2025-12-10 07:40:48,694 - INFO - backend.bots.workbot.work_bot.WorkBot - (work_bot.py:146) - [Order Update] Initiating update protocol for Easthill / Regional Distributors, Inc. / 20251204.
2025-12-10 07:40:48,733 - INFO - backend.bots.workbot.work_bot.WorkBot - (work_bot.py:88) - Easthill's order for Regional Distributors, Inc. is already up-to-date...skipping.
2025-12-10 07:40:48,734 - INFO - backend.bots.workbot.work_bot.WorkBot - (work_bot.py:146) - [Order Update] Initiating update protocol for Easthill / FingerLakes Farms / 20251204.
2025-12-10 07:40:48,771 - INFO - backend.bots.workbot.work_bot.WorkBot - (work_bot.py:88) - Easthill's order for FingerLakes Farms is already up-to-date...skipping.
2025-12-10 07:40:48,771 - INFO - backend.bots.workbot.work_bot.WorkBot - (work_bot.py:146) - [Order Update] Initiating update protocol for Easthill / Coffee Depot LLC / 20251204.
2025-12-10 07:40:48,830 - INFO - backend.bots.workbot.work_bot.WorkBot - (work_bot.py:109) - [PDF] Ingested: Order.pdf for Easthill/Coffee Depot LLC
2025-12-10 07:40:48,831 - INFO - backend.bots.workbot.work_bot.WorkBot - (work_bot.py:146) - [Order Update] Initiating update protocol for Easthill / Coca-Cola / 20251204.
2025-12-10 07:40:48,867 - INFO - backend.bots.workbot.work_bot.WorkBot - (work_bot.py:88) - Easthill's order for Coca-Cola is already up-to-date...skipping.
2025-12-10 07:40:48,868 - INFO - backend.bots.workbot.work_bot.WorkBot - (work_bot.py:146) - [Order Update] Initiating update protocol for Easthill / Peters Supply / 20251204.
2025-12-10 07:40:48,904 - INFO - backend.bots.workbot.work_bot.WorkBot - (work_bot.py:88) - Easthill's order for Peters Supply is already up-to-date...skipping.
2025-12-10 07:40:48,905 - INFO - backend.bots.workbot.work_bot.WorkBot - (work_bot.py:146) - [Order Update] Initiating update protocol for Easthill / Johnston Paper / 20251204.
2025-12-10 07:40:48,943 - INFO - backend.bots.workbot.work_bot.WorkBot - (work_bot.py:88) - Easthill's order for Johnston Paper is already up-to-date...skipping.
2025-12-10 07:40:48,944 - INFO - backend.bots.workbot.work_bot.WorkBot - (work_bot.py:146) - [Order Update] Initiating update protocol for Easthill / Hill & Markes / 20251204.
2025-12-10 07:40:48,980 - INFO - backend.bots.workbot.work_bot.WorkBot - (work_bot.py:88) - Easthill's order for Hill & Markes is already up-to-date...skipping.
2025-12-10 07:40:48,981 - INFO - backend.bots.workbot.work_bot.WorkBot - (work_bot.py:146) - [Order Update] Initiating update protocol for Syracuse / Regional Distributors, Inc. / 20251205.
2025-12-10 07:40:49,019 - INFO - backend.bots.workbot.work_bot.WorkBot - (work_bot.py:88) - Syracuse's order for Regional Distributors, Inc. is already up-to-date...skipping.
2025-12-10 07:40:49,020 - INFO - backend.bots.workbot.work_bot.WorkBot - (work_bot.py:146) - [Order Update] Initiating update protocol for Syracuse / US Foods / 20251205.
2025-12-10 07:40:49,058 - INFO - backend.bots.workbot.work_bot.WorkBot - (work_bot.py:88) - Syracuse's order for US Foods is already up-to-date...skipping.
2025-12-10 07:40:49,059 - INFO - backend.bots.workbot.work_bot.WorkBot - (work_bot.py:146) - [Order Update] Initiating update protocol for Syracuse / Ithaca Bakery / 20251205.
2025-12-10 07:40:49,117 - INFO - backend.bots.workbot.work_bot.WorkBot - (work_bot.py:109) - [PDF] Ingested: Order.pdf for Syracuse/Ithaca Bakery
2025-12-10 07:40:49,118 - INFO - backend.bots.workbot.work_bot.WorkBot - (work_bot.py:146) - [Order Update] Initiating update protocol for Syracuse / Performance Food / 20251205.
2025-12-10 07:40:49,158 - INFO - backend.bots.workbot.work_bot.WorkBot - (work_bot.py:88) - Syracuse's order for Performance Food is already up-to-date...skipping.
2025-12-10 07:40:49,159 - INFO - backend.bots.workbot.work_bot.WorkBot - (work_bot.py:146) - [Order Update] Initiating update protocol for Syracuse / UNFI / 20251205.
2025-12-10 07:40:49,196 - INFO - backend.bots.workbot.work_bot.WorkBot - (work_bot.py:88) - Syracuse's order for UNFI is already up-to-date...skipping.
2025-12-10 07:40:49,197 - INFO - backend.bots.workbot.work_bot.WorkBot - (work_bot.py:146) - [Order Update] Initiating update protocol for Syracuse / Sysco / 20251205.
2025-12-10 07:40:49,233 - INFO - backend.bots.workbot.work_bot.WorkBot - (work_bot.py:88) - Syracuse's order for Sysco is already up-to-date...skipping.
2025-12-10 07:40:49,234 - INFO - backend.bots.workbot.work_bot.WorkBot - (work_bot.py:146) - [Order Update] Initiating update protocol for Syracuse / FingerLakes Farms / 20251205.
2025-12-10 07:40:49,270 - INFO - backend.bots.workbot.work_bot.WorkBot - (work_bot.py:88) - Syracuse's order for FingerLakes Farms is already up-to-date...skipping.
2025-12-10 07:40:49,271 - INFO - backend.bots.workbot.work_bot.WorkBot - (work_bot.py:146) - [Order Update] Initiating update protocol for Syracuse / Hillcrest Dairy / 20251205.
2025-12-10 07:40:49,307 - INFO - backend.bots.workbot.work_bot.WorkBot - (work_bot.py:88) - Syracuse's order for Hillcrest Dairy is already up-to-date...skipping.
2025-12-10 07:40:49,308 - INFO - backend.bots.workbot.work_bot.WorkBot - (work_bot.py:146) - [Order Update] Initiating update protocol for Syracuse / Hill & Markes / 20251205.
2025-12-10 07:40:49,345 - INFO - backend.bots.workbot.work_bot.WorkBot - (work_bot.py:88) - Syracuse's order for Hill & Markes is already up-to-date...skipping.
2025-12-10 07:40:49,346 - INFO - backend.bots.workbot.work_bot.WorkBot - (work_bot.py:146) - [Order Update] Initiating update protocol for Syracuse / Coffee Depot LLC / 20251205.
2025-12-10 07:40:49,405 - INFO - backend.bots.workbot.work_bot.WorkBot - (work_bot.py:109) - [PDF] Ingested: Order.pdf for Syracuse/Coffee Depot LLC
2025-12-10 07:40:49,405 - INFO - backend.bots.workbot.work_bot.WorkBot - (work_bot.py:146) - [Order Update] Initiating update protocol for Syracuse / Equal Exchange / 20251205.
2025-12-10 07:40:49,442 - INFO - backend.bots.workbot.work_bot.WorkBot - (work_bot.py:88) - Syracuse's order for Equal Exchange is already up-to-date...skipping.
2025-12-10 07:40:49,443 - INFO - backend.bots.workbot.work_bot.WorkBot - (work_bot.py:146) - [Order Update] Initiating update protocol for Syracuse / Peters Supply / 20251205.
2025-12-10 07:40:49,483 - INFO - backend.bots.workbot.work_bot.WorkBot - (work_bot.py:88) - Syracuse's order for Peters Supply is already up-to-date...skipping.
2025-12-10 07:40:49,484 - INFO - backend.bots.workbot.work_bot.WorkBot - (work_bot.py:146) - [Order Update] Initiating update protocol for Syracuse / DUTCH VALLEY FOOD DIST / 20251205.
2025-12-10 07:40:49,521 - INFO - backend.bots.workbot.work_bot.WorkBot - (work_bot.py:88) - Syracuse's order for DUTCH VALLEY FOOD DIST is already up-to-date...skipping.
2025-12-10 07:40:49,522 - INFO - backend.bots.workbot.work_bot.WorkBot - (work_bot.py:146) - [Order Update] Initiating update protocol for Triphammer / Sysco / 20251205.
2025-12-10 07:40:49,562 - INFO - backend.bots.workbot.work_bot.WorkBot - (work_bot.py:88) - Triphammer's order for Sysco is already up-to-date...skipping.
2025-12-10 07:40:49,563 - INFO - backend.bots.workbot.work_bot.WorkBot - (work_bot.py:146) - [Order Update] Initiating update protocol for Triphammer / Performance Food / 20251205.
2025-12-10 07:40:49,603 - INFO - backend.bots.workbot.work_bot.WorkBot - (work_bot.py:88) - Triphammer's order for Performance Food is already up-to-date...skipping.
2025-12-10 07:40:49,604 - INFO - backend.bots.workbot.work_bot.WorkBot - (work_bot.py:146) - [Order Update] Initiating update protocol for Triphammer / Ithaca Bakery / 20251205.
2025-12-10 07:40:49,665 - INFO - backend.bots.workbot.work_bot.WorkBot - (work_bot.py:109) - [PDF] Ingested: Order.pdf for Triphammer/Ithaca Bakery
2025-12-10 07:40:49,666 - INFO - backend.bots.workbot.work_bot.WorkBot - (work_bot.py:146) - [Order Update] Initiating update protocol for Triphammer / US Foods / 20251205.
2025-12-10 07:40:49,707 - INFO - backend.bots.workbot.work_bot.WorkBot - (work_bot.py:88) - Triphammer's order for US Foods is already up-to-date...skipping.
2025-12-10 07:40:49,708 - INFO - backend.bots.workbot.work_bot.WorkBot - (work_bot.py:146) - [Order Update] Initiating update protocol for Triphammer / FingerLakes Farms / 20251205.
2025-12-10 07:40:49,771 - INFO - backend.bots.workbot.work_bot.WorkBot - (work_bot.py:109) - [PDF] Ingested: Order.pdf for Triphammer/FingerLakes Farms
2025-12-10 07:40:49,772 - INFO - backend.bots.workbot.work_bot.WorkBot - (work_bot.py:146) - [Order Update] Initiating update protocol for Triphammer / UNFI / 20251205.
2025-12-10 07:40:49,809 - INFO - backend.bots.workbot.work_bot.WorkBot - (work_bot.py:88) - Triphammer's order for UNFI is already up-to-date...skipping.
2025-12-10 07:40:49,810 - INFO - backend.bots.workbot.work_bot.WorkBot - (work_bot.py:146) - [Order Update] Initiating update protocol for Triphammer / Hillcrest Dairy / 20251205.
2025-12-10 07:40:49,848 - INFO - backend.bots.workbot.work_bot.WorkBot - (work_bot.py:88) - Triphammer's order for Hillcrest Dairy is already up-to-date...skipping.
2025-12-10 07:40:49,849 - INFO - backend.bots.workbot.work_bot.WorkBot - (work_bot.py:146) - [Order Update] Initiating update protocol for Triphammer / Peters Supply / 20251205.
2025-12-10 07:40:49,915 - INFO - backend.bots.workbot.work_bot.WorkBot - (work_bot.py:88) - Triphammer's order for Peters Supply is already up-to-date...skipping.
2025-12-10 07:40:49,915 - INFO - backend.bots.workbot.work_bot.WorkBot - (work_bot.py:146) - [Order Update] Initiating update protocol for Triphammer / Johnston Paper / 20251205.
2025-12-10 07:40:49,971 - INFO - backend.bots.workbot.work_bot.WorkBot - (work_bot.py:88) - Triphammer's order for Johnston Paper is already up-to-date...skipping.
2025-12-10 07:40:49,972 - INFO - backend.bots.workbot.work_bot.WorkBot - (work_bot.py:146) - [Order Update] Initiating update protocol for Triphammer / Regional Distributors, Inc. / 20251205.
2025-12-10 07:40:50,012 - INFO - backend.bots.workbot.work_bot.WorkBot - (work_bot.py:88) - Triphammer's order for Regional Distributors, Inc. is already up-to-date...skipping.
2025-12-10 07:40:50,013 - INFO - backend.bots.workbot.work_bot.WorkBot - (work_bot.py:146) - [Order Update] Initiating update protocol for Triphammer / Hill & Markes / 20251205.
2025-12-10 07:40:50,056 - INFO - backend.bots.workbot.work_bot.WorkBot - (work_bot.py:88) - Triphammer's order for Hill & Markes is already up-to-date...skipping.
2025-12-10 07:40:50,057 - INFO - backend.bots.workbot.work_bot.WorkBot - (work_bot.py:146) - [Order Update] Initiating update protocol for Triphammer / Copper Horse Coffee / 20251205.
2025-12-10 07:40:50,130 - INFO - backend.bots.workbot.work_bot.WorkBot - (work_bot.py:109) - [PDF] Ingested: Order.pdf for Triphammer/Copper Horse Coffee
2025-12-10 07:40:50,131 - INFO - backend.bots.workbot.work_bot.WorkBot - (work_bot.py:146) - [Order Update] Initiating update protocol for Triphammer / Equal Exchange / 20251205.
2025-12-10 07:40:50,181 - INFO - backend.bots.workbot.work_bot.WorkBot - (work_bot.py:88) - Triphammer's order for Equal Exchange is already up-to-date...skipping.
2025-12-10 07:40:50,182 - INFO - backend.bots.workbot.work_bot.WorkBot - (work_bot.py:146) - [Order Update] Initiating update protocol for Triphammer / Coffee Depot LLC / 20251205.
2025-12-10 07:40:50,252 - INFO - backend.bots.workbot.work_bot.WorkBot - (work_bot.py:109) - [PDF] Ingested: Order.pdf for Triphammer/Coffee Depot LLC
2025-12-10 07:40:50,253 - INFO - backend.bots.workbot.work_bot.WorkBot - (work_bot.py:146) - [Order Update] Initiating update protocol for Triphammer / Coca-Cola / 20251205.
2025-12-10 07:40:50,295 - INFO - backend.bots.workbot.work_bot.WorkBot - (work_bot.py:88) - Triphammer's order for Coca-Cola is already up-to-date...skipping.
2025-12-10 07:40:50,296 - INFO - backend.bots.workbot.work_bot.WorkBot - (work_bot.py:146) - [Order Update] Initiating update protocol for Triphammer / A.L. George / 20251205.
2025-12-10 07:40:50,335 - INFO - backend.bots.workbot.work_bot.WorkBot - (work_bot.py:88) - Triphammer's order for A.L. George is already up-to-date...skipping.
2025-12-10 07:40:50,336 - INFO - backend.bots.workbot.work_bot.WorkBot - (work_bot.py:146) - [Order Update] Initiating update protocol for Triphammer / Webstaurant / 20251205.
2025-12-10 07:40:50,377 - INFO - backend.bots.workbot.work_bot.WorkBot - (work_bot.py:88) - Triphammer's order for Webstaurant is already up-to-date...skipping.
2025-12-10 07:40:50,378 - INFO - backend.bots.workbot.work_bot.WorkBot - (work_bot.py:146) - [Order Update] Initiating update protocol for Triphammer / Fingerlakes Artisen Foods / 20251207.
2025-12-10 07:40:50,443 - INFO - backend.bots.workbot.work_bot.WorkBot - (work_bot.py:109) - [PDF] Ingested: Order.pdf for Triphammer/Fingerlakes Artisen Foods
2025-12-10 07:40:50,443 - INFO - backend.bots.workbot.work_bot.WorkBot - (work_bot.py:146) - [Order Update] Initiating update protocol for Triphammer / Vegan Epicure / 20251207.
2025-12-10 07:40:50,482 - INFO - backend.bots.workbot.work_bot.WorkBot - (work_bot.py:88) - Triphammer's order for Vegan Epicure is already up-to-date...skipping.
2025-12-10 07:40:50,483 - INFO - backend.bots.workbot.work_bot.WorkBot - (work_bot.py:146) - [Order Update] Initiating update protocol for Triphammer / Russo Produce / 20251207.
2025-12-10 07:40:50,550 - INFO - backend.bots.workbot.work_bot.WorkBot - (work_bot.py:109) - [PDF] Ingested: Order.pdf for Triphammer/Russo Produce
2025-12-10 07:40:50,551 - INFO - backend.bots.workbot.work_bot.WorkBot - (work_bot.py:120) - Craftable order sync completed successfully.
2025-12-10 10:07:10,526 - INFO - backend.bots.workbot.work_bot.WorkBot - (work_bot.py:53) - Initializing WorkBot...
2025-12-10 10:07:10,526 - INFO - backend.bots.workbot.work_bot.WorkBot - (work_bot.py:66) - WorkBot initialized successfully.
2025-12-10 10:07:18,111 - INFO - backend.bots.workbot.work_bot.WorkBot - (work_bot.py:176) - Retrieving orders for: stores=Sysco, vendors=[None]
2025-12-10 10:07:24,726 - INFO - backend.bots.workbot.work_bot.WorkBot - (work_bot.py:176) - Retrieving orders for: stores=Performance Food, vendors=[None]
2025-12-10 10:08:19,420 - INFO - backend.bots.workbot.work_bot.WorkBot - (work_bot.py:53) - Initializing WorkBot...
2025-12-10 10:08:19,420 - INFO - backend.bots.workbot.work_bot.WorkBot - (work_bot.py:66) - WorkBot initialized successfully.
2025-12-10 10:08:20,759 - INFO - backend.bots.workbot.work_bot.WorkBot - (work_bot.py:176) - Retrieving orders for: stores=None, vendors=['Performance Food']
2025-12-10 10:08:46,193 - INFO - backend.bots.workbot.work_bot.WorkBot - (work_bot.py:53) - Initializing WorkBot...
2025-12-10 10:08:46,194 - INFO - backend.bots.workbot.work_bot.WorkBot - (work_bot.py:66) - WorkBot initialized successfully.
2025-12-10 10:08:47,114 - INFO - backend.bots.workbot.work_bot.WorkBot - (work_bot.py:176) - Retrieving orders for: stores=['Bakery', 'Collegetown', 'Downtown', 'Easthill', 'Syracuse', 'Triphammer'], vendors=['Performance Food']
2025-12-10 10:15:37,634 - INFO - backend.bots.workbot.work_bot.WorkBot - (work_bot.py:53) - Initializing WorkBot...
2025-12-10 10:15:37,634 - INFO - backend.bots.workbot.work_bot.WorkBot - (work_bot.py:66) - WorkBot initialized successfully.
2025-12-10 10:15:38,759 - INFO - backend.bots.workbot.work_bot.WorkBot - (work_bot.py:176) - Retrieving orders for: stores=['Bakery', 'Collegetown', 'Downtown', 'Easthill', 'Syracuse', 'Triphammer'], vendors=['Performance Food']
2025-12-10 10:17:18,013 - INFO - backend.bots.workbot.work_bot.WorkBot - (work_bot.py:53) - Initializing WorkBot...
2025-12-10 10:17:18,014 - INFO - backend.bots.workbot.work_bot.WorkBot - (work_bot.py:66) - WorkBot initialized successfully.
2025-12-10 10:17:33,594 - INFO - backend.bots.workbot.work_bot.WorkBot - (work_bot.py:53) - Initializing WorkBot...
2025-12-10 10:17:33,595 - INFO - backend.bots.workbot.work_bot.WorkBot - (work_bot.py:66) - WorkBot initialized successfully.
2025-12-10 10:17:34,568 - INFO - backend.bots.workbot.work_bot.WorkBot - (work_bot.py:176) - Retrieving orders for: stores=['Bakery', 'Collegetown', 'Downtown', 'Easthill', 'Syracuse', 'Triphammer'], vendors=['Performance Food']
2025-12-10 10:18:41,428 - INFO - backend.bots.workbot.work_bot.WorkBot - (work_bot.py:53) - Initializing WorkBot...
2025-12-10 10:18:41,428 - INFO - backend.bots.workbot.work_bot.WorkBot - (work_bot.py:66) - WorkBot initialized successfully.
2025-12-10 10:18:42,553 - INFO - backend.bots.workbot.work_bot.WorkBot - (work_bot.py:176) - Retrieving orders for: stores=['Bakery', 'Collegetown', 'Downtown', 'Easthill', 'Syracuse', 'Triphammer'], vendors=['Performance Food']
2025-12-10 10:19:32,138 - INFO - backend.bots.workbot.work_bot.WorkBot - (work_bot.py:53) - Initializing WorkBot...
2025-12-10 10:19:32,138 - INFO - backend.bots.workbot.work_bot.WorkBot - (work_bot.py:66) - WorkBot initialized successfully.
2025-12-10 10:19:32,833 - INFO - backend.bots.workbot.work_bot.WorkBot - (work_bot.py:176) - Retrieving orders for: stores=['Bakery', 'Collegetown', 'Downtown', 'Easthill', 'Syracuse', 'Triphammer'], vendors=['Performance Food']
2025-12-10 10:19:44,012 - INFO - backend.bots.workbot.work_bot.WorkBot - (work_bot.py:53) - Initializing WorkBot...
2025-12-10 10:19:44,012 - INFO - backend.bots.workbot.work_bot.WorkBot - (work_bot.py:66) - WorkBot initialized successfully.
2025-12-10 10:19:44,665 - INFO - backend.bots.workbot.work_bot.WorkBot - (work_bot.py:176) - Retrieving orders for: stores=['Bakery', 'Collegetown', 'Downtown', 'Easthill', 'Syracuse', 'Triphammer'], vendors=['Performance Food']
2025-12-10 10:20:10,797 - INFO - backend.bots.workbot.work_bot.WorkBot - (work_bot.py:53) - Initializing WorkBot...
2025-12-10 10:20:10,798 - INFO - backend.bots.workbot.work_bot.WorkBot - (work_bot.py:66) - WorkBot initialized successfully.
2025-12-10 10:20:11,674 - INFO - backend.bots.workbot.work_bot.WorkBot - (work_bot.py:176) - Retrieving orders for: stores=['Bakery', 'Collegetown', 'Downtown', 'Easthill', 'Syracuse', 'Triphammer'], vendors=['Performance Food']
2025-12-10 10:20:33,471 - INFO - backend.bots.workbot.work_bot.WorkBot - (work_bot.py:53) - Initializing WorkBot...
2025-12-10 10:20:33,471 - INFO - backend.bots.workbot.work_bot.WorkBot - (work_bot.py:66) - WorkBot initialized successfully.
2025-12-10 10:20:34,194 - INFO - backend.bots.workbot.work_bot.WorkBot - (work_bot.py:176) - Retrieving orders for: stores=['Bakery', 'Collegetown', 'Downtown', 'Easthill', 'Syracuse', 'Triphammer'], vendors=['Performance Food']
2025-12-10 10:20:58,777 - INFO - backend.bots.workbot.work_bot.WorkBot - (work_bot.py:53) - Initializing WorkBot...
2025-12-10 10:20:58,777 - INFO - backend.bots.workbot.work_bot.WorkBot - (work_bot.py:66) - WorkBot initialized successfully.
2025-12-10 10:20:59,618 - INFO - backend.bots.workbot.work_bot.WorkBot - (work_bot.py:176) - Retrieving orders for: stores=['Bakery', 'Collegetown', 'Downtown', 'Easthill', 'Syracuse', 'Triphammer'], vendors=['Performance Food']
2025-12-10 10:21:53,719 - INFO - backend.bots.workbot.work_bot.WorkBot - (work_bot.py:53) - Initializing WorkBot...
2025-12-10 10:21:53,719 - INFO - backend.bots.workbot.work_bot.WorkBot - (work_bot.py:66) - WorkBot initialized successfully.
2025-12-10 10:21:54,411 - INFO - backend.bots.workbot.work_bot.WorkBot - (work_bot.py:176) - Retrieving orders for: stores=['Bakery', 'Collegetown', 'Downtown', 'Easthill', 'Syracuse', 'Triphammer'], vendors=['Performance Food']
2025-12-10 11:15:12,088 - INFO - backend.bots.workbot.work_bot.WorkBot - (work_bot.py:176) - Retrieving orders for: stores=['Bakery', 'Collegetown', 'Downtown', 'Easthill', 'Syracuse', 'Triphammer'], vendors=['A.L. George', 'BALKAN BEVERAGE LLC', "BJ's", "Bo's Bones", 'Coca-Cola', 'Coffee Depot LLC', 'Copper Horse Coffee', 'DUTCH VALLEY FOOD DIST', 'Dawn', 'Equal Exchange', 'Farmer Ground Flour', 'Finger Lakes Coffee Roasters', 'FingerLakes Farms', 'Harney and Sons Tea', 'Hill & Markes', 'Hillcrest Dairy', 'Hillcrest Foods', 'Ithaca Bakery', 'Johnston Paper', "Keck's Food Service", 'Kwik Lok', 'Lentz', 'Nuts.com', 'Odeko In', 'Performance Food', 'Peters Supply', 'Regional Access Inc', 'Regional Distributors, Inc', 'Russo Produce', 'Sanico', "Sweet Sam's", 'Sysco', 'ULINE', 'UNFI', 'US Foods', 'Vegan Epicure', 'Webstaurant']
2025-12-10 11:15:18,029 - WARNING - backend.bots.workbot.work_bot.WorkBot - (work_bot.py:191) - [Archive] Skipped < Order store=Easthill, vendor=DUTCH VALLEY FOOD DIST, date=20251204, items=5 >: [WinError 32] The process cannot access the file because it is being used by another process: 'C:\\Users\\andrew\\Desktop\\Andrew\\Projects\\IthacaBakery\\RandomStuff\\WorkBot\\refactor-experimental\\data\\orders\\DUTCH VALLEY FOOD DIST\\DUTCH VALLEY FOOD DIST_Easthill_20251204.pdf'
2025-12-10 11:15:18,036 - WARNING - backend.bots.workbot.work_bot.WorkBot - (work_bot.py:191) - [Archive] Skipped < Order store=Syracuse, vendor=DUTCH VALLEY FOOD DIST, date=20251205, items=1 >: [WinError 32] The process cannot access the file because it is being used by another process: 'C:\\Users\\andrew\\Desktop\\Andrew\\Projects\\IthacaBakery\\RandomStuff\\WorkBot\\refactor-experimental\\data\\orders\\DUTCH VALLEY FOOD DIST\\DUTCH VALLEY FOOD DIST_Syracuse_20251205.pdf'
2025-12-10 11:15:18,081 - WARNING - backend.bots.workbot.work_bot.WorkBot - (work_bot.py:191) - [Archive] Skipped < Order store=Downtown, vendor=FingerLakes Farms, date=20251205, items=6 >: [WinError 32] The process cannot access the file because it is being used by another process: 'C:\\Users\\andrew\\Desktop\\Andrew\\Projects\\IthacaBakery\\RandomStuff\\WorkBot\\refactor-experimental\\data\\orders\\FingerLakes Farms\\FingerLakes Farms_Downtown_20251205.pdf'
2025-12-10 11:15:18,206 - WARNING - backend.bots.workbot.work_bot.WorkBot - (work_bot.py:191) - [Archive] Skipped < Order store=Downtown, vendor=Performance Food, date=20251205, items=5 >: [WinError 32] The process cannot access the file because it is being used by another process: 'C:\\Users\\andrew\\Desktop\\Andrew\\Projects\\IthacaBakery\\RandomStuff\\WorkBot\\refactor-experimental\\data\\orders\\Performance Food\\Performance Food_Downtown_20251205.pdf'
2025-12-10 11:15:18,323 - WARNING - backend.bots.workbot.work_bot.WorkBot - (work_bot.py:191) - [Archive] Skipped < Order store=Triphammer, vendor=Vegan Epicure, date=20251207, items=1 >: [WinError 32] The process cannot access the file because it is being used by another process: 'C:\\Users\\andrew\\Desktop\\Andrew\\Projects\\IthacaBakery\\RandomStuff\\WorkBot\\refactor-experimental\\data\\orders\\Vegan Epicure\\Vegan Epicure_Triphammer_20251207.pdf'
2025-12-10 11:15:25,902 - INFO - backend.bots.workbot.work_bot.WorkBot - (work_bot.py:176) - Retrieving orders for: stores=['Bakery', 'Collegetown', 'Downtown', 'Easthill', 'Syracuse', 'Triphammer'], vendors=['A.L. George', 'BALKAN BEVERAGE LLC', "BJ's", "Bo's Bones", 'Coca-Cola', 'Coffee Depot LLC', 'Copper Horse Coffee', 'DUTCH VALLEY FOOD DIST', 'Dawn', 'Equal Exchange', 'Farmer Ground Flour', 'Finger Lakes Coffee Roasters', 'FingerLakes Farms', 'Harney and Sons Tea', 'Hill & Markes', 'Hillcrest Dairy', 'Hillcrest Foods', 'Ithaca Bakery', 'Johnston Paper', "Keck's Food Service", 'Kwik Lok', 'Lentz', 'Nuts.com', 'Odeko In', 'Performance Food', 'Peters Supply', 'Regional Access Inc', 'Regional Distributors, Inc', 'Russo Produce', 'Sanico', "Sweet Sam's", 'Sysco', 'ULINE', 'UNFI', 'US Foods', 'Vegan Epicure', 'Webstaurant']
2025-12-10 11:37:02,742 - INFO - backend.bots.workbot.work_bot.WorkBot - (work_bot.py:53) - Initializing WorkBot...
2025-12-10 11:37:02,742 - INFO - backend.bots.workbot.work_bot.WorkBot - (work_bot.py:66) - WorkBot initialized successfully.
2025-12-10 11:37:04,649 - INFO - backend.bots.workbot.work_bot.WorkBot - (work_bot.py:176) - Retrieving orders for: stores=['Bakery', 'Collegetown', 'Downtown', 'Easthill', 'Syracuse', 'Triphammer'], vendors=['A.L. George', 'BALKAN BEVERAGE LLC', "BJ's", "Bo's Bones", 'Coca-Cola', 'Coffee Depot LLC', 'Copper Horse Coffee', 'DUTCH VALLEY FOOD DIST', 'Dawn', 'Equal Exchange', 'Farmer Ground Flour', 'Finger Lakes Coffee Roasters', 'FingerLakes Farms', 'Harney and Sons Tea', 'Hill & Markes', 'Hillcrest Dairy', 'Hillcrest Foods', 'Ithaca Bakery', 'Johnston Paper', "Keck's Food Service", 'Kwik Lok', 'Lentz', 'Nuts.com', 'Odeko In', 'Performance Food', 'Peters Supply', 'Regional Access Inc', 'Regional Distributors, Inc.', 'Russo Produce', 'Sanico', "Sweet Sam's", 'Sysco', 'ULINE', 'UNFI', 'US Foods', 'Vegan Epicure', 'Webstaurant']
2025-12-10 11:37:26,115 - INFO - backend.bots.workbot.work_bot.WorkBot - (work_bot.py:53) - Initializing WorkBot...
2025-12-10 11:37:26,115 - INFO - backend.bots.workbot.work_bot.WorkBot - (work_bot.py:66) - WorkBot initialized successfully.
2025-12-10 11:37:27,173 - INFO - backend.bots.workbot.work_bot.WorkBot - (work_bot.py:176) - Retrieving orders for: stores=['Bakery', 'Collegetown', 'Downtown', 'Easthill', 'Syracuse', 'Triphammer'], vendors=['A.L. George', 'BALKAN BEVERAGE LLC', "BJ's", "Bo's Bones", 'Coca-Cola', 'Coffee Depot LLC', 'Copper Horse Coffee', 'DUTCH VALLEY FOOD DIST', 'Dawn', 'Equal Exchange', 'Farmer Ground Flour', 'Finger Lakes Coffee Roasters', 'FingerLakes Farms', 'Harney and Sons Tea', 'Hill & Markes', 'Hillcrest Dairy', 'Hillcrest Foods', 'Ithaca Bakery', 'Johnston Paper', "Keck's Food Service", 'Kwik Lok', 'Lentz', 'Nuts.com', 'Odeko In', 'Performance Food', 'Peters Supply', 'Regional Access Inc', 'Regional Distributors, Inc.', 'Russo Produce', 'SANICO', "Sweet Sam's", 'Sysco', 'ULINE', 'UNFI', 'US Foods', 'Vegan Epicure', 'Webstaurant']
2025-12-10 11:45:37,032 - INFO - backend.bots.workbot.work_bot.WorkBot - (work_bot.py:53) - Initializing WorkBot...
2025-12-10 11:45:37,033 - INFO - backend.bots.workbot.work_bot.WorkBot - (work_bot.py:66) - WorkBot initialized successfully.
2025-12-10 11:45:38,378 - INFO - backend.bots.workbot.work_bot.WorkBot - (work_bot.py:176) - Retrieving orders for: stores=['Bakery', 'Collegetown', 'Downtown', 'Easthill', 'Syracuse', 'Triphammer'], vendors=['A.L. George', 'BALKAN BEVERAGE LLC', "BJ's", "Bo's Bones", 'Coca-Cola', 'Coffee Depot LLC', 'Copper Horse Coffee', 'DUTCH VALLEY FOOD DIST', 'Dawn', 'Equal Exchange', 'Farmer Ground Flour', 'Finger Lakes Coffee Roasters', 'FingerLakes Farms', "Grandma's Coffee Cakes", 'Harney and Sons Tea', 'Hill & Markes', 'Hillcrest Dairy', 'Hillcrest Foods', 'Ithaca Bakery', 'Johnston Paper', 'KEHE DISTRIBUTORS', "Keck's Food Service", 'Kwik Lok', 'Lentz', 'Motherworks,LLC', 'Nuts.com', 'Odeko In.', 'Paper Rolls .com', 'Pepsi', 'Performance Food', 'Peters Supply', 'Regional Access Inc', 'Regional Distributors, Inc.', 'Russo Produce', 'SANICO', "Sweet Sam's Baking Company, LLC", 'Sysco', 'ULINE', 'UNFI', 'US Foods', 'Vegan Epicure', 'Webstaurant', 'Worlds Best Cheeses']
2025-12-10 12:23:53,219 - INFO - backend.bots.workbot.work_bot.WorkBot - (work_bot.py:146) - [Order Update] Initiating update protocol for Bakery / DUTCH VALLEY FOOD DIST / 20251130.
2025-12-10 12:23:53,269 - INFO - backend.bots.workbot.work_bot.WorkBot - (work_bot.py:109) - [PDF] Ingested: Order.pdf for Bakery/DUTCH VALLEY FOOD DIST
2025-12-10 12:23:53,269 - INFO - backend.bots.workbot.work_bot.WorkBot - (work_bot.py:146) - [Order Update] Initiating update protocol for Bakery / Regional Distributors, Inc. / 20251208.
2025-12-10 12:23:53,301 - INFO - backend.bots.workbot.work_bot.WorkBot - (work_bot.py:109) - [PDF] Ingested: Order.pdf for Bakery/Regional Distributors, Inc.
2025-12-10 12:23:53,302 - INFO - backend.bots.workbot.work_bot.WorkBot - (work_bot.py:146) - [Order Update] Initiating update protocol for Bakery / BJ's / 20251208.
2025-12-10 12:23:53,335 - INFO - backend.bots.workbot.work_bot.WorkBot - (work_bot.py:109) - [PDF] Ingested: Order.pdf for Bakery/BJ's
2025-12-10 12:23:53,336 - INFO - backend.bots.workbot.work_bot.WorkBot - (work_bot.py:146) - [Order Update] Initiating update protocol for Bakery / FingerLakes Farms / 20251209.
2025-12-10 12:23:53,366 - INFO - backend.bots.workbot.work_bot.WorkBot - (work_bot.py:109) - [PDF] Ingested: Order.pdf for Bakery/FingerLakes Farms
2025-12-10 12:23:53,367 - INFO - backend.bots.workbot.work_bot.WorkBot - (work_bot.py:146) - [Order Update] Initiating update protocol for Bakery / Sysco / 20251209.
2025-12-10 12:23:53,398 - INFO - backend.bots.workbot.work_bot.WorkBot - (work_bot.py:109) - [PDF] Ingested: Order.pdf for Bakery/Sysco
2025-12-10 12:23:53,399 - INFO - backend.bots.workbot.work_bot.WorkBot - (work_bot.py:146) - [Order Update] Initiating update protocol for Bakery / US Foods / 20251210.
2025-12-10 12:23:53,433 - INFO - backend.bots.workbot.work_bot.WorkBot - (work_bot.py:109) - [PDF] Ingested: Order.pdf for Bakery/US Foods
2025-12-10 12:23:53,434 - INFO - backend.bots.workbot.work_bot.WorkBot - (work_bot.py:146) - [Order Update] Initiating update protocol for Bakery / Performance Food / 20251210.
2025-12-10 12:23:53,466 - INFO - backend.bots.workbot.work_bot.WorkBot - (work_bot.py:109) - [PDF] Ingested: Order.pdf for Bakery/Performance Food
2025-12-10 12:23:53,467 - INFO - backend.bots.workbot.work_bot.WorkBot - (work_bot.py:146) - [Order Update] Initiating update protocol for Bakery / Sweet Sam's Baking Company, LLC / 20251210.
2025-12-10 12:23:53,498 - INFO - backend.bots.workbot.work_bot.WorkBot - (work_bot.py:109) - [PDF] Ingested: Order.pdf for Bakery/Sweet Sam's Baking Company, LLC
2025-12-10 12:23:53,498 - INFO - backend.bots.workbot.work_bot.WorkBot - (work_bot.py:120) - Craftable order sync completed successfully.
2025-12-10 12:25:46,461 - INFO - backend.bots.workbot.work_bot.WorkBot - (work_bot.py:176) - Retrieving orders for: stores=['Bakery', 'Collegetown', 'Downtown', 'Easthill', 'Syracuse', 'Triphammer'], vendors=['Sysco']
2025-12-10 12:25:59,652 - INFO - backend.bots.workbot.work_bot.WorkBot - (work_bot.py:176) - Retrieving orders for: stores=['Bakery', 'Collegetown', 'Downtown', 'Easthill', 'Syracuse', 'Triphammer'], vendors=['Performance Food']
2025-12-10 12:26:10,892 - INFO - backend.bots.workbot.work_bot.WorkBot - (work_bot.py:176) - Retrieving orders for: stores=['Bakery', 'Collegetown', 'Downtown', 'Easthill', 'Syracuse', 'Triphammer'], vendors=['US Foods']
2025-12-10 12:26:20,124 - INFO - backend.bots.workbot.work_bot.WorkBot - (work_bot.py:176) - Retrieving orders for: stores=['Bakery', 'Collegetown', 'Downtown', 'Easthill', 'Syracuse', 'Triphammer'], vendors=['FingerLakes Farms']
2025-12-10 12:27:15,437 - INFO - backend.bots.workbot.work_bot.WorkBot - (work_bot.py:264) - Generating vendor upload files for stores=['Bakery', 'Collegetown', 'Downtown', 'Easthill', 'Syracuse', 'Triphammer'], vendors=['Sysco', 'Performance Food', 'US Foods'], start_date=None, end_date=None
2025-12-10 12:27:15,437 - INFO - backend.bots.workbot.work_bot.WorkBot - (work_bot.py:176) - Retrieving orders for: stores=['Bakery', 'Collegetown', 'Downtown', 'Easthill', 'Syracuse', 'Triphammer'], vendors=['Sysco', 'Performance Food', 'US Foods']
2025-12-10 12:27:15,597 - INFO - backend.bots.workbot.work_bot.WorkBot - (work_bot.py:268) - Found 3 orders to process.
2025-12-10 12:27:15,607 - INFO - backend.bots.workbot.work_bot.WorkBot - (work_bot.py:281) - Context map built with 3 entries. Delegating to OrderServices.
2025-12-10 12:27:15,782 - INFO - backend.bots.workbot.work_bot.WorkBot - (work_bot.py:291) - Vendor upload file generation complete. 3 files created.
2025-12-10 12:30:32,447 - INFO - backend.bots.workbot.work_bot.WorkBot - (work_bot.py:176) - Retrieving orders for: stores=['Bakery', 'Collegetown', 'Downtown', 'Easthill', 'Syracuse', 'Triphammer'], vendors=["Sweet Sam's Baking Company, LLC"]
2025-12-10 12:37:58,594 - INFO - backend.bots.workbot.work_bot.WorkBot - (work_bot.py:53) - Initializing WorkBot...
2025-12-10 12:37:58,595 - INFO - backend.bots.workbot.work_bot.WorkBot - (work_bot.py:66) - WorkBot initialized successfully.
2025-12-10 12:38:09,050 - INFO - backend.bots.workbot.work_bot.WorkBot - (work_bot.py:176) - Retrieving orders for: stores=['Bakery'], vendors=["Sweet Sam's Baking Company, LLC"]
2025-12-10 12:38:39,365 - INFO - backend.bots.workbot.work_bot.WorkBot - (work_bot.py:53) - Initializing WorkBot...
2025-12-10 12:38:39,365 - INFO - backend.bots.workbot.work_bot.WorkBot - (work_bot.py:66) - WorkBot initialized successfully.
2025-12-10 12:38:40,076 - INFO - backend.bots.workbot.work_bot.WorkBot - (work_bot.py:176) - Retrieving orders for: stores=['Bakery'], vendors=["Sweet Sam's Baking Company, LLC"]
2025-12-10 12:39:00,406 - INFO - backend.bots.workbot.work_bot.WorkBot - (work_bot.py:53) - Initializing WorkBot...
2025-12-10 12:39:00,406 - INFO - backend.bots.workbot.work_bot.WorkBot - (work_bot.py:66) - WorkBot initialized successfully.
2025-12-10 12:39:01,027 - INFO - backend.bots.workbot.work_bot.WorkBot - (work_bot.py:176) - Retrieving orders for: stores=['Bakery'], vendors=["Sweet Sam's Baking Company, LLC"]
2025-12-10 12:39:13,666 - INFO - backend.bots.workbot.work_bot.WorkBot - (work_bot.py:176) - Retrieving orders for: stores=['Bakery'], vendors=['Peters Supply']
2025-12-10 12:39:42,295 - INFO - backend.bots.workbot.work_bot.WorkBot - (work_bot.py:53) - Initializing WorkBot...
2025-12-10 12:39:42,295 - INFO - backend.bots.workbot.work_bot.WorkBot - (work_bot.py:66) - WorkBot initialized successfully.
2025-12-10 12:39:46,283 - INFO - backend.bots.workbot.work_bot.WorkBot - (work_bot.py:176) - Retrieving orders for: stores=['Bakery'], vendors=['Peters Supply']
2025-12-10 12:39:49,907 - INFO - backend.bots.workbot.work_bot.WorkBot - (work_bot.py:176) - Retrieving orders for: stores=['Bakery'], vendors=["Sweet Sam's Baking Company, LLC"]
2025-12-10 14:15:22,100 - INFO - backend.bots.workbot.work_bot.WorkBot - (work_bot.py:146) - [Order Update] Initiating update protocol for Triphammer / Sysco / 20251210.
2025-12-10 14:15:22,171 - INFO - backend.bots.workbot.work_bot.WorkBot - (work_bot.py:109) - [PDF] Ingested: Order.pdf for Triphammer/Sysco
2025-12-10 14:15:22,172 - INFO - backend.bots.workbot.work_bot.WorkBot - (work_bot.py:146) - [Order Update] Initiating update protocol for Triphammer / Performance Food / 20251210.
2025-12-10 14:15:22,212 - INFO - backend.bots.workbot.work_bot.WorkBot - (work_bot.py:109) - [PDF] Ingested: Order.pdf for Triphammer/Performance Food
2025-12-10 14:15:22,213 - INFO - backend.bots.workbot.work_bot.WorkBot - (work_bot.py:146) - [Order Update] Initiating update protocol for Triphammer / US Foods / 20251210.
2025-12-10 14:15:22,251 - INFO - backend.bots.workbot.work_bot.WorkBot - (work_bot.py:109) - [PDF] Ingested: Order.pdf for Triphammer/US Foods
2025-12-10 14:15:22,251 - INFO - backend.bots.workbot.work_bot.WorkBot - (work_bot.py:146) - [Order Update] Initiating update protocol for Triphammer / Ithaca Bakery / 20251210.
2025-12-10 14:15:22,284 - INFO - backend.bots.workbot.work_bot.WorkBot - (work_bot.py:109) - [PDF] Ingested: Order.pdf for Triphammer/Ithaca Bakery
2025-12-10 14:15:22,285 - INFO - backend.bots.workbot.work_bot.WorkBot - (work_bot.py:146) - [Order Update] Initiating update protocol for Triphammer / UNFI / 20251210.
2025-12-10 14:15:22,316 - INFO - backend.bots.workbot.work_bot.WorkBot - (work_bot.py:109) - [PDF] Ingested: Order.pdf for Triphammer/UNFI
2025-12-10 14:15:22,317 - INFO - backend.bots.workbot.work_bot.WorkBot - (work_bot.py:146) - [Order Update] Initiating update protocol for Triphammer / Webstaurant / 20251210.
2025-12-10 14:15:22,350 - INFO - backend.bots.workbot.work_bot.WorkBot - (work_bot.py:109) - [PDF] Ingested: Order.pdf for Triphammer/Webstaurant
2025-12-10 14:15:22,350 - INFO - backend.bots.workbot.work_bot.WorkBot - (work_bot.py:146) - [Order Update] Initiating update protocol for Triphammer / Russo Produce / 20251210.
2025-12-10 14:15:22,384 - INFO - backend.bots.workbot.work_bot.WorkBot - (work_bot.py:109) - [PDF] Ingested: Order.pdf for Triphammer/Russo Produce
2025-12-10 14:15:22,384 - INFO - backend.bots.workbot.work_bot.WorkBot - (work_bot.py:146) - [Order Update] Initiating update protocol for Collegetown / Ithaca Bakery / 20251210.
2025-12-10 14:15:22,420 - INFO - backend.bots.workbot.work_bot.WorkBot - (work_bot.py:109) - [PDF] Ingested: Order.pdf for Collegetown/Ithaca Bakery
2025-12-10 14:15:22,421 - INFO - backend.bots.workbot.work_bot.WorkBot - (work_bot.py:146) - [Order Update] Initiating update protocol for Collegetown / Sysco / 20251210.
2025-12-10 14:15:22,453 - INFO - backend.bots.workbot.work_bot.WorkBot - (work_bot.py:109) - [PDF] Ingested: Order.pdf for Collegetown/Sysco
2025-12-10 14:15:22,454 - INFO - backend.bots.workbot.work_bot.WorkBot - (work_bot.py:146) - [Order Update] Initiating update protocol for Collegetown / Performance Food / 20251210.
2025-12-10 14:15:22,490 - INFO - backend.bots.workbot.work_bot.WorkBot - (work_bot.py:109) - [PDF] Ingested: Order.pdf for Collegetown/Performance Food
2025-12-10 14:15:22,490 - INFO - backend.bots.workbot.work_bot.WorkBot - (work_bot.py:146) - [Order Update] Initiating update protocol for Collegetown / US Foods / 20251210.
2025-12-10 14:15:22,524 - INFO - backend.bots.workbot.work_bot.WorkBot - (work_bot.py:109) - [PDF] Ingested: Order.pdf for Collegetown/US Foods
2025-12-10 14:15:22,525 - INFO - backend.bots.workbot.work_bot.WorkBot - (work_bot.py:146) - [Order Update] Initiating update protocol for Collegetown / FingerLakes Farms / 20251210.
2025-12-10 14:15:22,557 - INFO - backend.bots.workbot.work_bot.WorkBot - (work_bot.py:109) - [PDF] Ingested: Order.pdf for Collegetown/FingerLakes Farms
2025-12-10 14:15:22,558 - INFO - backend.bots.workbot.work_bot.WorkBot - (work_bot.py:120) - Craftable order sync completed successfully.
2025-12-10 14:16:56,096 - INFO - backend.bots.workbot.work_bot.WorkBot - (work_bot.py:53) - Initializing WorkBot...
2025-12-10 14:16:56,097 - INFO - backend.bots.workbot.work_bot.WorkBot - (work_bot.py:66) - WorkBot initialized successfully.
2025-12-10 14:17:22,338 - INFO - backend.bots.workbot.work_bot.WorkBot - (work_bot.py:146) - [Order Update] Initiating update protocol for Bakery / DUTCH VALLEY FOOD DIST / 20251130.
2025-12-10 14:17:22,374 - INFO - backend.bots.workbot.work_bot.WorkBot - (work_bot.py:88) - Bakery's order for DUTCH VALLEY FOOD DIST is already up-to-date...skipping.
2025-12-10 14:17:22,375 - INFO - backend.bots.workbot.work_bot.WorkBot - (work_bot.py:120) - Craftable order sync completed successfully.
2025-12-10 14:21:27,113 - INFO - backend.bots.workbot.work_bot.WorkBot - (work_bot.py:176) - Retrieving orders for: stores=['Bakery', 'Collegetown', 'Downtown', 'Easthill', 'Syracuse', 'Triphammer'], vendors=['FingerLakes Farms']
2025-12-10 14:27:26,617 - INFO - backend.bots.workbot.work_bot.WorkBot - (work_bot.py:53) - Initializing WorkBot...
2025-12-10 14:27:26,617 - INFO - backend.bots.workbot.work_bot.WorkBot - (work_bot.py:66) - WorkBot initialized successfully.
2025-12-10 14:27:35,742 - INFO - backend.bots.workbot.work_bot.WorkBot - (work_bot.py:176) - Retrieving orders for: stores=['Bakery', 'Collegetown', 'Downtown', 'Easthill', 'Syracuse', 'Triphammer'], vendors=['Sysco']
2025-12-10 14:28:21,637 - INFO - backend.bots.workbot.work_bot.WorkBot - (work_bot.py:176) - Retrieving orders for: stores=['Bakery'], vendors=['Sysco']
2025-12-10 14:29:01,227 - INFO - backend.bots.workbot.work_bot.WorkBot - (work_bot.py:53) - Initializing WorkBot...
2025-12-10 14:29:01,227 - INFO - backend.bots.workbot.work_bot.WorkBot - (work_bot.py:66) - WorkBot initialized successfully.
2025-12-10 14:29:01,952 - INFO - backend.bots.workbot.work_bot.WorkBot - (work_bot.py:176) - Retrieving orders for: stores=['Bakery'], vendors=['Sysco']
2025-12-10 14:31:05,486 - INFO - backend.bots.workbot.work_bot.WorkBot - (work_bot.py:53) - Initializing WorkBot...
2025-12-10 14:31:05,487 - INFO - backend.bots.workbot.work_bot.WorkBot - (work_bot.py:66) - WorkBot initialized successfully.
2025-12-10 14:31:06,324 - INFO - backend.bots.workbot.work_bot.WorkBot - (work_bot.py:176) - Retrieving orders for: stores=['Bakery'], vendors=['Sysco']
2025-12-10 14:31:32,774 - INFO - backend.bots.workbot.work_bot.WorkBot - (work_bot.py:53) - Initializing WorkBot...
2025-12-10 14:31:32,774 - INFO - backend.bots.workbot.work_bot.WorkBot - (work_bot.py:66) - WorkBot initialized successfully.
2025-12-10 14:31:33,517 - INFO - backend.bots.workbot.work_bot.WorkBot - (work_bot.py:176) - Retrieving orders for: stores=['Bakery'], vendors=['Sysco']
2025-12-10 14:32:42,209 - INFO - backend.bots.workbot.work_bot.WorkBot - (work_bot.py:264) - Generating vendor upload files for stores=['Bakery', 'Collegetown', 'Downtown', 'Easthill', 'Syracuse', 'Triphammer'], vendors=['Performance Food', 'US Foods', 'Sysco'], start_date=None, end_date=None
2025-12-10 14:32:42,209 - INFO - backend.bots.workbot.work_bot.WorkBot - (work_bot.py:176) - Retrieving orders for: stores=['Bakery', 'Collegetown', 'Downtown', 'Easthill', 'Syracuse', 'Triphammer'], vendors=['Performance Food', 'US Foods', 'Sysco']
2025-12-10 14:32:42,473 - INFO - backend.bots.workbot.work_bot.WorkBot - (work_bot.py:268) - Found 9 orders to process.
2025-12-10 14:32:42,502 - INFO - backend.bots.workbot.work_bot.WorkBot - (work_bot.py:281) - Context map built with 9 entries. Delegating to OrderServices.
2025-12-10 14:32:42,762 - INFO - backend.bots.workbot.work_bot.WorkBot - (work_bot.py:291) - Vendor upload file generation complete. 9 files created.
2025-12-10 15:32:45,135 - INFO - backend.bots.workbot.work_bot.WorkBot - (work_bot.py:211) - Beginning order-transfer conversion: Collegetown-Ithaca Bakery -> Bakery
2025-12-10 15:32:45,135 - INFO - backend.bots.workbot.work_bot.WorkBot - (work_bot.py:176) - Retrieving orders for: stores=['Collegetown'], vendors=['Ithaca Bakery']
2025-12-10 15:32:48,174 - INFO - backend.bots.workbot.work_bot.WorkBot - (work_bot.py:211) - Beginning order-transfer conversion: Easthill-Ithaca Bakery -> Bakery
2025-12-10 15:32:48,174 - INFO - backend.bots.workbot.work_bot.WorkBot - (work_bot.py:176) - Retrieving orders for: stores=['Easthill'], vendors=['Ithaca Bakery']
2025-12-10 15:33:15,942 - INFO - backend.bots.workbot.work_bot.WorkBot - (work_bot.py:211) - Beginning order-transfer conversion: Downtown-Ithaca Bakery -> Bakery
2025-12-10 15:33:15,943 - INFO - backend.bots.workbot.work_bot.WorkBot - (work_bot.py:176) - Retrieving orders for: stores=['Downtown'], vendors=['Ithaca Bakery']
2025-12-10 15:33:18,903 - INFO - backend.bots.workbot.work_bot.WorkBot - (work_bot.py:211) - Beginning order-transfer conversion: Triphammer-Ithaca Bakery -> Bakery
2025-12-10 15:33:18,903 - INFO - backend.bots.workbot.work_bot.WorkBot - (work_bot.py:176) - Retrieving orders for: stores=['Triphammer'], vendors=['Ithaca Bakery']
2025-12-10 15:33:32,060 - INFO - backend.bots.workbot.work_bot.WorkBot - (work_bot.py:176) - Retrieving orders for: stores=['Bakery', 'Collegetown', 'Downtown', 'Easthill', 'Syracuse', 'Triphammer'], vendors=['Ithaca Bakery']
2025-12-10 15:33:45,868 - INFO - backend.bots.workbot.work_bot.WorkBot - (work_bot.py:176) - Retrieving orders for: stores=['Bakery', 'Collegetown', 'Downtown', 'Easthill', 'Syracuse', 'Triphammer'], vendors=['Ithaca Bakery']
