2025-11-29 07:10:35,187 - INFO - backend.bots.craftable_bot.craftable_bot.CraftableBot - (craftable_bot.py:572) - Now in Peters Supply order.
2025-11-29 07:10:35,831 - INFO - backend.adapters.downloads.local_download_manager.LocalDownloadManager - (local_download_manager.py:36) - [DownloadManager] Session fb56dc1e-7aad-45da-b8e5-ece21498b49a -> C:\Users\andrew\Desktop\Andrew\Projects\IthacaBakery\RandomStuff\WorkBot\refactor-experimental\data\downloads\sessions\fb56dc1e-7aad-45da-b8e5-ece21498b49a
2025-11-29 07:10:39,351 - INFO - backend.bots.craftable_bot.craftable_bot.CraftableBot - (craftable_bot.py:565) - Found Regional Distributors, Inc. in Triphammer's order list.
2025-11-29 07:10:40,531 - INFO - backend.bots.craftable_bot.craftable_bot.CraftableBot - (craftable_bot.py:572) - Now in Regional Distributors, Inc. order.
2025-11-29 07:10:41,194 - INFO - backend.adapters.downloads.local_download_manager.LocalDownloadManager - (local_download_manager.py:36) - [DownloadManager] Session 02c25d9a-7472-4c1d-b5d5-93d657f19a61 -> C:\Users\andrew\Desktop\Andrew\Projects\IthacaBakery\RandomStuff\WorkBot\refactor-experimental\data\downloads\sessions\02c25d9a-7472-4c1d-b5d5-93d657f19a61
2025-11-29 07:10:44,639 - INFO - backend.bots.craftable_bot.craftable_bot.CraftableBot - (craftable_bot.py:565) - Found Ithaca Bakery in Triphammer's order list.
2025-11-29 07:10:45,757 - INFO - backend.bots.craftable_bot.craftable_bot.CraftableBot - (craftable_bot.py:572) - Now in Ithaca Bakery order.
2025-11-29 07:10:47,480 - INFO - backend.adapters.downloads.local_download_manager.LocalDownloadManager - (local_download_manager.py:36) - [DownloadManager] Session 3e98cef0-c54c-4afe-aa83-ed617f93f534 -> C:\Users\andrew\Desktop\Andrew\Projects\IthacaBakery\RandomStuff\WorkBot\refactor-experimental\data\downloads\sessions\3e98cef0-c54c-4afe-aa83-ed617f93f534
2025-11-29 07:10:50,927 - INFO - backend.bots.craftable_bot.craftable_bot.CraftableBot - (craftable_bot.py:565) - Found Johnston Paper in Triphammer's order list.
2025-11-29 07:10:52,089 - INFO - backend.bots.craftable_bot.craftable_bot.CraftableBot - (craftable_bot.py:572) - Now in Johnston Paper order.
2025-11-29 07:10:52,313 - INFO - backend.adapters.downloads.local_download_manager.LocalDownloadManager - (local_download_manager.py:36) - [DownloadManager] Session a7341e40-4bfb-4af0-83c6-85bd8bbf8946 -> C:\Users\andrew\Desktop\Andrew\Projects\IthacaBakery\RandomStuff\WorkBot\refactor-experimental\data\downloads\sessions\a7341e40-4bfb-4af0-83c6-85bd8bbf8946
2025-11-29 07:10:55,775 - INFO - backend.bots.craftable_bot.craftable_bot.CraftableBot - (craftable_bot.py:565) - Found Copper Horse Coffee in Triphammer's order list.
2025-11-29 07:10:56,887 - INFO - backend.bots.craftable_bot.craftable_bot.CraftableBot - (craftable_bot.py:572) - Now in Copper Horse Coffee order.
2025-11-29 07:10:56,995 - INFO - backend.adapters.downloads.local_download_manager.LocalDownloadManager - (local_download_manager.py:36) - [DownloadManager] Session f89f2194-4ffa-47d4-a8a2-bc705fb2f505 -> C:\Users\andrew\Desktop\Andrew\Projects\IthacaBakery\RandomStuff\WorkBot\refactor-experimental\data\downloads\sessions\f89f2194-4ffa-47d4-a8a2-bc705fb2f505
2025-11-29 07:11:00,490 - INFO - backend.bots.craftable_bot.craftable_bot.CraftableBot - (craftable_bot.py:565) - Found US Foods in Triphammer's order list.
2025-11-29 07:11:01,635 - INFO - backend.bots.craftable_bot.craftable_bot.CraftableBot - (craftable_bot.py:572) - Now in US Foods order.
2025-11-29 07:11:02,397 - INFO - backend.adapters.downloads.local_download_manager.LocalDownloadManager - (local_download_manager.py:36) - [DownloadManager] Session 803328d4-62fb-4b6b-bae2-cb53fb57b010 -> C:\Users\andrew\Desktop\Andrew\Projects\IthacaBakery\RandomStuff\WorkBot\refactor-experimental\data\downloads\sessions\803328d4-62fb-4b6b-bae2-cb53fb57b010
2025-11-29 07:11:05,873 - INFO - backend.bots.craftable_bot.craftable_bot.CraftableBot - (craftable_bot.py:565) - Found Coffee Depot LLC in Triphammer's order list.
2025-11-29 07:11:07,004 - INFO - backend.bots.craftable_bot.craftable_bot.CraftableBot - (craftable_bot.py:572) - Now in Coffee Depot LLC order.
2025-11-29 07:11:07,708 - INFO - backend.adapters.downloads.local_download_manager.LocalDownloadManager - (local_download_manager.py:36) - [DownloadManager] Session b20f025b-30f1-4612-9730-8fb3a2c68f39 -> C:\Users\andrew\Desktop\Andrew\Projects\IthacaBakery\RandomStuff\WorkBot\refactor-experimental\data\downloads\sessions\b20f025b-30f1-4612-9730-8fb3a2c68f39
2025-11-29 07:11:11,163 - INFO - backend.bots.craftable_bot.craftable_bot.CraftableBot - (craftable_bot.py:565) - Found Coca-Cola in Triphammer's order list.
2025-11-29 07:11:12,305 - INFO - backend.bots.craftable_bot.craftable_bot.CraftableBot - (craftable_bot.py:572) - Now in Coca-Cola order.
2025-11-29 07:11:12,833 - INFO - backend.adapters.downloads.local_download_manager.LocalDownloadManager - (local_download_manager.py:36) - [DownloadManager] Session af06cb4d-7acf-441d-aa5b-8b489d6e6efe -> C:\Users\andrew\Desktop\Andrew\Projects\IthacaBakery\RandomStuff\WorkBot\refactor-experimental\data\downloads\sessions\af06cb4d-7acf-441d-aa5b-8b489d6e6efe
2025-11-29 07:11:16,314 - INFO - backend.bots.craftable_bot.craftable_bot.CraftableBot - (craftable_bot.py:565) - Found A.L. George in Triphammer's order list.
2025-11-29 07:11:17,449 - INFO - backend.bots.craftable_bot.craftable_bot.CraftableBot - (craftable_bot.py:572) - Now in A.L. George order.
2025-11-29 07:11:17,556 - INFO - backend.adapters.downloads.local_download_manager.LocalDownloadManager - (local_download_manager.py:36) - [DownloadManager] Session ee118783-b9a4-47ea-bf6e-abf1435a0974 -> C:\Users\andrew\Desktop\Andrew\Projects\IthacaBakery\RandomStuff\WorkBot\refactor-experimental\data\downloads\sessions\ee118783-b9a4-47ea-bf6e-abf1435a0974
2025-11-29 07:11:21,093 - INFO - backend.bots.craftable_bot.craftable_bot.CraftableBot - (craftable_bot.py:565) - Found Sysco in Triphammer's order list.
2025-11-29 07:11:22,222 - INFO - backend.bots.craftable_bot.craftable_bot.CraftableBot - (craftable_bot.py:572) - Now in Sysco order.
2025-11-29 07:11:22,391 - INFO - backend.adapters.downloads.local_download_manager.LocalDownloadManager - (local_download_manager.py:36) - [DownloadManager] Session dfdcb040-c91e-4520-83c0-687278993056 -> C:\Users\andrew\Desktop\Andrew\Projects\IthacaBakery\RandomStuff\WorkBot\refactor-experimental\data\downloads\sessions\dfdcb040-c91e-4520-83c0-687278993056
2025-11-29 07:11:25,965 - INFO - backend.bots.craftable_bot.craftable_bot.CraftableBot - (craftable_bot.py:565) - Found UNFI in Triphammer's order list.
2025-11-29 07:11:27,074 - INFO - backend.bots.craftable_bot.craftable_bot.CraftableBot - (craftable_bot.py:572) - Now in UNFI order.
2025-11-29 07:11:27,547 - INFO - backend.adapters.downloads.local_download_manager.LocalDownloadManager - (local_download_manager.py:36) - [DownloadManager] Session 0cda261c-d115-4310-a7ff-6f2a1493a187 -> C:\Users\andrew\Desktop\Andrew\Projects\IthacaBakery\RandomStuff\WorkBot\refactor-experimental\data\downloads\sessions\0cda261c-d115-4310-a7ff-6f2a1493a187
2025-11-29 07:11:32,684 - INFO - backend.bots.craftable_bot.craftable_bot.CraftableBot - (craftable_bot.py:565) - Found Regional Distributors, Inc. in Syracuse's order list.
2025-11-29 07:11:33,835 - INFO - backend.bots.craftable_bot.craftable_bot.CraftableBot - (craftable_bot.py:572) - Now in Regional Distributors, Inc. order.
2025-11-29 07:11:34,190 - INFO - backend.adapters.downloads.local_download_manager.LocalDownloadManager - (local_download_manager.py:36) - [DownloadManager] Session b97697b0-a794-4e01-a501-b420d0b560f6 -> C:\Users\andrew\Desktop\Andrew\Projects\IthacaBakery\RandomStuff\WorkBot\refactor-experimental\data\downloads\sessions\b97697b0-a794-4e01-a501-b420d0b560f6
2025-11-29 07:11:37,446 - INFO - backend.bots.craftable_bot.craftable_bot.CraftableBot - (craftable_bot.py:565) - Found Ithaca Bakery in Syracuse's order list.
2025-11-29 07:11:38,596 - INFO - backend.bots.craftable_bot.craftable_bot.CraftableBot - (craftable_bot.py:572) - Now in Ithaca Bakery order.
2025-11-29 07:11:40,076 - INFO - backend.adapters.downloads.local_download_manager.LocalDownloadManager - (local_download_manager.py:36) - [DownloadManager] Session 80a5c9c9-6b03-4375-b20a-5f0e592b2584 -> C:\Users\andrew\Desktop\Andrew\Projects\IthacaBakery\RandomStuff\WorkBot\refactor-experimental\data\downloads\sessions\80a5c9c9-6b03-4375-b20a-5f0e592b2584
2025-11-29 07:11:43,390 - INFO - backend.bots.craftable_bot.craftable_bot.CraftableBot - (craftable_bot.py:565) - Found Hill & Markes in Syracuse's order list.
2025-11-29 07:11:44,529 - INFO - backend.bots.craftable_bot.craftable_bot.CraftableBot - (craftable_bot.py:572) - Now in Hill & Markes order.
2025-11-29 07:11:45,055 - INFO - backend.adapters.downloads.local_download_manager.LocalDownloadManager - (local_download_manager.py:36) - [DownloadManager] Session e4cdc583-8bfc-41a5-88c8-3afa2e5d97e3 -> C:\Users\andrew\Desktop\Andrew\Projects\IthacaBakery\RandomStuff\WorkBot\refactor-experimental\data\downloads\sessions\e4cdc583-8bfc-41a5-88c8-3afa2e5d97e3
2025-11-29 07:11:48,376 - INFO - backend.bots.craftable_bot.craftable_bot.CraftableBot - (craftable_bot.py:565) - Found Performance Food in Syracuse's order list.
2025-11-29 07:11:49,502 - INFO - backend.bots.craftable_bot.craftable_bot.CraftableBot - (craftable_bot.py:572) - Now in Performance Food order.
2025-11-29 07:11:50,376 - INFO - backend.adapters.downloads.local_download_manager.LocalDownloadManager - (local_download_manager.py:36) - [DownloadManager] Session 075a3b17-47dc-410c-b36a-e77b4add6fdf -> C:\Users\andrew\Desktop\Andrew\Projects\IthacaBakery\RandomStuff\WorkBot\refactor-experimental\data\downloads\sessions\075a3b17-47dc-410c-b36a-e77b4add6fdf
2025-11-29 07:11:53,739 - INFO - backend.bots.craftable_bot.craftable_bot.CraftableBot - (craftable_bot.py:565) - Found Johnston Paper in Syracuse's order list.
2025-11-29 07:11:54,853 - INFO - backend.bots.craftable_bot.craftable_bot.CraftableBot - (craftable_bot.py:572) - Now in Johnston Paper order.
2025-11-29 07:11:54,963 - INFO - backend.adapters.downloads.local_download_manager.LocalDownloadManager - (local_download_manager.py:36) - [DownloadManager] Session 637fa02b-58b2-4807-b84e-fbb46a354e29 -> C:\Users\andrew\Desktop\Andrew\Projects\IthacaBakery\RandomStuff\WorkBot\refactor-experimental\data\downloads\sessions\637fa02b-58b2-4807-b84e-fbb46a354e29
2025-11-29 07:11:58,353 - INFO - backend.bots.craftable_bot.craftable_bot.CraftableBot - (craftable_bot.py:565) - Found UNFI in Syracuse's order list.
2025-11-29 07:11:59,466 - INFO - backend.bots.craftable_bot.craftable_bot.CraftableBot - (craftable_bot.py:572) - Now in UNFI order.
2025-11-29 07:11:59,690 - INFO - backend.adapters.downloads.local_download_manager.LocalDownloadManager - (local_download_manager.py:36) - [DownloadManager] Session fc651e1a-bba6-4413-a8a8-dfce4f147918 -> C:\Users\andrew\Desktop\Andrew\Projects\IthacaBakery\RandomStuff\WorkBot\refactor-experimental\data\downloads\sessions\fc651e1a-bba6-4413-a8a8-dfce4f147918
2025-11-29 07:12:03,157 - INFO - backend.bots.craftable_bot.craftable_bot.CraftableBot - (craftable_bot.py:565) - Found US Foods in Syracuse's order list.
2025-11-29 07:12:04,271 - INFO - backend.bots.craftable_bot.craftable_bot.CraftableBot - (craftable_bot.py:572) - Now in US Foods order.
2025-11-29 07:12:04,863 - INFO - backend.adapters.downloads.local_download_manager.LocalDownloadManager - (local_download_manager.py:36) - [DownloadManager] Session 52b7603d-2846-4bf3-98d5-016689229df5 -> C:\Users\andrew\Desktop\Andrew\Projects\IthacaBakery\RandomStuff\WorkBot\refactor-experimental\data\downloads\sessions\52b7603d-2846-4bf3-98d5-016689229df5
2025-11-29 07:12:08,229 - INFO - backend.bots.craftable_bot.craftable_bot.CraftableBot - (craftable_bot.py:565) - Found Coca-Cola in Syracuse's order list.
2025-11-29 07:12:09,361 - INFO - backend.bots.craftable_bot.craftable_bot.CraftableBot - (craftable_bot.py:572) - Now in Coca-Cola order.
2025-11-29 07:12:09,472 - INFO - backend.adapters.downloads.local_download_manager.LocalDownloadManager - (local_download_manager.py:36) - [DownloadManager] Session d45ec659-cbd3-4328-80d2-5a7f7d02af3c -> C:\Users\andrew\Desktop\Andrew\Projects\IthacaBakery\RandomStuff\WorkBot\refactor-experimental\data\downloads\sessions\d45ec659-cbd3-4328-80d2-5a7f7d02af3c
2025-11-29 07:12:12,898 - INFO - backend.bots.craftable_bot.craftable_bot.CraftableBot - (craftable_bot.py:565) - Found Hillcrest Dairy in Syracuse's order list.
2025-11-29 07:12:14,012 - INFO - backend.bots.craftable_bot.craftable_bot.CraftableBot - (craftable_bot.py:572) - Now in Hillcrest Dairy order.
2025-11-29 07:12:14,300 - INFO - backend.adapters.downloads.local_download_manager.LocalDownloadManager - (local_download_manager.py:36) - [DownloadManager] Session f1a14c60-e60c-4cc8-bcb8-7f7400ae9216 -> C:\Users\andrew\Desktop\Andrew\Projects\IthacaBakery\RandomStuff\WorkBot\refactor-experimental\data\downloads\sessions\f1a14c60-e60c-4cc8-bcb8-7f7400ae9216
2025-11-29 07:12:17,722 - INFO - backend.bots.craftable_bot.craftable_bot.CraftableBot - (craftable_bot.py:565) - Found Sysco in Syracuse's order list.
2025-11-29 07:12:18,833 - INFO - backend.bots.craftable_bot.craftable_bot.CraftableBot - (craftable_bot.py:572) - Now in Sysco order.
2025-11-29 07:12:19,176 - INFO - backend.adapters.downloads.local_download_manager.LocalDownloadManager - (local_download_manager.py:36) - [DownloadManager] Session 29084ed2-ba74-48c9-88fa-ca1a073e52ba -> C:\Users\andrew\Desktop\Andrew\Projects\IthacaBakery\RandomStuff\WorkBot\refactor-experimental\data\downloads\sessions\29084ed2-ba74-48c9-88fa-ca1a073e52ba
2025-11-29 07:12:22,642 - INFO - backend.bots.craftable_bot.craftable_bot.CraftableBot - (craftable_bot.py:565) - Found Equal Exchange in Syracuse's order list.
2025-11-29 07:12:23,748 - INFO - backend.bots.craftable_bot.craftable_bot.CraftableBot - (craftable_bot.py:572) - Now in Equal Exchange order.
2025-11-29 07:12:23,977 - INFO - backend.adapters.downloads.local_download_manager.LocalDownloadManager - (local_download_manager.py:36) - [DownloadManager] Session 722bd579-6685-4a7e-bba3-9b782b0b8130 -> C:\Users\andrew\Desktop\Andrew\Projects\IthacaBakery\RandomStuff\WorkBot\refactor-experimental\data\downloads\sessions\722bd579-6685-4a7e-bba3-9b782b0b8130
2025-11-29 07:12:27,414 - INFO - backend.bots.craftable_bot.craftable_bot.CraftableBot - (craftable_bot.py:565) - Found Odeko In. in Syracuse's order list.
2025-11-29 07:12:28,525 - INFO - backend.bots.craftable_bot.craftable_bot.CraftableBot - (craftable_bot.py:572) - Now in Odeko In. order.
2025-11-29 07:12:28,633 - INFO - backend.adapters.downloads.local_download_manager.LocalDownloadManager - (local_download_manager.py:36) - [DownloadManager] Session cf287910-4d6f-4754-b3f4-c7d5bdf29c1c -> C:\Users\andrew\Desktop\Andrew\Projects\IthacaBakery\RandomStuff\WorkBot\refactor-experimental\data\downloads\sessions\cf287910-4d6f-4754-b3f4-c7d5bdf29c1c
2025-11-29 07:12:32,344 - INFO - backend.bots.craftable_bot.craftable_bot.CraftableBot - (craftable_bot.py:565) - Found Coffee Depot LLC in Syracuse's order list.
2025-11-29 07:12:33,489 - INFO - backend.bots.craftable_bot.craftable_bot.CraftableBot - (craftable_bot.py:572) - Now in Coffee Depot LLC order.
2025-11-29 07:12:33,662 - INFO - backend.adapters.downloads.local_download_manager.LocalDownloadManager - (local_download_manager.py:36) - [DownloadManager] Session 54fc1171-6c54-45f8-9115-1c12df25f956 -> C:\Users\andrew\Desktop\Andrew\Projects\IthacaBakery\RandomStuff\WorkBot\refactor-experimental\data\downloads\sessions\54fc1171-6c54-45f8-9115-1c12df25f956
2025-11-29 07:12:37,129 - INFO - backend.bots.craftable_bot.craftable_bot.CraftableBot - (craftable_bot.py:565) - Found Pepsi in Syracuse's order list.
2025-11-29 07:12:38,242 - INFO - backend.bots.craftable_bot.craftable_bot.CraftableBot - (craftable_bot.py:572) - Now in Pepsi order.
2025-11-29 07:12:38,406 - INFO - backend.adapters.downloads.local_download_manager.LocalDownloadManager - (local_download_manager.py:36) - [DownloadManager] Session ed416fde-bee7-49ec-b6e7-92fdb80d92f8 -> C:\Users\andrew\Desktop\Andrew\Projects\IthacaBakery\RandomStuff\WorkBot\refactor-experimental\data\downloads\sessions\ed416fde-bee7-49ec-b6e7-92fdb80d92f8
2025-11-29 07:12:41,903 - INFO - backend.bots.craftable_bot.craftable_bot.CraftableBot - (craftable_bot.py:565) - Found DUTCH VALLEY FOOD DIST in Syracuse's order list.
2025-11-29 07:12:43,036 - INFO - backend.bots.craftable_bot.craftable_bot.CraftableBot - (craftable_bot.py:572) - Now in DUTCH VALLEY FOOD DIST order.
2025-11-29 07:12:43,144 - INFO - backend.adapters.downloads.local_download_manager.LocalDownloadManager - (local_download_manager.py:36) - [DownloadManager] Session 5a6053ad-e5a3-41cb-9826-dac32b7d904e -> C:\Users\andrew\Desktop\Andrew\Projects\IthacaBakery\RandomStuff\WorkBot\refactor-experimental\data\downloads\sessions\5a6053ad-e5a3-41cb-9826-dac32b7d904e
2025-11-29 07:12:47,646 - INFO - backend.bots.workbot.work_bot.WorkBot - (work_bot.py:146) - [Order Update] Initiating update protocol for Collegetown / Performance Food / 20251126.
2025-11-29 07:12:47,652 - INFO - backend.app.services.order_service.CheckAndUpdateOrder - (order_service.py:229) - [Order Update] Changed - overwrite needed.
2025-11-29 07:12:47,653 - INFO - backend.app.services.order_service.SaveOrder - (order_service.py:100) - Saving order Performance Food / Collegetown / 20251126
2025-11-29 07:12:47,680 - INFO - backend.bots.workbot.work_bot.WorkBot - (work_bot.py:109) - [PDF] Ingested: Order.pdf for Collegetown/Performance Food
2025-11-29 07:12:47,680 - INFO - backend.adapters.downloads.local_download_manager.LocalDownloadManager - (local_download_manager.py:73) - [DownloadManager] Cleaned up C:\Users\andrew\Desktop\Andrew\Projects\IthacaBakery\RandomStuff\WorkBot\refactor-experimental\data\downloads\sessions\d79306e2-9a7f-49d6-8ff1-f38a2a0a4260
2025-11-29 07:12:47,681 - INFO - backend.bots.workbot.work_bot.WorkBot - (work_bot.py:146) - [Order Update] Initiating update protocol for Collegetown / US Foods / 20251126.
2025-11-29 07:12:47,687 - INFO - backend.app.services.order_service.CheckAndUpdateOrder - (order_service.py:229) - [Order Update] Changed - overwrite needed.
2025-11-29 07:12:47,687 - INFO - backend.app.services.order_service.SaveOrder - (order_service.py:100) - Saving order US Foods / Collegetown / 20251126
2025-11-29 07:12:47,712 - INFO - backend.bots.workbot.work_bot.WorkBot - (work_bot.py:109) - [PDF] Ingested: Order.pdf for Collegetown/US Foods
2025-11-29 07:12:47,713 - INFO - backend.adapters.downloads.local_download_manager.LocalDownloadManager - (local_download_manager.py:73) - [DownloadManager] Cleaned up C:\Users\andrew\Desktop\Andrew\Projects\IthacaBakery\RandomStuff\WorkBot\refactor-experimental\data\downloads\sessions\b4ebdddd-8f48-4683-a992-3c8dcc6f2e27
2025-11-29 07:12:47,713 - INFO - backend.bots.workbot.work_bot.WorkBot - (work_bot.py:146) - [Order Update] Initiating update protocol for Collegetown / Sysco / 20251126.
2025-11-29 07:12:47,719 - INFO - backend.app.services.order_service.CheckAndUpdateOrder - (order_service.py:229) - [Order Update] Changed - overwrite needed.
2025-11-29 07:12:47,719 - INFO - backend.app.services.order_service.SaveOrder - (order_service.py:100) - Saving order Sysco / Collegetown / 20251126
2025-11-29 07:12:47,743 - INFO - backend.bots.workbot.work_bot.WorkBot - (work_bot.py:109) - [PDF] Ingested: Order.pdf for Collegetown/Sysco
2025-11-29 07:12:47,744 - INFO - backend.adapters.downloads.local_download_manager.LocalDownloadManager - (local_download_manager.py:73) - [DownloadManager] Cleaned up C:\Users\andrew\Desktop\Andrew\Projects\IthacaBakery\RandomStuff\WorkBot\refactor-experimental\data\downloads\sessions\a7a6f8cf-f5d4-44b3-854c-805a9c6195e4
2025-11-29 07:12:47,744 - INFO - backend.bots.workbot.work_bot.WorkBot - (work_bot.py:146) - [Order Update] Initiating update protocol for Collegetown / Ithaca Bakery / 20251126.
2025-11-29 07:12:47,751 - INFO - backend.app.services.order_service.CheckAndUpdateOrder - (order_service.py:229) - [Order Update] Changed - overwrite needed.
2025-11-29 07:12:47,751 - INFO - backend.app.services.order_service.SaveOrder - (order_service.py:100) - Saving order Ithaca Bakery / Collegetown / 20251126
2025-11-29 07:12:47,777 - INFO - backend.bots.workbot.work_bot.WorkBot - (work_bot.py:109) - [PDF] Ingested: Order.pdf for Collegetown/Ithaca Bakery
2025-11-29 07:12:47,777 - INFO - backend.adapters.downloads.local_download_manager.LocalDownloadManager - (local_download_manager.py:73) - [DownloadManager] Cleaned up C:\Users\andrew\Desktop\Andrew\Projects\IthacaBakery\RandomStuff\WorkBot\refactor-experimental\data\downloads\sessions\4ad11dcd-28d8-4385-bf91-aa422894818a
2025-11-29 07:12:47,778 - INFO - backend.bots.workbot.work_bot.WorkBot - (work_bot.py:146) - [Order Update] Initiating update protocol for Collegetown / Hillcrest Dairy / 20251126.
2025-11-29 07:12:47,784 - INFO - backend.app.services.order_service.CheckAndUpdateOrder - (order_service.py:229) - [Order Update] Changed - overwrite needed.
2025-11-29 07:12:47,784 - INFO - backend.app.services.order_service.SaveOrder - (order_service.py:100) - Saving order Hillcrest Dairy / Collegetown / 20251126
2025-11-29 07:12:47,806 - INFO - backend.bots.workbot.work_bot.WorkBot - (work_bot.py:109) - [PDF] Ingested: Order.pdf for Collegetown/Hillcrest Dairy
2025-11-29 07:12:47,807 - INFO - backend.adapters.downloads.local_download_manager.LocalDownloadManager - (local_download_manager.py:73) - [DownloadManager] Cleaned up C:\Users\andrew\Desktop\Andrew\Projects\IthacaBakery\RandomStuff\WorkBot\refactor-experimental\data\downloads\sessions\14cd60f9-dc16-4af3-a6f0-333e79442ad5
2025-11-29 07:12:47,807 - INFO - backend.bots.workbot.work_bot.WorkBot - (work_bot.py:146) - [Order Update] Initiating update protocol for Collegetown / Regional Distributors, Inc. / 20251126.
2025-11-29 07:12:47,811 - INFO - backend.adapters.files.generic_file_adapter.GenericFileAdapter - (generic_file_adapter.py:105) - Skipping unreadable file C:\Users\andrew\Desktop\Andrew\Projects\IthacaBakery\RandomStuff\WorkBot\refactor-experimental\data\orders\Regional Distributors, Inc\Regional Distributors, Inc._Collegetown_20251121.pdf: 'pdf'
2025-11-29 07:12:47,830 - INFO - backend.app.services.order_service.CheckAndUpdateOrder - (order_service.py:229) - [Order Update] Changed - overwrite needed.
2025-11-29 07:12:47,831 - INFO - backend.app.services.order_service.SaveOrder - (order_service.py:100) - Saving order Regional Distributors, Inc. / Collegetown / 20251126
2025-11-29 07:12:47,854 - INFO - backend.bots.workbot.work_bot.WorkBot - (work_bot.py:109) - [PDF] Ingested: Order.pdf for Collegetown/Regional Distributors, Inc.
2025-11-29 07:12:47,855 - INFO - backend.adapters.downloads.local_download_manager.LocalDownloadManager - (local_download_manager.py:73) - [DownloadManager] Cleaned up C:\Users\andrew\Desktop\Andrew\Projects\IthacaBakery\RandomStuff\WorkBot\refactor-experimental\data\downloads\sessions\20287ec7-86c9-4f7d-b363-27e25a16301c
2025-11-29 07:12:47,855 - INFO - backend.bots.workbot.work_bot.WorkBot - (work_bot.py:146) - [Order Update] Initiating update protocol for Collegetown / Equal Exchange / 20251126.
2025-11-29 07:12:47,863 - INFO - backend.app.services.order_service.CheckAndUpdateOrder - (order_service.py:229) - [Order Update] Changed - overwrite needed.
2025-11-29 07:12:47,863 - INFO - backend.app.services.order_service.SaveOrder - (order_service.py:100) - Saving order Equal Exchange / Collegetown / 20251126
2025-11-29 07:12:47,885 - INFO - backend.bots.workbot.work_bot.WorkBot - (work_bot.py:109) - [PDF] Ingested: Order.pdf for Collegetown/Equal Exchange
2025-11-29 07:12:47,886 - INFO - backend.adapters.downloads.local_download_manager.LocalDownloadManager - (local_download_manager.py:73) - [DownloadManager] Cleaned up C:\Users\andrew\Desktop\Andrew\Projects\IthacaBakery\RandomStuff\WorkBot\refactor-experimental\data\downloads\sessions\bcb268c0-ef38-4f80-8d82-15ca1382a5e8
2025-11-29 07:12:47,886 - INFO - backend.bots.workbot.work_bot.WorkBot - (work_bot.py:146) - [Order Update] Initiating update protocol for Collegetown / Hill & Markes / 20251126.
2025-11-29 07:12:47,894 - INFO - backend.app.services.order_service.CheckAndUpdateOrder - (order_service.py:229) - [Order Update] Changed - overwrite needed.
2025-11-29 07:12:47,894 - INFO - backend.app.services.order_service.SaveOrder - (order_service.py:100) - Saving order Hill & Markes / Collegetown / 20251126
2025-11-29 07:12:47,916 - INFO - backend.bots.workbot.work_bot.WorkBot - (work_bot.py:109) - [PDF] Ingested: Order.pdf for Collegetown/Hill & Markes
2025-11-29 07:12:47,917 - INFO - backend.adapters.downloads.local_download_manager.LocalDownloadManager - (local_download_manager.py:73) - [DownloadManager] Cleaned up C:\Users\andrew\Desktop\Andrew\Projects\IthacaBakery\RandomStuff\WorkBot\refactor-experimental\data\downloads\sessions\5b22c537-ec07-428d-b842-6c736dc9aa47
2025-11-29 07:12:47,917 - INFO - backend.bots.workbot.work_bot.WorkBot - (work_bot.py:146) - [Order Update] Initiating update protocol for Collegetown / Johnston Paper / 20251126.
2025-11-29 07:12:47,925 - INFO - backend.app.services.order_service.CheckAndUpdateOrder - (order_service.py:229) - [Order Update] Changed - overwrite needed.
2025-11-29 07:12:47,925 - INFO - backend.app.services.order_service.SaveOrder - (order_service.py:100) - Saving order Johnston Paper / Collegetown / 20251126
2025-11-29 07:12:47,946 - INFO - backend.bots.workbot.work_bot.WorkBot - (work_bot.py:109) - [PDF] Ingested: Order.pdf for Collegetown/Johnston Paper
2025-11-29 07:12:47,946 - INFO - backend.adapters.downloads.local_download_manager.LocalDownloadManager - (local_download_manager.py:73) - [DownloadManager] Cleaned up C:\Users\andrew\Desktop\Andrew\Projects\IthacaBakery\RandomStuff\WorkBot\refactor-experimental\data\downloads\sessions\88f8e738-82f5-4dff-bfb7-65ae47009303
2025-11-29 07:12:47,946 - INFO - backend.bots.workbot.work_bot.WorkBot - (work_bot.py:146) - [Order Update] Initiating update protocol for Collegetown / Peters Supply / 20251126.
2025-11-29 07:12:47,954 - INFO - backend.app.services.order_service.CheckAndUpdateOrder - (order_service.py:229) - [Order Update] Changed - overwrite needed.
2025-11-29 07:12:47,954 - INFO - backend.app.services.order_service.SaveOrder - (order_service.py:100) - Saving order Peters Supply / Collegetown / 20251126
2025-11-29 07:12:47,977 - INFO - backend.bots.workbot.work_bot.WorkBot - (work_bot.py:109) - [PDF] Ingested: Order.pdf for Collegetown/Peters Supply
2025-11-29 07:12:47,977 - INFO - backend.adapters.downloads.local_download_manager.LocalDownloadManager - (local_download_manager.py:73) - [DownloadManager] Cleaned up C:\Users\andrew\Desktop\Andrew\Projects\IthacaBakery\RandomStuff\WorkBot\refactor-experimental\data\downloads\sessions\c2c3b08c-98bd-48fa-bee7-977d03da065e
2025-11-29 07:12:47,978 - INFO - backend.bots.workbot.work_bot.WorkBot - (work_bot.py:146) - [Order Update] Initiating update protocol for Collegetown / Coca-Cola / 20251126.
2025-11-29 07:12:47,987 - INFO - backend.app.services.order_service.CheckAndUpdateOrder - (order_service.py:229) - [Order Update] Changed - overwrite needed.
2025-11-29 07:12:47,987 - INFO - backend.app.services.order_service.SaveOrder - (order_service.py:100) - Saving order Coca-Cola / Collegetown / 20251126
2025-11-29 07:12:48,009 - INFO - backend.bots.workbot.work_bot.WorkBot - (work_bot.py:109) - [PDF] Ingested: Order.pdf for Collegetown/Coca-Cola
2025-11-29 07:12:48,010 - INFO - backend.adapters.downloads.local_download_manager.LocalDownloadManager - (local_download_manager.py:73) - [DownloadManager] Cleaned up C:\Users\andrew\Desktop\Andrew\Projects\IthacaBakery\RandomStuff\WorkBot\refactor-experimental\data\downloads\sessions\7f52c705-7cf6-4c49-8d1f-c0cfe4bfb448
2025-11-29 07:12:48,010 - INFO - backend.bots.workbot.work_bot.WorkBot - (work_bot.py:146) - [Order Update] Initiating update protocol for Collegetown / Coffee Depot LLC / 20251126.
2025-11-29 07:12:48,018 - INFO - backend.app.services.order_service.CheckAndUpdateOrder - (order_service.py:229) - [Order Update] Changed - overwrite needed.
2025-11-29 07:12:48,018 - INFO - backend.app.services.order_service.SaveOrder - (order_service.py:100) - Saving order Coffee Depot LLC / Collegetown / 20251126
2025-11-29 07:12:48,042 - INFO - backend.bots.workbot.work_bot.WorkBot - (work_bot.py:109) - [PDF] Ingested: Order.pdf for Collegetown/Coffee Depot LLC
2025-11-29 07:12:48,042 - INFO - backend.adapters.downloads.local_download_manager.LocalDownloadManager - (local_download_manager.py:73) - [DownloadManager] Cleaned up C:\Users\andrew\Desktop\Andrew\Projects\IthacaBakery\RandomStuff\WorkBot\refactor-experimental\data\downloads\sessions\55d236c7-4681-47d3-8c3b-5174cfe76a09
2025-11-29 07:12:48,043 - INFO - backend.bots.workbot.work_bot.WorkBot - (work_bot.py:146) - [Order Update] Initiating update protocol for Collegetown / Webstaurant / 20251126.
2025-11-29 07:12:48,051 - INFO - backend.app.services.order_service.CheckAndUpdateOrder - (order_service.py:229) - [Order Update] Changed - overwrite needed.
2025-11-29 07:12:48,051 - INFO - backend.app.services.order_service.SaveOrder - (order_service.py:100) - Saving order Webstaurant / Collegetown / 20251126
2025-11-29 07:12:48,072 - INFO - backend.bots.workbot.work_bot.WorkBot - (work_bot.py:109) - [PDF] Ingested: Order.pdf for Collegetown/Webstaurant
2025-11-29 07:12:48,073 - INFO - backend.adapters.downloads.local_download_manager.LocalDownloadManager - (local_download_manager.py:73) - [DownloadManager] Cleaned up C:\Users\andrew\Desktop\Andrew\Projects\IthacaBakery\RandomStuff\WorkBot\refactor-experimental\data\downloads\sessions\78261def-456a-4379-8d11-3a7ad23117f0
2025-11-29 07:12:48,073 - INFO - backend.bots.workbot.work_bot.WorkBot - (work_bot.py:146) - [Order Update] Initiating update protocol for Collegetown / FingerLakes Farms / 20251126.
2025-11-29 07:12:48,082 - INFO - backend.app.services.order_service.CheckAndUpdateOrder - (order_service.py:229) - [Order Update] Changed - overwrite needed.
2025-11-29 07:12:48,082 - INFO - backend.app.services.order_service.SaveOrder - (order_service.py:100) - Saving order FingerLakes Farms / Collegetown / 20251126
2025-11-29 07:12:48,104 - INFO - backend.bots.workbot.work_bot.WorkBot - (work_bot.py:109) - [PDF] Ingested: Order.pdf for Collegetown/FingerLakes Farms
2025-11-29 07:12:48,105 - INFO - backend.adapters.downloads.local_download_manager.LocalDownloadManager - (local_download_manager.py:73) - [DownloadManager] Cleaned up C:\Users\andrew\Desktop\Andrew\Projects\IthacaBakery\RandomStuff\WorkBot\refactor-experimental\data\downloads\sessions\91a75ffa-e850-4e69-b94d-b55121bd8817
2025-11-29 07:12:48,105 - INFO - backend.bots.workbot.work_bot.WorkBot - (work_bot.py:146) - [Order Update] Initiating update protocol for Collegetown / A.L. George / 20251126.
2025-11-29 07:12:48,113 - INFO - backend.app.services.order_service.CheckAndUpdateOrder - (order_service.py:229) - [Order Update] Changed - overwrite needed.
2025-11-29 07:12:48,114 - INFO - backend.app.services.order_service.SaveOrder - (order_service.py:100) - Saving order A.L. George / Collegetown / 20251126
2025-11-29 07:12:48,136 - INFO - backend.bots.workbot.work_bot.WorkBot - (work_bot.py:109) - [PDF] Ingested: Order.pdf for Collegetown/A.L. George
2025-11-29 07:12:48,137 - INFO - backend.adapters.downloads.local_download_manager.LocalDownloadManager - (local_download_manager.py:73) - [DownloadManager] Cleaned up C:\Users\andrew\Desktop\Andrew\Projects\IthacaBakery\RandomStuff\WorkBot\refactor-experimental\data\downloads\sessions\8ad6094b-6a6e-4ab3-abd7-9705f42da00e
2025-11-29 07:12:48,137 - INFO - backend.bots.workbot.work_bot.WorkBot - (work_bot.py:146) - [Order Update] Initiating update protocol for Collegetown / BALKAN BEVERAGE LLC / 20251126.
2025-11-29 07:12:48,147 - INFO - backend.app.services.order_service.CheckAndUpdateOrder - (order_service.py:229) - [Order Update] Changed - overwrite needed.
2025-11-29 07:12:48,147 - INFO - backend.app.services.order_service.SaveOrder - (order_service.py:100) - Saving order BALKAN BEVERAGE LLC / Collegetown / 20251126
2025-11-29 07:12:48,169 - INFO - backend.bots.workbot.work_bot.WorkBot - (work_bot.py:109) - [PDF] Ingested: Order.pdf for Collegetown/BALKAN BEVERAGE LLC
2025-11-29 07:12:48,170 - INFO - backend.adapters.downloads.local_download_manager.LocalDownloadManager - (local_download_manager.py:73) - [DownloadManager] Cleaned up C:\Users\andrew\Desktop\Andrew\Projects\IthacaBakery\RandomStuff\WorkBot\refactor-experimental\data\downloads\sessions\270a24c6-470e-476b-83aa-4211779737b4
2025-11-29 07:12:48,170 - INFO - backend.bots.workbot.work_bot.WorkBot - (work_bot.py:146) - [Order Update] Initiating update protocol for Easthill / US Foods / 20251128.
2025-11-29 07:12:48,179 - INFO - backend.app.services.order_service.CheckAndUpdateOrder - (order_service.py:229) - [Order Update] Changed - overwrite needed.
2025-11-29 07:12:48,179 - INFO - backend.app.services.order_service.SaveOrder - (order_service.py:100) - Saving order US Foods / Easthill / 20251128
2025-11-29 07:12:48,202 - INFO - backend.bots.workbot.work_bot.WorkBot - (work_bot.py:109) - [PDF] Ingested: Order.pdf for Easthill/US Foods
2025-11-29 07:12:48,203 - INFO - backend.adapters.downloads.local_download_manager.LocalDownloadManager - (local_download_manager.py:73) - [DownloadManager] Cleaned up C:\Users\andrew\Desktop\Andrew\Projects\IthacaBakery\RandomStuff\WorkBot\refactor-experimental\data\downloads\sessions\a8b8ad60-94e6-432c-9efe-cb937949a50d
2025-11-29 07:12:48,203 - INFO - backend.bots.workbot.work_bot.WorkBot - (work_bot.py:146) - [Order Update] Initiating update protocol for Easthill / Ithaca Bakery / 20251128.
2025-11-29 07:12:48,212 - INFO - backend.app.services.order_service.CheckAndUpdateOrder - (order_service.py:229) - [Order Update] Changed - overwrite needed.
2025-11-29 07:12:48,212 - INFO - backend.app.services.order_service.SaveOrder - (order_service.py:100) - Saving order Ithaca Bakery / Easthill / 20251128
2025-11-29 07:12:48,236 - INFO - backend.bots.workbot.work_bot.WorkBot - (work_bot.py:109) - [PDF] Ingested: Order.pdf for Easthill/Ithaca Bakery
2025-11-29 07:12:48,237 - INFO - backend.adapters.downloads.local_download_manager.LocalDownloadManager - (local_download_manager.py:73) - [DownloadManager] Cleaned up C:\Users\andrew\Desktop\Andrew\Projects\IthacaBakery\RandomStuff\WorkBot\refactor-experimental\data\downloads\sessions\05d2b885-c5da-459e-830c-c8699d386295
2025-11-29 07:12:48,237 - INFO - backend.bots.workbot.work_bot.WorkBot - (work_bot.py:146) - [Order Update] Initiating update protocol for Easthill / Sysco / 20251128.
2025-11-29 07:12:48,246 - INFO - backend.app.services.order_service.CheckAndUpdateOrder - (order_service.py:229) - [Order Update] Changed - overwrite needed.
2025-11-29 07:12:48,246 - INFO - backend.app.services.order_service.SaveOrder - (order_service.py:100) - Saving order Sysco / Easthill / 20251128
2025-11-29 07:12:48,268 - INFO - backend.bots.workbot.work_bot.WorkBot - (work_bot.py:109) - [PDF] Ingested: Order.pdf for Easthill/Sysco
2025-11-29 07:12:48,269 - INFO - backend.adapters.downloads.local_download_manager.LocalDownloadManager - (local_download_manager.py:73) - [DownloadManager] Cleaned up C:\Users\andrew\Desktop\Andrew\Projects\IthacaBakery\RandomStuff\WorkBot\refactor-experimental\data\downloads\sessions\6c942d0c-3269-40f9-9468-c6db1030ce24
2025-11-29 07:12:48,269 - INFO - backend.bots.workbot.work_bot.WorkBot - (work_bot.py:146) - [Order Update] Initiating update protocol for Easthill / Performance Food / 20251128.
2025-11-29 07:12:48,278 - INFO - backend.app.services.order_service.CheckAndUpdateOrder - (order_service.py:229) - [Order Update] Changed - overwrite needed.
2025-11-29 07:12:48,278 - INFO - backend.app.services.order_service.SaveOrder - (order_service.py:100) - Saving order Performance Food / Easthill / 20251128
2025-11-29 07:12:48,301 - INFO - backend.bots.workbot.work_bot.WorkBot - (work_bot.py:109) - [PDF] Ingested: Order.pdf for Easthill/Performance Food
2025-11-29 07:12:48,302 - INFO - backend.adapters.downloads.local_download_manager.LocalDownloadManager - (local_download_manager.py:73) - [DownloadManager] Cleaned up C:\Users\andrew\Desktop\Andrew\Projects\IthacaBakery\RandomStuff\WorkBot\refactor-experimental\data\downloads\sessions\99cc8827-88f4-495b-8498-8b1bfee39bba
2025-11-29 07:12:48,302 - INFO - backend.bots.workbot.work_bot.WorkBot - (work_bot.py:146) - [Order Update] Initiating update protocol for Easthill / FingerLakes Farms / 20251128.
2025-11-29 07:12:48,311 - INFO - backend.app.services.order_service.CheckAndUpdateOrder - (order_service.py:229) - [Order Update] Changed - overwrite needed.
2025-11-29 07:12:48,312 - INFO - backend.app.services.order_service.SaveOrder - (order_service.py:100) - Saving order FingerLakes Farms / Easthill / 20251128
2025-11-29 07:12:48,335 - INFO - backend.bots.workbot.work_bot.WorkBot - (work_bot.py:109) - [PDF] Ingested: Order.pdf for Easthill/FingerLakes Farms
2025-11-29 07:12:48,335 - INFO - backend.adapters.downloads.local_download_manager.LocalDownloadManager - (local_download_manager.py:73) - [DownloadManager] Cleaned up C:\Users\andrew\Desktop\Andrew\Projects\IthacaBakery\RandomStuff\WorkBot\refactor-experimental\data\downloads\sessions\26faf169-dbd4-4292-a948-6f25a565e7f8
2025-11-29 07:12:48,336 - INFO - backend.bots.workbot.work_bot.WorkBot - (work_bot.py:146) - [Order Update] Initiating update protocol for Easthill / Peters Supply / 20251128.
2025-11-29 07:12:48,345 - INFO - backend.app.services.order_service.CheckAndUpdateOrder - (order_service.py:229) - [Order Update] Changed - overwrite needed.
2025-11-29 07:12:48,345 - INFO - backend.app.services.order_service.SaveOrder - (order_service.py:100) - Saving order Peters Supply / Easthill / 20251128
2025-11-29 07:12:48,367 - INFO - backend.bots.workbot.work_bot.WorkBot - (work_bot.py:109) - [PDF] Ingested: Order.pdf for Easthill/Peters Supply
2025-11-29 07:12:48,368 - INFO - backend.adapters.downloads.local_download_manager.LocalDownloadManager - (local_download_manager.py:73) - [DownloadManager] Cleaned up C:\Users\andrew\Desktop\Andrew\Projects\IthacaBakery\RandomStuff\WorkBot\refactor-experimental\data\downloads\sessions\d9149aaa-ba2d-47fb-a801-ea7bc3b70af1
2025-11-29 07:12:48,368 - INFO - backend.bots.workbot.work_bot.WorkBot - (work_bot.py:146) - [Order Update] Initiating update protocol for Easthill / Regional Distributors, Inc. / 20251128.
2025-11-29 07:12:48,374 - INFO - backend.adapters.files.generic_file_adapter.GenericFileAdapter - (generic_file_adapter.py:105) - Skipping unreadable file C:\Users\andrew\Desktop\Andrew\Projects\IthacaBakery\RandomStuff\WorkBot\refactor-experimental\data\orders\Regional Distributors, Inc\Regional Distributors, Inc._Easthill_20251122.pdf: 'pdf'
2025-11-29 07:12:48,393 - INFO - backend.app.services.order_service.CheckAndUpdateOrder - (order_service.py:229) - [Order Update] Changed - overwrite needed.
2025-11-29 07:12:48,393 - INFO - backend.app.services.order_service.SaveOrder - (order_service.py:100) - Saving order Regional Distributors, Inc. / Easthill / 20251128
2025-11-29 07:12:48,416 - INFO - backend.bots.workbot.work_bot.WorkBot - (work_bot.py:109) - [PDF] Ingested: Order.pdf for Easthill/Regional Distributors, Inc.
2025-11-29 07:12:48,416 - INFO - backend.adapters.downloads.local_download_manager.LocalDownloadManager - (local_download_manager.py:73) - [DownloadManager] Cleaned up C:\Users\andrew\Desktop\Andrew\Projects\IthacaBakery\RandomStuff\WorkBot\refactor-experimental\data\downloads\sessions\7ca6a470-9893-44d4-be6c-5aedbc2f908f
2025-11-29 07:12:48,417 - INFO - backend.bots.workbot.work_bot.WorkBot - (work_bot.py:146) - [Order Update] Initiating update protocol for Easthill / Coca-Cola / 20251128.
2025-11-29 07:12:48,426 - INFO - backend.app.services.order_service.CheckAndUpdateOrder - (order_service.py:229) - [Order Update] Changed - overwrite needed.
2025-11-29 07:12:48,426 - INFO - backend.app.services.order_service.SaveOrder - (order_service.py:100) - Saving order Coca-Cola / Easthill / 20251128
2025-11-29 07:12:48,451 - INFO - backend.bots.workbot.work_bot.WorkBot - (work_bot.py:109) - [PDF] Ingested: Order.pdf for Easthill/Coca-Cola
2025-11-29 07:12:48,452 - INFO - backend.adapters.downloads.local_download_manager.LocalDownloadManager - (local_download_manager.py:73) - [DownloadManager] Cleaned up C:\Users\andrew\Desktop\Andrew\Projects\IthacaBakery\RandomStuff\WorkBot\refactor-experimental\data\downloads\sessions\ab3eff4b-9b20-406e-8e63-713b1865ef13
2025-11-29 07:12:48,452 - INFO - backend.bots.workbot.work_bot.WorkBot - (work_bot.py:146) - [Order Update] Initiating update protocol for Easthill / Hillcrest Foods / 20251128.
2025-11-29 07:12:48,462 - INFO - backend.app.services.order_service.CheckAndUpdateOrder - (order_service.py:229) - [Order Update] Changed - overwrite needed.
2025-11-29 07:12:48,462 - INFO - backend.app.services.order_service.SaveOrder - (order_service.py:100) - Saving order Hillcrest Foods / Easthill / 20251128
2025-11-29 07:12:48,484 - INFO - backend.bots.workbot.work_bot.WorkBot - (work_bot.py:109) - [PDF] Ingested: Order.pdf for Easthill/Hillcrest Foods
2025-11-29 07:12:48,485 - INFO - backend.adapters.downloads.local_download_manager.LocalDownloadManager - (local_download_manager.py:73) - [DownloadManager] Cleaned up C:\Users\andrew\Desktop\Andrew\Projects\IthacaBakery\RandomStuff\WorkBot\refactor-experimental\data\downloads\sessions\fad88075-df4e-4e8e-abd1-a9307fe65943
2025-11-29 07:12:48,485 - INFO - backend.bots.workbot.work_bot.WorkBot - (work_bot.py:146) - [Order Update] Initiating update protocol for Easthill / Copper Horse Coffee / 20251128.
2025-11-29 07:12:48,496 - INFO - backend.app.services.order_service.CheckAndUpdateOrder - (order_service.py:229) - [Order Update] Changed - overwrite needed.
2025-11-29 07:12:48,496 - INFO - backend.app.services.order_service.SaveOrder - (order_service.py:100) - Saving order Copper Horse Coffee / Easthill / 20251128
2025-11-29 07:12:48,521 - INFO - backend.bots.workbot.work_bot.WorkBot - (work_bot.py:109) - [PDF] Ingested: Order.pdf for Easthill/Copper Horse Coffee
2025-11-29 07:12:48,522 - INFO - backend.adapters.downloads.local_download_manager.LocalDownloadManager - (local_download_manager.py:73) - [DownloadManager] Cleaned up C:\Users\andrew\Desktop\Andrew\Projects\IthacaBakery\RandomStuff\WorkBot\refactor-experimental\data\downloads\sessions\c7fd49a4-e806-4bb4-9aae-76f10ca8b976
2025-11-29 07:12:48,522 - INFO - backend.bots.workbot.work_bot.WorkBot - (work_bot.py:146) - [Order Update] Initiating update protocol for Easthill / Hill & Markes / 20251128.
2025-11-29 07:12:48,533 - INFO - backend.app.services.order_service.CheckAndUpdateOrder - (order_service.py:229) - [Order Update] Changed - overwrite needed.
2025-11-29 07:12:48,533 - INFO - backend.app.services.order_service.SaveOrder - (order_service.py:100) - Saving order Hill & Markes / Easthill / 20251128
2025-11-29 07:12:48,558 - INFO - backend.bots.workbot.work_bot.WorkBot - (work_bot.py:109) - [PDF] Ingested: Order.pdf for Easthill/Hill & Markes
2025-11-29 07:12:48,558 - INFO - backend.adapters.downloads.local_download_manager.LocalDownloadManager - (local_download_manager.py:73) - [DownloadManager] Cleaned up C:\Users\andrew\Desktop\Andrew\Projects\IthacaBakery\RandomStuff\WorkBot\refactor-experimental\data\downloads\sessions\3a262754-4062-42e2-8255-ef9baf50921c
2025-11-29 07:12:48,559 - INFO - backend.bots.workbot.work_bot.WorkBot - (work_bot.py:146) - [Order Update] Initiating update protocol for Easthill / Equal Exchange / 20251128.
2025-11-29 07:12:48,569 - INFO - backend.app.services.order_service.CheckAndUpdateOrder - (order_service.py:229) - [Order Update] Changed - overwrite needed.
2025-11-29 07:12:48,569 - INFO - backend.app.services.order_service.SaveOrder - (order_service.py:100) - Saving order Equal Exchange / Easthill / 20251128
2025-11-29 07:12:48,592 - INFO - backend.bots.workbot.work_bot.WorkBot - (work_bot.py:109) - [PDF] Ingested: Order.pdf for Easthill/Equal Exchange
2025-11-29 07:12:48,593 - INFO - backend.adapters.downloads.local_download_manager.LocalDownloadManager - (local_download_manager.py:73) - [DownloadManager] Cleaned up C:\Users\andrew\Desktop\Andrew\Projects\IthacaBakery\RandomStuff\WorkBot\refactor-experimental\data\downloads\sessions\7304f271-45c6-41e0-8f82-60ff48226257
2025-11-29 07:12:48,593 - INFO - backend.bots.workbot.work_bot.WorkBot - (work_bot.py:146) - [Order Update] Initiating update protocol for Easthill / UNFI / 20251128.
2025-11-29 07:12:48,603 - INFO - backend.app.services.order_service.CheckAndUpdateOrder - (order_service.py:229) - [Order Update] Changed - overwrite needed.
2025-11-29 07:12:48,603 - INFO - backend.app.services.order_service.SaveOrder - (order_service.py:100) - Saving order UNFI / Easthill / 20251128
2025-11-29 07:12:48,626 - INFO - backend.bots.workbot.work_bot.WorkBot - (work_bot.py:109) - [PDF] Ingested: Order.pdf for Easthill/UNFI
2025-11-29 07:12:48,627 - INFO - backend.adapters.downloads.local_download_manager.LocalDownloadManager - (local_download_manager.py:73) - [DownloadManager] Cleaned up C:\Users\andrew\Desktop\Andrew\Projects\IthacaBakery\RandomStuff\WorkBot\refactor-experimental\data\downloads\sessions\7f7711c8-3221-424e-860c-a764e5a5aebf
2025-11-29 07:12:48,627 - INFO - backend.bots.workbot.work_bot.WorkBot - (work_bot.py:146) - [Order Update] Initiating update protocol for Easthill / Hillcrest Dairy / 20251128.
2025-11-29 07:12:48,638 - INFO - backend.app.services.order_service.CheckAndUpdateOrder - (order_service.py:229) - [Order Update] Changed - overwrite needed.
2025-11-29 07:12:48,638 - INFO - backend.app.services.order_service.SaveOrder - (order_service.py:100) - Saving order Hillcrest Dairy / Easthill / 20251128
2025-11-29 07:12:48,661 - INFO - backend.bots.workbot.work_bot.WorkBot - (work_bot.py:109) - [PDF] Ingested: Order.pdf for Easthill/Hillcrest Dairy
2025-11-29 07:12:48,662 - INFO - backend.adapters.downloads.local_download_manager.LocalDownloadManager - (local_download_manager.py:73) - [DownloadManager] Cleaned up C:\Users\andrew\Desktop\Andrew\Projects\IthacaBakery\RandomStuff\WorkBot\refactor-experimental\data\downloads\sessions\cb0d6cee-84a9-47bc-adee-0297d8d9f6a0
2025-11-29 07:12:48,662 - INFO - backend.bots.workbot.work_bot.WorkBot - (work_bot.py:146) - [Order Update] Initiating update protocol for Easthill / Coffee Depot LLC / 20251128.
2025-11-29 07:12:48,673 - INFO - backend.app.services.order_service.CheckAndUpdateOrder - (order_service.py:229) - [Order Update] Changed - overwrite needed.
2025-11-29 07:12:48,673 - INFO - backend.app.services.order_service.SaveOrder - (order_service.py:100) - Saving order Coffee Depot LLC / Easthill / 20251128
2025-11-29 07:12:48,697 - INFO - backend.bots.workbot.work_bot.WorkBot - (work_bot.py:109) - [PDF] Ingested: Order.pdf for Easthill/Coffee Depot LLC
2025-11-29 07:12:48,698 - INFO - backend.adapters.downloads.local_download_manager.LocalDownloadManager - (local_download_manager.py:73) - [DownloadManager] Cleaned up C:\Users\andrew\Desktop\Andrew\Projects\IthacaBakery\RandomStuff\WorkBot\refactor-experimental\data\downloads\sessions\668a9591-e552-437a-9c6e-4e37f5c8a05c
2025-11-29 07:12:48,698 - INFO - backend.bots.workbot.work_bot.WorkBot - (work_bot.py:146) - [Order Update] Initiating update protocol for Easthill / DUTCH VALLEY FOOD DIST / 20251128.
2025-11-29 07:12:48,712 - INFO - backend.app.services.order_service.CheckAndUpdateOrder - (order_service.py:229) - [Order Update] Changed - overwrite needed.
2025-11-29 07:12:48,712 - INFO - backend.app.services.order_service.SaveOrder - (order_service.py:100) - Saving order DUTCH VALLEY FOOD DIST / Easthill / 20251128
2025-11-29 07:12:48,737 - INFO - backend.bots.workbot.work_bot.WorkBot - (work_bot.py:109) - [PDF] Ingested: Order.pdf for Easthill/DUTCH VALLEY FOOD DIST
2025-11-29 07:12:48,738 - INFO - backend.adapters.downloads.local_download_manager.LocalDownloadManager - (local_download_manager.py:73) - [DownloadManager] Cleaned up C:\Users\andrew\Desktop\Andrew\Projects\IthacaBakery\RandomStuff\WorkBot\refactor-experimental\data\downloads\sessions\0c724fb1-d4eb-4e05-9542-f71b7ba3d89f
2025-11-29 07:12:48,738 - INFO - backend.bots.workbot.work_bot.WorkBot - (work_bot.py:146) - [Order Update] Initiating update protocol for Downtown / US Foods / 20251128.
2025-11-29 07:12:48,749 - INFO - backend.app.services.order_service.CheckAndUpdateOrder - (order_service.py:229) - [Order Update] Changed - overwrite needed.
2025-11-29 07:12:48,749 - INFO - backend.app.services.order_service.SaveOrder - (order_service.py:100) - Saving order US Foods / Downtown / 20251128
2025-11-29 07:12:48,772 - INFO - backend.bots.workbot.work_bot.WorkBot - (work_bot.py:109) - [PDF] Ingested: Order.pdf for Downtown/US Foods
2025-11-29 07:12:48,772 - INFO - backend.adapters.downloads.local_download_manager.LocalDownloadManager - (local_download_manager.py:73) - [DownloadManager] Cleaned up C:\Users\andrew\Desktop\Andrew\Projects\IthacaBakery\RandomStuff\WorkBot\refactor-experimental\data\downloads\sessions\a9cb3b83-90ab-4e75-a38c-cc4fa4566eab
2025-11-29 07:12:48,772 - INFO - backend.bots.workbot.work_bot.WorkBot - (work_bot.py:146) - [Order Update] Initiating update protocol for Downtown / Regional Distributors, Inc. / 20251128.
2025-11-29 07:12:48,780 - INFO - backend.adapters.files.generic_file_adapter.GenericFileAdapter - (generic_file_adapter.py:105) - Skipping unreadable file C:\Users\andrew\Desktop\Andrew\Projects\IthacaBakery\RandomStuff\WorkBot\refactor-experimental\data\orders\Regional Distributors, Inc\Regional Distributors, Inc._Downtown_20251121.pdf: 'pdf'
2025-11-29 07:12:48,801 - INFO - backend.app.services.order_service.CheckAndUpdateOrder - (order_service.py:229) - [Order Update] Changed - overwrite needed.
2025-11-29 07:12:48,801 - INFO - backend.app.services.order_service.SaveOrder - (order_service.py:100) - Saving order Regional Distributors, Inc. / Downtown / 20251128
2025-11-29 07:12:48,823 - INFO - backend.bots.workbot.work_bot.WorkBot - (work_bot.py:109) - [PDF] Ingested: Order.pdf for Downtown/Regional Distributors, Inc.
2025-11-29 07:12:48,824 - INFO - backend.adapters.downloads.local_download_manager.LocalDownloadManager - (local_download_manager.py:73) - [DownloadManager] Cleaned up C:\Users\andrew\Desktop\Andrew\Projects\IthacaBakery\RandomStuff\WorkBot\refactor-experimental\data\downloads\sessions\a9f7520e-b329-4dac-9c41-8893d576d5cc
2025-11-29 07:12:48,824 - INFO - backend.bots.workbot.work_bot.WorkBot - (work_bot.py:146) - [Order Update] Initiating update protocol for Downtown / Hill & Markes / 20251128.
2025-11-29 07:12:48,835 - INFO - backend.app.services.order_service.CheckAndUpdateOrder - (order_service.py:229) - [Order Update] Changed - overwrite needed.
2025-11-29 07:12:48,836 - INFO - backend.app.services.order_service.SaveOrder - (order_service.py:100) - Saving order Hill & Markes / Downtown / 20251128
2025-11-29 07:12:48,857 - INFO - backend.bots.workbot.work_bot.WorkBot - (work_bot.py:109) - [PDF] Ingested: Order.pdf for Downtown/Hill & Markes
2025-11-29 07:12:48,858 - INFO - backend.adapters.downloads.local_download_manager.LocalDownloadManager - (local_download_manager.py:73) - [DownloadManager] Cleaned up C:\Users\andrew\Desktop\Andrew\Projects\IthacaBakery\RandomStuff\WorkBot\refactor-experimental\data\downloads\sessions\02765b9d-1e03-44be-893a-21a5751ba9e3
2025-11-29 07:12:48,858 - INFO - backend.bots.workbot.work_bot.WorkBot - (work_bot.py:146) - [Order Update] Initiating update protocol for Downtown / Ithaca Bakery / 20251128.
2025-11-29 07:12:48,870 - INFO - backend.app.services.order_service.CheckAndUpdateOrder - (order_service.py:229) - [Order Update] Changed - overwrite needed.
2025-11-29 07:12:48,870 - INFO - backend.app.services.order_service.SaveOrder - (order_service.py:100) - Saving order Ithaca Bakery / Downtown / 20251128
2025-11-29 07:12:48,893 - INFO - backend.bots.workbot.work_bot.WorkBot - (work_bot.py:109) - [PDF] Ingested: Order.pdf for Downtown/Ithaca Bakery
2025-11-29 07:12:48,894 - INFO - backend.adapters.downloads.local_download_manager.LocalDownloadManager - (local_download_manager.py:73) - [DownloadManager] Cleaned up C:\Users\andrew\Desktop\Andrew\Projects\IthacaBakery\RandomStuff\WorkBot\refactor-experimental\data\downloads\sessions\4f98aca9-4d3a-4251-a675-10a64cb1f72b
2025-11-29 07:12:48,894 - INFO - backend.bots.workbot.work_bot.WorkBot - (work_bot.py:146) - [Order Update] Initiating update protocol for Downtown / Equal Exchange / 20251128.
2025-11-29 07:12:48,906 - INFO - backend.app.services.order_service.CheckAndUpdateOrder - (order_service.py:229) - [Order Update] Changed - overwrite needed.
2025-11-29 07:12:48,906 - INFO - backend.app.services.order_service.SaveOrder - (order_service.py:100) - Saving order Equal Exchange / Downtown / 20251128
2025-11-29 07:12:48,936 - INFO - backend.bots.workbot.work_bot.WorkBot - (work_bot.py:109) - [PDF] Ingested: Order.pdf for Downtown/Equal Exchange
2025-11-29 07:12:48,937 - INFO - backend.adapters.downloads.local_download_manager.LocalDownloadManager - (local_download_manager.py:73) - [DownloadManager] Cleaned up C:\Users\andrew\Desktop\Andrew\Projects\IthacaBakery\RandomStuff\WorkBot\refactor-experimental\data\downloads\sessions\f61b001a-c642-4e6b-9eb1-95efb5cfe5d7
2025-11-29 07:12:48,937 - INFO - backend.bots.workbot.work_bot.WorkBot - (work_bot.py:146) - [Order Update] Initiating update protocol for Downtown / SANICO / 20251128.
2025-11-29 07:12:48,951 - INFO - backend.app.services.order_service.CheckAndUpdateOrder - (order_service.py:229) - [Order Update] Changed - overwrite needed.
2025-11-29 07:12:48,951 - INFO - backend.app.services.order_service.SaveOrder - (order_service.py:100) - Saving order SANICO / Downtown / 20251128
2025-11-29 07:12:48,975 - INFO - backend.bots.workbot.work_bot.WorkBot - (work_bot.py:109) - [PDF] Ingested: Order.pdf for Downtown/SANICO
2025-11-29 07:12:48,975 - INFO - backend.adapters.downloads.local_download_manager.LocalDownloadManager - (local_download_manager.py:73) - [DownloadManager] Cleaned up C:\Users\andrew\Desktop\Andrew\Projects\IthacaBakery\RandomStuff\WorkBot\refactor-experimental\data\downloads\sessions\5edebf80-7999-4634-b572-f54b297d2b3d
2025-11-29 07:12:48,976 - INFO - backend.bots.workbot.work_bot.WorkBot - (work_bot.py:146) - [Order Update] Initiating update protocol for Downtown / FingerLakes Farms / 20251128.
2025-11-29 07:12:48,989 - INFO - backend.app.services.order_service.CheckAndUpdateOrder - (order_service.py:229) - [Order Update] Changed - overwrite needed.
2025-11-29 07:12:48,989 - INFO - backend.app.services.order_service.SaveOrder - (order_service.py:100) - Saving order FingerLakes Farms / Downtown / 20251128
2025-11-29 07:12:49,014 - INFO - backend.bots.workbot.work_bot.WorkBot - (work_bot.py:109) - [PDF] Ingested: Order.pdf for Downtown/FingerLakes Farms
2025-11-29 07:12:49,015 - INFO - backend.adapters.downloads.local_download_manager.LocalDownloadManager - (local_download_manager.py:73) - [DownloadManager] Cleaned up C:\Users\andrew\Desktop\Andrew\Projects\IthacaBakery\RandomStuff\WorkBot\refactor-experimental\data\downloads\sessions\2dc5e149-9c7e-4480-8f0b-fb53aa4ba069
2025-11-29 07:12:49,016 - INFO - backend.bots.workbot.work_bot.WorkBot - (work_bot.py:146) - [Order Update] Initiating update protocol for Downtown / Sysco / 20251128.
2025-11-29 07:12:49,031 - INFO - backend.app.services.order_service.CheckAndUpdateOrder - (order_service.py:229) - [Order Update] Changed - overwrite needed.
2025-11-29 07:12:49,032 - INFO - backend.app.services.order_service.SaveOrder - (order_service.py:100) - Saving order Sysco / Downtown / 20251128
2025-11-29 07:12:49,056 - INFO - backend.bots.workbot.work_bot.WorkBot - (work_bot.py:109) - [PDF] Ingested: Order.pdf for Downtown/Sysco
2025-11-29 07:12:49,057 - INFO - backend.adapters.downloads.local_download_manager.LocalDownloadManager - (local_download_manager.py:73) - [DownloadManager] Cleaned up C:\Users\andrew\Desktop\Andrew\Projects\IthacaBakery\RandomStuff\WorkBot\refactor-experimental\data\downloads\sessions\c71dd51e-8348-4dec-8a13-78bc1f057f6b
2025-11-29 07:12:49,057 - INFO - backend.bots.workbot.work_bot.WorkBot - (work_bot.py:146) - [Order Update] Initiating update protocol for Downtown / Coca-Cola / 20251128.
2025-11-29 07:12:49,072 - INFO - backend.app.services.order_service.CheckAndUpdateOrder - (order_service.py:229) - [Order Update] Changed - overwrite needed.
2025-11-29 07:12:49,073 - INFO - backend.app.services.order_service.SaveOrder - (order_service.py:100) - Saving order Coca-Cola / Downtown / 20251128
2025-11-29 07:12:49,097 - INFO - backend.bots.workbot.work_bot.WorkBot - (work_bot.py:109) - [PDF] Ingested: Order.pdf for Downtown/Coca-Cola
2025-11-29 07:12:49,097 - INFO - backend.adapters.downloads.local_download_manager.LocalDownloadManager - (local_download_manager.py:73) - [DownloadManager] Cleaned up C:\Users\andrew\Desktop\Andrew\Projects\IthacaBakery\RandomStuff\WorkBot\refactor-experimental\data\downloads\sessions\b21f00db-bbc2-4124-9f72-4339d093ba65
2025-11-29 07:12:49,097 - INFO - backend.bots.workbot.work_bot.WorkBot - (work_bot.py:146) - [Order Update] Initiating update protocol for Downtown / Performance Food / 20251128.
2025-11-29 07:12:49,110 - INFO - backend.app.services.order_service.CheckAndUpdateOrder - (order_service.py:229) - [Order Update] Changed - overwrite needed.
2025-11-29 07:12:49,111 - INFO - backend.app.services.order_service.SaveOrder - (order_service.py:100) - Saving order Performance Food / Downtown / 20251128
2025-11-29 07:12:49,133 - INFO - backend.bots.workbot.work_bot.WorkBot - (work_bot.py:109) - [PDF] Ingested: Order.pdf for Downtown/Performance Food
2025-11-29 07:12:49,134 - INFO - backend.adapters.downloads.local_download_manager.LocalDownloadManager - (local_download_manager.py:73) - [DownloadManager] Cleaned up C:\Users\andrew\Desktop\Andrew\Projects\IthacaBakery\RandomStuff\WorkBot\refactor-experimental\data\downloads\sessions\eb15434c-9247-443a-8df0-d1f0c923a0f1
2025-11-29 07:12:49,134 - INFO - backend.bots.workbot.work_bot.WorkBot - (work_bot.py:146) - [Order Update] Initiating update protocol for Downtown / UNFI / 20251128.
2025-11-29 07:12:49,146 - INFO - backend.app.services.order_service.CheckAndUpdateOrder - (order_service.py:229) - [Order Update] Changed - overwrite needed.
2025-11-29 07:12:49,146 - INFO - backend.app.services.order_service.SaveOrder - (order_service.py:100) - Saving order UNFI / Downtown / 20251128
2025-11-29 07:12:49,169 - INFO - backend.bots.workbot.work_bot.WorkBot - (work_bot.py:109) - [PDF] Ingested: Order.pdf for Downtown/UNFI
2025-11-29 07:12:49,170 - INFO - backend.adapters.downloads.local_download_manager.LocalDownloadManager - (local_download_manager.py:73) - [DownloadManager] Cleaned up C:\Users\andrew\Desktop\Andrew\Projects\IthacaBakery\RandomStuff\WorkBot\refactor-experimental\data\downloads\sessions\7003fb49-5c8a-4800-9351-d5a87b2d82ad
2025-11-29 07:12:49,170 - INFO - backend.bots.workbot.work_bot.WorkBot - (work_bot.py:146) - [Order Update] Initiating update protocol for Downtown / Hillcrest Dairy / 20251128.
2025-11-29 07:12:49,183 - INFO - backend.app.services.order_service.CheckAndUpdateOrder - (order_service.py:229) - [Order Update] Changed - overwrite needed.
2025-11-29 07:12:49,183 - INFO - backend.app.services.order_service.SaveOrder - (order_service.py:100) - Saving order Hillcrest Dairy / Downtown / 20251128
2025-11-29 07:12:49,206 - INFO - backend.bots.workbot.work_bot.WorkBot - (work_bot.py:109) - [PDF] Ingested: Order.pdf for Downtown/Hillcrest Dairy
2025-11-29 07:12:49,207 - INFO - backend.adapters.downloads.local_download_manager.LocalDownloadManager - (local_download_manager.py:73) - [DownloadManager] Cleaned up C:\Users\andrew\Desktop\Andrew\Projects\IthacaBakery\RandomStuff\WorkBot\refactor-experimental\data\downloads\sessions\5ab421fd-e494-4f92-abec-25c02b1557dc
2025-11-29 07:12:49,207 - INFO - backend.bots.workbot.work_bot.WorkBot - (work_bot.py:146) - [Order Update] Initiating update protocol for Downtown / Peters Supply / 20251128.
2025-11-29 07:12:49,221 - INFO - backend.app.services.order_service.CheckAndUpdateOrder - (order_service.py:229) - [Order Update] Changed - overwrite needed.
2025-11-29 07:12:49,221 - INFO - backend.app.services.order_service.SaveOrder - (order_service.py:100) - Saving order Peters Supply / Downtown / 20251128
2025-11-29 07:12:49,247 - INFO - backend.bots.workbot.work_bot.WorkBot - (work_bot.py:109) - [PDF] Ingested: Order.pdf for Downtown/Peters Supply
2025-11-29 07:12:49,248 - INFO - backend.adapters.downloads.local_download_manager.LocalDownloadManager - (local_download_manager.py:73) - [DownloadManager] Cleaned up C:\Users\andrew\Desktop\Andrew\Projects\IthacaBakery\RandomStuff\WorkBot\refactor-experimental\data\downloads\sessions\2239f066-0b0e-4231-9f50-c73f58f23d05
2025-11-29 07:12:49,248 - INFO - backend.bots.workbot.work_bot.WorkBot - (work_bot.py:146) - [Order Update] Initiating update protocol for Downtown / Coffee Depot LLC / 20251128.
2025-11-29 07:12:49,266 - INFO - backend.app.services.order_service.CheckAndUpdateOrder - (order_service.py:229) - [Order Update] Changed - overwrite needed.
2025-11-29 07:12:49,266 - INFO - backend.app.services.order_service.SaveOrder - (order_service.py:100) - Saving order Coffee Depot LLC / Downtown / 20251128
2025-11-29 07:12:49,294 - INFO - backend.bots.workbot.work_bot.WorkBot - (work_bot.py:109) - [PDF] Ingested: Order.pdf for Downtown/Coffee Depot LLC
2025-11-29 07:12:49,294 - INFO - backend.adapters.downloads.local_download_manager.LocalDownloadManager - (local_download_manager.py:73) - [DownloadManager] Cleaned up C:\Users\andrew\Desktop\Andrew\Projects\IthacaBakery\RandomStuff\WorkBot\refactor-experimental\data\downloads\sessions\bf5e258b-0f5e-4318-b366-adf6c5b1133f
2025-11-29 07:12:49,295 - INFO - backend.bots.workbot.work_bot.WorkBot - (work_bot.py:146) - [Order Update] Initiating update protocol for Downtown / Johnston Paper / 20251128.
2025-11-29 07:12:49,316 - INFO - backend.app.services.order_service.CheckAndUpdateOrder - (order_service.py:229) - [Order Update] Changed - overwrite needed.
2025-11-29 07:12:49,316 - INFO - backend.app.services.order_service.SaveOrder - (order_service.py:100) - Saving order Johnston Paper / Downtown / 20251128
2025-11-29 07:12:49,346 - INFO - backend.bots.workbot.work_bot.WorkBot - (work_bot.py:109) - [PDF] Ingested: Order.pdf for Downtown/Johnston Paper
2025-11-29 07:12:49,347 - INFO - backend.adapters.downloads.local_download_manager.LocalDownloadManager - (local_download_manager.py:73) - [DownloadManager] Cleaned up C:\Users\andrew\Desktop\Andrew\Projects\IthacaBakery\RandomStuff\WorkBot\refactor-experimental\data\downloads\sessions\695f02cf-bd4b-4ae5-9519-7168dd5e3a6f
2025-11-29 07:12:49,347 - INFO - backend.bots.workbot.work_bot.WorkBot - (work_bot.py:146) - [Order Update] Initiating update protocol for Downtown / Bo's Bones / 20251129.
2025-11-29 07:12:49,363 - INFO - backend.app.services.order_service.CheckAndUpdateOrder - (order_service.py:229) - [Order Update] Changed - overwrite needed.
2025-11-29 07:12:49,363 - INFO - backend.app.services.order_service.SaveOrder - (order_service.py:100) - Saving order Bo's Bones / Downtown / 20251129
2025-11-29 07:12:49,388 - INFO - backend.bots.workbot.work_bot.WorkBot - (work_bot.py:109) - [PDF] Ingested: Order.pdf for Downtown/Bo's Bones
2025-11-29 07:12:49,389 - INFO - backend.adapters.downloads.local_download_manager.LocalDownloadManager - (local_download_manager.py:73) - [DownloadManager] Cleaned up C:\Users\andrew\Desktop\Andrew\Projects\IthacaBakery\RandomStuff\WorkBot\refactor-experimental\data\downloads\sessions\96826bf2-847f-43c8-8cdb-e5fc8213497d
2025-11-29 07:12:49,389 - INFO - backend.bots.workbot.work_bot.WorkBot - (work_bot.py:146) - [Order Update] Initiating update protocol for Downtown / Copper Horse Coffee / 20251129.
2025-11-29 07:12:49,403 - INFO - backend.app.services.order_service.CheckAndUpdateOrder - (order_service.py:229) - [Order Update] Changed - overwrite needed.
2025-11-29 07:12:49,403 - INFO - backend.app.services.order_service.SaveOrder - (order_service.py:100) - Saving order Copper Horse Coffee / Downtown / 20251129
2025-11-29 07:12:49,427 - INFO - backend.bots.workbot.work_bot.WorkBot - (work_bot.py:109) - [PDF] Ingested: Order.pdf for Downtown/Copper Horse Coffee
2025-11-29 07:12:49,428 - INFO - backend.adapters.downloads.local_download_manager.LocalDownloadManager - (local_download_manager.py:73) - [DownloadManager] Cleaned up C:\Users\andrew\Desktop\Andrew\Projects\IthacaBakery\RandomStuff\WorkBot\refactor-experimental\data\downloads\sessions\479f1f07-cce7-4d82-92da-ba0370f6dadf
2025-11-29 07:12:49,428 - INFO - backend.bots.workbot.work_bot.WorkBot - (work_bot.py:146) - [Order Update] Initiating update protocol for Triphammer / Equal Exchange / 20251128.
2025-11-29 07:12:49,443 - INFO - backend.app.services.order_service.CheckAndUpdateOrder - (order_service.py:229) - [Order Update] Changed - overwrite needed.
2025-11-29 07:12:49,443 - INFO - backend.app.services.order_service.SaveOrder - (order_service.py:100) - Saving order Equal Exchange / Triphammer / 20251128
2025-11-29 07:12:49,465 - INFO - backend.bots.workbot.work_bot.WorkBot - (work_bot.py:109) - [PDF] Ingested: Order.pdf for Triphammer/Equal Exchange
2025-11-29 07:12:49,465 - INFO - backend.adapters.downloads.local_download_manager.LocalDownloadManager - (local_download_manager.py:73) - [DownloadManager] Cleaned up C:\Users\andrew\Desktop\Andrew\Projects\IthacaBakery\RandomStuff\WorkBot\refactor-experimental\data\downloads\sessions\aa9382bc-d91b-4f93-a306-099151f2c4fe
2025-11-29 07:12:49,466 - INFO - backend.bots.workbot.work_bot.WorkBot - (work_bot.py:146) - [Order Update] Initiating update protocol for Triphammer / Performance Food / 20251128.
2025-11-29 07:12:49,479 - INFO - backend.app.services.order_service.CheckAndUpdateOrder - (order_service.py:229) - [Order Update] Changed - overwrite needed.
2025-11-29 07:12:49,479 - INFO - backend.app.services.order_service.SaveOrder - (order_service.py:100) - Saving order Performance Food / Triphammer / 20251128
2025-11-29 07:12:49,501 - INFO - backend.bots.workbot.work_bot.WorkBot - (work_bot.py:109) - [PDF] Ingested: Order.pdf for Triphammer/Performance Food
2025-11-29 07:12:49,501 - INFO - backend.adapters.downloads.local_download_manager.LocalDownloadManager - (local_download_manager.py:73) - [DownloadManager] Cleaned up C:\Users\andrew\Desktop\Andrew\Projects\IthacaBakery\RandomStuff\WorkBot\refactor-experimental\data\downloads\sessions\c312f770-9d67-4b65-97b1-21c1975e9637
2025-11-29 07:12:49,501 - INFO - backend.bots.workbot.work_bot.WorkBot - (work_bot.py:146) - [Order Update] Initiating update protocol for Triphammer / Hill & Markes / 20251128.
2025-11-29 07:12:49,515 - INFO - backend.app.services.order_service.CheckAndUpdateOrder - (order_service.py:229) - [Order Update] Changed - overwrite needed.
2025-11-29 07:12:49,515 - INFO - backend.app.services.order_service.SaveOrder - (order_service.py:100) - Saving order Hill & Markes / Triphammer / 20251128
2025-11-29 07:12:49,538 - INFO - backend.bots.workbot.work_bot.WorkBot - (work_bot.py:109) - [PDF] Ingested: Order.pdf for Triphammer/Hill & Markes
2025-11-29 07:12:49,539 - INFO - backend.adapters.downloads.local_download_manager.LocalDownloadManager - (local_download_manager.py:73) - [DownloadManager] Cleaned up C:\Users\andrew\Desktop\Andrew\Projects\IthacaBakery\RandomStuff\WorkBot\refactor-experimental\data\downloads\sessions\d7bd397b-6b18-4832-a26c-f70704aa88c0
2025-11-29 07:12:49,539 - INFO - backend.bots.workbot.work_bot.WorkBot - (work_bot.py:146) - [Order Update] Initiating update protocol for Triphammer / Peters Supply / 20251128.
2025-11-29 07:12:49,553 - INFO - backend.app.services.order_service.CheckAndUpdateOrder - (order_service.py:229) - [Order Update] Changed - overwrite needed.
2025-11-29 07:12:49,553 - INFO - backend.app.services.order_service.SaveOrder - (order_service.py:100) - Saving order Peters Supply / Triphammer / 20251128
2025-11-29 07:12:49,576 - INFO - backend.bots.workbot.work_bot.WorkBot - (work_bot.py:109) - [PDF] Ingested: Order.pdf for Triphammer/Peters Supply
2025-11-29 07:12:49,576 - INFO - backend.adapters.downloads.local_download_manager.LocalDownloadManager - (local_download_manager.py:73) - [DownloadManager] Cleaned up C:\Users\andrew\Desktop\Andrew\Projects\IthacaBakery\RandomStuff\WorkBot\refactor-experimental\data\downloads\sessions\fb56dc1e-7aad-45da-b8e5-ece21498b49a
2025-11-29 07:12:49,577 - INFO - backend.bots.workbot.work_bot.WorkBot - (work_bot.py:146) - [Order Update] Initiating update protocol for Triphammer / Regional Distributors, Inc. / 20251128.
2025-11-29 07:12:49,587 - INFO - backend.adapters.files.generic_file_adapter.GenericFileAdapter - (generic_file_adapter.py:105) - Skipping unreadable file C:\Users\andrew\Desktop\Andrew\Projects\IthacaBakery\RandomStuff\WorkBot\refactor-experimental\data\orders\Regional Distributors, Inc\Regional Distributors, Inc._Triphammer_20251121.pdf: 'pdf'
2025-11-29 07:12:49,610 - INFO - backend.app.services.order_service.CheckAndUpdateOrder - (order_service.py:229) - [Order Update] Changed - overwrite needed.
2025-11-29 07:12:49,611 - INFO - backend.app.services.order_service.SaveOrder - (order_service.py:100) - Saving order Regional Distributors, Inc. / Triphammer / 20251128
2025-11-29 07:12:49,635 - INFO - backend.bots.workbot.work_bot.WorkBot - (work_bot.py:109) - [PDF] Ingested: Order.pdf for Triphammer/Regional Distributors, Inc.
2025-11-29 07:12:49,636 - INFO - backend.adapters.downloads.local_download_manager.LocalDownloadManager - (local_download_manager.py:73) - [DownloadManager] Cleaned up C:\Users\andrew\Desktop\Andrew\Projects\IthacaBakery\RandomStuff\WorkBot\refactor-experimental\data\downloads\sessions\02c25d9a-7472-4c1d-b5d5-93d657f19a61
2025-11-29 07:12:49,636 - INFO - backend.bots.workbot.work_bot.WorkBot - (work_bot.py:146) - [Order Update] Initiating update protocol for Triphammer / Ithaca Bakery / 20251128.
2025-11-29 07:12:49,652 - INFO - backend.app.services.order_service.CheckAndUpdateOrder - (order_service.py:229) - [Order Update] Changed - overwrite needed.
2025-11-29 07:12:49,652 - INFO - backend.app.services.order_service.SaveOrder - (order_service.py:100) - Saving order Ithaca Bakery / Triphammer / 20251128
2025-11-29 07:12:49,678 - INFO - backend.bots.workbot.work_bot.WorkBot - (work_bot.py:109) - [PDF] Ingested: Order.pdf for Triphammer/Ithaca Bakery
2025-11-29 07:12:49,679 - INFO - backend.adapters.downloads.local_download_manager.LocalDownloadManager - (local_download_manager.py:73) - [DownloadManager] Cleaned up C:\Users\andrew\Desktop\Andrew\Projects\IthacaBakery\RandomStuff\WorkBot\refactor-experimental\data\downloads\sessions\3e98cef0-c54c-4afe-aa83-ed617f93f534
2025-11-29 07:12:49,679 - INFO - backend.bots.workbot.work_bot.WorkBot - (work_bot.py:146) - [Order Update] Initiating update protocol for Triphammer / Johnston Paper / 20251128.
2025-11-29 07:12:49,694 - INFO - backend.app.services.order_service.CheckAndUpdateOrder - (order_service.py:229) - [Order Update] Changed - overwrite needed.
2025-11-29 07:12:49,694 - INFO - backend.app.services.order_service.SaveOrder - (order_service.py:100) - Saving order Johnston Paper / Triphammer / 20251128
2025-11-29 07:12:49,720 - INFO - backend.bots.workbot.work_bot.WorkBot - (work_bot.py:109) - [PDF] Ingested: Order.pdf for Triphammer/Johnston Paper
2025-11-29 07:12:49,721 - INFO - backend.adapters.downloads.local_download_manager.LocalDownloadManager - (local_download_manager.py:73) - [DownloadManager] Cleaned up C:\Users\andrew\Desktop\Andrew\Projects\IthacaBakery\RandomStuff\WorkBot\refactor-experimental\data\downloads\sessions\a7341e40-4bfb-4af0-83c6-85bd8bbf8946
2025-11-29 07:12:49,721 - INFO - backend.bots.workbot.work_bot.WorkBot - (work_bot.py:146) - [Order Update] Initiating update protocol for Triphammer / Copper Horse Coffee / 20251128.
2025-11-29 07:12:49,742 - INFO - backend.app.services.order_service.CheckAndUpdateOrder - (order_service.py:229) - [Order Update] Changed - overwrite needed.
2025-11-29 07:12:49,743 - INFO - backend.app.services.order_service.SaveOrder - (order_service.py:100) - Saving order Copper Horse Coffee / Triphammer / 20251128
2025-11-29 07:12:49,768 - INFO - backend.bots.workbot.work_bot.WorkBot - (work_bot.py:109) - [PDF] Ingested: Order.pdf for Triphammer/Copper Horse Coffee
2025-11-29 07:12:49,769 - INFO - backend.adapters.downloads.local_download_manager.LocalDownloadManager - (local_download_manager.py:73) - [DownloadManager] Cleaned up C:\Users\andrew\Desktop\Andrew\Projects\IthacaBakery\RandomStuff\WorkBot\refactor-experimental\data\downloads\sessions\f89f2194-4ffa-47d4-a8a2-bc705fb2f505
2025-11-29 07:12:49,769 - INFO - backend.bots.workbot.work_bot.WorkBot - (work_bot.py:146) - [Order Update] Initiating update protocol for Triphammer / US Foods / 20251128.
2025-11-29 07:12:49,785 - INFO - backend.app.services.order_service.CheckAndUpdateOrder - (order_service.py:229) - [Order Update] Changed - overwrite needed.
2025-11-29 07:12:49,785 - INFO - backend.app.services.order_service.SaveOrder - (order_service.py:100) - Saving order US Foods / Triphammer / 20251128
2025-11-29 07:12:49,810 - INFO - backend.bots.workbot.work_bot.WorkBot - (work_bot.py:109) - [PDF] Ingested: Order.pdf for Triphammer/US Foods
2025-11-29 07:12:49,811 - INFO - backend.adapters.downloads.local_download_manager.LocalDownloadManager - (local_download_manager.py:73) - [DownloadManager] Cleaned up C:\Users\andrew\Desktop\Andrew\Projects\IthacaBakery\RandomStuff\WorkBot\refactor-experimental\data\downloads\sessions\803328d4-62fb-4b6b-bae2-cb53fb57b010
2025-11-29 07:12:49,811 - INFO - backend.bots.workbot.work_bot.WorkBot - (work_bot.py:146) - [Order Update] Initiating update protocol for Triphammer / Coffee Depot LLC / 20251128.
2025-11-29 07:12:49,826 - INFO - backend.app.services.order_service.CheckAndUpdateOrder - (order_service.py:229) - [Order Update] Changed - overwrite needed.
2025-11-29 07:12:49,827 - INFO - backend.app.services.order_service.SaveOrder - (order_service.py:100) - Saving order Coffee Depot LLC / Triphammer / 20251128
2025-11-29 07:12:49,853 - INFO - backend.bots.workbot.work_bot.WorkBot - (work_bot.py:109) - [PDF] Ingested: Order.pdf for Triphammer/Coffee Depot LLC
2025-11-29 07:12:49,854 - INFO - backend.adapters.downloads.local_download_manager.LocalDownloadManager - (local_download_manager.py:73) - [DownloadManager] Cleaned up C:\Users\andrew\Desktop\Andrew\Projects\IthacaBakery\RandomStuff\WorkBot\refactor-experimental\data\downloads\sessions\b20f025b-30f1-4612-9730-8fb3a2c68f39
2025-11-29 07:12:49,854 - INFO - backend.bots.workbot.work_bot.WorkBot - (work_bot.py:146) - [Order Update] Initiating update protocol for Triphammer / Coca-Cola / 20251128.
2025-11-29 07:12:49,870 - INFO - backend.app.services.order_service.CheckAndUpdateOrder - (order_service.py:229) - [Order Update] Changed - overwrite needed.
2025-11-29 07:12:49,870 - INFO - backend.app.services.order_service.SaveOrder - (order_service.py:100) - Saving order Coca-Cola / Triphammer / 20251128
2025-11-29 07:12:49,896 - INFO - backend.bots.workbot.work_bot.WorkBot - (work_bot.py:109) - [PDF] Ingested: Order.pdf for Triphammer/Coca-Cola
2025-11-29 07:12:49,897 - INFO - backend.adapters.downloads.local_download_manager.LocalDownloadManager - (local_download_manager.py:73) - [DownloadManager] Cleaned up C:\Users\andrew\Desktop\Andrew\Projects\IthacaBakery\RandomStuff\WorkBot\refactor-experimental\data\downloads\sessions\af06cb4d-7acf-441d-aa5b-8b489d6e6efe
2025-11-29 07:12:49,897 - INFO - backend.bots.workbot.work_bot.WorkBot - (work_bot.py:146) - [Order Update] Initiating update protocol for Triphammer / A.L. George / 20251128.
2025-11-29 07:12:49,913 - INFO - backend.app.services.order_service.CheckAndUpdateOrder - (order_service.py:229) - [Order Update] Changed - overwrite needed.
2025-11-29 07:12:49,913 - INFO - backend.app.services.order_service.SaveOrder - (order_service.py:100) - Saving order A.L. George / Triphammer / 20251128
2025-11-29 07:12:49,936 - INFO - backend.bots.workbot.work_bot.WorkBot - (work_bot.py:109) - [PDF] Ingested: Order.pdf for Triphammer/A.L. George
2025-11-29 07:12:49,936 - INFO - backend.adapters.downloads.local_download_manager.LocalDownloadManager - (local_download_manager.py:73) - [DownloadManager] Cleaned up C:\Users\andrew\Desktop\Andrew\Projects\IthacaBakery\RandomStuff\WorkBot\refactor-experimental\data\downloads\sessions\ee118783-b9a4-47ea-bf6e-abf1435a0974
2025-11-29 07:12:49,936 - INFO - backend.bots.workbot.work_bot.WorkBot - (work_bot.py:146) - [Order Update] Initiating update protocol for Triphammer / Sysco / 20251128.
2025-11-29 07:12:49,955 - INFO - backend.app.services.order_service.CheckAndUpdateOrder - (order_service.py:229) - [Order Update] Changed - overwrite needed.
2025-11-29 07:12:49,955 - INFO - backend.app.services.order_service.SaveOrder - (order_service.py:100) - Saving order Sysco / Triphammer / 20251128
2025-11-29 07:12:49,982 - INFO - backend.bots.workbot.work_bot.WorkBot - (work_bot.py:109) - [PDF] Ingested: Order.pdf for Triphammer/Sysco
2025-11-29 07:12:49,983 - INFO - backend.adapters.downloads.local_download_manager.LocalDownloadManager - (local_download_manager.py:73) - [DownloadManager] Cleaned up C:\Users\andrew\Desktop\Andrew\Projects\IthacaBakery\RandomStuff\WorkBot\refactor-experimental\data\downloads\sessions\dfdcb040-c91e-4520-83c0-687278993056
2025-11-29 07:12:49,983 - INFO - backend.bots.workbot.work_bot.WorkBot - (work_bot.py:146) - [Order Update] Initiating update protocol for Triphammer / UNFI / 20251128.
2025-11-29 07:12:49,999 - INFO - backend.app.services.order_service.CheckAndUpdateOrder - (order_service.py:229) - [Order Update] Changed - overwrite needed.
2025-11-29 07:12:49,999 - INFO - backend.app.services.order_service.SaveOrder - (order_service.py:100) - Saving order UNFI / Triphammer / 20251128
2025-11-29 07:12:50,024 - INFO - backend.bots.workbot.work_bot.WorkBot - (work_bot.py:109) - [PDF] Ingested: Order.pdf for Triphammer/UNFI
2025-11-29 07:12:50,024 - INFO - backend.adapters.downloads.local_download_manager.LocalDownloadManager - (local_download_manager.py:73) - [DownloadManager] Cleaned up C:\Users\andrew\Desktop\Andrew\Projects\IthacaBakery\RandomStuff\WorkBot\refactor-experimental\data\downloads\sessions\0cda261c-d115-4310-a7ff-6f2a1493a187
2025-11-29 07:12:50,025 - INFO - backend.bots.workbot.work_bot.WorkBot - (work_bot.py:146) - [Order Update] Initiating update protocol for Syracuse / Regional Distributors, Inc. / 20251126.
2025-11-29 07:12:50,036 - INFO - backend.adapters.files.generic_file_adapter.GenericFileAdapter - (generic_file_adapter.py:105) - Skipping unreadable file C:\Users\andrew\Desktop\Andrew\Projects\IthacaBakery\RandomStuff\WorkBot\refactor-experimental\data\orders\Regional Distributors, Inc\Regional Distributors, Inc._Syracuse_20251121.pdf: 'pdf'
2025-11-29 07:12:50,060 - INFO - backend.app.services.order_service.CheckAndUpdateOrder - (order_service.py:229) - [Order Update] Changed - overwrite needed.
2025-11-29 07:12:50,060 - INFO - backend.app.services.order_service.SaveOrder - (order_service.py:100) - Saving order Regional Distributors, Inc. / Syracuse / 20251126
2025-11-29 07:12:50,086 - INFO - backend.bots.workbot.work_bot.WorkBot - (work_bot.py:109) - [PDF] Ingested: Order.pdf for Syracuse/Regional Distributors, Inc.
2025-11-29 07:12:50,087 - INFO - backend.adapters.downloads.local_download_manager.LocalDownloadManager - (local_download_manager.py:73) - [DownloadManager] Cleaned up C:\Users\andrew\Desktop\Andrew\Projects\IthacaBakery\RandomStuff\WorkBot\refactor-experimental\data\downloads\sessions\b97697b0-a794-4e01-a501-b420d0b560f6
2025-11-29 07:12:50,087 - INFO - backend.bots.workbot.work_bot.WorkBot - (work_bot.py:146) - [Order Update] Initiating update protocol for Syracuse / Ithaca Bakery / 20251126.
2025-11-29 07:12:50,105 - INFO - backend.app.services.order_service.CheckAndUpdateOrder - (order_service.py:229) - [Order Update] Changed - overwrite needed.
2025-11-29 07:12:50,105 - INFO - backend.app.services.order_service.SaveOrder - (order_service.py:100) - Saving order Ithaca Bakery / Syracuse / 20251126
2025-11-29 07:12:50,131 - INFO - backend.bots.workbot.work_bot.WorkBot - (work_bot.py:109) - [PDF] Ingested: Order.pdf for Syracuse/Ithaca Bakery
2025-11-29 07:12:50,132 - INFO - backend.adapters.downloads.local_download_manager.LocalDownloadManager - (local_download_manager.py:73) - [DownloadManager] Cleaned up C:\Users\andrew\Desktop\Andrew\Projects\IthacaBakery\RandomStuff\WorkBot\refactor-experimental\data\downloads\sessions\80a5c9c9-6b03-4375-b20a-5f0e592b2584
2025-11-29 07:12:50,132 - INFO - backend.bots.workbot.work_bot.WorkBot - (work_bot.py:146) - [Order Update] Initiating update protocol for Syracuse / Hill & Markes / 20251126.
2025-11-29 07:12:50,149 - INFO - backend.app.services.order_service.CheckAndUpdateOrder - (order_service.py:229) - [Order Update] Changed - overwrite needed.
2025-11-29 07:12:50,149 - INFO - backend.app.services.order_service.SaveOrder - (order_service.py:100) - Saving order Hill & Markes / Syracuse / 20251126
2025-11-29 07:12:50,173 - INFO - backend.bots.workbot.work_bot.WorkBot - (work_bot.py:109) - [PDF] Ingested: Order.pdf for Syracuse/Hill & Markes
2025-11-29 07:12:50,173 - INFO - backend.adapters.downloads.local_download_manager.LocalDownloadManager - (local_download_manager.py:73) - [DownloadManager] Cleaned up C:\Users\andrew\Desktop\Andrew\Projects\IthacaBakery\RandomStuff\WorkBot\refactor-experimental\data\downloads\sessions\e4cdc583-8bfc-41a5-88c8-3afa2e5d97e3
2025-11-29 07:12:50,173 - INFO - backend.bots.workbot.work_bot.WorkBot - (work_bot.py:146) - [Order Update] Initiating update protocol for Syracuse / Performance Food / 20251126.
2025-11-29 07:12:50,190 - INFO - backend.app.services.order_service.CheckAndUpdateOrder - (order_service.py:229) - [Order Update] Changed - overwrite needed.
2025-11-29 07:12:50,190 - INFO - backend.app.services.order_service.SaveOrder - (order_service.py:100) - Saving order Performance Food / Syracuse / 20251126
2025-11-29 07:12:50,215 - INFO - backend.bots.workbot.work_bot.WorkBot - (work_bot.py:109) - [PDF] Ingested: Order.pdf for Syracuse/Performance Food
2025-11-29 07:12:50,216 - INFO - backend.adapters.downloads.local_download_manager.LocalDownloadManager - (local_download_manager.py:73) - [DownloadManager] Cleaned up C:\Users\andrew\Desktop\Andrew\Projects\IthacaBakery\RandomStuff\WorkBot\refactor-experimental\data\downloads\sessions\075a3b17-47dc-410c-b36a-e77b4add6fdf
2025-11-29 07:12:50,216 - INFO - backend.bots.workbot.work_bot.WorkBot - (work_bot.py:146) - [Order Update] Initiating update protocol for Syracuse / Johnston Paper / 20251126.
2025-11-29 07:12:50,234 - INFO - backend.app.services.order_service.CheckAndUpdateOrder - (order_service.py:229) - [Order Update] Changed - overwrite needed.
2025-11-29 07:12:50,234 - INFO - backend.app.services.order_service.SaveOrder - (order_service.py:100) - Saving order Johnston Paper / Syracuse / 20251126
2025-11-29 07:12:50,255 - INFO - backend.bots.workbot.work_bot.WorkBot - (work_bot.py:109) - [PDF] Ingested: Order.pdf for Syracuse/Johnston Paper
2025-11-29 07:12:50,256 - INFO - backend.adapters.downloads.local_download_manager.LocalDownloadManager - (local_download_manager.py:73) - [DownloadManager] Cleaned up C:\Users\andrew\Desktop\Andrew\Projects\IthacaBakery\RandomStuff\WorkBot\refactor-experimental\data\downloads\sessions\637fa02b-58b2-4807-b84e-fbb46a354e29
2025-11-29 07:12:50,256 - INFO - backend.bots.workbot.work_bot.WorkBot - (work_bot.py:146) - [Order Update] Initiating update protocol for Syracuse / UNFI / 20251126.
2025-11-29 07:12:50,273 - INFO - backend.app.services.order_service.CheckAndUpdateOrder - (order_service.py:229) - [Order Update] Changed - overwrite needed.
2025-11-29 07:12:50,273 - INFO - backend.app.services.order_service.SaveOrder - (order_service.py:100) - Saving order UNFI / Syracuse / 20251126
2025-11-29 07:12:50,297 - INFO - backend.bots.workbot.work_bot.WorkBot - (work_bot.py:109) - [PDF] Ingested: Order.pdf for Syracuse/UNFI
2025-11-29 07:12:50,297 - INFO - backend.adapters.downloads.local_download_manager.LocalDownloadManager - (local_download_manager.py:73) - [DownloadManager] Cleaned up C:\Users\andrew\Desktop\Andrew\Projects\IthacaBakery\RandomStuff\WorkBot\refactor-experimental\data\downloads\sessions\fc651e1a-bba6-4413-a8a8-dfce4f147918
2025-11-29 07:12:50,297 - INFO - backend.bots.workbot.work_bot.WorkBot - (work_bot.py:146) - [Order Update] Initiating update protocol for Syracuse / US Foods / 20251126.
2025-11-29 07:12:50,313 - INFO - backend.app.services.order_service.CheckAndUpdateOrder - (order_service.py:229) - [Order Update] Changed - overwrite needed.
2025-11-29 07:12:50,313 - INFO - backend.app.services.order_service.SaveOrder - (order_service.py:100) - Saving order US Foods / Syracuse / 20251126
2025-11-29 07:12:50,335 - INFO - backend.bots.workbot.work_bot.WorkBot - (work_bot.py:109) - [PDF] Ingested: Order.pdf for Syracuse/US Foods
2025-11-29 07:12:50,336 - INFO - backend.adapters.downloads.local_download_manager.LocalDownloadManager - (local_download_manager.py:73) - [DownloadManager] Cleaned up C:\Users\andrew\Desktop\Andrew\Projects\IthacaBakery\RandomStuff\WorkBot\refactor-experimental\data\downloads\sessions\52b7603d-2846-4bf3-98d5-016689229df5
2025-11-29 07:12:50,336 - INFO - backend.bots.workbot.work_bot.WorkBot - (work_bot.py:146) - [Order Update] Initiating update protocol for Syracuse / Coca-Cola / 20251126.
2025-11-29 07:12:50,352 - INFO - backend.app.services.order_service.CheckAndUpdateOrder - (order_service.py:229) - [Order Update] Changed - overwrite needed.
2025-11-29 07:12:50,352 - INFO - backend.app.services.order_service.SaveOrder - (order_service.py:100) - Saving order Coca-Cola / Syracuse / 20251126
2025-11-29 07:12:50,373 - INFO - backend.bots.workbot.work_bot.WorkBot - (work_bot.py:109) - [PDF] Ingested: Order.pdf for Syracuse/Coca-Cola
2025-11-29 07:12:50,374 - INFO - backend.adapters.downloads.local_download_manager.LocalDownloadManager - (local_download_manager.py:73) - [DownloadManager] Cleaned up C:\Users\andrew\Desktop\Andrew\Projects\IthacaBakery\RandomStuff\WorkBot\refactor-experimental\data\downloads\sessions\d45ec659-cbd3-4328-80d2-5a7f7d02af3c
2025-11-29 07:12:50,374 - INFO - backend.bots.workbot.work_bot.WorkBot - (work_bot.py:146) - [Order Update] Initiating update protocol for Syracuse / Hillcrest Dairy / 20251126.
2025-11-29 07:12:50,390 - INFO - backend.app.services.order_service.CheckAndUpdateOrder - (order_service.py:229) - [Order Update] Changed - overwrite needed.
2025-11-29 07:12:50,390 - INFO - backend.app.services.order_service.SaveOrder - (order_service.py:100) - Saving order Hillcrest Dairy / Syracuse / 20251126
2025-11-29 07:12:50,411 - INFO - backend.bots.workbot.work_bot.WorkBot - (work_bot.py:109) - [PDF] Ingested: Order.pdf for Syracuse/Hillcrest Dairy
2025-11-29 07:12:50,412 - INFO - backend.adapters.downloads.local_download_manager.LocalDownloadManager - (local_download_manager.py:73) - [DownloadManager] Cleaned up C:\Users\andrew\Desktop\Andrew\Projects\IthacaBakery\RandomStuff\WorkBot\refactor-experimental\data\downloads\sessions\f1a14c60-e60c-4cc8-bcb8-7f7400ae9216
2025-11-29 07:12:50,412 - INFO - backend.bots.workbot.work_bot.WorkBot - (work_bot.py:146) - [Order Update] Initiating update protocol for Syracuse / Sysco / 20251126.
2025-11-29 07:12:50,429 - INFO - backend.app.services.order_service.CheckAndUpdateOrder - (order_service.py:229) - [Order Update] Changed - overwrite needed.
2025-11-29 07:12:50,429 - INFO - backend.app.services.order_service.SaveOrder - (order_service.py:100) - Saving order Sysco / Syracuse / 20251126
2025-11-29 07:12:50,451 - INFO - backend.bots.workbot.work_bot.WorkBot - (work_bot.py:109) - [PDF] Ingested: Order.pdf for Syracuse/Sysco
2025-11-29 07:12:50,451 - INFO - backend.adapters.downloads.local_download_manager.LocalDownloadManager - (local_download_manager.py:73) - [DownloadManager] Cleaned up C:\Users\andrew\Desktop\Andrew\Projects\IthacaBakery\RandomStuff\WorkBot\refactor-experimental\data\downloads\sessions\29084ed2-ba74-48c9-88fa-ca1a073e52ba
2025-11-29 07:12:50,451 - INFO - backend.bots.workbot.work_bot.WorkBot - (work_bot.py:146) - [Order Update] Initiating update protocol for Syracuse / Equal Exchange / 20251126.
2025-11-29 07:12:50,468 - INFO - backend.app.services.order_service.CheckAndUpdateOrder - (order_service.py:229) - [Order Update] Changed - overwrite needed.
2025-11-29 07:12:50,469 - INFO - backend.app.services.order_service.SaveOrder - (order_service.py:100) - Saving order Equal Exchange / Syracuse / 20251126
2025-11-29 07:12:50,491 - INFO - backend.bots.workbot.work_bot.WorkBot - (work_bot.py:109) - [PDF] Ingested: Order.pdf for Syracuse/Equal Exchange
2025-11-29 07:12:50,492 - INFO - backend.adapters.downloads.local_download_manager.LocalDownloadManager - (local_download_manager.py:73) - [DownloadManager] Cleaned up C:\Users\andrew\Desktop\Andrew\Projects\IthacaBakery\RandomStuff\WorkBot\refactor-experimental\data\downloads\sessions\722bd579-6685-4a7e-bba3-9b782b0b8130
2025-11-29 07:12:50,492 - INFO - backend.bots.workbot.work_bot.WorkBot - (work_bot.py:146) - [Order Update] Initiating update protocol for Syracuse / Odeko In. / 20251126.
2025-11-29 07:12:50,510 - INFO - backend.app.services.order_service.CheckAndUpdateOrder - (order_service.py:229) - [Order Update] Changed - overwrite needed.
2025-11-29 07:12:50,510 - INFO - backend.app.services.order_service.SaveOrder - (order_service.py:100) - Saving order Odeko In. / Syracuse / 20251126
2025-11-29 07:12:50,531 - INFO - backend.bots.workbot.work_bot.WorkBot - (work_bot.py:109) - [PDF] Ingested: Order.pdf for Syracuse/Odeko In.
2025-11-29 07:12:50,532 - INFO - backend.adapters.downloads.local_download_manager.LocalDownloadManager - (local_download_manager.py:73) - [DownloadManager] Cleaned up C:\Users\andrew\Desktop\Andrew\Projects\IthacaBakery\RandomStuff\WorkBot\refactor-experimental\data\downloads\sessions\cf287910-4d6f-4754-b3f4-c7d5bdf29c1c
2025-11-29 07:12:50,532 - INFO - backend.bots.workbot.work_bot.WorkBot - (work_bot.py:146) - [Order Update] Initiating update protocol for Syracuse / Coffee Depot LLC / 20251126.
2025-11-29 07:12:50,548 - INFO - backend.app.services.order_service.CheckAndUpdateOrder - (order_service.py:229) - [Order Update] Changed - overwrite needed.
2025-11-29 07:12:50,548 - INFO - backend.app.services.order_service.SaveOrder - (order_service.py:100) - Saving order Coffee Depot LLC / Syracuse / 20251126
2025-11-29 07:12:50,569 - INFO - backend.bots.workbot.work_bot.WorkBot - (work_bot.py:109) - [PDF] Ingested: Order.pdf for Syracuse/Coffee Depot LLC
2025-11-29 07:12:50,570 - INFO - backend.adapters.downloads.local_download_manager.LocalDownloadManager - (local_download_manager.py:73) - [DownloadManager] Cleaned up C:\Users\andrew\Desktop\Andrew\Projects\IthacaBakery\RandomStuff\WorkBot\refactor-experimental\data\downloads\sessions\54fc1171-6c54-45f8-9115-1c12df25f956
2025-11-29 07:12:50,570 - INFO - backend.bots.workbot.work_bot.WorkBot - (work_bot.py:146) - [Order Update] Initiating update protocol for Syracuse / Pepsi / 20251126.
2025-11-29 07:12:50,587 - INFO - backend.app.services.order_service.CheckAndUpdateOrder - (order_service.py:229) - [Order Update] Changed - overwrite needed.
2025-11-29 07:12:50,587 - INFO - backend.app.services.order_service.SaveOrder - (order_service.py:100) - Saving order Pepsi / Syracuse / 20251126
2025-11-29 07:12:50,609 - INFO - backend.bots.workbot.work_bot.WorkBot - (work_bot.py:109) - [PDF] Ingested: Order.pdf for Syracuse/Pepsi
2025-11-29 07:12:50,609 - INFO - backend.adapters.downloads.local_download_manager.LocalDownloadManager - (local_download_manager.py:73) - [DownloadManager] Cleaned up C:\Users\andrew\Desktop\Andrew\Projects\IthacaBakery\RandomStuff\WorkBot\refactor-experimental\data\downloads\sessions\ed416fde-bee7-49ec-b6e7-92fdb80d92f8
2025-11-29 07:12:50,610 - INFO - backend.bots.workbot.work_bot.WorkBot - (work_bot.py:146) - [Order Update] Initiating update protocol for Syracuse / DUTCH VALLEY FOOD DIST / 20251126.
2025-11-29 07:12:50,627 - INFO - backend.app.services.order_service.CheckAndUpdateOrder - (order_service.py:229) - [Order Update] Changed - overwrite needed.
2025-11-29 07:12:50,627 - INFO - backend.app.services.order_service.SaveOrder - (order_service.py:100) - Saving order DUTCH VALLEY FOOD DIST / Syracuse / 20251126
2025-11-29 07:12:50,648 - INFO - backend.bots.workbot.work_bot.WorkBot - (work_bot.py:109) - [PDF] Ingested: Order.pdf for Syracuse/DUTCH VALLEY FOOD DIST
2025-11-29 07:12:50,649 - INFO - backend.adapters.downloads.local_download_manager.LocalDownloadManager - (local_download_manager.py:73) - [DownloadManager] Cleaned up C:\Users\andrew\Desktop\Andrew\Projects\IthacaBakery\RandomStuff\WorkBot\refactor-experimental\data\downloads\sessions\5a6053ad-e5a3-41cb-9826-dac32b7d904e
2025-11-29 07:12:50,649 - INFO - backend.bots.workbot.work_bot.WorkBot - (work_bot.py:120) - Craftable order sync completed successfully.
2025-11-29 07:12:51,458 - INFO - backend.app.cli.cli.CLI - (cli.py:460) - Command 'download_orders' executed successfully.
2025-11-29 07:12:51,760 - INFO - backend.app.cli.cli.CLI - (cli.py:376) - CLI interrupted by user (Ctrl+C / EOF).
2025-11-29 07:12:51,763 - INFO - backend.app.cli.cli.CLI - (cli.py:419) - Exiting CLI and saving history.
2025-11-29 07:13:06,137 - INFO - backend.bots.workbot.work_bot.WorkBot - (work_bot.py:53) - Initializing WorkBot...
2025-11-29 07:13:06,138 - INFO - backend.bots.workbot.work_bot.WorkBot - (work_bot.py:66) - WorkBot initialized successfully.
2025-11-29 07:13:06,138 - INFO - backend.app.cli.cli.CLI - (cli.py:34) - Initializing CLI.
2025-11-29 07:13:06,142 - INFO - backend.app.cli.cli.CLI - (cli.py:77) - Loaded 1 commands from backend.app.cli.commands.builtin
2025-11-29 07:13:06,158 - INFO - backend.app.cli.cli.CLI - (cli.py:101) - Loaded command history from C:\Users\andrew\Desktop\Andrew\Projects\IthacaBakery\RandomStuff\WorkBot\refactor-experimental\data\cli\.cli_history
2025-11-29 07:13:06,159 - INFO - backend.app.cli.cli.CLI - (cli.py:42) - CLI initialized successfully with 1 commands.
2025-11-29 07:13:06,173 - INFO - backend.app.cli.cli.CLI - (cli.py:77) - Loaded 15 commands from backend.app.cli.commands.workbot
2025-11-29 07:13:06,173 - INFO - backend.app.cli.cli.CLI - (cli.py:350) - CLI session started.
2025-11-29 07:13:11,747 - INFO - backend.app.cli.cli.CLI - (cli.py:448) - Dispatching command: delete_orders (args=['--stores', 'Bakery'])
2025-11-29 07:13:16,081 - INFO - backend.bots.craftable_bot.craftable_bot.CraftableBot - (craftable_bot.py:87) - Logging into Craftable.
2025-11-29 07:13:23,386 - INFO - backend.bots.craftable_bot.craftable_bot.CraftableBot - (craftable_bot.py:111) - Login successful.
2025-11-29 07:13:23,386 - INFO - backend.bots.craftable_bot.craftable_bot.CraftableBot - (craftable_bot.py:456) - Starting order deletion for store: Bakery.
2025-11-29 07:13:30,202 - INFO - backend.bots.craftable_bot.craftable_bot.CraftableBot - (craftable_bot.py:473) - Found 19 orders for deletion.
2025-11-29 07:13:32,062 - INFO - backend.bots.craftable_bot.craftable_bot.CraftableBot - (craftable_bot.py:537) - Order deletion confirmed.
2025-11-29 07:13:38,940 - INFO - backend.bots.craftable_bot.craftable_bot.CraftableBot - (craftable_bot.py:537) - Order deletion confirmed.
2025-11-29 07:13:45,797 - INFO - backend.bots.craftable_bot.craftable_bot.CraftableBot - (craftable_bot.py:537) - Order deletion confirmed.
2025-11-29 07:13:52,667 - INFO - backend.bots.craftable_bot.craftable_bot.CraftableBot - (craftable_bot.py:537) - Order deletion confirmed.
2025-11-29 07:13:59,476 - INFO - backend.bots.craftable_bot.craftable_bot.CraftableBot - (craftable_bot.py:537) - Order deletion confirmed.
2025-11-29 07:14:06,336 - INFO - backend.bots.craftable_bot.craftable_bot.CraftableBot - (craftable_bot.py:537) - Order deletion confirmed.
2025-11-29 07:14:13,137 - INFO - backend.bots.craftable_bot.craftable_bot.CraftableBot - (craftable_bot.py:537) - Order deletion confirmed.
2025-11-29 07:14:19,973 - INFO - backend.bots.craftable_bot.craftable_bot.CraftableBot - (craftable_bot.py:537) - Order deletion confirmed.
2025-11-29 07:14:26,801 - INFO - backend.bots.craftable_bot.craftable_bot.CraftableBot - (craftable_bot.py:537) - Order deletion confirmed.
2025-11-29 07:14:33,612 - INFO - backend.bots.craftable_bot.craftable_bot.CraftableBot - (craftable_bot.py:537) - Order deletion confirmed.
2025-11-29 07:14:40,421 - INFO - backend.bots.craftable_bot.craftable_bot.CraftableBot - (craftable_bot.py:537) - Order deletion confirmed.
2025-11-29 07:14:47,240 - INFO - backend.bots.craftable_bot.craftable_bot.CraftableBot - (craftable_bot.py:537) - Order deletion confirmed.
2025-11-29 07:14:54,065 - INFO - backend.bots.craftable_bot.craftable_bot.CraftableBot - (craftable_bot.py:537) - Order deletion confirmed.
2025-11-29 07:15:00,871 - INFO - backend.bots.craftable_bot.craftable_bot.CraftableBot - (craftable_bot.py:537) - Order deletion confirmed.
2025-11-29 07:15:07,697 - INFO - backend.bots.craftable_bot.craftable_bot.CraftableBot - (craftable_bot.py:537) - Order deletion confirmed.
2025-11-29 07:15:14,523 - INFO - backend.bots.craftable_bot.craftable_bot.CraftableBot - (craftable_bot.py:537) - Order deletion confirmed.
2025-11-29 07:15:21,333 - INFO - backend.bots.craftable_bot.craftable_bot.CraftableBot - (craftable_bot.py:537) - Order deletion confirmed.
2025-11-29 07:15:28,163 - INFO - backend.bots.craftable_bot.craftable_bot.CraftableBot - (craftable_bot.py:537) - Order deletion confirmed.
2025-11-29 07:15:34,987 - INFO - backend.bots.craftable_bot.craftable_bot.CraftableBot - (craftable_bot.py:537) - Order deletion confirmed.
2025-11-29 07:15:39,996 - INFO - backend.bots.craftable_bot.craftable_bot.CraftableBot - (craftable_bot.py:497) - No orders table found. All orders deleted.
2025-11-29 07:15:39,997 - INFO - backend.bots.craftable_bot.craftable_bot.CraftableBot - (craftable_bot.py:500) - Finished deleting orders for store: Bakery.
2025-11-29 07:15:41,745 - INFO - backend.app.cli.cli.CLI - (cli.py:460) - Command 'delete_orders' executed successfully.
2025-11-29 10:51:15,563 - INFO - backend.app.cli.cli.CLI - (cli.py:448) - Dispatching command: generate_vendor_upload_files (args=['--vendors', 'UNFI'])
2025-11-29 10:51:15,567 - INFO - backend.bots.workbot.work_bot.WorkBot - (work_bot.py:261) - Generating vendor upload files for stores=['Bakery', 'Collegetown', 'Downtown', 'Easthill', 'Syracuse', 'Triphammer'], vendors=['UNFI'], start_date=None, end_date=None
2025-11-29 10:51:15,567 - INFO - backend.bots.workbot.work_bot.WorkBot - (work_bot.py:176) - Retrieving orders for: stores=['Bakery', 'Collegetown', 'Downtown', 'Easthill', 'Syracuse', 'Triphammer'], vendors=['UNFI']
2025-11-29 10:51:15,568 - INFO - backend.app.services.order_service.GetOrders - (order_service.py:65) - Getting orders: vendors=['UNFI'], stores=['Bakery', 'Collegetown', 'Downtown', 'Easthill', 'Syracuse', 'Triphammer'], dates=None
2025-11-29 10:51:15,628 - INFO - backend.adapters.files.generic_file_adapter.GenericFileAdapter - (generic_file_adapter.py:105) - Skipping unreadable file C:\Users\andrew\Desktop\Andrew\Projects\IthacaBakery\RandomStuff\WorkBot\refactor-experimental\data\orders\UNFI\UNFI_Downtown_20251128.pdf: 'pdf'
2025-11-29 10:51:15,677 - INFO - backend.adapters.files.generic_file_adapter.GenericFileAdapter - (generic_file_adapter.py:105) - Skipping unreadable file C:\Users\andrew\Desktop\Andrew\Projects\IthacaBakery\RandomStuff\WorkBot\refactor-experimental\data\orders\UNFI\UNFI_Easthill_20251128.pdf: 'pdf'
2025-11-29 10:51:15,712 - INFO - backend.adapters.files.generic_file_adapter.GenericFileAdapter - (generic_file_adapter.py:105) - Skipping unreadable file C:\Users\andrew\Desktop\Andrew\Projects\IthacaBakery\RandomStuff\WorkBot\refactor-experimental\data\orders\UNFI\UNFI_Syracuse_20251126.pdf: 'pdf'
2025-11-29 10:51:15,747 - INFO - backend.adapters.files.generic_file_adapter.GenericFileAdapter - (generic_file_adapter.py:105) - Skipping unreadable file C:\Users\andrew\Desktop\Andrew\Projects\IthacaBakery\RandomStuff\WorkBot\refactor-experimental\data\orders\UNFI\UNFI_Triphammer_20251128.pdf: 'pdf'
2025-11-29 10:51:15,767 - INFO - backend.app.services.order_service.GetOrders - (order_service.py:73) - Retrieved 4 orders.
2025-11-29 10:51:15,767 - INFO - backend.bots.workbot.work_bot.WorkBot - (work_bot.py:265) - Found 4 orders to process.
2025-11-29 10:51:15,778 - INFO - backend.bots.workbot.work_bot.WorkBot - (work_bot.py:278) - Context map built with 4 entries. Delegating to OrderServices.
2025-11-29 10:51:15,795 - ERROR - backend.app.cli.cli.CLI - (cli.py:465) - [Error] generate_vendor_upload_files failed: GenerateVendorUploadFiles.command() missing 1 required positional argument: 'args'
Traceback (most recent call last):
  File "C:\Users\andrew\Desktop\Andrew\Projects\IthacaBakery\RandomStuff\WorkBot\refactor-experimental\backend\app\cli\cli.py", line 451, in _dispatch_command
    self.commands[command].command(args)
    ~~~~~~~~~~~~~~~~~~~~~~~~~~~~~~^^^^^^
  File "C:\Users\andrew\Desktop\Andrew\Projects\IthacaBakery\RandomStuff\WorkBot\refactor-experimental\backend\app\cli\commands\workbot\generate_vendor_upload_files.py", line 30, in command
    paths = self.context.workbot.generate_vendor_upload_files(
        stores=parsed_args.stores,
    ...<2 lines>...
        end_date=parsed_args.end_date
    )
  File "C:\Users\andrew\Desktop\Andrew\Projects\IthacaBakery\RandomStuff\WorkBot\refactor-experimental\backend\bots\workbot\work_bot.py", line 280, in generate_vendor_upload_files
    result_paths = self.orders.generate_vendor_uploads(
        vendors=vendors,
    ...<3 lines>...
        context_map=context_map
    )
  File "C:\Users\andrew\Desktop\Andrew\Projects\IthacaBakery\RandomStuff\WorkBot\refactor-experimental\backend\app\services\order_service.py", line 158, in __call__
    context = context_map.get(f'{order.store}|{order.vendor}')
                                 ^^^^^^^^^^^
AttributeError: 'NoneType' object has no attribute 'store'

During handling of the above exception, another exception occurred:

Traceback (most recent call last):
  File "C:\Users\andrew\Desktop\Andrew\Projects\IthacaBakery\RandomStuff\WorkBot\refactor-experimental\backend\app\cli\cli.py", line 454, in _dispatch_command
    self.commands[command].command()
    ~~~~~~~~~~~~~~~~~~~~~~~~~~~~~~^^
TypeError: GenerateVendorUploadFiles.command() missing 1 required positional argument: 'args'
2025-11-29 10:51:15,806 - INFO - backend.app.cli.cli.CLI - (cli.py:460) - Command 'generate_vendor_upload_files' executed successfully.
2025-11-29 10:52:37,815 - INFO - backend.app.cli.cli.CLI - (cli.py:376) - CLI interrupted by user (Ctrl+C / EOF).
2025-11-29 10:52:37,819 - INFO - backend.app.cli.cli.CLI - (cli.py:419) - Exiting CLI and saving history.
2025-11-29 10:52:41,306 - INFO - backend.bots.workbot.work_bot.WorkBot - (work_bot.py:53) - Initializing WorkBot...
2025-11-29 10:52:41,306 - INFO - backend.bots.workbot.work_bot.WorkBot - (work_bot.py:66) - WorkBot initialized successfully.
2025-11-29 10:52:41,306 - INFO - backend.app.cli.cli.CLI - (cli.py:34) - Initializing CLI.
2025-11-29 10:52:41,311 - INFO - backend.app.cli.cli.CLI - (cli.py:77) - Loaded 1 commands from backend.app.cli.commands.builtin
2025-11-29 10:52:41,326 - INFO - backend.app.cli.cli.CLI - (cli.py:101) - Loaded command history from C:\Users\andrew\Desktop\Andrew\Projects\IthacaBakery\RandomStuff\WorkBot\refactor-experimental\data\cli\.cli_history
2025-11-29 10:52:41,326 - INFO - backend.app.cli.cli.CLI - (cli.py:42) - CLI initialized successfully with 1 commands.
2025-11-29 10:52:41,340 - INFO - backend.app.cli.cli.CLI - (cli.py:77) - Loaded 15 commands from backend.app.cli.commands.workbot
2025-11-29 10:52:41,340 - INFO - backend.app.cli.cli.CLI - (cli.py:350) - CLI session started.
2025-11-29 10:52:42,515 - INFO - backend.app.cli.cli.CLI - (cli.py:448) - Dispatching command: generate_vendor_upload_files (args=['--vendors', 'UNFI'])
2025-11-29 10:52:42,518 - INFO - backend.bots.workbot.work_bot.WorkBot - (work_bot.py:261) - Generating vendor upload files for stores=['Bakery', 'Collegetown', 'Downtown', 'Easthill', 'Syracuse', 'Triphammer'], vendors=['UNFI'], start_date=None, end_date=None
2025-11-29 10:52:42,518 - INFO - backend.bots.workbot.work_bot.WorkBot - (work_bot.py:176) - Retrieving orders for: stores=['Bakery', 'Collegetown', 'Downtown', 'Easthill', 'Syracuse', 'Triphammer'], vendors=['UNFI']
2025-11-29 10:52:42,518 - INFO - backend.app.services.order_service.GetOrders - (order_service.py:65) - Getting orders: vendors=['UNFI'], stores=['Bakery', 'Collegetown', 'Downtown', 'Easthill', 'Syracuse', 'Triphammer'], dates=None
2025-11-29 10:52:42,568 - INFO - backend.adapters.files.generic_file_adapter.GenericFileAdapter - (generic_file_adapter.py:105) - Skipping unreadable file C:\Users\andrew\Desktop\Andrew\Projects\IthacaBakery\RandomStuff\WorkBot\refactor-experimental\data\orders\UNFI\UNFI_Downtown_20251128.pdf: 'pdf'
2025-11-29 10:52:42,590 - INFO - backend.adapters.files.generic_file_adapter.GenericFileAdapter - (generic_file_adapter.py:105) - Skipping unreadable file C:\Users\andrew\Desktop\Andrew\Projects\IthacaBakery\RandomStuff\WorkBot\refactor-experimental\data\orders\UNFI\UNFI_Easthill_20251128.pdf: 'pdf'
2025-11-29 10:52:42,610 - INFO - backend.adapters.files.generic_file_adapter.GenericFileAdapter - (generic_file_adapter.py:105) - Skipping unreadable file C:\Users\andrew\Desktop\Andrew\Projects\IthacaBakery\RandomStuff\WorkBot\refactor-experimental\data\orders\UNFI\UNFI_Syracuse_20251126.pdf: 'pdf'
2025-11-29 10:52:42,629 - INFO - backend.adapters.files.generic_file_adapter.GenericFileAdapter - (generic_file_adapter.py:105) - Skipping unreadable file C:\Users\andrew\Desktop\Andrew\Projects\IthacaBakery\RandomStuff\WorkBot\refactor-experimental\data\orders\UNFI\UNFI_Triphammer_20251128.pdf: 'pdf'
2025-11-29 10:52:42,636 - INFO - backend.app.services.order_service.GetOrders - (order_service.py:73) - Retrieved 4 orders.
2025-11-29 10:52:42,636 - INFO - backend.bots.workbot.work_bot.WorkBot - (work_bot.py:265) - Found 4 orders to process.
2025-11-29 10:52:42,646 - INFO - backend.bots.workbot.work_bot.WorkBot - (work_bot.py:278) - Context map built with 4 entries. Delegating to OrderServices.
2025-11-29 10:52:42,691 - INFO - backend.adapters.files.generic_file_adapter.GenericFileAdapter - (generic_file_adapter.py:105) - Skipping unreadable file C:\Users\andrew\Desktop\Andrew\Projects\IthacaBakery\RandomStuff\WorkBot\refactor-experimental\data\orders\UNFI\UNFI_Downtown_20251128.pdf: 'pdf'
2025-11-29 10:52:42,698 - INFO - backend.app.services.order_service.GenerateVendorUploadFile - (order_service.py:130) - Generating vendor upload for UNFI / Downtown / 20251128
2025-11-29 10:52:42,716 - INFO - backend.adapters.files.generic_file_adapter.GenericFileAdapter - (generic_file_adapter.py:105) - Skipping unreadable file C:\Users\andrew\Desktop\Andrew\Projects\IthacaBakery\RandomStuff\WorkBot\refactor-experimental\data\orders\UNFI\UNFI_Easthill_20251128.pdf: 'pdf'
2025-11-29 10:52:42,724 - INFO - backend.app.services.order_service.GenerateVendorUploadFile - (order_service.py:130) - Generating vendor upload for UNFI / Easthill / 20251128
2025-11-29 10:52:42,742 - INFO - backend.adapters.files.generic_file_adapter.GenericFileAdapter - (generic_file_adapter.py:105) - Skipping unreadable file C:\Users\andrew\Desktop\Andrew\Projects\IthacaBakery\RandomStuff\WorkBot\refactor-experimental\data\orders\UNFI\UNFI_Syracuse_20251126.pdf: 'pdf'
2025-11-29 10:52:42,748 - INFO - backend.app.services.order_service.GenerateVendorUploadFile - (order_service.py:130) - Generating vendor upload for UNFI / Syracuse / 20251126
2025-11-29 10:52:42,766 - INFO - backend.adapters.files.generic_file_adapter.GenericFileAdapter - (generic_file_adapter.py:105) - Skipping unreadable file C:\Users\andrew\Desktop\Andrew\Projects\IthacaBakery\RandomStuff\WorkBot\refactor-experimental\data\orders\UNFI\UNFI_Triphammer_20251128.pdf: 'pdf'
2025-11-29 10:52:42,773 - INFO - backend.app.services.order_service.GenerateVendorUploadFile - (order_service.py:130) - Generating vendor upload for UNFI / Triphammer / 20251128
2025-11-29 10:52:42,777 - INFO - backend.bots.workbot.work_bot.WorkBot - (work_bot.py:288) - Vendor upload file generation complete. 4 files created.
2025-11-29 10:52:42,778 - INFO - backend.app.cli.cli.CLI - (cli.py:460) - Command 'generate_vendor_upload_files' executed successfully.
2025-11-30 07:56:26,796 - INFO - backend.bots.workbot.work_bot.WorkBot - (work_bot.py:53) - Initializing WorkBot...
2025-11-30 07:56:26,797 - INFO - backend.bots.workbot.work_bot.WorkBot - (work_bot.py:66) - WorkBot initialized successfully.
2025-11-30 07:56:26,797 - INFO - backend.app.cli.cli.CLI - (cli.py:34) - Initializing CLI.
2025-11-30 07:56:26,806 - INFO - backend.app.cli.cli.CLI - (cli.py:77) - Loaded 1 commands from backend.app.cli.commands.builtin
2025-11-30 07:56:26,815 - INFO - backend.app.cli.cli.CLI - (cli.py:101) - Loaded command history from C:\Users\andrew\Desktop\Andrew\Projects\IthacaBakery\RandomStuff\WorkBot\refactor-experimental\data\cli\.cli_history
2025-11-30 07:56:26,815 - INFO - backend.app.cli.cli.CLI - (cli.py:42) - CLI initialized successfully with 1 commands.
2025-11-30 07:56:26,841 - INFO - backend.app.cli.cli.CLI - (cli.py:77) - Loaded 15 commands from backend.app.cli.commands.workbot
2025-11-30 07:56:26,841 - INFO - backend.app.cli.cli.CLI - (cli.py:350) - CLI session started.
2025-11-30 07:56:31,129 - INFO - backend.app.cli.cli.CLI - (cli.py:448) - Dispatching command: download_orders (args=[])
2025-11-30 07:56:35,830 - INFO - backend.bots.craftable_bot.craftable_bot.CraftableBot - (craftable_bot.py:87) - Logging into Craftable.
2025-11-30 07:56:43,539 - INFO - backend.bots.craftable_bot.craftable_bot.CraftableBot - (craftable_bot.py:111) - Login successful.
2025-11-30 07:56:43,540 - INFO - backend.bots.craftable_bot.craftable_bot.CraftableBot - (craftable_bot.py:244) - Beginning download protocol for: stores: ['Bakery', 'Collegetown', 'Downtown', 'Easthill', 'Syracuse', 'Triphammer'], vendors: None, download_pdf: True, update: True
2025-11-30 07:56:46,447 - INFO - backend.bots.craftable_bot.craftable_bot.CraftableBot - (craftable_bot.py:565) - Found Sysco in Bakery's order list.
2025-11-30 07:56:47,614 - INFO - backend.bots.craftable_bot.craftable_bot.CraftableBot - (craftable_bot.py:572) - Now in Sysco order.
2025-11-30 07:56:49,091 - INFO - backend.adapters.downloads.local_download_manager.LocalDownloadManager - (local_download_manager.py:36) - [DownloadManager] Session 1beebd7c-8f94-4f03-af4c-f3e26ffb8ba7 -> C:\Users\andrew\Desktop\Andrew\Projects\IthacaBakery\RandomStuff\WorkBot\refactor-experimental\data\downloads\sessions\1beebd7c-8f94-4f03-af4c-f3e26ffb8ba7
2025-11-30 07:56:52,871 - INFO - backend.bots.craftable_bot.craftable_bot.CraftableBot - (craftable_bot.py:565) - Found Hillcrest Dairy in Bakery's order list.
2025-11-30 07:56:53,985 - INFO - backend.bots.craftable_bot.craftable_bot.CraftableBot - (craftable_bot.py:572) - Now in Hillcrest Dairy order.
2025-11-30 07:56:54,155 - INFO - backend.adapters.downloads.local_download_manager.LocalDownloadManager - (local_download_manager.py:36) - [DownloadManager] Session a22b4f14-f271-4aeb-8c10-9f12e2e1be04 -> C:\Users\andrew\Desktop\Andrew\Projects\IthacaBakery\RandomStuff\WorkBot\refactor-experimental\data\downloads\sessions\a22b4f14-f271-4aeb-8c10-9f12e2e1be04
2025-11-30 07:56:57,493 - INFO - backend.bots.craftable_bot.craftable_bot.CraftableBot - (craftable_bot.py:565) - Found FingerLakes Farms in Bakery's order list.
2025-11-30 07:56:58,627 - INFO - backend.bots.craftable_bot.craftable_bot.CraftableBot - (craftable_bot.py:572) - Now in FingerLakes Farms order.
2025-11-30 07:56:59,157 - INFO - backend.adapters.downloads.local_download_manager.LocalDownloadManager - (local_download_manager.py:36) - [DownloadManager] Session 31859968-1d30-4f23-a4f1-a36af4bc62a2 -> C:\Users\andrew\Desktop\Andrew\Projects\IthacaBakery\RandomStuff\WorkBot\refactor-experimental\data\downloads\sessions\31859968-1d30-4f23-a4f1-a36af4bc62a2
2025-11-30 07:57:02,548 - INFO - backend.bots.craftable_bot.craftable_bot.CraftableBot - (craftable_bot.py:565) - Found Performance Food in Bakery's order list.
2025-11-30 07:57:03,680 - INFO - backend.bots.craftable_bot.craftable_bot.CraftableBot - (craftable_bot.py:572) - Now in Performance Food order.
2025-11-30 07:57:05,110 - INFO - backend.adapters.downloads.local_download_manager.LocalDownloadManager - (local_download_manager.py:36) - [DownloadManager] Session 73771fce-ddf4-40f8-b8b2-8286c781f5db -> C:\Users\andrew\Desktop\Andrew\Projects\IthacaBakery\RandomStuff\WorkBot\refactor-experimental\data\downloads\sessions\73771fce-ddf4-40f8-b8b2-8286c781f5db
2025-11-30 07:57:08,581 - INFO - backend.bots.craftable_bot.craftable_bot.CraftableBot - (craftable_bot.py:565) - Found Coca-Cola in Bakery's order list.
2025-11-30 07:57:09,721 - INFO - backend.bots.craftable_bot.craftable_bot.CraftableBot - (craftable_bot.py:572) - Now in Coca-Cola order.
2025-11-30 07:57:10,323 - INFO - backend.adapters.downloads.local_download_manager.LocalDownloadManager - (local_download_manager.py:36) - [DownloadManager] Session e0f82605-c3c0-4265-af06-0c869b4ffb7c -> C:\Users\andrew\Desktop\Andrew\Projects\IthacaBakery\RandomStuff\WorkBot\refactor-experimental\data\downloads\sessions\e0f82605-c3c0-4265-af06-0c869b4ffb7c
2025-11-30 07:57:13,830 - INFO - backend.bots.craftable_bot.craftable_bot.CraftableBot - (craftable_bot.py:565) - Found US Foods in Bakery's order list.
2025-11-30 07:57:14,971 - INFO - backend.bots.craftable_bot.craftable_bot.CraftableBot - (craftable_bot.py:572) - Now in US Foods order.
2025-11-30 07:57:16,473 - INFO - backend.adapters.downloads.local_download_manager.LocalDownloadManager - (local_download_manager.py:36) - [DownloadManager] Session 7e500926-2707-46c4-8f7f-0f5a1eed473f -> C:\Users\andrew\Desktop\Andrew\Projects\IthacaBakery\RandomStuff\WorkBot\refactor-experimental\data\downloads\sessions\7e500926-2707-46c4-8f7f-0f5a1eed473f
2025-11-30 07:57:19,946 - INFO - backend.bots.craftable_bot.craftable_bot.CraftableBot - (craftable_bot.py:565) - Found Coffee Depot LLC in Bakery's order list.
2025-11-30 07:57:21,100 - INFO - backend.bots.craftable_bot.craftable_bot.CraftableBot - (craftable_bot.py:572) - Now in Coffee Depot LLC order.
2025-11-30 07:57:21,328 - INFO - backend.adapters.downloads.local_download_manager.LocalDownloadManager - (local_download_manager.py:36) - [DownloadManager] Session dc97ddc6-5633-4dc8-b1d5-b4062d87fa17 -> C:\Users\andrew\Desktop\Andrew\Projects\IthacaBakery\RandomStuff\WorkBot\refactor-experimental\data\downloads\sessions\dc97ddc6-5633-4dc8-b1d5-b4062d87fa17
2025-11-30 07:57:24,819 - INFO - backend.bots.craftable_bot.craftable_bot.CraftableBot - (craftable_bot.py:565) - Found Finger Lakes Coffee Roasters in Bakery's order list.
2025-11-30 07:57:25,947 - INFO - backend.bots.craftable_bot.craftable_bot.CraftableBot - (craftable_bot.py:572) - Now in Finger Lakes Coffee Roasters order.
2025-11-30 07:57:26,055 - INFO - backend.adapters.downloads.local_download_manager.LocalDownloadManager - (local_download_manager.py:36) - [DownloadManager] Session 2b5e741b-2a9b-437d-b0df-f12a84c5f2e2 -> C:\Users\andrew\Desktop\Andrew\Projects\IthacaBakery\RandomStuff\WorkBot\refactor-experimental\data\downloads\sessions\2b5e741b-2a9b-437d-b0df-f12a84c5f2e2
2025-11-30 07:57:29,552 - INFO - backend.bots.craftable_bot.craftable_bot.CraftableBot - (craftable_bot.py:565) - Found Webstaurant in Bakery's order list.
2025-11-30 07:57:30,693 - INFO - backend.bots.craftable_bot.craftable_bot.CraftableBot - (craftable_bot.py:572) - Now in Webstaurant order.
2025-11-30 07:57:30,863 - INFO - backend.adapters.downloads.local_download_manager.LocalDownloadManager - (local_download_manager.py:36) - [DownloadManager] Session 4aa63362-3ab0-4e0a-9376-b47756ff75b4 -> C:\Users\andrew\Desktop\Andrew\Projects\IthacaBakery\RandomStuff\WorkBot\refactor-experimental\data\downloads\sessions\4aa63362-3ab0-4e0a-9376-b47756ff75b4
2025-11-30 07:57:34,365 - INFO - backend.bots.craftable_bot.craftable_bot.CraftableBot - (craftable_bot.py:565) - Found Equal Exchange in Bakery's order list.
2025-11-30 07:57:35,501 - INFO - backend.bots.craftable_bot.craftable_bot.CraftableBot - (craftable_bot.py:572) - Now in Equal Exchange order.
2025-11-30 07:57:35,941 - INFO - backend.adapters.downloads.local_download_manager.LocalDownloadManager - (local_download_manager.py:36) - [DownloadManager] Session 567e294f-d090-4f98-b9ed-7afca7c818ce -> C:\Users\andrew\Desktop\Andrew\Projects\IthacaBakery\RandomStuff\WorkBot\refactor-experimental\data\downloads\sessions\567e294f-d090-4f98-b9ed-7afca7c818ce
2025-11-30 07:57:39,560 - INFO - backend.bots.craftable_bot.craftable_bot.CraftableBot - (craftable_bot.py:565) - Found DUTCH VALLEY FOOD DIST in Bakery's order list.
2025-11-30 07:57:40,676 - INFO - backend.bots.craftable_bot.craftable_bot.CraftableBot - (craftable_bot.py:572) - Now in DUTCH VALLEY FOOD DIST order.
2025-11-30 07:57:40,788 - INFO - backend.adapters.downloads.local_download_manager.LocalDownloadManager - (local_download_manager.py:36) - [DownloadManager] Session e2f664ed-fbb1-491a-8cb0-9f1a8efed07c -> C:\Users\andrew\Desktop\Andrew\Projects\IthacaBakery\RandomStuff\WorkBot\refactor-experimental\data\downloads\sessions\e2f664ed-fbb1-491a-8cb0-9f1a8efed07c
2025-11-30 07:57:44,757 - INFO - backend.bots.craftable_bot.craftable_bot.CraftableBot - (craftable_bot.py:565) - Found Copper Horse Coffee in Bakery's order list.
2025-11-30 07:57:45,870 - INFO - backend.bots.craftable_bot.craftable_bot.CraftableBot - (craftable_bot.py:572) - Now in Copper Horse Coffee order.
2025-11-30 07:57:46,100 - INFO - backend.adapters.downloads.local_download_manager.LocalDownloadManager - (local_download_manager.py:36) - [DownloadManager] Session e16f4d49-b742-4b09-8cee-0a9bed180731 -> C:\Users\andrew\Desktop\Andrew\Projects\IthacaBakery\RandomStuff\WorkBot\refactor-experimental\data\downloads\sessions\e16f4d49-b742-4b09-8cee-0a9bed180731
2025-11-30 07:57:51,042 - INFO - backend.bots.craftable_bot.craftable_bot.CraftableBot - (craftable_bot.py:565) - Found Performance Food in Collegetown's order list.
2025-11-30 07:57:52,174 - INFO - backend.bots.craftable_bot.craftable_bot.CraftableBot - (craftable_bot.py:572) - Now in Performance Food order.
2025-11-30 07:57:53,319 - INFO - backend.adapters.downloads.local_download_manager.LocalDownloadManager - (local_download_manager.py:36) - [DownloadManager] Session c7ddb87d-045f-4ce1-a088-7210da1ff7f9 -> C:\Users\andrew\Desktop\Andrew\Projects\IthacaBakery\RandomStuff\WorkBot\refactor-experimental\data\downloads\sessions\c7ddb87d-045f-4ce1-a088-7210da1ff7f9
2025-11-30 07:57:56,647 - INFO - backend.bots.craftable_bot.craftable_bot.CraftableBot - (craftable_bot.py:565) - Found US Foods in Collegetown's order list.
2025-11-30 07:57:57,754 - INFO - backend.bots.craftable_bot.craftable_bot.CraftableBot - (craftable_bot.py:572) - Now in US Foods order.
2025-11-30 07:57:59,026 - INFO - backend.adapters.downloads.local_download_manager.LocalDownloadManager - (local_download_manager.py:36) - [DownloadManager] Session afbd7385-db35-4139-bf88-4a33d1b94356 -> C:\Users\andrew\Desktop\Andrew\Projects\IthacaBakery\RandomStuff\WorkBot\refactor-experimental\data\downloads\sessions\afbd7385-db35-4139-bf88-4a33d1b94356
2025-11-30 07:58:02,825 - INFO - backend.bots.craftable_bot.craftable_bot.CraftableBot - (craftable_bot.py:565) - Found Sysco in Collegetown's order list.
2025-11-30 07:58:03,931 - INFO - backend.bots.craftable_bot.craftable_bot.CraftableBot - (craftable_bot.py:572) - Now in Sysco order.
2025-11-30 07:58:04,908 - INFO - backend.adapters.downloads.local_download_manager.LocalDownloadManager - (local_download_manager.py:36) - [DownloadManager] Session 8807d770-65be-440f-ad3d-ab75f946b324 -> C:\Users\andrew\Desktop\Andrew\Projects\IthacaBakery\RandomStuff\WorkBot\refactor-experimental\data\downloads\sessions\8807d770-65be-440f-ad3d-ab75f946b324
2025-11-30 07:58:08,731 - INFO - backend.bots.craftable_bot.craftable_bot.CraftableBot - (craftable_bot.py:565) - Found Ithaca Bakery in Collegetown's order list.
2025-11-30 07:58:09,850 - INFO - backend.bots.craftable_bot.craftable_bot.CraftableBot - (craftable_bot.py:572) - Now in Ithaca Bakery order.
2025-11-30 07:58:11,930 - INFO - backend.adapters.downloads.local_download_manager.LocalDownloadManager - (local_download_manager.py:36) - [DownloadManager] Session 30348e12-6f47-455a-a89c-3aa0ec1e9611 -> C:\Users\andrew\Desktop\Andrew\Projects\IthacaBakery\RandomStuff\WorkBot\refactor-experimental\data\downloads\sessions\30348e12-6f47-455a-a89c-3aa0ec1e9611
2025-11-30 07:58:15,379 - INFO - backend.bots.craftable_bot.craftable_bot.CraftableBot - (craftable_bot.py:565) - Found Hillcrest Dairy in Collegetown's order list.
2025-11-30 07:58:16,555 - INFO - backend.bots.craftable_bot.craftable_bot.CraftableBot - (craftable_bot.py:572) - Now in Hillcrest Dairy order.
2025-11-30 07:58:16,881 - INFO - backend.adapters.downloads.local_download_manager.LocalDownloadManager - (local_download_manager.py:36) - [DownloadManager] Session f6b677bb-d1df-4e9d-8200-55d2ceff7ec4 -> C:\Users\andrew\Desktop\Andrew\Projects\IthacaBakery\RandomStuff\WorkBot\refactor-experimental\data\downloads\sessions\f6b677bb-d1df-4e9d-8200-55d2ceff7ec4
2025-11-30 07:58:20,251 - INFO - backend.bots.craftable_bot.craftable_bot.CraftableBot - (craftable_bot.py:565) - Found Regional Distributors, Inc. in Collegetown's order list.
2025-11-30 07:58:21,373 - INFO - backend.bots.craftable_bot.craftable_bot.CraftableBot - (craftable_bot.py:572) - Now in Regional Distributors, Inc. order.
2025-11-30 07:58:22,086 - INFO - backend.adapters.downloads.local_download_manager.LocalDownloadManager - (local_download_manager.py:36) - [DownloadManager] Session 8d099e5d-2aba-43c6-9d88-828ced2c0961 -> C:\Users\andrew\Desktop\Andrew\Projects\IthacaBakery\RandomStuff\WorkBot\refactor-experimental\data\downloads\sessions\8d099e5d-2aba-43c6-9d88-828ced2c0961
2025-11-30 07:58:25,974 - INFO - backend.bots.craftable_bot.craftable_bot.CraftableBot - (craftable_bot.py:565) - Found Equal Exchange in Collegetown's order list.
2025-11-30 07:58:27,093 - INFO - backend.bots.craftable_bot.craftable_bot.CraftableBot - (craftable_bot.py:572) - Now in Equal Exchange order.
2025-11-30 07:58:27,526 - INFO - backend.adapters.downloads.local_download_manager.LocalDownloadManager - (local_download_manager.py:36) - [DownloadManager] Session 5acbc83d-d91e-4f07-98b4-360518f6bad9 -> C:\Users\andrew\Desktop\Andrew\Projects\IthacaBakery\RandomStuff\WorkBot\refactor-experimental\data\downloads\sessions\5acbc83d-d91e-4f07-98b4-360518f6bad9
2025-11-30 07:58:30,991 - INFO - backend.bots.craftable_bot.craftable_bot.CraftableBot - (craftable_bot.py:565) - Found Hill & Markes in Collegetown's order list.
2025-11-30 07:58:32,104 - INFO - backend.bots.craftable_bot.craftable_bot.CraftableBot - (craftable_bot.py:572) - Now in Hill & Markes order.
2025-11-30 07:58:32,395 - INFO - backend.adapters.downloads.local_download_manager.LocalDownloadManager - (local_download_manager.py:36) - [DownloadManager] Session 79a36fe4-ebb4-414e-8d57-7802db11c14b -> C:\Users\andrew\Desktop\Andrew\Projects\IthacaBakery\RandomStuff\WorkBot\refactor-experimental\data\downloads\sessions\79a36fe4-ebb4-414e-8d57-7802db11c14b
2025-11-30 07:58:36,303 - INFO - backend.bots.craftable_bot.craftable_bot.CraftableBot - (craftable_bot.py:565) - Found Johnston Paper in Collegetown's order list.
2025-11-30 07:58:37,420 - INFO - backend.bots.craftable_bot.craftable_bot.CraftableBot - (craftable_bot.py:572) - Now in Johnston Paper order.
2025-11-30 07:58:37,530 - INFO - backend.adapters.downloads.local_download_manager.LocalDownloadManager - (local_download_manager.py:36) - [DownloadManager] Session ea04a7b9-2708-48ce-ad56-259f8d06f1bc -> C:\Users\andrew\Desktop\Andrew\Projects\IthacaBakery\RandomStuff\WorkBot\refactor-experimental\data\downloads\sessions\ea04a7b9-2708-48ce-ad56-259f8d06f1bc
2025-11-30 07:58:40,976 - INFO - backend.bots.craftable_bot.craftable_bot.CraftableBot - (craftable_bot.py:565) - Found Peters Supply in Collegetown's order list.
2025-11-30 07:58:42,134 - INFO - backend.bots.craftable_bot.craftable_bot.CraftableBot - (craftable_bot.py:572) - Now in Peters Supply order.
2025-11-30 07:58:42,364 - INFO - backend.adapters.downloads.local_download_manager.LocalDownloadManager - (local_download_manager.py:36) - [DownloadManager] Session 481b5b0e-a0d9-439e-a7ca-d15e823a4ac4 -> C:\Users\andrew\Desktop\Andrew\Projects\IthacaBakery\RandomStuff\WorkBot\refactor-experimental\data\downloads\sessions\481b5b0e-a0d9-439e-a7ca-d15e823a4ac4
2025-11-30 07:58:45,794 - INFO - backend.bots.craftable_bot.craftable_bot.CraftableBot - (craftable_bot.py:565) - Found Coca-Cola in Collegetown's order list.
2025-11-30 07:58:46,937 - INFO - backend.bots.craftable_bot.craftable_bot.CraftableBot - (craftable_bot.py:572) - Now in Coca-Cola order.
2025-11-30 07:58:47,422 - INFO - backend.adapters.downloads.local_download_manager.LocalDownloadManager - (local_download_manager.py:36) - [DownloadManager] Session 453e6986-8ed0-4482-a994-304b288c1a07 -> C:\Users\andrew\Desktop\Andrew\Projects\IthacaBakery\RandomStuff\WorkBot\refactor-experimental\data\downloads\sessions\453e6986-8ed0-4482-a994-304b288c1a07
2025-11-30 07:58:50,941 - INFO - backend.bots.craftable_bot.craftable_bot.CraftableBot - (craftable_bot.py:565) - Found Coffee Depot LLC in Collegetown's order list.
2025-11-30 07:58:52,079 - INFO - backend.bots.craftable_bot.craftable_bot.CraftableBot - (craftable_bot.py:572) - Now in Coffee Depot LLC order.
2025-11-30 07:58:52,491 - INFO - backend.adapters.downloads.local_download_manager.LocalDownloadManager - (local_download_manager.py:36) - [DownloadManager] Session 80995aa2-50aa-4146-8d14-f132e67b10b8 -> C:\Users\andrew\Desktop\Andrew\Projects\IthacaBakery\RandomStuff\WorkBot\refactor-experimental\data\downloads\sessions\80995aa2-50aa-4146-8d14-f132e67b10b8
2025-11-30 07:58:56,468 - INFO - backend.bots.craftable_bot.craftable_bot.CraftableBot - (craftable_bot.py:565) - Found Webstaurant in Collegetown's order list.
2025-11-30 07:58:57,588 - INFO - backend.bots.craftable_bot.craftable_bot.CraftableBot - (craftable_bot.py:572) - Now in Webstaurant order.
2025-11-30 07:58:57,699 - INFO - backend.adapters.downloads.local_download_manager.LocalDownloadManager - (local_download_manager.py:36) - [DownloadManager] Session 0ea9828e-af48-4b97-918e-4be76e7767c7 -> C:\Users\andrew\Desktop\Andrew\Projects\IthacaBakery\RandomStuff\WorkBot\refactor-experimental\data\downloads\sessions\0ea9828e-af48-4b97-918e-4be76e7767c7
2025-11-30 07:59:01,193 - INFO - backend.bots.craftable_bot.craftable_bot.CraftableBot - (craftable_bot.py:565) - Found FingerLakes Farms in Collegetown's order list.
2025-11-30 07:59:02,329 - INFO - backend.bots.craftable_bot.craftable_bot.CraftableBot - (craftable_bot.py:572) - Now in FingerLakes Farms order.
2025-11-30 07:59:02,499 - INFO - backend.adapters.downloads.local_download_manager.LocalDownloadManager - (local_download_manager.py:36) - [DownloadManager] Session 9fa3f56b-5273-41ff-afdf-6e8abd941dbe -> C:\Users\andrew\Desktop\Andrew\Projects\IthacaBakery\RandomStuff\WorkBot\refactor-experimental\data\downloads\sessions\9fa3f56b-5273-41ff-afdf-6e8abd941dbe
2025-11-30 07:59:06,072 - INFO - backend.bots.craftable_bot.craftable_bot.CraftableBot - (craftable_bot.py:565) - Found A.L. George in Collegetown's order list.
2025-11-30 07:59:07,191 - INFO - backend.bots.craftable_bot.craftable_bot.CraftableBot - (craftable_bot.py:572) - Now in A.L. George order.
2025-11-30 07:59:07,367 - INFO - backend.adapters.downloads.local_download_manager.LocalDownloadManager - (local_download_manager.py:36) - [DownloadManager] Session efbb6411-24da-4c6d-887c-573b974c2437 -> C:\Users\andrew\Desktop\Andrew\Projects\IthacaBakery\RandomStuff\WorkBot\refactor-experimental\data\downloads\sessions\efbb6411-24da-4c6d-887c-573b974c2437
2025-11-30 07:59:10,890 - INFO - backend.bots.craftable_bot.craftable_bot.CraftableBot - (craftable_bot.py:565) - Found BALKAN BEVERAGE LLC in Collegetown's order list.
2025-11-30 07:59:12,035 - INFO - backend.bots.craftable_bot.craftable_bot.CraftableBot - (craftable_bot.py:572) - Now in BALKAN BEVERAGE LLC order.
2025-11-30 07:59:12,263 - INFO - backend.adapters.downloads.local_download_manager.LocalDownloadManager - (local_download_manager.py:36) - [DownloadManager] Session 77e0f15c-c150-4688-a839-ea8f6863d911 -> C:\Users\andrew\Desktop\Andrew\Projects\IthacaBakery\RandomStuff\WorkBot\refactor-experimental\data\downloads\sessions\77e0f15c-c150-4688-a839-ea8f6863d911
2025-11-30 07:59:17,228 - INFO - backend.bots.craftable_bot.craftable_bot.CraftableBot - (craftable_bot.py:565) - Found US Foods in Downtown's order list.
2025-11-30 07:59:18,359 - INFO - backend.bots.craftable_bot.craftable_bot.CraftableBot - (craftable_bot.py:572) - Now in US Foods order.
2025-11-30 07:59:18,979 - INFO - backend.adapters.downloads.local_download_manager.LocalDownloadManager - (local_download_manager.py:36) - [DownloadManager] Session a5596a09-7690-4f90-804e-ba0cd7e266f6 -> C:\Users\andrew\Desktop\Andrew\Projects\IthacaBakery\RandomStuff\WorkBot\refactor-experimental\data\downloads\sessions\a5596a09-7690-4f90-804e-ba0cd7e266f6
2025-11-30 07:59:22,824 - INFO - backend.bots.craftable_bot.craftable_bot.CraftableBot - (craftable_bot.py:565) - Found Regional Distributors, Inc. in Downtown's order list.
2025-11-30 07:59:23,944 - INFO - backend.bots.craftable_bot.craftable_bot.CraftableBot - (craftable_bot.py:572) - Now in Regional Distributors, Inc. order.
2025-11-30 07:59:24,362 - INFO - backend.adapters.downloads.local_download_manager.LocalDownloadManager - (local_download_manager.py:36) - [DownloadManager] Session f0e7b242-9b11-4367-8a90-c2a2006adae3 -> C:\Users\andrew\Desktop\Andrew\Projects\IthacaBakery\RandomStuff\WorkBot\refactor-experimental\data\downloads\sessions\f0e7b242-9b11-4367-8a90-c2a2006adae3
2025-11-30 07:59:27,678 - INFO - backend.bots.craftable_bot.craftable_bot.CraftableBot - (craftable_bot.py:565) - Found Hill & Markes in Downtown's order list.
2025-11-30 07:59:28,823 - INFO - backend.bots.craftable_bot.craftable_bot.CraftableBot - (craftable_bot.py:572) - Now in Hill & Markes order.
2025-11-30 07:59:28,995 - INFO - backend.adapters.downloads.local_download_manager.LocalDownloadManager - (local_download_manager.py:36) - [DownloadManager] Session 8b6b6257-bac1-4fe6-bb40-d2e8748f5dab -> C:\Users\andrew\Desktop\Andrew\Projects\IthacaBakery\RandomStuff\WorkBot\refactor-experimental\data\downloads\sessions\8b6b6257-bac1-4fe6-bb40-d2e8748f5dab
2025-11-30 07:59:32,797 - INFO - backend.bots.craftable_bot.craftable_bot.CraftableBot - (craftable_bot.py:565) - Found Ithaca Bakery in Downtown's order list.
2025-11-30 07:59:33,917 - INFO - backend.bots.craftable_bot.craftable_bot.CraftableBot - (craftable_bot.py:572) - Now in Ithaca Bakery order.
2025-11-30 07:59:35,902 - INFO - backend.adapters.downloads.local_download_manager.LocalDownloadManager - (local_download_manager.py:36) - [DownloadManager] Session 917744ca-b84d-4de5-a0be-2b422fd42f3a -> C:\Users\andrew\Desktop\Andrew\Projects\IthacaBakery\RandomStuff\WorkBot\refactor-experimental\data\downloads\sessions\917744ca-b84d-4de5-a0be-2b422fd42f3a
2025-11-30 07:59:39,774 - INFO - backend.bots.craftable_bot.craftable_bot.CraftableBot - (craftable_bot.py:565) - Found Equal Exchange in Downtown's order list.
2025-11-30 07:59:40,889 - INFO - backend.bots.craftable_bot.craftable_bot.CraftableBot - (craftable_bot.py:572) - Now in Equal Exchange order.
2025-11-30 07:59:41,121 - INFO - backend.adapters.downloads.local_download_manager.LocalDownloadManager - (local_download_manager.py:36) - [DownloadManager] Session e6e1093c-fb9b-414c-9109-0dfc4a20c354 -> C:\Users\andrew\Desktop\Andrew\Projects\IthacaBakery\RandomStuff\WorkBot\refactor-experimental\data\downloads\sessions\e6e1093c-fb9b-414c-9109-0dfc4a20c354
2025-11-30 07:59:44,501 - INFO - backend.bots.craftable_bot.craftable_bot.CraftableBot - (craftable_bot.py:565) - Found SANICO in Downtown's order list.
2025-11-30 07:59:45,622 - INFO - backend.bots.craftable_bot.craftable_bot.CraftableBot - (craftable_bot.py:572) - Now in SANICO order.
2025-11-30 07:59:45,790 - INFO - backend.adapters.downloads.local_download_manager.LocalDownloadManager - (local_download_manager.py:36) - [DownloadManager] Session 313c1af8-4a77-4a63-81f3-95e95c301e3b -> C:\Users\andrew\Desktop\Andrew\Projects\IthacaBakery\RandomStuff\WorkBot\refactor-experimental\data\downloads\sessions\313c1af8-4a77-4a63-81f3-95e95c301e3b
2025-11-30 07:59:49,661 - INFO - backend.bots.craftable_bot.craftable_bot.CraftableBot - (craftable_bot.py:565) - Found FingerLakes Farms in Downtown's order list.
2025-11-30 07:59:50,774 - INFO - backend.bots.craftable_bot.craftable_bot.CraftableBot - (craftable_bot.py:572) - Now in FingerLakes Farms order.
2025-11-30 07:59:51,491 - INFO - backend.adapters.downloads.local_download_manager.LocalDownloadManager - (local_download_manager.py:36) - [DownloadManager] Session 5d6cbf4d-1059-4c8b-8964-1c9009f617da -> C:\Users\andrew\Desktop\Andrew\Projects\IthacaBakery\RandomStuff\WorkBot\refactor-experimental\data\downloads\sessions\5d6cbf4d-1059-4c8b-8964-1c9009f617da
2025-11-30 07:59:54,887 - INFO - backend.bots.craftable_bot.craftable_bot.CraftableBot - (craftable_bot.py:565) - Found Sysco in Downtown's order list.
2025-11-30 07:59:56,075 - INFO - backend.bots.craftable_bot.craftable_bot.CraftableBot - (craftable_bot.py:572) - Now in Sysco order.
2025-11-30 07:59:56,618 - INFO - backend.adapters.downloads.local_download_manager.LocalDownloadManager - (local_download_manager.py:36) - [DownloadManager] Session e323eca8-20f2-4482-9703-a0ea8d28ec5a -> C:\Users\andrew\Desktop\Andrew\Projects\IthacaBakery\RandomStuff\WorkBot\refactor-experimental\data\downloads\sessions\e323eca8-20f2-4482-9703-a0ea8d28ec5a
2025-11-30 08:00:00,067 - INFO - backend.bots.craftable_bot.craftable_bot.CraftableBot - (craftable_bot.py:565) - Found Coca-Cola in Downtown's order list.
2025-11-30 08:00:01,230 - INFO - backend.bots.craftable_bot.craftable_bot.CraftableBot - (craftable_bot.py:572) - Now in Coca-Cola order.
2025-11-30 08:00:02,008 - INFO - backend.adapters.downloads.local_download_manager.LocalDownloadManager - (local_download_manager.py:36) - [DownloadManager] Session c8399a00-9f7a-4308-8772-677a4a018cb4 -> C:\Users\andrew\Desktop\Andrew\Projects\IthacaBakery\RandomStuff\WorkBot\refactor-experimental\data\downloads\sessions\c8399a00-9f7a-4308-8772-677a4a018cb4
2025-11-30 08:00:05,508 - INFO - backend.bots.craftable_bot.craftable_bot.CraftableBot - (craftable_bot.py:565) - Found Performance Food in Downtown's order list.
2025-11-30 08:00:06,638 - INFO - backend.bots.craftable_bot.craftable_bot.CraftableBot - (craftable_bot.py:572) - Now in Performance Food order.
2025-11-30 08:00:07,308 - INFO - backend.adapters.downloads.local_download_manager.LocalDownloadManager - (local_download_manager.py:36) - [DownloadManager] Session 056309c0-5f6a-4a7f-a740-66bf69bf62d5 -> C:\Users\andrew\Desktop\Andrew\Projects\IthacaBakery\RandomStuff\WorkBot\refactor-experimental\data\downloads\sessions\056309c0-5f6a-4a7f-a740-66bf69bf62d5
2025-11-30 08:00:10,837 - INFO - backend.bots.craftable_bot.craftable_bot.CraftableBot - (craftable_bot.py:565) - Found UNFI in Downtown's order list.
2025-11-30 08:00:11,981 - INFO - backend.bots.craftable_bot.craftable_bot.CraftableBot - (craftable_bot.py:572) - Now in UNFI order.
2025-11-30 08:00:12,923 - INFO - backend.adapters.downloads.local_download_manager.LocalDownloadManager - (local_download_manager.py:36) - [DownloadManager] Session fd0a1b2f-27fd-41c0-a3d2-1a41d2e6c45f -> C:\Users\andrew\Desktop\Andrew\Projects\IthacaBakery\RandomStuff\WorkBot\refactor-experimental\data\downloads\sessions\fd0a1b2f-27fd-41c0-a3d2-1a41d2e6c45f
2025-11-30 08:00:16,913 - INFO - backend.bots.craftable_bot.craftable_bot.CraftableBot - (craftable_bot.py:565) - Found Hillcrest Dairy in Downtown's order list.
2025-11-30 08:00:18,026 - INFO - backend.bots.craftable_bot.craftable_bot.CraftableBot - (craftable_bot.py:572) - Now in Hillcrest Dairy order.
2025-11-30 08:00:18,322 - INFO - backend.adapters.downloads.local_download_manager.LocalDownloadManager - (local_download_manager.py:36) - [DownloadManager] Session efde858b-5f18-43e6-bbfc-d1a9a4c7e9fb -> C:\Users\andrew\Desktop\Andrew\Projects\IthacaBakery\RandomStuff\WorkBot\refactor-experimental\data\downloads\sessions\efde858b-5f18-43e6-bbfc-d1a9a4c7e9fb
2025-11-30 08:00:21,918 - INFO - backend.bots.craftable_bot.craftable_bot.CraftableBot - (craftable_bot.py:565) - Found Peters Supply in Downtown's order list.
2025-11-30 08:00:23,035 - INFO - backend.bots.craftable_bot.craftable_bot.CraftableBot - (craftable_bot.py:572) - Now in Peters Supply order.
2025-11-30 08:00:23,384 - INFO - backend.adapters.downloads.local_download_manager.LocalDownloadManager - (local_download_manager.py:36) - [DownloadManager] Session 8c5c40e2-89ed-42b4-a234-018dd9dc4b8a -> C:\Users\andrew\Desktop\Andrew\Projects\IthacaBakery\RandomStuff\WorkBot\refactor-experimental\data\downloads\sessions\8c5c40e2-89ed-42b4-a234-018dd9dc4b8a
2025-11-30 08:00:26,890 - INFO - backend.bots.craftable_bot.craftable_bot.CraftableBot - (craftable_bot.py:565) - Found Coffee Depot LLC in Downtown's order list.
2025-11-30 08:00:28,032 - INFO - backend.bots.craftable_bot.craftable_bot.CraftableBot - (craftable_bot.py:572) - Now in Coffee Depot LLC order.
2025-11-30 08:00:28,322 - INFO - backend.adapters.downloads.local_download_manager.LocalDownloadManager - (local_download_manager.py:36) - [DownloadManager] Session 7bf8a5e4-a87f-4e90-90e7-b69dd80311a3 -> C:\Users\andrew\Desktop\Andrew\Projects\IthacaBakery\RandomStuff\WorkBot\refactor-experimental\data\downloads\sessions\7bf8a5e4-a87f-4e90-90e7-b69dd80311a3
2025-11-30 08:00:31,810 - INFO - backend.bots.craftable_bot.craftable_bot.CraftableBot - (craftable_bot.py:565) - Found Johnston Paper in Downtown's order list.
2025-11-30 08:00:32,952 - INFO - backend.bots.craftable_bot.craftable_bot.CraftableBot - (craftable_bot.py:572) - Now in Johnston Paper order.
2025-11-30 08:00:33,061 - INFO - backend.adapters.downloads.local_download_manager.LocalDownloadManager - (local_download_manager.py:36) - [DownloadManager] Session 36905f3a-835a-4ad3-af0e-dbb87cd1d82d -> C:\Users\andrew\Desktop\Andrew\Projects\IthacaBakery\RandomStuff\WorkBot\refactor-experimental\data\downloads\sessions\36905f3a-835a-4ad3-af0e-dbb87cd1d82d
2025-11-30 08:00:36,569 - INFO - backend.bots.craftable_bot.craftable_bot.CraftableBot - (craftable_bot.py:565) - Found Bo's Bones in Downtown's order list.
2025-11-30 08:00:37,715 - INFO - backend.bots.craftable_bot.craftable_bot.CraftableBot - (craftable_bot.py:572) - Now in Bo's Bones order.
2025-11-30 08:00:37,825 - INFO - backend.adapters.downloads.local_download_manager.LocalDownloadManager - (local_download_manager.py:36) - [DownloadManager] Session 56bb55ee-8de5-4270-8eaa-bc4af2392c23 -> C:\Users\andrew\Desktop\Andrew\Projects\IthacaBakery\RandomStuff\WorkBot\refactor-experimental\data\downloads\sessions\56bb55ee-8de5-4270-8eaa-bc4af2392c23
2025-11-30 08:00:41,343 - INFO - backend.bots.craftable_bot.craftable_bot.CraftableBot - (craftable_bot.py:565) - Found Copper Horse Coffee in Downtown's order list.
2025-11-30 08:00:42,479 - INFO - backend.bots.craftable_bot.craftable_bot.CraftableBot - (craftable_bot.py:572) - Now in Copper Horse Coffee order.
2025-11-30 08:00:42,831 - INFO - backend.adapters.downloads.local_download_manager.LocalDownloadManager - (local_download_manager.py:36) - [DownloadManager] Session 6e1b5cb9-041c-48bf-9b4a-f03c7f4c5e95 -> C:\Users\andrew\Desktop\Andrew\Projects\IthacaBakery\RandomStuff\WorkBot\refactor-experimental\data\downloads\sessions\6e1b5cb9-041c-48bf-9b4a-f03c7f4c5e95
2025-11-30 08:00:47,889 - INFO - backend.bots.craftable_bot.craftable_bot.CraftableBot - (craftable_bot.py:565) - Found US Foods in Easthill's order list.
2025-11-30 08:00:49,040 - INFO - backend.bots.craftable_bot.craftable_bot.CraftableBot - (craftable_bot.py:572) - Now in US Foods order.
2025-11-30 08:00:49,848 - INFO - backend.adapters.downloads.local_download_manager.LocalDownloadManager - (local_download_manager.py:36) - [DownloadManager] Session 9336f1f9-a658-48dd-ac0b-9d37fcaf7853 -> C:\Users\andrew\Desktop\Andrew\Projects\IthacaBakery\RandomStuff\WorkBot\refactor-experimental\data\downloads\sessions\9336f1f9-a658-48dd-ac0b-9d37fcaf7853
2025-11-30 08:00:53,146 - INFO - backend.bots.craftable_bot.craftable_bot.CraftableBot - (craftable_bot.py:565) - Found Ithaca Bakery in Easthill's order list.
2025-11-30 08:00:54,290 - INFO - backend.bots.craftable_bot.craftable_bot.CraftableBot - (craftable_bot.py:572) - Now in Ithaca Bakery order.
2025-11-30 08:00:55,883 - INFO - backend.adapters.downloads.local_download_manager.LocalDownloadManager - (local_download_manager.py:36) - [DownloadManager] Session 27fa160b-83de-4979-bc6a-3628bf487827 -> C:\Users\andrew\Desktop\Andrew\Projects\IthacaBakery\RandomStuff\WorkBot\refactor-experimental\data\downloads\sessions\27fa160b-83de-4979-bc6a-3628bf487827
2025-11-30 08:00:59,705 - INFO - backend.bots.craftable_bot.craftable_bot.CraftableBot - (craftable_bot.py:565) - Found Sysco in Easthill's order list.
2025-11-30 08:01:00,817 - INFO - backend.bots.craftable_bot.craftable_bot.CraftableBot - (craftable_bot.py:572) - Now in Sysco order.
2025-11-30 08:01:01,350 - INFO - backend.adapters.downloads.local_download_manager.LocalDownloadManager - (local_download_manager.py:36) - [DownloadManager] Session f63d7205-a36d-49c2-9e5c-1ea8c18d4fb5 -> C:\Users\andrew\Desktop\Andrew\Projects\IthacaBakery\RandomStuff\WorkBot\refactor-experimental\data\downloads\sessions\f63d7205-a36d-49c2-9e5c-1ea8c18d4fb5
2025-11-30 08:01:04,707 - INFO - backend.bots.craftable_bot.craftable_bot.CraftableBot - (craftable_bot.py:565) - Found Performance Food in Easthill's order list.
2025-11-30 08:01:05,837 - INFO - backend.bots.craftable_bot.craftable_bot.CraftableBot - (craftable_bot.py:572) - Now in Performance Food order.
2025-11-30 08:01:06,544 - INFO - backend.adapters.downloads.local_download_manager.LocalDownloadManager - (local_download_manager.py:36) - [DownloadManager] Session e2e2ba07-a3c9-442c-9234-713ed9d179fe -> C:\Users\andrew\Desktop\Andrew\Projects\IthacaBakery\RandomStuff\WorkBot\refactor-experimental\data\downloads\sessions\e2e2ba07-a3c9-442c-9234-713ed9d179fe
2025-11-30 08:01:09,914 - INFO - backend.bots.craftable_bot.craftable_bot.CraftableBot - (craftable_bot.py:565) - Found FingerLakes Farms in Easthill's order list.
2025-11-30 08:01:11,038 - INFO - backend.bots.craftable_bot.craftable_bot.CraftableBot - (craftable_bot.py:572) - Now in FingerLakes Farms order.
2025-11-30 08:01:11,633 - INFO - backend.adapters.downloads.local_download_manager.LocalDownloadManager - (local_download_manager.py:36) - [DownloadManager] Session 3267c344-bfc2-44a6-8763-7d8929b7b52a -> C:\Users\andrew\Desktop\Andrew\Projects\IthacaBakery\RandomStuff\WorkBot\refactor-experimental\data\downloads\sessions\3267c344-bfc2-44a6-8763-7d8929b7b52a
2025-11-30 08:01:15,068 - INFO - backend.bots.craftable_bot.craftable_bot.CraftableBot - (craftable_bot.py:565) - Found Peters Supply in Easthill's order list.
2025-11-30 08:01:16,186 - INFO - backend.bots.craftable_bot.craftable_bot.CraftableBot - (craftable_bot.py:572) - Now in Peters Supply order.
2025-11-30 08:01:16,420 - INFO - backend.adapters.downloads.local_download_manager.LocalDownloadManager - (local_download_manager.py:36) - [DownloadManager] Session fcc65172-28b2-419e-b8f0-69f819ee46b5 -> C:\Users\andrew\Desktop\Andrew\Projects\IthacaBakery\RandomStuff\WorkBot\refactor-experimental\data\downloads\sessions\fcc65172-28b2-419e-b8f0-69f819ee46b5
2025-11-30 08:01:19,854 - INFO - backend.bots.craftable_bot.craftable_bot.CraftableBot - (craftable_bot.py:565) - Found Regional Distributors, Inc. in Easthill's order list.
2025-11-30 08:01:20,969 - INFO - backend.bots.craftable_bot.craftable_bot.CraftableBot - (craftable_bot.py:572) - Now in Regional Distributors, Inc. order.
2025-11-30 08:01:21,628 - INFO - backend.adapters.downloads.local_download_manager.LocalDownloadManager - (local_download_manager.py:36) - [DownloadManager] Session a080e4cf-0db5-4338-a506-7f0aa918a123 -> C:\Users\andrew\Desktop\Andrew\Projects\IthacaBakery\RandomStuff\WorkBot\refactor-experimental\data\downloads\sessions\a080e4cf-0db5-4338-a506-7f0aa918a123
2025-11-30 08:01:25,054 - INFO - backend.bots.craftable_bot.craftable_bot.CraftableBot - (craftable_bot.py:565) - Found Coca-Cola in Easthill's order list.
2025-11-30 08:01:26,174 - INFO - backend.bots.craftable_bot.craftable_bot.CraftableBot - (craftable_bot.py:572) - Now in Coca-Cola order.
2025-11-30 08:01:26,829 - INFO - backend.adapters.downloads.local_download_manager.LocalDownloadManager - (local_download_manager.py:36) - [DownloadManager] Session 39de15d0-c3c0-4de8-bd72-153864e55c7a -> C:\Users\andrew\Desktop\Andrew\Projects\IthacaBakery\RandomStuff\WorkBot\refactor-experimental\data\downloads\sessions\39de15d0-c3c0-4de8-bd72-153864e55c7a
2025-11-30 08:01:30,311 - INFO - backend.bots.craftable_bot.craftable_bot.CraftableBot - (craftable_bot.py:565) - Found Hillcrest Foods in Easthill's order list.
2025-11-30 08:01:31,454 - INFO - backend.bots.craftable_bot.craftable_bot.CraftableBot - (craftable_bot.py:572) - Now in Hillcrest Foods order.
2025-11-30 08:01:31,565 - INFO - backend.adapters.downloads.local_download_manager.LocalDownloadManager - (local_download_manager.py:36) - [DownloadManager] Session 5750fefd-f043-4e72-afa7-f158c79193e8 -> C:\Users\andrew\Desktop\Andrew\Projects\IthacaBakery\RandomStuff\WorkBot\refactor-experimental\data\downloads\sessions\5750fefd-f043-4e72-afa7-f158c79193e8
2025-11-30 08:01:34,981 - INFO - backend.bots.craftable_bot.craftable_bot.CraftableBot - (craftable_bot.py:565) - Found Copper Horse Coffee in Easthill's order list.
2025-11-30 08:01:36,103 - INFO - backend.bots.craftable_bot.craftable_bot.CraftableBot - (craftable_bot.py:572) - Now in Copper Horse Coffee order.
2025-11-30 08:01:36,227 - INFO - backend.adapters.downloads.local_download_manager.LocalDownloadManager - (local_download_manager.py:36) - [DownloadManager] Session 390b84dd-e6ea-4aa3-bb10-985e3e75e4b2 -> C:\Users\andrew\Desktop\Andrew\Projects\IthacaBakery\RandomStuff\WorkBot\refactor-experimental\data\downloads\sessions\390b84dd-e6ea-4aa3-bb10-985e3e75e4b2
2025-11-30 08:01:39,699 - INFO - backend.bots.craftable_bot.craftable_bot.CraftableBot - (craftable_bot.py:565) - Found Hill & Markes in Easthill's order list.
2025-11-30 08:01:40,839 - INFO - backend.bots.craftable_bot.craftable_bot.CraftableBot - (craftable_bot.py:572) - Now in Hill & Markes order.
2025-11-30 08:01:41,246 - INFO - backend.adapters.downloads.local_download_manager.LocalDownloadManager - (local_download_manager.py:36) - [DownloadManager] Session dbaadd3d-4167-4ef6-bdc4-026bbb68a455 -> C:\Users\andrew\Desktop\Andrew\Projects\IthacaBakery\RandomStuff\WorkBot\refactor-experimental\data\downloads\sessions\dbaadd3d-4167-4ef6-bdc4-026bbb68a455
2025-11-30 08:01:44,698 - INFO - backend.bots.craftable_bot.craftable_bot.CraftableBot - (craftable_bot.py:565) - Found Equal Exchange in Easthill's order list.
2025-11-30 08:01:45,841 - INFO - backend.bots.craftable_bot.craftable_bot.CraftableBot - (craftable_bot.py:572) - Now in Equal Exchange order.
2025-11-30 08:01:46,128 - INFO - backend.adapters.downloads.local_download_manager.LocalDownloadManager - (local_download_manager.py:36) - [DownloadManager] Session cce0d91a-9e48-4a3f-b108-e0fcb7c0ba41 -> C:\Users\andrew\Desktop\Andrew\Projects\IthacaBakery\RandomStuff\WorkBot\refactor-experimental\data\downloads\sessions\cce0d91a-9e48-4a3f-b108-e0fcb7c0ba41
2025-11-30 08:01:49,770 - INFO - backend.bots.craftable_bot.craftable_bot.CraftableBot - (craftable_bot.py:565) - Found UNFI in Easthill's order list.
2025-11-30 08:01:50,929 - INFO - backend.bots.craftable_bot.craftable_bot.CraftableBot - (craftable_bot.py:572) - Now in UNFI order.
2025-11-30 08:01:51,338 - INFO - backend.adapters.downloads.local_download_manager.LocalDownloadManager - (local_download_manager.py:36) - [DownloadManager] Session 95ce124b-c387-4e86-9f7a-8fa4e7a18e35 -> C:\Users\andrew\Desktop\Andrew\Projects\IthacaBakery\RandomStuff\WorkBot\refactor-experimental\data\downloads\sessions\95ce124b-c387-4e86-9f7a-8fa4e7a18e35
2025-11-30 08:01:54,874 - INFO - backend.bots.craftable_bot.craftable_bot.CraftableBot - (craftable_bot.py:565) - Found Hillcrest Dairy in Easthill's order list.
2025-11-30 08:01:55,984 - INFO - backend.bots.craftable_bot.craftable_bot.CraftableBot - (craftable_bot.py:572) - Now in Hillcrest Dairy order.
2025-11-30 08:01:56,329 - INFO - backend.adapters.downloads.local_download_manager.LocalDownloadManager - (local_download_manager.py:36) - [DownloadManager] Session 3c8df1f4-b3af-4055-bc87-2a613b5f81b7 -> C:\Users\andrew\Desktop\Andrew\Projects\IthacaBakery\RandomStuff\WorkBot\refactor-experimental\data\downloads\sessions\3c8df1f4-b3af-4055-bc87-2a613b5f81b7
2025-11-30 08:01:59,846 - INFO - backend.bots.craftable_bot.craftable_bot.CraftableBot - (craftable_bot.py:565) - Found Coffee Depot LLC in Easthill's order list.
2025-11-30 08:02:00,985 - INFO - backend.bots.craftable_bot.craftable_bot.CraftableBot - (craftable_bot.py:572) - Now in Coffee Depot LLC order.
2025-11-30 08:02:01,393 - INFO - backend.adapters.downloads.local_download_manager.LocalDownloadManager - (local_download_manager.py:36) - [DownloadManager] Session 82b3ad02-c626-46d2-85f5-60c386e82996 -> C:\Users\andrew\Desktop\Andrew\Projects\IthacaBakery\RandomStuff\WorkBot\refactor-experimental\data\downloads\sessions\82b3ad02-c626-46d2-85f5-60c386e82996
2025-11-30 08:02:04,997 - INFO - backend.bots.craftable_bot.craftable_bot.CraftableBot - (craftable_bot.py:565) - Found DUTCH VALLEY FOOD DIST in Easthill's order list.
2025-11-30 08:02:06,125 - INFO - backend.bots.craftable_bot.craftable_bot.CraftableBot - (craftable_bot.py:572) - Now in DUTCH VALLEY FOOD DIST order.
2025-11-30 08:02:06,354 - INFO - backend.adapters.downloads.local_download_manager.LocalDownloadManager - (local_download_manager.py:36) - [DownloadManager] Session ccf4a8f7-1b81-47ba-953a-8d7be618615a -> C:\Users\andrew\Desktop\Andrew\Projects\IthacaBakery\RandomStuff\WorkBot\refactor-experimental\data\downloads\sessions\ccf4a8f7-1b81-47ba-953a-8d7be618615a
2025-11-30 08:02:11,315 - INFO - backend.bots.craftable_bot.craftable_bot.CraftableBot - (craftable_bot.py:565) - Found Regional Distributors, Inc. in Syracuse's order list.
2025-11-30 08:02:12,439 - INFO - backend.bots.craftable_bot.craftable_bot.CraftableBot - (craftable_bot.py:572) - Now in Regional Distributors, Inc. order.
2025-11-30 08:02:12,831 - INFO - backend.adapters.downloads.local_download_manager.LocalDownloadManager - (local_download_manager.py:36) - [DownloadManager] Session 0378e33a-6a5b-43b0-bc5e-b5c828c0603e -> C:\Users\andrew\Desktop\Andrew\Projects\IthacaBakery\RandomStuff\WorkBot\refactor-experimental\data\downloads\sessions\0378e33a-6a5b-43b0-bc5e-b5c828c0603e
2025-11-30 08:02:16,292 - INFO - backend.bots.craftable_bot.craftable_bot.CraftableBot - (craftable_bot.py:565) - Found Ithaca Bakery in Syracuse's order list.
2025-11-30 08:02:17,411 - INFO - backend.bots.craftable_bot.craftable_bot.CraftableBot - (craftable_bot.py:572) - Now in Ithaca Bakery order.
2025-11-30 08:02:18,936 - INFO - backend.adapters.downloads.local_download_manager.LocalDownloadManager - (local_download_manager.py:36) - [DownloadManager] Session 26527e4c-612f-4c29-90cd-59c7a192e456 -> C:\Users\andrew\Desktop\Andrew\Projects\IthacaBakery\RandomStuff\WorkBot\refactor-experimental\data\downloads\sessions\26527e4c-612f-4c29-90cd-59c7a192e456
2025-11-30 08:02:22,702 - INFO - backend.bots.craftable_bot.craftable_bot.CraftableBot - (craftable_bot.py:565) - Found Hill & Markes in Syracuse's order list.
2025-11-30 08:02:23,811 - INFO - backend.bots.craftable_bot.craftable_bot.CraftableBot - (craftable_bot.py:572) - Now in Hill & Markes order.
2025-11-30 08:02:24,342 - INFO - backend.adapters.downloads.local_download_manager.LocalDownloadManager - (local_download_manager.py:36) - [DownloadManager] Session 360c75ec-a852-4ae7-b054-fab6698c6947 -> C:\Users\andrew\Desktop\Andrew\Projects\IthacaBakery\RandomStuff\WorkBot\refactor-experimental\data\downloads\sessions\360c75ec-a852-4ae7-b054-fab6698c6947
2025-11-30 08:02:27,678 - INFO - backend.bots.craftable_bot.craftable_bot.CraftableBot - (craftable_bot.py:565) - Found Performance Food in Syracuse's order list.
2025-11-30 08:02:28,791 - INFO - backend.bots.craftable_bot.craftable_bot.CraftableBot - (craftable_bot.py:572) - Now in Performance Food order.
2025-11-30 08:02:29,687 - INFO - backend.adapters.downloads.local_download_manager.LocalDownloadManager - (local_download_manager.py:36) - [DownloadManager] Session 307dc36c-ac20-41d7-98f9-0e5c5632d6ba -> C:\Users\andrew\Desktop\Andrew\Projects\IthacaBakery\RandomStuff\WorkBot\refactor-experimental\data\downloads\sessions\307dc36c-ac20-41d7-98f9-0e5c5632d6ba
2025-11-30 08:02:33,074 - INFO - backend.bots.craftable_bot.craftable_bot.CraftableBot - (craftable_bot.py:565) - Found Johnston Paper in Syracuse's order list.
2025-11-30 08:02:34,195 - INFO - backend.bots.craftable_bot.craftable_bot.CraftableBot - (craftable_bot.py:572) - Now in Johnston Paper order.
2025-11-30 08:02:34,306 - INFO - backend.adapters.downloads.local_download_manager.LocalDownloadManager - (local_download_manager.py:36) - [DownloadManager] Session 1cbcb57a-c865-4457-b959-79cc1cad0a30 -> C:\Users\andrew\Desktop\Andrew\Projects\IthacaBakery\RandomStuff\WorkBot\refactor-experimental\data\downloads\sessions\1cbcb57a-c865-4457-b959-79cc1cad0a30
2025-11-30 08:02:37,706 - INFO - backend.bots.craftable_bot.craftable_bot.CraftableBot - (craftable_bot.py:565) - Found UNFI in Syracuse's order list.
2025-11-30 08:02:38,819 - INFO - backend.bots.craftable_bot.craftable_bot.CraftableBot - (craftable_bot.py:572) - Now in UNFI order.
2025-11-30 08:02:39,050 - INFO - backend.adapters.downloads.local_download_manager.LocalDownloadManager - (local_download_manager.py:36) - [DownloadManager] Session f50619fa-6f2a-4325-a4fc-e45e977ae0c7 -> C:\Users\andrew\Desktop\Andrew\Projects\IthacaBakery\RandomStuff\WorkBot\refactor-experimental\data\downloads\sessions\f50619fa-6f2a-4325-a4fc-e45e977ae0c7
2025-11-30 08:02:42,444 - INFO - backend.bots.craftable_bot.craftable_bot.CraftableBot - (craftable_bot.py:565) - Found US Foods in Syracuse's order list.
2025-11-30 08:02:43,558 - INFO - backend.bots.craftable_bot.craftable_bot.CraftableBot - (craftable_bot.py:572) - Now in US Foods order.
2025-11-30 08:02:44,162 - INFO - backend.adapters.downloads.local_download_manager.LocalDownloadManager - (local_download_manager.py:36) - [DownloadManager] Session e4d759a5-c56e-4774-a952-28c3b5745957 -> C:\Users\andrew\Desktop\Andrew\Projects\IthacaBakery\RandomStuff\WorkBot\refactor-experimental\data\downloads\sessions\e4d759a5-c56e-4774-a952-28c3b5745957
2025-11-30 08:02:47,545 - INFO - backend.bots.craftable_bot.craftable_bot.CraftableBot - (craftable_bot.py:565) - Found Coca-Cola in Syracuse's order list.
2025-11-30 08:02:48,660 - INFO - backend.bots.craftable_bot.craftable_bot.CraftableBot - (craftable_bot.py:572) - Now in Coca-Cola order.
2025-11-30 08:02:48,769 - INFO - backend.adapters.downloads.local_download_manager.LocalDownloadManager - (local_download_manager.py:36) - [DownloadManager] Session 48275fb5-95c3-4a95-b27a-a28c3cba66bc -> C:\Users\andrew\Desktop\Andrew\Projects\IthacaBakery\RandomStuff\WorkBot\refactor-experimental\data\downloads\sessions\48275fb5-95c3-4a95-b27a-a28c3cba66bc
2025-11-30 08:02:52,429 - INFO - backend.bots.craftable_bot.craftable_bot.CraftableBot - (craftable_bot.py:565) - Found Hillcrest Dairy in Syracuse's order list.
2025-11-30 08:02:53,551 - INFO - backend.bots.craftable_bot.craftable_bot.CraftableBot - (craftable_bot.py:572) - Now in Hillcrest Dairy order.
2025-11-30 08:02:53,843 - INFO - backend.adapters.downloads.local_download_manager.LocalDownloadManager - (local_download_manager.py:36) - [DownloadManager] Session 5c08b36e-f511-448c-840c-8af2b76b1305 -> C:\Users\andrew\Desktop\Andrew\Projects\IthacaBakery\RandomStuff\WorkBot\refactor-experimental\data\downloads\sessions\5c08b36e-f511-448c-840c-8af2b76b1305
2025-11-30 08:02:57,285 - INFO - backend.bots.craftable_bot.craftable_bot.CraftableBot - (craftable_bot.py:565) - Found Sysco in Syracuse's order list.
2025-11-30 08:02:58,403 - INFO - backend.bots.craftable_bot.craftable_bot.CraftableBot - (craftable_bot.py:572) - Now in Sysco order.
2025-11-30 08:02:58,756 - INFO - backend.adapters.downloads.local_download_manager.LocalDownloadManager - (local_download_manager.py:36) - [DownloadManager] Session bcfc461a-6bf6-4769-9c81-61e35280813d -> C:\Users\andrew\Desktop\Andrew\Projects\IthacaBakery\RandomStuff\WorkBot\refactor-experimental\data\downloads\sessions\bcfc461a-6bf6-4769-9c81-61e35280813d
2025-11-30 08:03:02,190 - INFO - backend.bots.craftable_bot.craftable_bot.CraftableBot - (craftable_bot.py:565) - Found Equal Exchange in Syracuse's order list.
2025-11-30 08:03:03,306 - INFO - backend.bots.craftable_bot.craftable_bot.CraftableBot - (craftable_bot.py:572) - Now in Equal Exchange order.
2025-11-30 08:03:03,532 - INFO - backend.adapters.downloads.local_download_manager.LocalDownloadManager - (local_download_manager.py:36) - [DownloadManager] Session 35ff3d5c-8e9a-4e96-9f86-5e6e9d78bcdc -> C:\Users\andrew\Desktop\Andrew\Projects\IthacaBakery\RandomStuff\WorkBot\refactor-experimental\data\downloads\sessions\35ff3d5c-8e9a-4e96-9f86-5e6e9d78bcdc
2025-11-30 08:03:06,977 - INFO - backend.bots.craftable_bot.craftable_bot.CraftableBot - (craftable_bot.py:565) - Found Odeko In. in Syracuse's order list.
2025-11-30 08:03:08,095 - INFO - backend.bots.craftable_bot.craftable_bot.CraftableBot - (craftable_bot.py:572) - Now in Odeko In. order.
2025-11-30 08:03:08,204 - INFO - backend.adapters.downloads.local_download_manager.LocalDownloadManager - (local_download_manager.py:36) - [DownloadManager] Session 9d98d3c2-ca41-488f-bfe5-5801edce928f -> C:\Users\andrew\Desktop\Andrew\Projects\IthacaBakery\RandomStuff\WorkBot\refactor-experimental\data\downloads\sessions\9d98d3c2-ca41-488f-bfe5-5801edce928f
2025-11-30 08:03:11,671 - INFO - backend.bots.craftable_bot.craftable_bot.CraftableBot - (craftable_bot.py:565) - Found Coffee Depot LLC in Syracuse's order list.
2025-11-30 08:03:12,811 - INFO - backend.bots.craftable_bot.craftable_bot.CraftableBot - (craftable_bot.py:572) - Now in Coffee Depot LLC order.
2025-11-30 08:03:12,979 - INFO - backend.adapters.downloads.local_download_manager.LocalDownloadManager - (local_download_manager.py:36) - [DownloadManager] Session 67f4ced7-b819-4107-89e1-028c46328440 -> C:\Users\andrew\Desktop\Andrew\Projects\IthacaBakery\RandomStuff\WorkBot\refactor-experimental\data\downloads\sessions\67f4ced7-b819-4107-89e1-028c46328440
2025-11-30 08:03:16,477 - INFO - backend.bots.craftable_bot.craftable_bot.CraftableBot - (craftable_bot.py:565) - Found Pepsi in Syracuse's order list.
2025-11-30 08:03:17,647 - INFO - backend.bots.craftable_bot.craftable_bot.CraftableBot - (craftable_bot.py:572) - Now in Pepsi order.
2025-11-30 08:03:17,812 - INFO - backend.adapters.downloads.local_download_manager.LocalDownloadManager - (local_download_manager.py:36) - [DownloadManager] Session 7dfb6cdb-a048-4051-9096-2e60b14cc84a -> C:\Users\andrew\Desktop\Andrew\Projects\IthacaBakery\RandomStuff\WorkBot\refactor-experimental\data\downloads\sessions\7dfb6cdb-a048-4051-9096-2e60b14cc84a
2025-11-30 08:03:21,294 - INFO - backend.bots.craftable_bot.craftable_bot.CraftableBot - (craftable_bot.py:565) - Found DUTCH VALLEY FOOD DIST in Syracuse's order list.
2025-11-30 08:03:22,436 - INFO - backend.bots.craftable_bot.craftable_bot.CraftableBot - (craftable_bot.py:572) - Now in DUTCH VALLEY FOOD DIST order.
2025-11-30 08:03:22,544 - INFO - backend.adapters.downloads.local_download_manager.LocalDownloadManager - (local_download_manager.py:36) - [DownloadManager] Session 2d3a7316-b843-45b7-8125-05f3cfa52c08 -> C:\Users\andrew\Desktop\Andrew\Projects\IthacaBakery\RandomStuff\WorkBot\refactor-experimental\data\downloads\sessions\2d3a7316-b843-45b7-8125-05f3cfa52c08
2025-11-30 08:03:27,397 - INFO - backend.bots.craftable_bot.craftable_bot.CraftableBot - (craftable_bot.py:565) - Found Equal Exchange in Triphammer's order list.
2025-11-30 08:03:28,520 - INFO - backend.bots.craftable_bot.craftable_bot.CraftableBot - (craftable_bot.py:572) - Now in Equal Exchange order.
2025-11-30 08:03:28,786 - INFO - backend.adapters.downloads.local_download_manager.LocalDownloadManager - (local_download_manager.py:36) - [DownloadManager] Session d5db41b4-0893-4a4f-8ed5-4feaf3e4e8b0 -> C:\Users\andrew\Desktop\Andrew\Projects\IthacaBakery\RandomStuff\WorkBot\refactor-experimental\data\downloads\sessions\d5db41b4-0893-4a4f-8ed5-4feaf3e4e8b0
2025-11-30 08:03:32,161 - INFO - backend.bots.craftable_bot.craftable_bot.CraftableBot - (craftable_bot.py:565) - Found Performance Food in Triphammer's order list.
2025-11-30 08:03:33,282 - INFO - backend.bots.craftable_bot.craftable_bot.CraftableBot - (craftable_bot.py:572) - Now in Performance Food order.
2025-11-30 08:03:33,760 - INFO - backend.adapters.downloads.local_download_manager.LocalDownloadManager - (local_download_manager.py:36) - [DownloadManager] Session 984d9af1-3a1a-41a3-8006-2c6215cbbdba -> C:\Users\andrew\Desktop\Andrew\Projects\IthacaBakery\RandomStuff\WorkBot\refactor-experimental\data\downloads\sessions\984d9af1-3a1a-41a3-8006-2c6215cbbdba
2025-11-30 08:03:37,075 - INFO - backend.bots.craftable_bot.craftable_bot.CraftableBot - (craftable_bot.py:565) - Found Hill & Markes in Triphammer's order list.
2025-11-30 08:03:38,205 - INFO - backend.bots.craftable_bot.craftable_bot.CraftableBot - (craftable_bot.py:572) - Now in Hill & Markes order.
2025-11-30 08:03:38,546 - INFO - backend.adapters.downloads.local_download_manager.LocalDownloadManager - (local_download_manager.py:36) - [DownloadManager] Session 1352176e-c83a-4960-b55c-f425f5d84bc8 -> C:\Users\andrew\Desktop\Andrew\Projects\IthacaBakery\RandomStuff\WorkBot\refactor-experimental\data\downloads\sessions\1352176e-c83a-4960-b55c-f425f5d84bc8
2025-11-30 08:03:41,929 - INFO - backend.bots.craftable_bot.craftable_bot.CraftableBot - (craftable_bot.py:565) - Found Peters Supply in Triphammer's order list.
2025-11-30 08:03:43,062 - INFO - backend.bots.craftable_bot.craftable_bot.CraftableBot - (craftable_bot.py:572) - Now in Peters Supply order.
2025-11-30 08:03:43,592 - INFO - backend.adapters.downloads.local_download_manager.LocalDownloadManager - (local_download_manager.py:36) - [DownloadManager] Session 5424e811-7cf1-4d2a-a120-7487acab2112 -> C:\Users\andrew\Desktop\Andrew\Projects\IthacaBakery\RandomStuff\WorkBot\refactor-experimental\data\downloads\sessions\5424e811-7cf1-4d2a-a120-7487acab2112
2025-11-30 08:03:47,064 - INFO - backend.bots.craftable_bot.craftable_bot.CraftableBot - (craftable_bot.py:565) - Found Regional Distributors, Inc. in Triphammer's order list.
2025-11-30 08:03:48,207 - INFO - backend.bots.craftable_bot.craftable_bot.CraftableBot - (craftable_bot.py:572) - Now in Regional Distributors, Inc. order.
2025-11-30 08:03:48,858 - INFO - backend.adapters.downloads.local_download_manager.LocalDownloadManager - (local_download_manager.py:36) - [DownloadManager] Session 5a65b1db-359b-4f6e-b641-8f9173dd7135 -> C:\Users\andrew\Desktop\Andrew\Projects\IthacaBakery\RandomStuff\WorkBot\refactor-experimental\data\downloads\sessions\5a65b1db-359b-4f6e-b641-8f9173dd7135
2025-11-30 08:03:52,512 - INFO - backend.bots.craftable_bot.craftable_bot.CraftableBot - (craftable_bot.py:565) - Found Ithaca Bakery in Triphammer's order list.
2025-11-30 08:03:53,623 - INFO - backend.bots.craftable_bot.craftable_bot.CraftableBot - (craftable_bot.py:572) - Now in Ithaca Bakery order.
2025-11-30 08:03:55,358 - INFO - backend.adapters.downloads.local_download_manager.LocalDownloadManager - (local_download_manager.py:36) - [DownloadManager] Session 085f42b5-4f41-41f8-90ed-4b97ec5c32dc -> C:\Users\andrew\Desktop\Andrew\Projects\IthacaBakery\RandomStuff\WorkBot\refactor-experimental\data\downloads\sessions\085f42b5-4f41-41f8-90ed-4b97ec5c32dc
2025-11-30 08:03:58,819 - INFO - backend.bots.craftable_bot.craftable_bot.CraftableBot - (craftable_bot.py:565) - Found Johnston Paper in Triphammer's order list.
2025-11-30 08:03:59,937 - INFO - backend.bots.craftable_bot.craftable_bot.CraftableBot - (craftable_bot.py:572) - Now in Johnston Paper order.
2025-11-30 08:04:00,174 - INFO - backend.adapters.downloads.local_download_manager.LocalDownloadManager - (local_download_manager.py:36) - [DownloadManager] Session ff6fb4fe-da5c-456b-bc73-37a8af55878e -> C:\Users\andrew\Desktop\Andrew\Projects\IthacaBakery\RandomStuff\WorkBot\refactor-experimental\data\downloads\sessions\ff6fb4fe-da5c-456b-bc73-37a8af55878e
2025-11-30 08:04:03,572 - INFO - backend.bots.craftable_bot.craftable_bot.CraftableBot - (craftable_bot.py:565) - Found Copper Horse Coffee in Triphammer's order list.
2025-11-30 08:04:04,687 - INFO - backend.bots.craftable_bot.craftable_bot.CraftableBot - (craftable_bot.py:572) - Now in Copper Horse Coffee order.
2025-11-30 08:04:04,794 - INFO - backend.adapters.downloads.local_download_manager.LocalDownloadManager - (local_download_manager.py:36) - [DownloadManager] Session a8d52e62-c437-4f6d-8d7e-9acf2040e466 -> C:\Users\andrew\Desktop\Andrew\Projects\IthacaBakery\RandomStuff\WorkBot\refactor-experimental\data\downloads\sessions\a8d52e62-c437-4f6d-8d7e-9acf2040e466
2025-11-30 08:04:08,702 - INFO - backend.bots.craftable_bot.craftable_bot.CraftableBot - (craftable_bot.py:565) - Found US Foods in Triphammer's order list.
2025-11-30 08:04:09,816 - INFO - backend.bots.craftable_bot.craftable_bot.CraftableBot - (craftable_bot.py:572) - Now in US Foods order.
2025-11-30 08:04:10,590 - INFO - backend.adapters.downloads.local_download_manager.LocalDownloadManager - (local_download_manager.py:36) - [DownloadManager] Session 36bc8743-8dbd-49b4-a194-34860b901ed5 -> C:\Users\andrew\Desktop\Andrew\Projects\IthacaBakery\RandomStuff\WorkBot\refactor-experimental\data\downloads\sessions\36bc8743-8dbd-49b4-a194-34860b901ed5
2025-11-30 08:04:14,539 - INFO - backend.bots.craftable_bot.craftable_bot.CraftableBot - (craftable_bot.py:565) - Found Coffee Depot LLC in Triphammer's order list.
2025-11-30 08:04:15,652 - INFO - backend.bots.craftable_bot.craftable_bot.CraftableBot - (craftable_bot.py:572) - Now in Coffee Depot LLC order.
2025-11-30 08:04:16,480 - INFO - backend.adapters.downloads.local_download_manager.LocalDownloadManager - (local_download_manager.py:36) - [DownloadManager] Session 6276e554-61b9-460a-8728-a43fd3e646a5 -> C:\Users\andrew\Desktop\Andrew\Projects\IthacaBakery\RandomStuff\WorkBot\refactor-experimental\data\downloads\sessions\6276e554-61b9-460a-8728-a43fd3e646a5
2025-11-30 08:04:19,937 - INFO - backend.bots.craftable_bot.craftable_bot.CraftableBot - (craftable_bot.py:565) - Found Coca-Cola in Triphammer's order list.
2025-11-30 08:04:21,082 - INFO - backend.bots.craftable_bot.craftable_bot.CraftableBot - (craftable_bot.py:572) - Now in Coca-Cola order.
2025-11-30 08:04:21,622 - INFO - backend.adapters.downloads.local_download_manager.LocalDownloadManager - (local_download_manager.py:36) - [DownloadManager] Session 59a399ad-5537-4e1f-ad16-64f2dd5a823d -> C:\Users\andrew\Desktop\Andrew\Projects\IthacaBakery\RandomStuff\WorkBot\refactor-experimental\data\downloads\sessions\59a399ad-5537-4e1f-ad16-64f2dd5a823d
2025-11-30 08:04:25,145 - INFO - backend.bots.craftable_bot.craftable_bot.CraftableBot - (craftable_bot.py:565) - Found A.L. George in Triphammer's order list.
2025-11-30 08:04:26,273 - INFO - backend.bots.craftable_bot.craftable_bot.CraftableBot - (craftable_bot.py:572) - Now in A.L. George order.
2025-11-30 08:04:26,382 - INFO - backend.adapters.downloads.local_download_manager.LocalDownloadManager - (local_download_manager.py:36) - [DownloadManager] Session 13c04b1e-410f-4c76-955e-6cafbe841328 -> C:\Users\andrew\Desktop\Andrew\Projects\IthacaBakery\RandomStuff\WorkBot\refactor-experimental\data\downloads\sessions\13c04b1e-410f-4c76-955e-6cafbe841328
2025-11-30 08:04:29,862 - INFO - backend.bots.craftable_bot.craftable_bot.CraftableBot - (craftable_bot.py:565) - Found Sysco in Triphammer's order list.
2025-11-30 08:04:30,995 - INFO - backend.bots.craftable_bot.craftable_bot.CraftableBot - (craftable_bot.py:572) - Now in Sysco order.
2025-11-30 08:04:31,164 - INFO - backend.adapters.downloads.local_download_manager.LocalDownloadManager - (local_download_manager.py:36) - [DownloadManager] Session 734abb9b-5771-4ae2-b375-13ce5943adf2 -> C:\Users\andrew\Desktop\Andrew\Projects\IthacaBakery\RandomStuff\WorkBot\refactor-experimental\data\downloads\sessions\734abb9b-5771-4ae2-b375-13ce5943adf2
2025-11-30 08:04:34,753 - INFO - backend.bots.craftable_bot.craftable_bot.CraftableBot - (craftable_bot.py:565) - Found UNFI in Triphammer's order list.
2025-11-30 08:04:35,869 - INFO - backend.bots.craftable_bot.craftable_bot.CraftableBot - (craftable_bot.py:572) - Now in UNFI order.
2025-11-30 08:04:36,357 - INFO - backend.adapters.downloads.local_download_manager.LocalDownloadManager - (local_download_manager.py:36) - [DownloadManager] Session 2af9aeae-2b13-4d16-a19e-de6a850f7e1b -> C:\Users\andrew\Desktop\Andrew\Projects\IthacaBakery\RandomStuff\WorkBot\refactor-experimental\data\downloads\sessions\2af9aeae-2b13-4d16-a19e-de6a850f7e1b
2025-11-30 08:04:40,803 - INFO - backend.bots.workbot.work_bot.WorkBot - (work_bot.py:146) - [Order Update] Initiating update protocol for Bakery / Sysco / 20251129.
2025-11-30 08:04:40,860 - INFO - backend.adapters.files.generic_file_adapter.GenericFileAdapter - (generic_file_adapter.py:105) - Skipping unreadable file C:\Users\andrew\Desktop\Andrew\Projects\IthacaBakery\RandomStuff\WorkBot\refactor-experimental\data\orders\Sysco\Sysco_Bakery_20251125.pdf: 'pdf'
2025-11-30 08:04:40,879 - INFO - backend.app.services.order_service.CheckAndUpdateOrder - (order_service.py:230) - [Order Update] Changed - overwrite needed.
2025-11-30 08:04:40,879 - INFO - backend.app.services.order_service.SaveOrder - (order_service.py:100) - Saving order Sysco / Bakery / 20251129
2025-11-30 08:04:40,909 - INFO - backend.bots.workbot.work_bot.WorkBot - (work_bot.py:109) - [PDF] Ingested: Order.pdf for Bakery/Sysco
2025-11-30 08:04:40,910 - INFO - backend.adapters.downloads.local_download_manager.LocalDownloadManager - (local_download_manager.py:73) - [DownloadManager] Cleaned up C:\Users\andrew\Desktop\Andrew\Projects\IthacaBakery\RandomStuff\WorkBot\refactor-experimental\data\downloads\sessions\1beebd7c-8f94-4f03-af4c-f3e26ffb8ba7
2025-11-30 08:04:40,910 - INFO - backend.bots.workbot.work_bot.WorkBot - (work_bot.py:146) - [Order Update] Initiating update protocol for Bakery / Hillcrest Dairy / 20251129.
2025-11-30 08:04:40,927 - INFO - backend.app.services.order_service.CheckAndUpdateOrder - (order_service.py:230) - [Order Update] Changed - overwrite needed.
2025-11-30 08:04:40,927 - INFO - backend.app.services.order_service.SaveOrder - (order_service.py:100) - Saving order Hillcrest Dairy / Bakery / 20251129
2025-11-30 08:04:40,951 - INFO - backend.bots.workbot.work_bot.WorkBot - (work_bot.py:109) - [PDF] Ingested: Order.pdf for Bakery/Hillcrest Dairy
2025-11-30 08:04:40,951 - INFO - backend.adapters.downloads.local_download_manager.LocalDownloadManager - (local_download_manager.py:73) - [DownloadManager] Cleaned up C:\Users\andrew\Desktop\Andrew\Projects\IthacaBakery\RandomStuff\WorkBot\refactor-experimental\data\downloads\sessions\a22b4f14-f271-4aeb-8c10-9f12e2e1be04
2025-11-30 08:04:40,951 - INFO - backend.bots.workbot.work_bot.WorkBot - (work_bot.py:146) - [Order Update] Initiating update protocol for Bakery / FingerLakes Farms / 20251129.
2025-11-30 08:04:40,957 - INFO - backend.adapters.files.generic_file_adapter.GenericFileAdapter - (generic_file_adapter.py:105) - Skipping unreadable file C:\Users\andrew\Desktop\Andrew\Projects\IthacaBakery\RandomStuff\WorkBot\refactor-experimental\data\orders\FingerLakes Farms\FingerLakes Farms_Bakery_20251125.pdf: 'pdf'
2025-11-30 08:04:40,974 - INFO - backend.app.services.order_service.CheckAndUpdateOrder - (order_service.py:230) - [Order Update] Changed - overwrite needed.
2025-11-30 08:04:40,974 - INFO - backend.app.services.order_service.SaveOrder - (order_service.py:100) - Saving order FingerLakes Farms / Bakery / 20251129
2025-11-30 08:04:40,998 - INFO - backend.bots.workbot.work_bot.WorkBot - (work_bot.py:109) - [PDF] Ingested: Order.pdf for Bakery/FingerLakes Farms
2025-11-30 08:04:40,998 - INFO - backend.adapters.downloads.local_download_manager.LocalDownloadManager - (local_download_manager.py:73) - [DownloadManager] Cleaned up C:\Users\andrew\Desktop\Andrew\Projects\IthacaBakery\RandomStuff\WorkBot\refactor-experimental\data\downloads\sessions\31859968-1d30-4f23-a4f1-a36af4bc62a2
2025-11-30 08:04:40,998 - INFO - backend.bots.workbot.work_bot.WorkBot - (work_bot.py:146) - [Order Update] Initiating update protocol for Bakery / Performance Food / 20251129.
2025-11-30 08:04:41,015 - INFO - backend.app.services.order_service.CheckAndUpdateOrder - (order_service.py:230) - [Order Update] Changed - overwrite needed.
2025-11-30 08:04:41,015 - INFO - backend.app.services.order_service.SaveOrder - (order_service.py:100) - Saving order Performance Food / Bakery / 20251129
2025-11-30 08:04:41,040 - INFO - backend.bots.workbot.work_bot.WorkBot - (work_bot.py:109) - [PDF] Ingested: Order.pdf for Bakery/Performance Food
2025-11-30 08:04:41,040 - INFO - backend.adapters.downloads.local_download_manager.LocalDownloadManager - (local_download_manager.py:73) - [DownloadManager] Cleaned up C:\Users\andrew\Desktop\Andrew\Projects\IthacaBakery\RandomStuff\WorkBot\refactor-experimental\data\downloads\sessions\73771fce-ddf4-40f8-b8b2-8286c781f5db
2025-11-30 08:04:41,040 - INFO - backend.bots.workbot.work_bot.WorkBot - (work_bot.py:146) - [Order Update] Initiating update protocol for Bakery / Coca-Cola / 20251130.
2025-11-30 08:04:41,057 - INFO - backend.app.services.order_service.CheckAndUpdateOrder - (order_service.py:230) - [Order Update] Changed - overwrite needed.
2025-11-30 08:04:41,058 - INFO - backend.app.services.order_service.SaveOrder - (order_service.py:100) - Saving order Coca-Cola / Bakery / 20251130
2025-11-30 08:04:41,080 - INFO - backend.bots.workbot.work_bot.WorkBot - (work_bot.py:109) - [PDF] Ingested: Order.pdf for Bakery/Coca-Cola
2025-11-30 08:04:41,080 - INFO - backend.adapters.downloads.local_download_manager.LocalDownloadManager - (local_download_manager.py:73) - [DownloadManager] Cleaned up C:\Users\andrew\Desktop\Andrew\Projects\IthacaBakery\RandomStuff\WorkBot\refactor-experimental\data\downloads\sessions\e0f82605-c3c0-4265-af06-0c869b4ffb7c
2025-11-30 08:04:41,080 - INFO - backend.bots.workbot.work_bot.WorkBot - (work_bot.py:146) - [Order Update] Initiating update protocol for Bakery / US Foods / 20251130.
2025-11-30 08:04:41,098 - INFO - backend.app.services.order_service.CheckAndUpdateOrder - (order_service.py:230) - [Order Update] Changed - overwrite needed.
2025-11-30 08:04:41,098 - INFO - backend.app.services.order_service.SaveOrder - (order_service.py:100) - Saving order US Foods / Bakery / 20251130
2025-11-30 08:04:41,122 - INFO - backend.bots.workbot.work_bot.WorkBot - (work_bot.py:109) - [PDF] Ingested: Order.pdf for Bakery/US Foods
2025-11-30 08:04:41,123 - INFO - backend.adapters.downloads.local_download_manager.LocalDownloadManager - (local_download_manager.py:73) - [DownloadManager] Cleaned up C:\Users\andrew\Desktop\Andrew\Projects\IthacaBakery\RandomStuff\WorkBot\refactor-experimental\data\downloads\sessions\7e500926-2707-46c4-8f7f-0f5a1eed473f
2025-11-30 08:04:41,123 - INFO - backend.bots.workbot.work_bot.WorkBot - (work_bot.py:146) - [Order Update] Initiating update protocol for Bakery / Coffee Depot LLC / 20251130.
2025-11-30 08:04:41,140 - INFO - backend.app.services.order_service.CheckAndUpdateOrder - (order_service.py:230) - [Order Update] Changed - overwrite needed.
2025-11-30 08:04:41,140 - INFO - backend.app.services.order_service.SaveOrder - (order_service.py:100) - Saving order Coffee Depot LLC / Bakery / 20251130
2025-11-30 08:04:41,165 - INFO - backend.bots.workbot.work_bot.WorkBot - (work_bot.py:109) - [PDF] Ingested: Order.pdf for Bakery/Coffee Depot LLC
2025-11-30 08:04:41,166 - INFO - backend.adapters.downloads.local_download_manager.LocalDownloadManager - (local_download_manager.py:73) - [DownloadManager] Cleaned up C:\Users\andrew\Desktop\Andrew\Projects\IthacaBakery\RandomStuff\WorkBot\refactor-experimental\data\downloads\sessions\dc97ddc6-5633-4dc8-b1d5-b4062d87fa17
2025-11-30 08:04:41,166 - INFO - backend.bots.workbot.work_bot.WorkBot - (work_bot.py:146) - [Order Update] Initiating update protocol for Bakery / Finger Lakes Coffee Roasters / 20251130.
2025-11-30 08:04:41,185 - INFO - backend.app.services.order_service.CheckAndUpdateOrder - (order_service.py:230) - [Order Update] Changed - overwrite needed.
2025-11-30 08:04:41,186 - INFO - backend.app.services.order_service.SaveOrder - (order_service.py:100) - Saving order Finger Lakes Coffee Roasters / Bakery / 20251130
2025-11-30 08:04:41,206 - INFO - backend.bots.workbot.work_bot.WorkBot - (work_bot.py:109) - [PDF] Ingested: Order.pdf for Bakery/Finger Lakes Coffee Roasters
2025-11-30 08:04:41,207 - INFO - backend.adapters.downloads.local_download_manager.LocalDownloadManager - (local_download_manager.py:73) - [DownloadManager] Cleaned up C:\Users\andrew\Desktop\Andrew\Projects\IthacaBakery\RandomStuff\WorkBot\refactor-experimental\data\downloads\sessions\2b5e741b-2a9b-437d-b0df-f12a84c5f2e2
2025-11-30 08:04:41,207 - INFO - backend.bots.workbot.work_bot.WorkBot - (work_bot.py:146) - [Order Update] Initiating update protocol for Bakery / Webstaurant / 20251130.
2025-11-30 08:04:41,225 - INFO - backend.app.services.order_service.CheckAndUpdateOrder - (order_service.py:230) - [Order Update] Changed - overwrite needed.
2025-11-30 08:04:41,225 - INFO - backend.app.services.order_service.SaveOrder - (order_service.py:100) - Saving order Webstaurant / Bakery / 20251130
2025-11-30 08:04:41,248 - INFO - backend.bots.workbot.work_bot.WorkBot - (work_bot.py:109) - [PDF] Ingested: Order.pdf for Bakery/Webstaurant
2025-11-30 08:04:41,248 - INFO - backend.adapters.downloads.local_download_manager.LocalDownloadManager - (local_download_manager.py:73) - [DownloadManager] Cleaned up C:\Users\andrew\Desktop\Andrew\Projects\IthacaBakery\RandomStuff\WorkBot\refactor-experimental\data\downloads\sessions\4aa63362-3ab0-4e0a-9376-b47756ff75b4
2025-11-30 08:04:41,248 - INFO - backend.bots.workbot.work_bot.WorkBot - (work_bot.py:146) - [Order Update] Initiating update protocol for Bakery / Equal Exchange / 20251130.
2025-11-30 08:04:41,266 - INFO - backend.app.services.order_service.CheckAndUpdateOrder - (order_service.py:230) - [Order Update] Changed - overwrite needed.
2025-11-30 08:04:41,266 - INFO - backend.app.services.order_service.SaveOrder - (order_service.py:100) - Saving order Equal Exchange / Bakery / 20251130
2025-11-30 08:04:41,289 - INFO - backend.bots.workbot.work_bot.WorkBot - (work_bot.py:109) - [PDF] Ingested: Order.pdf for Bakery/Equal Exchange
2025-11-30 08:04:41,289 - INFO - backend.adapters.downloads.local_download_manager.LocalDownloadManager - (local_download_manager.py:73) - [DownloadManager] Cleaned up C:\Users\andrew\Desktop\Andrew\Projects\IthacaBakery\RandomStuff\WorkBot\refactor-experimental\data\downloads\sessions\567e294f-d090-4f98-b9ed-7afca7c818ce
2025-11-30 08:04:41,289 - INFO - backend.bots.workbot.work_bot.WorkBot - (work_bot.py:146) - [Order Update] Initiating update protocol for Bakery / DUTCH VALLEY FOOD DIST / 20251130.
2025-11-30 08:04:41,307 - INFO - backend.app.services.order_service.CheckAndUpdateOrder - (order_service.py:230) - [Order Update] Changed - overwrite needed.
2025-11-30 08:04:41,307 - INFO - backend.app.services.order_service.SaveOrder - (order_service.py:100) - Saving order DUTCH VALLEY FOOD DIST / Bakery / 20251130
2025-11-30 08:04:41,329 - INFO - backend.bots.workbot.work_bot.WorkBot - (work_bot.py:109) - [PDF] Ingested: Order.pdf for Bakery/DUTCH VALLEY FOOD DIST
2025-11-30 08:04:41,329 - INFO - backend.adapters.downloads.local_download_manager.LocalDownloadManager - (local_download_manager.py:73) - [DownloadManager] Cleaned up C:\Users\andrew\Desktop\Andrew\Projects\IthacaBakery\RandomStuff\WorkBot\refactor-experimental\data\downloads\sessions\e2f664ed-fbb1-491a-8cb0-9f1a8efed07c
2025-11-30 08:04:41,329 - INFO - backend.bots.workbot.work_bot.WorkBot - (work_bot.py:146) - [Order Update] Initiating update protocol for Bakery / Copper Horse Coffee / 20251130.
2025-11-30 08:04:41,347 - INFO - backend.app.services.order_service.CheckAndUpdateOrder - (order_service.py:230) - [Order Update] Changed - overwrite needed.
2025-11-30 08:04:41,348 - INFO - backend.app.services.order_service.SaveOrder - (order_service.py:100) - Saving order Copper Horse Coffee / Bakery / 20251130
2025-11-30 08:04:41,370 - INFO - backend.bots.workbot.work_bot.WorkBot - (work_bot.py:109) - [PDF] Ingested: Order.pdf for Bakery/Copper Horse Coffee
2025-11-30 08:04:41,371 - INFO - backend.adapters.downloads.local_download_manager.LocalDownloadManager - (local_download_manager.py:73) - [DownloadManager] Cleaned up C:\Users\andrew\Desktop\Andrew\Projects\IthacaBakery\RandomStuff\WorkBot\refactor-experimental\data\downloads\sessions\e16f4d49-b742-4b09-8cee-0a9bed180731
2025-11-30 08:04:41,371 - INFO - backend.bots.workbot.work_bot.WorkBot - (work_bot.py:146) - [Order Update] Initiating update protocol for Collegetown / Performance Food / 20251126.
2025-11-30 08:04:41,381 - INFO - backend.adapters.files.generic_file_adapter.GenericFileAdapter - (generic_file_adapter.py:105) - Skipping unreadable file C:\Users\andrew\Desktop\Andrew\Projects\IthacaBakery\RandomStuff\WorkBot\refactor-experimental\data\orders\Performance Food\Performance Food_Collegetown_20251126.pdf: 'pdf'
2025-11-30 08:04:41,395 - INFO - backend.app.services.order_service.CheckAndUpdateOrder - (order_service.py:230) - [Order Update] Unchanged - skip overwrite.
2025-11-30 08:04:41,395 - INFO - backend.bots.workbot.work_bot.WorkBot - (work_bot.py:88) - Collegetown's order for Performance Food is already up-to-date...skipping.
2025-11-30 08:04:41,396 - INFO - backend.adapters.downloads.local_download_manager.LocalDownloadManager - (local_download_manager.py:73) - [DownloadManager] Cleaned up C:\Users\andrew\Desktop\Andrew\Projects\IthacaBakery\RandomStuff\WorkBot\refactor-experimental\data\downloads\sessions\c7ddb87d-045f-4ce1-a088-7210da1ff7f9
2025-11-30 08:04:41,396 - INFO - backend.bots.workbot.work_bot.WorkBot - (work_bot.py:146) - [Order Update] Initiating update protocol for Collegetown / US Foods / 20251126.
2025-11-30 08:04:41,412 - INFO - backend.adapters.files.generic_file_adapter.GenericFileAdapter - (generic_file_adapter.py:105) - Skipping unreadable file C:\Users\andrew\Desktop\Andrew\Projects\IthacaBakery\RandomStuff\WorkBot\refactor-experimental\data\orders\US Foods\US Foods_Collegetown_20251126.pdf: 'pdf'
2025-11-30 08:04:41,422 - INFO - backend.app.services.order_service.CheckAndUpdateOrder - (order_service.py:230) - [Order Update] Unchanged - skip overwrite.
2025-11-30 08:04:41,422 - INFO - backend.bots.workbot.work_bot.WorkBot - (work_bot.py:88) - Collegetown's order for US Foods is already up-to-date...skipping.
2025-11-30 08:04:41,423 - INFO - backend.adapters.downloads.local_download_manager.LocalDownloadManager - (local_download_manager.py:73) - [DownloadManager] Cleaned up C:\Users\andrew\Desktop\Andrew\Projects\IthacaBakery\RandomStuff\WorkBot\refactor-experimental\data\downloads\sessions\afbd7385-db35-4139-bf88-4a33d1b94356
2025-11-30 08:04:41,423 - INFO - backend.bots.workbot.work_bot.WorkBot - (work_bot.py:146) - [Order Update] Initiating update protocol for Collegetown / Sysco / 20251126.
2025-11-30 08:04:41,438 - INFO - backend.adapters.files.generic_file_adapter.GenericFileAdapter - (generic_file_adapter.py:105) - Skipping unreadable file C:\Users\andrew\Desktop\Andrew\Projects\IthacaBakery\RandomStuff\WorkBot\refactor-experimental\data\orders\Sysco\Sysco_Collegetown_20251126.pdf: 'pdf'
2025-11-30 08:04:41,448 - INFO - backend.app.services.order_service.CheckAndUpdateOrder - (order_service.py:230) - [Order Update] Unchanged - skip overwrite.
2025-11-30 08:04:41,448 - INFO - backend.bots.workbot.work_bot.WorkBot - (work_bot.py:88) - Collegetown's order for Sysco is already up-to-date...skipping.
2025-11-30 08:04:41,448 - INFO - backend.adapters.downloads.local_download_manager.LocalDownloadManager - (local_download_manager.py:73) - [DownloadManager] Cleaned up C:\Users\andrew\Desktop\Andrew\Projects\IthacaBakery\RandomStuff\WorkBot\refactor-experimental\data\downloads\sessions\8807d770-65be-440f-ad3d-ab75f946b324
2025-11-30 08:04:41,449 - INFO - backend.bots.workbot.work_bot.WorkBot - (work_bot.py:146) - [Order Update] Initiating update protocol for Collegetown / Ithaca Bakery / 20251126.
2025-11-30 08:04:41,457 - INFO - backend.adapters.files.generic_file_adapter.GenericFileAdapter - (generic_file_adapter.py:105) - Skipping unreadable file C:\Users\andrew\Desktop\Andrew\Projects\IthacaBakery\RandomStuff\WorkBot\refactor-experimental\data\orders\Ithaca Bakery\Ithaca Bakery_Collegetown_20251126.pdf: 'pdf'
2025-11-30 08:04:41,474 - INFO - backend.app.services.order_service.CheckAndUpdateOrder - (order_service.py:230) - [Order Update] Changed - overwrite needed.
2025-11-30 08:04:41,475 - INFO - backend.app.services.order_service.SaveOrder - (order_service.py:100) - Saving order Ithaca Bakery / Collegetown / 20251126
2025-11-30 08:04:41,500 - INFO - backend.bots.workbot.work_bot.WorkBot - (work_bot.py:109) - [PDF] Ingested: Order.pdf for Collegetown/Ithaca Bakery
2025-11-30 08:04:41,500 - INFO - backend.adapters.downloads.local_download_manager.LocalDownloadManager - (local_download_manager.py:73) - [DownloadManager] Cleaned up C:\Users\andrew\Desktop\Andrew\Projects\IthacaBakery\RandomStuff\WorkBot\refactor-experimental\data\downloads\sessions\30348e12-6f47-455a-a89c-3aa0ec1e9611
2025-11-30 08:04:41,501 - INFO - backend.bots.workbot.work_bot.WorkBot - (work_bot.py:146) - [Order Update] Initiating update protocol for Collegetown / Hillcrest Dairy / 20251126.
2025-11-30 08:04:41,508 - INFO - backend.adapters.files.generic_file_adapter.GenericFileAdapter - (generic_file_adapter.py:105) - Skipping unreadable file C:\Users\andrew\Desktop\Andrew\Projects\IthacaBakery\RandomStuff\WorkBot\refactor-experimental\data\orders\Hillcrest Dairy\Hillcrest Dairy_Collegetown_20251126.pdf: 'pdf'
2025-11-30 08:04:41,524 - INFO - backend.app.services.order_service.CheckAndUpdateOrder - (order_service.py:230) - [Order Update] Unchanged - skip overwrite.
2025-11-30 08:04:41,524 - INFO - backend.bots.workbot.work_bot.WorkBot - (work_bot.py:88) - Collegetown's order for Hillcrest Dairy is already up-to-date...skipping.
2025-11-30 08:04:41,525 - INFO - backend.adapters.downloads.local_download_manager.LocalDownloadManager - (local_download_manager.py:73) - [DownloadManager] Cleaned up C:\Users\andrew\Desktop\Andrew\Projects\IthacaBakery\RandomStuff\WorkBot\refactor-experimental\data\downloads\sessions\f6b677bb-d1df-4e9d-8200-55d2ceff7ec4
2025-11-30 08:04:41,525 - INFO - backend.bots.workbot.work_bot.WorkBot - (work_bot.py:146) - [Order Update] Initiating update protocol for Collegetown / Regional Distributors, Inc. / 20251126.
2025-11-30 08:04:41,537 - INFO - backend.adapters.files.generic_file_adapter.GenericFileAdapter - (generic_file_adapter.py:105) - Skipping unreadable file C:\Users\andrew\Desktop\Andrew\Projects\IthacaBakery\RandomStuff\WorkBot\refactor-experimental\data\orders\Regional Distributors, Inc\Regional Distributors, Inc._Collegetown_20251121.pdf: 'pdf'
2025-11-30 08:04:41,555 - INFO - backend.adapters.files.generic_file_adapter.GenericFileAdapter - (generic_file_adapter.py:105) - Skipping unreadable file C:\Users\andrew\Desktop\Andrew\Projects\IthacaBakery\RandomStuff\WorkBot\refactor-experimental\data\orders\Regional Distributors, Inc\Regional Distributors, Inc._Collegetown_20251126.pdf: 'pdf'
2025-11-30 08:04:41,566 - INFO - backend.app.services.order_service.CheckAndUpdateOrder - (order_service.py:230) - [Order Update] Changed - overwrite needed.
2025-11-30 08:04:41,567 - INFO - backend.app.services.order_service.SaveOrder - (order_service.py:100) - Saving order Regional Distributors, Inc. / Collegetown / 20251126
2025-11-30 08:04:41,590 - INFO - backend.bots.workbot.work_bot.WorkBot - (work_bot.py:109) - [PDF] Ingested: Order.pdf for Collegetown/Regional Distributors, Inc.
2025-11-30 08:04:41,590 - INFO - backend.adapters.downloads.local_download_manager.LocalDownloadManager - (local_download_manager.py:73) - [DownloadManager] Cleaned up C:\Users\andrew\Desktop\Andrew\Projects\IthacaBakery\RandomStuff\WorkBot\refactor-experimental\data\downloads\sessions\8d099e5d-2aba-43c6-9d88-828ced2c0961
2025-11-30 08:04:41,591 - INFO - backend.bots.workbot.work_bot.WorkBot - (work_bot.py:146) - [Order Update] Initiating update protocol for Collegetown / Equal Exchange / 20251126.
2025-11-30 08:04:41,596 - INFO - backend.adapters.files.generic_file_adapter.GenericFileAdapter - (generic_file_adapter.py:105) - Skipping unreadable file C:\Users\andrew\Desktop\Andrew\Projects\IthacaBakery\RandomStuff\WorkBot\refactor-experimental\data\orders\Equal Exchange\Equal Exchange_Collegetown_20251126.pdf: 'pdf'
2025-11-30 08:04:41,614 - INFO - backend.app.services.order_service.CheckAndUpdateOrder - (order_service.py:230) - [Order Update] Unchanged - skip overwrite.
2025-11-30 08:04:41,615 - INFO - backend.bots.workbot.work_bot.WorkBot - (work_bot.py:88) - Collegetown's order for Equal Exchange is already up-to-date...skipping.
2025-11-30 08:04:41,615 - INFO - backend.adapters.downloads.local_download_manager.LocalDownloadManager - (local_download_manager.py:73) - [DownloadManager] Cleaned up C:\Users\andrew\Desktop\Andrew\Projects\IthacaBakery\RandomStuff\WorkBot\refactor-experimental\data\downloads\sessions\5acbc83d-d91e-4f07-98b4-360518f6bad9
2025-11-30 08:04:41,616 - INFO - backend.bots.workbot.work_bot.WorkBot - (work_bot.py:146) - [Order Update] Initiating update protocol for Collegetown / Hill & Markes / 20251126.
2025-11-30 08:04:41,623 - INFO - backend.adapters.files.generic_file_adapter.GenericFileAdapter - (generic_file_adapter.py:105) - Skipping unreadable file C:\Users\andrew\Desktop\Andrew\Projects\IthacaBakery\RandomStuff\WorkBot\refactor-experimental\data\orders\Hill & Markes\Hill & Markes_Collegetown_20251126.pdf: 'pdf'
2025-11-30 08:04:41,652 - INFO - backend.app.services.order_service.CheckAndUpdateOrder - (order_service.py:230) - [Order Update] Unchanged - skip overwrite.
2025-11-30 08:04:41,652 - INFO - backend.bots.workbot.work_bot.WorkBot - (work_bot.py:88) - Collegetown's order for Hill & Markes is already up-to-date...skipping.
2025-11-30 08:04:41,653 - INFO - backend.adapters.downloads.local_download_manager.LocalDownloadManager - (local_download_manager.py:73) - [DownloadManager] Cleaned up C:\Users\andrew\Desktop\Andrew\Projects\IthacaBakery\RandomStuff\WorkBot\refactor-experimental\data\downloads\sessions\79a36fe4-ebb4-414e-8d57-7802db11c14b
2025-11-30 08:04:41,653 - INFO - backend.bots.workbot.work_bot.WorkBot - (work_bot.py:146) - [Order Update] Initiating update protocol for Collegetown / Johnston Paper / 20251126.
2025-11-30 08:04:41,662 - INFO - backend.adapters.files.generic_file_adapter.GenericFileAdapter - (generic_file_adapter.py:105) - Skipping unreadable file C:\Users\andrew\Desktop\Andrew\Projects\IthacaBakery\RandomStuff\WorkBot\refactor-experimental\data\orders\Johnston Paper\Johnston Paper_Collegetown_20251126.pdf: 'pdf'
2025-11-30 08:04:41,676 - INFO - backend.app.services.order_service.CheckAndUpdateOrder - (order_service.py:230) - [Order Update] Unchanged - skip overwrite.
2025-11-30 08:04:41,677 - INFO - backend.bots.workbot.work_bot.WorkBot - (work_bot.py:88) - Collegetown's order for Johnston Paper is already up-to-date...skipping.
2025-11-30 08:04:41,677 - INFO - backend.adapters.downloads.local_download_manager.LocalDownloadManager - (local_download_manager.py:73) - [DownloadManager] Cleaned up C:\Users\andrew\Desktop\Andrew\Projects\IthacaBakery\RandomStuff\WorkBot\refactor-experimental\data\downloads\sessions\ea04a7b9-2708-48ce-ad56-259f8d06f1bc
2025-11-30 08:04:41,677 - INFO - backend.bots.workbot.work_bot.WorkBot - (work_bot.py:146) - [Order Update] Initiating update protocol for Collegetown / Peters Supply / 20251126.
2025-11-30 08:04:41,689 - INFO - backend.adapters.files.generic_file_adapter.GenericFileAdapter - (generic_file_adapter.py:105) - Skipping unreadable file C:\Users\andrew\Desktop\Andrew\Projects\IthacaBakery\RandomStuff\WorkBot\refactor-experimental\data\orders\Peters Supply\Peters Supply_Collegetown_20251126.pdf: 'pdf'
2025-11-30 08:04:41,701 - INFO - backend.app.services.order_service.CheckAndUpdateOrder - (order_service.py:230) - [Order Update] Unchanged - skip overwrite.
2025-11-30 08:04:41,702 - INFO - backend.bots.workbot.work_bot.WorkBot - (work_bot.py:88) - Collegetown's order for Peters Supply is already up-to-date...skipping.
2025-11-30 08:04:41,702 - INFO - backend.adapters.downloads.local_download_manager.LocalDownloadManager - (local_download_manager.py:73) - [DownloadManager] Cleaned up C:\Users\andrew\Desktop\Andrew\Projects\IthacaBakery\RandomStuff\WorkBot\refactor-experimental\data\downloads\sessions\481b5b0e-a0d9-439e-a7ca-d15e823a4ac4
2025-11-30 08:04:41,703 - INFO - backend.bots.workbot.work_bot.WorkBot - (work_bot.py:146) - [Order Update] Initiating update protocol for Collegetown / Coca-Cola / 20251126.
2025-11-30 08:04:41,705 - INFO - backend.adapters.files.generic_file_adapter.GenericFileAdapter - (generic_file_adapter.py:105) - Skipping unreadable file C:\Users\andrew\Desktop\Andrew\Projects\IthacaBakery\RandomStuff\WorkBot\refactor-experimental\data\orders\Coca-Cola\Coca-Cola_Collegetown_20251126.pdf: 'pdf'
2025-11-30 08:04:41,726 - INFO - backend.app.services.order_service.CheckAndUpdateOrder - (order_service.py:230) - [Order Update] Unchanged - skip overwrite.
2025-11-30 08:04:41,726 - INFO - backend.bots.workbot.work_bot.WorkBot - (work_bot.py:88) - Collegetown's order for Coca-Cola is already up-to-date...skipping.
2025-11-30 08:04:41,727 - INFO - backend.adapters.downloads.local_download_manager.LocalDownloadManager - (local_download_manager.py:73) - [DownloadManager] Cleaned up C:\Users\andrew\Desktop\Andrew\Projects\IthacaBakery\RandomStuff\WorkBot\refactor-experimental\data\downloads\sessions\453e6986-8ed0-4482-a994-304b288c1a07
2025-11-30 08:04:41,727 - INFO - backend.bots.workbot.work_bot.WorkBot - (work_bot.py:146) - [Order Update] Initiating update protocol for Collegetown / Coffee Depot LLC / 20251126.
2025-11-30 08:04:41,731 - INFO - backend.adapters.files.generic_file_adapter.GenericFileAdapter - (generic_file_adapter.py:105) - Skipping unreadable file C:\Users\andrew\Desktop\Andrew\Projects\IthacaBakery\RandomStuff\WorkBot\refactor-experimental\data\orders\Coffee Depot LLC\Coffee Depot LLC_Collegetown_20251126.pdf: 'pdf'
2025-11-30 08:04:41,751 - INFO - backend.app.services.order_service.CheckAndUpdateOrder - (order_service.py:230) - [Order Update] Changed - overwrite needed.
2025-11-30 08:04:41,751 - INFO - backend.app.services.order_service.SaveOrder - (order_service.py:100) - Saving order Coffee Depot LLC / Collegetown / 20251126
2025-11-30 08:04:41,773 - INFO - backend.bots.workbot.work_bot.WorkBot - (work_bot.py:109) - [PDF] Ingested: Order.pdf for Collegetown/Coffee Depot LLC
2025-11-30 08:04:41,773 - INFO - backend.adapters.downloads.local_download_manager.LocalDownloadManager - (local_download_manager.py:73) - [DownloadManager] Cleaned up C:\Users\andrew\Desktop\Andrew\Projects\IthacaBakery\RandomStuff\WorkBot\refactor-experimental\data\downloads\sessions\80995aa2-50aa-4146-8d14-f132e67b10b8
2025-11-30 08:04:41,773 - INFO - backend.bots.workbot.work_bot.WorkBot - (work_bot.py:146) - [Order Update] Initiating update protocol for Collegetown / Webstaurant / 20251126.
2025-11-30 08:04:41,790 - INFO - backend.adapters.files.generic_file_adapter.GenericFileAdapter - (generic_file_adapter.py:105) - Skipping unreadable file C:\Users\andrew\Desktop\Andrew\Projects\IthacaBakery\RandomStuff\WorkBot\refactor-experimental\data\orders\Webstaurant\Webstaurant_Collegetown_20251126.pdf: 'pdf'
2025-11-30 08:04:41,796 - INFO - backend.app.services.order_service.CheckAndUpdateOrder - (order_service.py:230) - [Order Update] Unchanged - skip overwrite.
2025-11-30 08:04:41,797 - INFO - backend.bots.workbot.work_bot.WorkBot - (work_bot.py:88) - Collegetown's order for Webstaurant is already up-to-date...skipping.
2025-11-30 08:04:41,797 - INFO - backend.adapters.downloads.local_download_manager.LocalDownloadManager - (local_download_manager.py:73) - [DownloadManager] Cleaned up C:\Users\andrew\Desktop\Andrew\Projects\IthacaBakery\RandomStuff\WorkBot\refactor-experimental\data\downloads\sessions\0ea9828e-af48-4b97-918e-4be76e7767c7
2025-11-30 08:04:41,797 - INFO - backend.bots.workbot.work_bot.WorkBot - (work_bot.py:146) - [Order Update] Initiating update protocol for Collegetown / FingerLakes Farms / 20251126.
2025-11-30 08:04:41,804 - INFO - backend.adapters.files.generic_file_adapter.GenericFileAdapter - (generic_file_adapter.py:105) - Skipping unreadable file C:\Users\andrew\Desktop\Andrew\Projects\IthacaBakery\RandomStuff\WorkBot\refactor-experimental\data\orders\FingerLakes Farms\FingerLakes Farms_Collegetown_20251126.pdf: 'pdf'
2025-11-30 08:04:41,822 - INFO - backend.app.services.order_service.CheckAndUpdateOrder - (order_service.py:230) - [Order Update] Unchanged - skip overwrite.
2025-11-30 08:04:41,822 - INFO - backend.bots.workbot.work_bot.WorkBot - (work_bot.py:88) - Collegetown's order for FingerLakes Farms is already up-to-date...skipping.
2025-11-30 08:04:41,823 - INFO - backend.adapters.downloads.local_download_manager.LocalDownloadManager - (local_download_manager.py:73) - [DownloadManager] Cleaned up C:\Users\andrew\Desktop\Andrew\Projects\IthacaBakery\RandomStuff\WorkBot\refactor-experimental\data\downloads\sessions\9fa3f56b-5273-41ff-afdf-6e8abd941dbe
2025-11-30 08:04:41,823 - INFO - backend.bots.workbot.work_bot.WorkBot - (work_bot.py:146) - [Order Update] Initiating update protocol for Collegetown / A.L. George / 20251126.
2025-11-30 08:04:41,825 - INFO - backend.adapters.files.generic_file_adapter.GenericFileAdapter - (generic_file_adapter.py:105) - Skipping unreadable file C:\Users\andrew\Desktop\Andrew\Projects\IthacaBakery\RandomStuff\WorkBot\refactor-experimental\data\orders\A.L. George\A.L. George_Collegetown_20251126.pdf: 'pdf'
2025-11-30 08:04:41,847 - INFO - backend.app.services.order_service.CheckAndUpdateOrder - (order_service.py:230) - [Order Update] Unchanged - skip overwrite.
2025-11-30 08:04:41,847 - INFO - backend.bots.workbot.work_bot.WorkBot - (work_bot.py:88) - Collegetown's order for A.L. George is already up-to-date...skipping.
2025-11-30 08:04:41,848 - INFO - backend.adapters.downloads.local_download_manager.LocalDownloadManager - (local_download_manager.py:73) - [DownloadManager] Cleaned up C:\Users\andrew\Desktop\Andrew\Projects\IthacaBakery\RandomStuff\WorkBot\refactor-experimental\data\downloads\sessions\efbb6411-24da-4c6d-887c-573b974c2437
2025-11-30 08:04:41,848 - INFO - backend.bots.workbot.work_bot.WorkBot - (work_bot.py:146) - [Order Update] Initiating update protocol for Collegetown / BALKAN BEVERAGE LLC / 20251126.
2025-11-30 08:04:41,851 - INFO - backend.adapters.files.generic_file_adapter.GenericFileAdapter - (generic_file_adapter.py:105) - Skipping unreadable file C:\Users\andrew\Desktop\Andrew\Projects\IthacaBakery\RandomStuff\WorkBot\refactor-experimental\data\orders\BALKAN BEVERAGE LLC\BALKAN BEVERAGE LLC_Collegetown_20251126.pdf: 'pdf'
2025-11-30 08:04:41,875 - INFO - backend.app.services.order_service.CheckAndUpdateOrder - (order_service.py:230) - [Order Update] Unchanged - skip overwrite.
2025-11-30 08:04:41,875 - INFO - backend.bots.workbot.work_bot.WorkBot - (work_bot.py:88) - Collegetown's order for BALKAN BEVERAGE LLC is already up-to-date...skipping.
2025-11-30 08:04:41,876 - INFO - backend.adapters.downloads.local_download_manager.LocalDownloadManager - (local_download_manager.py:73) - [DownloadManager] Cleaned up C:\Users\andrew\Desktop\Andrew\Projects\IthacaBakery\RandomStuff\WorkBot\refactor-experimental\data\downloads\sessions\77e0f15c-c150-4688-a839-ea8f6863d911
2025-11-30 08:04:41,876 - INFO - backend.bots.workbot.work_bot.WorkBot - (work_bot.py:146) - [Order Update] Initiating update protocol for Downtown / US Foods / 20251128.
2025-11-30 08:04:41,894 - INFO - backend.adapters.files.generic_file_adapter.GenericFileAdapter - (generic_file_adapter.py:105) - Skipping unreadable file C:\Users\andrew\Desktop\Andrew\Projects\IthacaBakery\RandomStuff\WorkBot\refactor-experimental\data\orders\US Foods\US Foods_Downtown_20251128.pdf: 'pdf'
2025-11-30 08:04:41,903 - INFO - backend.app.services.order_service.CheckAndUpdateOrder - (order_service.py:230) - [Order Update] Unchanged - skip overwrite.
2025-11-30 08:04:41,903 - INFO - backend.bots.workbot.work_bot.WorkBot - (work_bot.py:88) - Downtown's order for US Foods is already up-to-date...skipping.
2025-11-30 08:04:41,904 - INFO - backend.adapters.downloads.local_download_manager.LocalDownloadManager - (local_download_manager.py:73) - [DownloadManager] Cleaned up C:\Users\andrew\Desktop\Andrew\Projects\IthacaBakery\RandomStuff\WorkBot\refactor-experimental\data\downloads\sessions\a5596a09-7690-4f90-804e-ba0cd7e266f6
2025-11-30 08:04:41,904 - INFO - backend.bots.workbot.work_bot.WorkBot - (work_bot.py:146) - [Order Update] Initiating update protocol for Downtown / Regional Distributors, Inc. / 20251128.
2025-11-30 08:04:41,918 - INFO - backend.adapters.files.generic_file_adapter.GenericFileAdapter - (generic_file_adapter.py:105) - Skipping unreadable file C:\Users\andrew\Desktop\Andrew\Projects\IthacaBakery\RandomStuff\WorkBot\refactor-experimental\data\orders\Regional Distributors, Inc\Regional Distributors, Inc._Downtown_20251121.pdf: 'pdf'
2025-11-30 08:04:41,935 - INFO - backend.adapters.files.generic_file_adapter.GenericFileAdapter - (generic_file_adapter.py:105) - Skipping unreadable file C:\Users\andrew\Desktop\Andrew\Projects\IthacaBakery\RandomStuff\WorkBot\refactor-experimental\data\orders\Regional Distributors, Inc\Regional Distributors, Inc._Downtown_20251128.pdf: 'pdf'
2025-11-30 08:04:41,946 - INFO - backend.app.services.order_service.CheckAndUpdateOrder - (order_service.py:230) - [Order Update] Changed - overwrite needed.
2025-11-30 08:04:41,946 - INFO - backend.app.services.order_service.SaveOrder - (order_service.py:100) - Saving order Regional Distributors, Inc. / Downtown / 20251128
2025-11-30 08:04:41,967 - INFO - backend.bots.workbot.work_bot.WorkBot - (work_bot.py:109) - [PDF] Ingested: Order.pdf for Downtown/Regional Distributors, Inc.
2025-11-30 08:04:41,968 - INFO - backend.adapters.downloads.local_download_manager.LocalDownloadManager - (local_download_manager.py:73) - [DownloadManager] Cleaned up C:\Users\andrew\Desktop\Andrew\Projects\IthacaBakery\RandomStuff\WorkBot\refactor-experimental\data\downloads\sessions\f0e7b242-9b11-4367-8a90-c2a2006adae3
2025-11-30 08:04:41,968 - INFO - backend.bots.workbot.work_bot.WorkBot - (work_bot.py:146) - [Order Update] Initiating update protocol for Downtown / Hill & Markes / 20251128.
2025-11-30 08:04:41,975 - INFO - backend.adapters.files.generic_file_adapter.GenericFileAdapter - (generic_file_adapter.py:105) - Skipping unreadable file C:\Users\andrew\Desktop\Andrew\Projects\IthacaBakery\RandomStuff\WorkBot\refactor-experimental\data\orders\Hill & Markes\Hill & Markes_Downtown_20251128.pdf: 'pdf'
2025-11-30 08:04:41,991 - INFO - backend.app.services.order_service.CheckAndUpdateOrder - (order_service.py:230) - [Order Update] Unchanged - skip overwrite.
2025-11-30 08:04:41,992 - INFO - backend.bots.workbot.work_bot.WorkBot - (work_bot.py:88) - Downtown's order for Hill & Markes is already up-to-date...skipping.
2025-11-30 08:04:41,992 - INFO - backend.adapters.downloads.local_download_manager.LocalDownloadManager - (local_download_manager.py:73) - [DownloadManager] Cleaned up C:\Users\andrew\Desktop\Andrew\Projects\IthacaBakery\RandomStuff\WorkBot\refactor-experimental\data\downloads\sessions\8b6b6257-bac1-4fe6-bb40-d2e8748f5dab
2025-11-30 08:04:41,993 - INFO - backend.bots.workbot.work_bot.WorkBot - (work_bot.py:146) - [Order Update] Initiating update protocol for Downtown / Ithaca Bakery / 20251128.
2025-11-30 08:04:42,001 - INFO - backend.adapters.files.generic_file_adapter.GenericFileAdapter - (generic_file_adapter.py:105) - Skipping unreadable file C:\Users\andrew\Desktop\Andrew\Projects\IthacaBakery\RandomStuff\WorkBot\refactor-experimental\data\orders\Ithaca Bakery\Ithaca Bakery_Downtown_20251128.pdf: 'pdf'
2025-11-30 08:04:42,019 - INFO - backend.app.services.order_service.CheckAndUpdateOrder - (order_service.py:230) - [Order Update] Changed - overwrite needed.
2025-11-30 08:04:42,020 - INFO - backend.app.services.order_service.SaveOrder - (order_service.py:100) - Saving order Ithaca Bakery / Downtown / 20251128
2025-11-30 08:04:42,043 - INFO - backend.bots.workbot.work_bot.WorkBot - (work_bot.py:109) - [PDF] Ingested: Order.pdf for Downtown/Ithaca Bakery
2025-11-30 08:04:42,044 - INFO - backend.adapters.downloads.local_download_manager.LocalDownloadManager - (local_download_manager.py:73) - [DownloadManager] Cleaned up C:\Users\andrew\Desktop\Andrew\Projects\IthacaBakery\RandomStuff\WorkBot\refactor-experimental\data\downloads\sessions\917744ca-b84d-4de5-a0be-2b422fd42f3a
2025-11-30 08:04:42,044 - INFO - backend.bots.workbot.work_bot.WorkBot - (work_bot.py:146) - [Order Update] Initiating update protocol for Downtown / Equal Exchange / 20251128.
2025-11-30 08:04:42,049 - INFO - backend.adapters.files.generic_file_adapter.GenericFileAdapter - (generic_file_adapter.py:105) - Skipping unreadable file C:\Users\andrew\Desktop\Andrew\Projects\IthacaBakery\RandomStuff\WorkBot\refactor-experimental\data\orders\Equal Exchange\Equal Exchange_Downtown_20251128.pdf: 'pdf'
2025-11-30 08:04:42,068 - INFO - backend.app.services.order_service.CheckAndUpdateOrder - (order_service.py:230) - [Order Update] Unchanged - skip overwrite.
2025-11-30 08:04:42,068 - INFO - backend.bots.workbot.work_bot.WorkBot - (work_bot.py:88) - Downtown's order for Equal Exchange is already up-to-date...skipping.
2025-11-30 08:04:42,069 - INFO - backend.adapters.downloads.local_download_manager.LocalDownloadManager - (local_download_manager.py:73) - [DownloadManager] Cleaned up C:\Users\andrew\Desktop\Andrew\Projects\IthacaBakery\RandomStuff\WorkBot\refactor-experimental\data\downloads\sessions\e6e1093c-fb9b-414c-9109-0dfc4a20c354
2025-11-30 08:04:42,069 - INFO - backend.bots.workbot.work_bot.WorkBot - (work_bot.py:146) - [Order Update] Initiating update protocol for Downtown / SANICO / 20251128.
2025-11-30 08:04:42,083 - INFO - backend.adapters.files.generic_file_adapter.GenericFileAdapter - (generic_file_adapter.py:105) - Skipping unreadable file C:\Users\andrew\Desktop\Andrew\Projects\IthacaBakery\RandomStuff\WorkBot\refactor-experimental\data\orders\SANICO\SANICO_Downtown_20251128.pdf: 'pdf'
2025-11-30 08:04:42,093 - INFO - backend.app.services.order_service.CheckAndUpdateOrder - (order_service.py:230) - [Order Update] Unchanged - skip overwrite.
2025-11-30 08:04:42,093 - INFO - backend.bots.workbot.work_bot.WorkBot - (work_bot.py:88) - Downtown's order for SANICO is already up-to-date...skipping.
2025-11-30 08:04:42,093 - INFO - backend.adapters.downloads.local_download_manager.LocalDownloadManager - (local_download_manager.py:73) - [DownloadManager] Cleaned up C:\Users\andrew\Desktop\Andrew\Projects\IthacaBakery\RandomStuff\WorkBot\refactor-experimental\data\downloads\sessions\313c1af8-4a77-4a63-81f3-95e95c301e3b
2025-11-30 08:04:42,094 - INFO - backend.bots.workbot.work_bot.WorkBot - (work_bot.py:146) - [Order Update] Initiating update protocol for Downtown / FingerLakes Farms / 20251128.
2025-11-30 08:04:42,100 - INFO - backend.adapters.files.generic_file_adapter.GenericFileAdapter - (generic_file_adapter.py:105) - Skipping unreadable file C:\Users\andrew\Desktop\Andrew\Projects\IthacaBakery\RandomStuff\WorkBot\refactor-experimental\data\orders\FingerLakes Farms\FingerLakes Farms_Downtown_20251128.pdf: 'pdf'
2025-11-30 08:04:42,129 - INFO - backend.app.services.order_service.CheckAndUpdateOrder - (order_service.py:230) - [Order Update] Changed - overwrite needed.
2025-11-30 08:04:42,129 - INFO - backend.app.services.order_service.SaveOrder - (order_service.py:100) - Saving order FingerLakes Farms / Downtown / 20251128
2025-11-30 08:04:42,152 - INFO - backend.bots.workbot.work_bot.WorkBot - (work_bot.py:109) - [PDF] Ingested: Order.pdf for Downtown/FingerLakes Farms
2025-11-30 08:04:42,152 - INFO - backend.adapters.downloads.local_download_manager.LocalDownloadManager - (local_download_manager.py:73) - [DownloadManager] Cleaned up C:\Users\andrew\Desktop\Andrew\Projects\IthacaBakery\RandomStuff\WorkBot\refactor-experimental\data\downloads\sessions\5d6cbf4d-1059-4c8b-8964-1c9009f617da
2025-11-30 08:04:42,152 - INFO - backend.bots.workbot.work_bot.WorkBot - (work_bot.py:146) - [Order Update] Initiating update protocol for Downtown / Sysco / 20251128.
2025-11-30 08:04:42,167 - INFO - backend.adapters.files.generic_file_adapter.GenericFileAdapter - (generic_file_adapter.py:105) - Skipping unreadable file C:\Users\andrew\Desktop\Andrew\Projects\IthacaBakery\RandomStuff\WorkBot\refactor-experimental\data\orders\Sysco\Sysco_Downtown_20251128.pdf: 'pdf'
2025-11-30 08:04:42,176 - INFO - backend.app.services.order_service.CheckAndUpdateOrder - (order_service.py:230) - [Order Update] Unchanged - skip overwrite.
2025-11-30 08:04:42,176 - INFO - backend.bots.workbot.work_bot.WorkBot - (work_bot.py:88) - Downtown's order for Sysco is already up-to-date...skipping.
2025-11-30 08:04:42,177 - INFO - backend.adapters.downloads.local_download_manager.LocalDownloadManager - (local_download_manager.py:73) - [DownloadManager] Cleaned up C:\Users\andrew\Desktop\Andrew\Projects\IthacaBakery\RandomStuff\WorkBot\refactor-experimental\data\downloads\sessions\e323eca8-20f2-4482-9703-a0ea8d28ec5a
2025-11-30 08:04:42,177 - INFO - backend.bots.workbot.work_bot.WorkBot - (work_bot.py:146) - [Order Update] Initiating update protocol for Downtown / Coca-Cola / 20251128.
2025-11-30 08:04:42,180 - INFO - backend.adapters.files.generic_file_adapter.GenericFileAdapter - (generic_file_adapter.py:105) - Skipping unreadable file C:\Users\andrew\Desktop\Andrew\Projects\IthacaBakery\RandomStuff\WorkBot\refactor-experimental\data\orders\Coca-Cola\Coca-Cola_Downtown_20251128.pdf: 'pdf'
2025-11-30 08:04:42,213 - INFO - backend.app.services.order_service.CheckAndUpdateOrder - (order_service.py:230) - [Order Update] Unchanged - skip overwrite.
2025-11-30 08:04:42,213 - INFO - backend.bots.workbot.work_bot.WorkBot - (work_bot.py:88) - Downtown's order for Coca-Cola is already up-to-date...skipping.
2025-11-30 08:04:42,214 - INFO - backend.adapters.downloads.local_download_manager.LocalDownloadManager - (local_download_manager.py:73) - [DownloadManager] Cleaned up C:\Users\andrew\Desktop\Andrew\Projects\IthacaBakery\RandomStuff\WorkBot\refactor-experimental\data\downloads\sessions\c8399a00-9f7a-4308-8772-677a4a018cb4
2025-11-30 08:04:42,214 - INFO - backend.bots.workbot.work_bot.WorkBot - (work_bot.py:146) - [Order Update] Initiating update protocol for Downtown / Performance Food / 20251128.
2025-11-30 08:04:42,225 - INFO - backend.adapters.files.generic_file_adapter.GenericFileAdapter - (generic_file_adapter.py:105) - Skipping unreadable file C:\Users\andrew\Desktop\Andrew\Projects\IthacaBakery\RandomStuff\WorkBot\refactor-experimental\data\orders\Performance Food\Performance Food_Downtown_20251128.pdf: 'pdf'
2025-11-30 08:04:42,238 - INFO - backend.app.services.order_service.CheckAndUpdateOrder - (order_service.py:230) - [Order Update] Unchanged - skip overwrite.
2025-11-30 08:04:42,238 - INFO - backend.bots.workbot.work_bot.WorkBot - (work_bot.py:88) - Downtown's order for Performance Food is already up-to-date...skipping.
2025-11-30 08:04:42,239 - INFO - backend.adapters.downloads.local_download_manager.LocalDownloadManager - (local_download_manager.py:73) - [DownloadManager] Cleaned up C:\Users\andrew\Desktop\Andrew\Projects\IthacaBakery\RandomStuff\WorkBot\refactor-experimental\data\downloads\sessions\056309c0-5f6a-4a7f-a740-66bf69bf62d5
2025-11-30 08:04:42,239 - INFO - backend.bots.workbot.work_bot.WorkBot - (work_bot.py:146) - [Order Update] Initiating update protocol for Downtown / UNFI / 20251128.
2025-11-30 08:04:42,254 - INFO - backend.adapters.files.generic_file_adapter.GenericFileAdapter - (generic_file_adapter.py:105) - Skipping unreadable file C:\Users\andrew\Desktop\Andrew\Projects\IthacaBakery\RandomStuff\WorkBot\refactor-experimental\data\orders\UNFI\UNFI_Downtown_20251128.pdf: 'pdf'
2025-11-30 08:04:42,264 - INFO - backend.app.services.order_service.CheckAndUpdateOrder - (order_service.py:230) - [Order Update] Unchanged - skip overwrite.
2025-11-30 08:04:42,264 - INFO - backend.bots.workbot.work_bot.WorkBot - (work_bot.py:88) - Downtown's order for UNFI is already up-to-date...skipping.
2025-11-30 08:04:42,264 - INFO - backend.adapters.downloads.local_download_manager.LocalDownloadManager - (local_download_manager.py:73) - [DownloadManager] Cleaned up C:\Users\andrew\Desktop\Andrew\Projects\IthacaBakery\RandomStuff\WorkBot\refactor-experimental\data\downloads\sessions\fd0a1b2f-27fd-41c0-a3d2-1a41d2e6c45f
2025-11-30 08:04:42,265 - INFO - backend.bots.workbot.work_bot.WorkBot - (work_bot.py:146) - [Order Update] Initiating update protocol for Downtown / Hillcrest Dairy / 20251128.
2025-11-30 08:04:42,273 - INFO - backend.adapters.files.generic_file_adapter.GenericFileAdapter - (generic_file_adapter.py:105) - Skipping unreadable file C:\Users\andrew\Desktop\Andrew\Projects\IthacaBakery\RandomStuff\WorkBot\refactor-experimental\data\orders\Hillcrest Dairy\Hillcrest Dairy_Downtown_20251128.pdf: 'pdf'
2025-11-30 08:04:42,289 - INFO - backend.app.services.order_service.CheckAndUpdateOrder - (order_service.py:230) - [Order Update] Unchanged - skip overwrite.
2025-11-30 08:04:42,289 - INFO - backend.bots.workbot.work_bot.WorkBot - (work_bot.py:88) - Downtown's order for Hillcrest Dairy is already up-to-date...skipping.
2025-11-30 08:04:42,290 - INFO - backend.adapters.downloads.local_download_manager.LocalDownloadManager - (local_download_manager.py:73) - [DownloadManager] Cleaned up C:\Users\andrew\Desktop\Andrew\Projects\IthacaBakery\RandomStuff\WorkBot\refactor-experimental\data\downloads\sessions\efde858b-5f18-43e6-bbfc-d1a9a4c7e9fb
2025-11-30 08:04:42,290 - INFO - backend.bots.workbot.work_bot.WorkBot - (work_bot.py:146) - [Order Update] Initiating update protocol for Downtown / Peters Supply / 20251128.
2025-11-30 08:04:42,302 - INFO - backend.adapters.files.generic_file_adapter.GenericFileAdapter - (generic_file_adapter.py:105) - Skipping unreadable file C:\Users\andrew\Desktop\Andrew\Projects\IthacaBakery\RandomStuff\WorkBot\refactor-experimental\data\orders\Peters Supply\Peters Supply_Downtown_20251128.pdf: 'pdf'
2025-11-30 08:04:42,314 - INFO - backend.app.services.order_service.CheckAndUpdateOrder - (order_service.py:230) - [Order Update] Unchanged - skip overwrite.
2025-11-30 08:04:42,314 - INFO - backend.bots.workbot.work_bot.WorkBot - (work_bot.py:88) - Downtown's order for Peters Supply is already up-to-date...skipping.
2025-11-30 08:04:42,315 - INFO - backend.adapters.downloads.local_download_manager.LocalDownloadManager - (local_download_manager.py:73) - [DownloadManager] Cleaned up C:\Users\andrew\Desktop\Andrew\Projects\IthacaBakery\RandomStuff\WorkBot\refactor-experimental\data\downloads\sessions\8c5c40e2-89ed-42b4-a234-018dd9dc4b8a
2025-11-30 08:04:42,315 - INFO - backend.bots.workbot.work_bot.WorkBot - (work_bot.py:146) - [Order Update] Initiating update protocol for Downtown / Coffee Depot LLC / 20251128.
2025-11-30 08:04:42,318 - INFO - backend.adapters.files.generic_file_adapter.GenericFileAdapter - (generic_file_adapter.py:105) - Skipping unreadable file C:\Users\andrew\Desktop\Andrew\Projects\IthacaBakery\RandomStuff\WorkBot\refactor-experimental\data\orders\Coffee Depot LLC\Coffee Depot LLC_Downtown_20251128.pdf: 'pdf'
2025-11-30 08:04:42,346 - INFO - backend.app.services.order_service.CheckAndUpdateOrder - (order_service.py:230) - [Order Update] Changed - overwrite needed.
2025-11-30 08:04:42,346 - INFO - backend.app.services.order_service.SaveOrder - (order_service.py:100) - Saving order Coffee Depot LLC / Downtown / 20251128
2025-11-30 08:04:42,378 - INFO - backend.bots.workbot.work_bot.WorkBot - (work_bot.py:109) - [PDF] Ingested: Order.pdf for Downtown/Coffee Depot LLC
2025-11-30 08:04:42,379 - INFO - backend.adapters.downloads.local_download_manager.LocalDownloadManager - (local_download_manager.py:73) - [DownloadManager] Cleaned up C:\Users\andrew\Desktop\Andrew\Projects\IthacaBakery\RandomStuff\WorkBot\refactor-experimental\data\downloads\sessions\7bf8a5e4-a87f-4e90-90e7-b69dd80311a3
2025-11-30 08:04:42,379 - INFO - backend.bots.workbot.work_bot.WorkBot - (work_bot.py:146) - [Order Update] Initiating update protocol for Downtown / Johnston Paper / 20251128.
2025-11-30 08:04:42,390 - INFO - backend.adapters.files.generic_file_adapter.GenericFileAdapter - (generic_file_adapter.py:105) - Skipping unreadable file C:\Users\andrew\Desktop\Andrew\Projects\IthacaBakery\RandomStuff\WorkBot\refactor-experimental\data\orders\Johnston Paper\Johnston Paper_Downtown_20251128.pdf: 'pdf'
2025-11-30 08:04:42,425 - INFO - backend.app.services.order_service.CheckAndUpdateOrder - (order_service.py:230) - [Order Update] Unchanged - skip overwrite.
2025-11-30 08:04:42,425 - INFO - backend.bots.workbot.work_bot.WorkBot - (work_bot.py:88) - Downtown's order for Johnston Paper is already up-to-date...skipping.
2025-11-30 08:04:42,426 - INFO - backend.adapters.downloads.local_download_manager.LocalDownloadManager - (local_download_manager.py:73) - [DownloadManager] Cleaned up C:\Users\andrew\Desktop\Andrew\Projects\IthacaBakery\RandomStuff\WorkBot\refactor-experimental\data\downloads\sessions\36905f3a-835a-4ad3-af0e-dbb87cd1d82d
2025-11-30 08:04:42,426 - INFO - backend.bots.workbot.work_bot.WorkBot - (work_bot.py:146) - [Order Update] Initiating update protocol for Downtown / Bo's Bones / 20251129.
2025-11-30 08:04:42,429 - INFO - backend.adapters.files.generic_file_adapter.GenericFileAdapter - (generic_file_adapter.py:105) - Skipping unreadable file C:\Users\andrew\Desktop\Andrew\Projects\IthacaBakery\RandomStuff\WorkBot\refactor-experimental\data\orders\Bo's Bones\Bo's Bones_Downtown_20251129.pdf: 'pdf'
2025-11-30 08:04:42,491 - INFO - backend.app.services.order_service.CheckAndUpdateOrder - (order_service.py:230) - [Order Update] Unchanged - skip overwrite.
2025-11-30 08:04:42,491 - INFO - backend.bots.workbot.work_bot.WorkBot - (work_bot.py:88) - Downtown's order for Bo's Bones is already up-to-date...skipping.
2025-11-30 08:04:42,492 - INFO - backend.adapters.downloads.local_download_manager.LocalDownloadManager - (local_download_manager.py:73) - [DownloadManager] Cleaned up C:\Users\andrew\Desktop\Andrew\Projects\IthacaBakery\RandomStuff\WorkBot\refactor-experimental\data\downloads\sessions\56bb55ee-8de5-4270-8eaa-bc4af2392c23
2025-11-30 08:04:42,492 - INFO - backend.bots.workbot.work_bot.WorkBot - (work_bot.py:146) - [Order Update] Initiating update protocol for Downtown / Copper Horse Coffee / 20251129.
2025-11-30 08:04:42,499 - INFO - backend.adapters.files.generic_file_adapter.GenericFileAdapter - (generic_file_adapter.py:105) - Skipping unreadable file C:\Users\andrew\Desktop\Andrew\Projects\IthacaBakery\RandomStuff\WorkBot\refactor-experimental\data\orders\Copper Horse Coffee\Copper Horse Coffee_Downtown_20251129.pdf: 'pdf'
2025-11-30 08:04:42,534 - INFO - backend.app.services.order_service.CheckAndUpdateOrder - (order_service.py:230) - [Order Update] Changed - overwrite needed.
2025-11-30 08:04:42,534 - INFO - backend.app.services.order_service.SaveOrder - (order_service.py:100) - Saving order Copper Horse Coffee / Downtown / 20251129
2025-11-30 08:04:42,571 - INFO - backend.bots.workbot.work_bot.WorkBot - (work_bot.py:109) - [PDF] Ingested: Order.pdf for Downtown/Copper Horse Coffee
2025-11-30 08:04:42,572 - INFO - backend.adapters.downloads.local_download_manager.LocalDownloadManager - (local_download_manager.py:73) - [DownloadManager] Cleaned up C:\Users\andrew\Desktop\Andrew\Projects\IthacaBakery\RandomStuff\WorkBot\refactor-experimental\data\downloads\sessions\6e1b5cb9-041c-48bf-9b4a-f03c7f4c5e95
2025-11-30 08:04:42,572 - INFO - backend.bots.workbot.work_bot.WorkBot - (work_bot.py:146) - [Order Update] Initiating update protocol for Easthill / US Foods / 20251128.
2025-11-30 08:04:42,590 - INFO - backend.adapters.files.generic_file_adapter.GenericFileAdapter - (generic_file_adapter.py:105) - Skipping unreadable file C:\Users\andrew\Desktop\Andrew\Projects\IthacaBakery\RandomStuff\WorkBot\refactor-experimental\data\orders\US Foods\US Foods_Easthill_20251128.pdf: 'pdf'
2025-11-30 08:04:42,600 - INFO - backend.app.services.order_service.CheckAndUpdateOrder - (order_service.py:230) - [Order Update] Unchanged - skip overwrite.
2025-11-30 08:04:42,600 - INFO - backend.bots.workbot.work_bot.WorkBot - (work_bot.py:88) - Easthill's order for US Foods is already up-to-date...skipping.
2025-11-30 08:04:42,601 - INFO - backend.adapters.downloads.local_download_manager.LocalDownloadManager - (local_download_manager.py:73) - [DownloadManager] Cleaned up C:\Users\andrew\Desktop\Andrew\Projects\IthacaBakery\RandomStuff\WorkBot\refactor-experimental\data\downloads\sessions\9336f1f9-a658-48dd-ac0b-9d37fcaf7853
2025-11-30 08:04:42,601 - INFO - backend.bots.workbot.work_bot.WorkBot - (work_bot.py:146) - [Order Update] Initiating update protocol for Easthill / Ithaca Bakery / 20251128.
2025-11-30 08:04:42,614 - INFO - backend.adapters.files.generic_file_adapter.GenericFileAdapter - (generic_file_adapter.py:105) - Skipping unreadable file C:\Users\andrew\Desktop\Andrew\Projects\IthacaBakery\RandomStuff\WorkBot\refactor-experimental\data\orders\Ithaca Bakery\Ithaca Bakery_Easthill_20251128.pdf: 'pdf'
2025-11-30 08:04:42,638 - INFO - backend.app.services.order_service.CheckAndUpdateOrder - (order_service.py:230) - [Order Update] Changed - overwrite needed.
2025-11-30 08:04:42,638 - INFO - backend.app.services.order_service.SaveOrder - (order_service.py:100) - Saving order Ithaca Bakery / Easthill / 20251128
2025-11-30 08:04:42,661 - INFO - backend.bots.workbot.work_bot.WorkBot - (work_bot.py:109) - [PDF] Ingested: Order.pdf for Easthill/Ithaca Bakery
2025-11-30 08:04:42,662 - INFO - backend.adapters.downloads.local_download_manager.LocalDownloadManager - (local_download_manager.py:73) - [DownloadManager] Cleaned up C:\Users\andrew\Desktop\Andrew\Projects\IthacaBakery\RandomStuff\WorkBot\refactor-experimental\data\downloads\sessions\27fa160b-83de-4979-bc6a-3628bf487827
2025-11-30 08:04:42,662 - INFO - backend.bots.workbot.work_bot.WorkBot - (work_bot.py:146) - [Order Update] Initiating update protocol for Easthill / Sysco / 20251128.
2025-11-30 08:04:42,677 - INFO - backend.adapters.files.generic_file_adapter.GenericFileAdapter - (generic_file_adapter.py:105) - Skipping unreadable file C:\Users\andrew\Desktop\Andrew\Projects\IthacaBakery\RandomStuff\WorkBot\refactor-experimental\data\orders\Sysco\Sysco_Easthill_20251128.pdf: 'pdf'
2025-11-30 08:04:42,699 - INFO - backend.app.services.order_service.CheckAndUpdateOrder - (order_service.py:230) - [Order Update] Unchanged - skip overwrite.
2025-11-30 08:04:42,699 - INFO - backend.bots.workbot.work_bot.WorkBot - (work_bot.py:88) - Easthill's order for Sysco is already up-to-date...skipping.
2025-11-30 08:04:42,700 - INFO - backend.adapters.downloads.local_download_manager.LocalDownloadManager - (local_download_manager.py:73) - [DownloadManager] Cleaned up C:\Users\andrew\Desktop\Andrew\Projects\IthacaBakery\RandomStuff\WorkBot\refactor-experimental\data\downloads\sessions\f63d7205-a36d-49c2-9e5c-1ea8c18d4fb5
2025-11-30 08:04:42,700 - INFO - backend.bots.workbot.work_bot.WorkBot - (work_bot.py:146) - [Order Update] Initiating update protocol for Easthill / Performance Food / 20251128.
2025-11-30 08:04:42,712 - INFO - backend.adapters.files.generic_file_adapter.GenericFileAdapter - (generic_file_adapter.py:105) - Skipping unreadable file C:\Users\andrew\Desktop\Andrew\Projects\IthacaBakery\RandomStuff\WorkBot\refactor-experimental\data\orders\Performance Food\Performance Food_Easthill_20251128.pdf: 'pdf'
2025-11-30 08:04:42,725 - INFO - backend.app.services.order_service.CheckAndUpdateOrder - (order_service.py:230) - [Order Update] Unchanged - skip overwrite.
2025-11-30 08:04:42,725 - INFO - backend.bots.workbot.work_bot.WorkBot - (work_bot.py:88) - Easthill's order for Performance Food is already up-to-date...skipping.
2025-11-30 08:04:42,726 - INFO - backend.adapters.downloads.local_download_manager.LocalDownloadManager - (local_download_manager.py:73) - [DownloadManager] Cleaned up C:\Users\andrew\Desktop\Andrew\Projects\IthacaBakery\RandomStuff\WorkBot\refactor-experimental\data\downloads\sessions\e2e2ba07-a3c9-442c-9234-713ed9d179fe
2025-11-30 08:04:42,726 - INFO - backend.bots.workbot.work_bot.WorkBot - (work_bot.py:146) - [Order Update] Initiating update protocol for Easthill / FingerLakes Farms / 20251128.
2025-11-30 08:04:42,733 - INFO - backend.adapters.files.generic_file_adapter.GenericFileAdapter - (generic_file_adapter.py:105) - Skipping unreadable file C:\Users\andrew\Desktop\Andrew\Projects\IthacaBakery\RandomStuff\WorkBot\refactor-experimental\data\orders\FingerLakes Farms\FingerLakes Farms_Easthill_20251128.pdf: 'pdf'
2025-11-30 08:04:42,751 - INFO - backend.app.services.order_service.CheckAndUpdateOrder - (order_service.py:230) - [Order Update] Unchanged - skip overwrite.
2025-11-30 08:04:42,752 - INFO - backend.bots.workbot.work_bot.WorkBot - (work_bot.py:88) - Easthill's order for FingerLakes Farms is already up-to-date...skipping.
2025-11-30 08:04:42,752 - INFO - backend.adapters.downloads.local_download_manager.LocalDownloadManager - (local_download_manager.py:73) - [DownloadManager] Cleaned up C:\Users\andrew\Desktop\Andrew\Projects\IthacaBakery\RandomStuff\WorkBot\refactor-experimental\data\downloads\sessions\3267c344-bfc2-44a6-8763-7d8929b7b52a
2025-11-30 08:04:42,753 - INFO - backend.bots.workbot.work_bot.WorkBot - (work_bot.py:146) - [Order Update] Initiating update protocol for Easthill / Peters Supply / 20251128.
2025-11-30 08:04:42,765 - INFO - backend.adapters.files.generic_file_adapter.GenericFileAdapter - (generic_file_adapter.py:105) - Skipping unreadable file C:\Users\andrew\Desktop\Andrew\Projects\IthacaBakery\RandomStuff\WorkBot\refactor-experimental\data\orders\Peters Supply\Peters Supply_Easthill_20251128.pdf: 'pdf'
2025-11-30 08:04:42,789 - INFO - backend.app.services.order_service.CheckAndUpdateOrder - (order_service.py:230) - [Order Update] Unchanged - skip overwrite.
2025-11-30 08:04:42,789 - INFO - backend.bots.workbot.work_bot.WorkBot - (work_bot.py:88) - Easthill's order for Peters Supply is already up-to-date...skipping.
2025-11-30 08:04:42,790 - INFO - backend.adapters.downloads.local_download_manager.LocalDownloadManager - (local_download_manager.py:73) - [DownloadManager] Cleaned up C:\Users\andrew\Desktop\Andrew\Projects\IthacaBakery\RandomStuff\WorkBot\refactor-experimental\data\downloads\sessions\fcc65172-28b2-419e-b8f0-69f819ee46b5
2025-11-30 08:04:42,790 - INFO - backend.bots.workbot.work_bot.WorkBot - (work_bot.py:146) - [Order Update] Initiating update protocol for Easthill / Regional Distributors, Inc. / 20251128.
2025-11-30 08:04:42,804 - INFO - backend.adapters.files.generic_file_adapter.GenericFileAdapter - (generic_file_adapter.py:105) - Skipping unreadable file C:\Users\andrew\Desktop\Andrew\Projects\IthacaBakery\RandomStuff\WorkBot\refactor-experimental\data\orders\Regional Distributors, Inc\Regional Distributors, Inc._Easthill_20251122.pdf: 'pdf'
2025-11-30 08:04:42,821 - INFO - backend.adapters.files.generic_file_adapter.GenericFileAdapter - (generic_file_adapter.py:105) - Skipping unreadable file C:\Users\andrew\Desktop\Andrew\Projects\IthacaBakery\RandomStuff\WorkBot\refactor-experimental\data\orders\Regional Distributors, Inc\Regional Distributors, Inc._Easthill_20251128.pdf: 'pdf'
2025-11-30 08:04:42,832 - INFO - backend.app.services.order_service.CheckAndUpdateOrder - (order_service.py:230) - [Order Update] Changed - overwrite needed.
2025-11-30 08:04:42,832 - INFO - backend.app.services.order_service.SaveOrder - (order_service.py:100) - Saving order Regional Distributors, Inc. / Easthill / 20251128
2025-11-30 08:04:42,857 - INFO - backend.bots.workbot.work_bot.WorkBot - (work_bot.py:109) - [PDF] Ingested: Order.pdf for Easthill/Regional Distributors, Inc.
2025-11-30 08:04:42,858 - INFO - backend.adapters.downloads.local_download_manager.LocalDownloadManager - (local_download_manager.py:73) - [DownloadManager] Cleaned up C:\Users\andrew\Desktop\Andrew\Projects\IthacaBakery\RandomStuff\WorkBot\refactor-experimental\data\downloads\sessions\a080e4cf-0db5-4338-a506-7f0aa918a123
2025-11-30 08:04:42,858 - INFO - backend.bots.workbot.work_bot.WorkBot - (work_bot.py:146) - [Order Update] Initiating update protocol for Easthill / Coca-Cola / 20251128.
2025-11-30 08:04:42,863 - INFO - backend.adapters.files.generic_file_adapter.GenericFileAdapter - (generic_file_adapter.py:105) - Skipping unreadable file C:\Users\andrew\Desktop\Andrew\Projects\IthacaBakery\RandomStuff\WorkBot\refactor-experimental\data\orders\Coca-Cola\Coca-Cola_Easthill_20251128.pdf: 'pdf'
2025-11-30 08:04:42,885 - INFO - backend.app.services.order_service.CheckAndUpdateOrder - (order_service.py:230) - [Order Update] Unchanged - skip overwrite.
2025-11-30 08:04:42,885 - INFO - backend.bots.workbot.work_bot.WorkBot - (work_bot.py:88) - Easthill's order for Coca-Cola is already up-to-date...skipping.
2025-11-30 08:04:42,886 - INFO - backend.adapters.downloads.local_download_manager.LocalDownloadManager - (local_download_manager.py:73) - [DownloadManager] Cleaned up C:\Users\andrew\Desktop\Andrew\Projects\IthacaBakery\RandomStuff\WorkBot\refactor-experimental\data\downloads\sessions\39de15d0-c3c0-4de8-bd72-153864e55c7a
2025-11-30 08:04:42,887 - INFO - backend.bots.workbot.work_bot.WorkBot - (work_bot.py:146) - [Order Update] Initiating update protocol for Easthill / Hillcrest Foods / 20251128.
2025-11-30 08:04:42,898 - INFO - backend.adapters.files.generic_file_adapter.GenericFileAdapter - (generic_file_adapter.py:105) - Skipping unreadable file C:\Users\andrew\Desktop\Andrew\Projects\IthacaBakery\RandomStuff\WorkBot\refactor-experimental\data\orders\Hillcrest Foods\Hillcrest Foods_Easthill_20251128.pdf: 'pdf'
2025-11-30 08:04:42,913 - INFO - backend.app.services.order_service.CheckAndUpdateOrder - (order_service.py:230) - [Order Update] Unchanged - skip overwrite.
2025-11-30 08:04:42,913 - INFO - backend.bots.workbot.work_bot.WorkBot - (work_bot.py:88) - Easthill's order for Hillcrest Foods is already up-to-date...skipping.
2025-11-30 08:04:42,914 - INFO - backend.adapters.downloads.local_download_manager.LocalDownloadManager - (local_download_manager.py:73) - [DownloadManager] Cleaned up C:\Users\andrew\Desktop\Andrew\Projects\IthacaBakery\RandomStuff\WorkBot\refactor-experimental\data\downloads\sessions\5750fefd-f043-4e72-afa7-f158c79193e8
2025-11-30 08:04:42,914 - INFO - backend.bots.workbot.work_bot.WorkBot - (work_bot.py:146) - [Order Update] Initiating update protocol for Easthill / Copper Horse Coffee / 20251128.
2025-11-30 08:04:42,919 - INFO - backend.adapters.files.generic_file_adapter.GenericFileAdapter - (generic_file_adapter.py:105) - Skipping unreadable file C:\Users\andrew\Desktop\Andrew\Projects\IthacaBakery\RandomStuff\WorkBot\refactor-experimental\data\orders\Copper Horse Coffee\Copper Horse Coffee_Easthill_20251128.pdf: 'pdf'
2025-11-30 08:04:42,938 - INFO - backend.app.services.order_service.CheckAndUpdateOrder - (order_service.py:230) - [Order Update] Changed - overwrite needed.
2025-11-30 08:04:42,939 - INFO - backend.app.services.order_service.SaveOrder - (order_service.py:100) - Saving order Copper Horse Coffee / Easthill / 20251128
2025-11-30 08:04:42,960 - INFO - backend.bots.workbot.work_bot.WorkBot - (work_bot.py:109) - [PDF] Ingested: Order.pdf for Easthill/Copper Horse Coffee
2025-11-30 08:04:42,961 - INFO - backend.adapters.downloads.local_download_manager.LocalDownloadManager - (local_download_manager.py:73) - [DownloadManager] Cleaned up C:\Users\andrew\Desktop\Andrew\Projects\IthacaBakery\RandomStuff\WorkBot\refactor-experimental\data\downloads\sessions\390b84dd-e6ea-4aa3-bb10-985e3e75e4b2
2025-11-30 08:04:42,961 - INFO - backend.bots.workbot.work_bot.WorkBot - (work_bot.py:146) - [Order Update] Initiating update protocol for Easthill / Hill & Markes / 20251128.
2025-11-30 08:04:42,968 - INFO - backend.adapters.files.generic_file_adapter.GenericFileAdapter - (generic_file_adapter.py:105) - Skipping unreadable file C:\Users\andrew\Desktop\Andrew\Projects\IthacaBakery\RandomStuff\WorkBot\refactor-experimental\data\orders\Hill & Markes\Hill & Markes_Easthill_20251128.pdf: 'pdf'
2025-11-30 08:04:42,995 - INFO - backend.app.services.order_service.CheckAndUpdateOrder - (order_service.py:230) - [Order Update] Unchanged - skip overwrite.
2025-11-30 08:04:42,995 - INFO - backend.bots.workbot.work_bot.WorkBot - (work_bot.py:88) - Easthill's order for Hill & Markes is already up-to-date...skipping.
2025-11-30 08:04:42,996 - INFO - backend.adapters.downloads.local_download_manager.LocalDownloadManager - (local_download_manager.py:73) - [DownloadManager] Cleaned up C:\Users\andrew\Desktop\Andrew\Projects\IthacaBakery\RandomStuff\WorkBot\refactor-experimental\data\downloads\sessions\dbaadd3d-4167-4ef6-bdc4-026bbb68a455
2025-11-30 08:04:42,996 - INFO - backend.bots.workbot.work_bot.WorkBot - (work_bot.py:146) - [Order Update] Initiating update protocol for Easthill / Equal Exchange / 20251128.
2025-11-30 08:04:43,002 - INFO - backend.adapters.files.generic_file_adapter.GenericFileAdapter - (generic_file_adapter.py:105) - Skipping unreadable file C:\Users\andrew\Desktop\Andrew\Projects\IthacaBakery\RandomStuff\WorkBot\refactor-experimental\data\orders\Equal Exchange\Equal Exchange_Easthill_20251128.pdf: 'pdf'
2025-11-30 08:04:43,020 - INFO - backend.app.services.order_service.CheckAndUpdateOrder - (order_service.py:230) - [Order Update] Unchanged - skip overwrite.
2025-11-30 08:04:43,020 - INFO - backend.bots.workbot.work_bot.WorkBot - (work_bot.py:88) - Easthill's order for Equal Exchange is already up-to-date...skipping.
2025-11-30 08:04:43,021 - INFO - backend.adapters.downloads.local_download_manager.LocalDownloadManager - (local_download_manager.py:73) - [DownloadManager] Cleaned up C:\Users\andrew\Desktop\Andrew\Projects\IthacaBakery\RandomStuff\WorkBot\refactor-experimental\data\downloads\sessions\cce0d91a-9e48-4a3f-b108-e0fcb7c0ba41
2025-11-30 08:04:43,021 - INFO - backend.bots.workbot.work_bot.WorkBot - (work_bot.py:146) - [Order Update] Initiating update protocol for Easthill / UNFI / 20251128.
2025-11-30 08:04:43,036 - INFO - backend.adapters.files.generic_file_adapter.GenericFileAdapter - (generic_file_adapter.py:105) - Skipping unreadable file C:\Users\andrew\Desktop\Andrew\Projects\IthacaBakery\RandomStuff\WorkBot\refactor-experimental\data\orders\UNFI\UNFI_Easthill_20251128.pdf: 'pdf'
2025-11-30 08:04:43,044 - INFO - backend.app.services.order_service.CheckAndUpdateOrder - (order_service.py:230) - [Order Update] Unchanged - skip overwrite.
2025-11-30 08:04:43,045 - INFO - backend.bots.workbot.work_bot.WorkBot - (work_bot.py:88) - Easthill's order for UNFI is already up-to-date...skipping.
2025-11-30 08:04:43,045 - INFO - backend.adapters.downloads.local_download_manager.LocalDownloadManager - (local_download_manager.py:73) - [DownloadManager] Cleaned up C:\Users\andrew\Desktop\Andrew\Projects\IthacaBakery\RandomStuff\WorkBot\refactor-experimental\data\downloads\sessions\95ce124b-c387-4e86-9f7a-8fa4e7a18e35
2025-11-30 08:04:43,045 - INFO - backend.bots.workbot.work_bot.WorkBot - (work_bot.py:146) - [Order Update] Initiating update protocol for Easthill / Hillcrest Dairy / 20251128.
2025-11-30 08:04:43,053 - INFO - backend.adapters.files.generic_file_adapter.GenericFileAdapter - (generic_file_adapter.py:105) - Skipping unreadable file C:\Users\andrew\Desktop\Andrew\Projects\IthacaBakery\RandomStuff\WorkBot\refactor-experimental\data\orders\Hillcrest Dairy\Hillcrest Dairy_Easthill_20251128.pdf: 'pdf'
2025-11-30 08:04:43,070 - INFO - backend.app.services.order_service.CheckAndUpdateOrder - (order_service.py:230) - [Order Update] Unchanged - skip overwrite.
2025-11-30 08:04:43,070 - INFO - backend.bots.workbot.work_bot.WorkBot - (work_bot.py:88) - Easthill's order for Hillcrest Dairy is already up-to-date...skipping.
2025-11-30 08:04:43,071 - INFO - backend.adapters.downloads.local_download_manager.LocalDownloadManager - (local_download_manager.py:73) - [DownloadManager] Cleaned up C:\Users\andrew\Desktop\Andrew\Projects\IthacaBakery\RandomStuff\WorkBot\refactor-experimental\data\downloads\sessions\3c8df1f4-b3af-4055-bc87-2a613b5f81b7
2025-11-30 08:04:43,071 - INFO - backend.bots.workbot.work_bot.WorkBot - (work_bot.py:146) - [Order Update] Initiating update protocol for Easthill / Coffee Depot LLC / 20251128.
2025-11-30 08:04:43,074 - INFO - backend.adapters.files.generic_file_adapter.GenericFileAdapter - (generic_file_adapter.py:105) - Skipping unreadable file C:\Users\andrew\Desktop\Andrew\Projects\IthacaBakery\RandomStuff\WorkBot\refactor-experimental\data\orders\Coffee Depot LLC\Coffee Depot LLC_Easthill_20251128.pdf: 'pdf'
2025-11-30 08:04:43,094 - INFO - backend.app.services.order_service.CheckAndUpdateOrder - (order_service.py:230) - [Order Update] Changed - overwrite needed.
2025-11-30 08:04:43,094 - INFO - backend.app.services.order_service.SaveOrder - (order_service.py:100) - Saving order Coffee Depot LLC / Easthill / 20251128
2025-11-30 08:04:43,117 - INFO - backend.bots.workbot.work_bot.WorkBot - (work_bot.py:109) - [PDF] Ingested: Order.pdf for Easthill/Coffee Depot LLC
2025-11-30 08:04:43,117 - INFO - backend.adapters.downloads.local_download_manager.LocalDownloadManager - (local_download_manager.py:73) - [DownloadManager] Cleaned up C:\Users\andrew\Desktop\Andrew\Projects\IthacaBakery\RandomStuff\WorkBot\refactor-experimental\data\downloads\sessions\82b3ad02-c626-46d2-85f5-60c386e82996
2025-11-30 08:04:43,118 - INFO - backend.bots.workbot.work_bot.WorkBot - (work_bot.py:146) - [Order Update] Initiating update protocol for Easthill / DUTCH VALLEY FOOD DIST / 20251128.
2025-11-30 08:04:43,124 - INFO - backend.adapters.files.generic_file_adapter.GenericFileAdapter - (generic_file_adapter.py:105) - Skipping unreadable file C:\Users\andrew\Desktop\Andrew\Projects\IthacaBakery\RandomStuff\WorkBot\refactor-experimental\data\orders\DUTCH VALLEY FOOD DIST\DUTCH VALLEY FOOD DIST_Easthill_20251128.pdf: 'pdf'
2025-11-30 08:04:43,142 - INFO - backend.app.services.order_service.CheckAndUpdateOrder - (order_service.py:230) - [Order Update] Unchanged - skip overwrite.
2025-11-30 08:04:43,142 - INFO - backend.bots.workbot.work_bot.WorkBot - (work_bot.py:88) - Easthill's order for DUTCH VALLEY FOOD DIST is already up-to-date...skipping.
2025-11-30 08:04:43,143 - INFO - backend.adapters.downloads.local_download_manager.LocalDownloadManager - (local_download_manager.py:73) - [DownloadManager] Cleaned up C:\Users\andrew\Desktop\Andrew\Projects\IthacaBakery\RandomStuff\WorkBot\refactor-experimental\data\downloads\sessions\ccf4a8f7-1b81-47ba-953a-8d7be618615a
2025-11-30 08:04:43,143 - INFO - backend.bots.workbot.work_bot.WorkBot - (work_bot.py:146) - [Order Update] Initiating update protocol for Syracuse / Regional Distributors, Inc. / 20251126.
2025-11-30 08:04:43,156 - INFO - backend.adapters.files.generic_file_adapter.GenericFileAdapter - (generic_file_adapter.py:105) - Skipping unreadable file C:\Users\andrew\Desktop\Andrew\Projects\IthacaBakery\RandomStuff\WorkBot\refactor-experimental\data\orders\Regional Distributors, Inc\Regional Distributors, Inc._Syracuse_20251121.pdf: 'pdf'
2025-11-30 08:04:43,172 - INFO - backend.adapters.files.generic_file_adapter.GenericFileAdapter - (generic_file_adapter.py:105) - Skipping unreadable file C:\Users\andrew\Desktop\Andrew\Projects\IthacaBakery\RandomStuff\WorkBot\refactor-experimental\data\orders\Regional Distributors, Inc\Regional Distributors, Inc._Syracuse_20251126.pdf: 'pdf'
2025-11-30 08:04:43,183 - INFO - backend.app.services.order_service.CheckAndUpdateOrder - (order_service.py:230) - [Order Update] Changed - overwrite needed.
2025-11-30 08:04:43,183 - INFO - backend.app.services.order_service.SaveOrder - (order_service.py:100) - Saving order Regional Distributors, Inc. / Syracuse / 20251126
2025-11-30 08:04:43,204 - INFO - backend.bots.workbot.work_bot.WorkBot - (work_bot.py:109) - [PDF] Ingested: Order.pdf for Syracuse/Regional Distributors, Inc.
2025-11-30 08:04:43,205 - INFO - backend.adapters.downloads.local_download_manager.LocalDownloadManager - (local_download_manager.py:73) - [DownloadManager] Cleaned up C:\Users\andrew\Desktop\Andrew\Projects\IthacaBakery\RandomStuff\WorkBot\refactor-experimental\data\downloads\sessions\0378e33a-6a5b-43b0-bc5e-b5c828c0603e
2025-11-30 08:04:43,205 - INFO - backend.bots.workbot.work_bot.WorkBot - (work_bot.py:146) - [Order Update] Initiating update protocol for Syracuse / Ithaca Bakery / 20251126.
2025-11-30 08:04:43,214 - INFO - backend.adapters.files.generic_file_adapter.GenericFileAdapter - (generic_file_adapter.py:105) - Skipping unreadable file C:\Users\andrew\Desktop\Andrew\Projects\IthacaBakery\RandomStuff\WorkBot\refactor-experimental\data\orders\Ithaca Bakery\Ithaca Bakery_Syracuse_20251126.pdf: 'pdf'
2025-11-30 08:04:43,231 - INFO - backend.app.services.order_service.CheckAndUpdateOrder - (order_service.py:230) - [Order Update] Changed - overwrite needed.
2025-11-30 08:04:43,231 - INFO - backend.app.services.order_service.SaveOrder - (order_service.py:100) - Saving order Ithaca Bakery / Syracuse / 20251126
2025-11-30 08:04:43,256 - INFO - backend.bots.workbot.work_bot.WorkBot - (work_bot.py:109) - [PDF] Ingested: Order.pdf for Syracuse/Ithaca Bakery
2025-11-30 08:04:43,256 - INFO - backend.adapters.downloads.local_download_manager.LocalDownloadManager - (local_download_manager.py:73) - [DownloadManager] Cleaned up C:\Users\andrew\Desktop\Andrew\Projects\IthacaBakery\RandomStuff\WorkBot\refactor-experimental\data\downloads\sessions\26527e4c-612f-4c29-90cd-59c7a192e456
2025-11-30 08:04:43,256 - INFO - backend.bots.workbot.work_bot.WorkBot - (work_bot.py:146) - [Order Update] Initiating update protocol for Syracuse / Hill & Markes / 20251126.
2025-11-30 08:04:43,263 - INFO - backend.adapters.files.generic_file_adapter.GenericFileAdapter - (generic_file_adapter.py:105) - Skipping unreadable file C:\Users\andrew\Desktop\Andrew\Projects\IthacaBakery\RandomStuff\WorkBot\refactor-experimental\data\orders\Hill & Markes\Hill & Markes_Syracuse_20251126.pdf: 'pdf'
2025-11-30 08:04:43,280 - INFO - backend.app.services.order_service.CheckAndUpdateOrder - (order_service.py:230) - [Order Update] Unchanged - skip overwrite.
2025-11-30 08:04:43,280 - INFO - backend.bots.workbot.work_bot.WorkBot - (work_bot.py:88) - Syracuse's order for Hill & Markes is already up-to-date...skipping.
2025-11-30 08:04:43,281 - INFO - backend.adapters.downloads.local_download_manager.LocalDownloadManager - (local_download_manager.py:73) - [DownloadManager] Cleaned up C:\Users\andrew\Desktop\Andrew\Projects\IthacaBakery\RandomStuff\WorkBot\refactor-experimental\data\downloads\sessions\360c75ec-a852-4ae7-b054-fab6698c6947
2025-11-30 08:04:43,281 - INFO - backend.bots.workbot.work_bot.WorkBot - (work_bot.py:146) - [Order Update] Initiating update protocol for Syracuse / Performance Food / 20251126.
2025-11-30 08:04:43,292 - INFO - backend.adapters.files.generic_file_adapter.GenericFileAdapter - (generic_file_adapter.py:105) - Skipping unreadable file C:\Users\andrew\Desktop\Andrew\Projects\IthacaBakery\RandomStuff\WorkBot\refactor-experimental\data\orders\Performance Food\Performance Food_Syracuse_20251126.pdf: 'pdf'
2025-11-30 08:04:43,306 - INFO - backend.app.services.order_service.CheckAndUpdateOrder - (order_service.py:230) - [Order Update] Unchanged - skip overwrite.
2025-11-30 08:04:43,306 - INFO - backend.bots.workbot.work_bot.WorkBot - (work_bot.py:88) - Syracuse's order for Performance Food is already up-to-date...skipping.
2025-11-30 08:04:43,307 - INFO - backend.adapters.downloads.local_download_manager.LocalDownloadManager - (local_download_manager.py:73) - [DownloadManager] Cleaned up C:\Users\andrew\Desktop\Andrew\Projects\IthacaBakery\RandomStuff\WorkBot\refactor-experimental\data\downloads\sessions\307dc36c-ac20-41d7-98f9-0e5c5632d6ba
2025-11-30 08:04:43,307 - INFO - backend.bots.workbot.work_bot.WorkBot - (work_bot.py:146) - [Order Update] Initiating update protocol for Syracuse / Johnston Paper / 20251126.
2025-11-30 08:04:43,316 - INFO - backend.adapters.files.generic_file_adapter.GenericFileAdapter - (generic_file_adapter.py:105) - Skipping unreadable file C:\Users\andrew\Desktop\Andrew\Projects\IthacaBakery\RandomStuff\WorkBot\refactor-experimental\data\orders\Johnston Paper\Johnston Paper_Syracuse_20251126.pdf: 'pdf'
2025-11-30 08:04:43,330 - INFO - backend.app.services.order_service.CheckAndUpdateOrder - (order_service.py:230) - [Order Update] Unchanged - skip overwrite.
2025-11-30 08:04:43,330 - INFO - backend.bots.workbot.work_bot.WorkBot - (work_bot.py:88) - Syracuse's order for Johnston Paper is already up-to-date...skipping.
2025-11-30 08:04:43,331 - INFO - backend.adapters.downloads.local_download_manager.LocalDownloadManager - (local_download_manager.py:73) - [DownloadManager] Cleaned up C:\Users\andrew\Desktop\Andrew\Projects\IthacaBakery\RandomStuff\WorkBot\refactor-experimental\data\downloads\sessions\1cbcb57a-c865-4457-b959-79cc1cad0a30
2025-11-30 08:04:43,331 - INFO - backend.bots.workbot.work_bot.WorkBot - (work_bot.py:146) - [Order Update] Initiating update protocol for Syracuse / UNFI / 20251126.
2025-11-30 08:04:43,346 - INFO - backend.adapters.files.generic_file_adapter.GenericFileAdapter - (generic_file_adapter.py:105) - Skipping unreadable file C:\Users\andrew\Desktop\Andrew\Projects\IthacaBakery\RandomStuff\WorkBot\refactor-experimental\data\orders\UNFI\UNFI_Syracuse_20251126.pdf: 'pdf'
2025-11-30 08:04:43,355 - INFO - backend.app.services.order_service.CheckAndUpdateOrder - (order_service.py:230) - [Order Update] Unchanged - skip overwrite.
2025-11-30 08:04:43,355 - INFO - backend.bots.workbot.work_bot.WorkBot - (work_bot.py:88) - Syracuse's order for UNFI is already up-to-date...skipping.
2025-11-30 08:04:43,356 - INFO - backend.adapters.downloads.local_download_manager.LocalDownloadManager - (local_download_manager.py:73) - [DownloadManager] Cleaned up C:\Users\andrew\Desktop\Andrew\Projects\IthacaBakery\RandomStuff\WorkBot\refactor-experimental\data\downloads\sessions\f50619fa-6f2a-4325-a4fc-e45e977ae0c7
2025-11-30 08:04:43,356 - INFO - backend.bots.workbot.work_bot.WorkBot - (work_bot.py:146) - [Order Update] Initiating update protocol for Syracuse / US Foods / 20251126.
2025-11-30 08:04:43,372 - INFO - backend.adapters.files.generic_file_adapter.GenericFileAdapter - (generic_file_adapter.py:105) - Skipping unreadable file C:\Users\andrew\Desktop\Andrew\Projects\IthacaBakery\RandomStuff\WorkBot\refactor-experimental\data\orders\US Foods\US Foods_Syracuse_20251126.pdf: 'pdf'
2025-11-30 08:04:43,380 - INFO - backend.app.services.order_service.CheckAndUpdateOrder - (order_service.py:230) - [Order Update] Unchanged - skip overwrite.
2025-11-30 08:04:43,380 - INFO - backend.bots.workbot.work_bot.WorkBot - (work_bot.py:88) - Syracuse's order for US Foods is already up-to-date...skipping.
2025-11-30 08:04:43,380 - INFO - backend.adapters.downloads.local_download_manager.LocalDownloadManager - (local_download_manager.py:73) - [DownloadManager] Cleaned up C:\Users\andrew\Desktop\Andrew\Projects\IthacaBakery\RandomStuff\WorkBot\refactor-experimental\data\downloads\sessions\e4d759a5-c56e-4774-a952-28c3b5745957
2025-11-30 08:04:43,381 - INFO - backend.bots.workbot.work_bot.WorkBot - (work_bot.py:146) - [Order Update] Initiating update protocol for Syracuse / Coca-Cola / 20251126.
2025-11-30 08:04:43,384 - INFO - backend.adapters.files.generic_file_adapter.GenericFileAdapter - (generic_file_adapter.py:105) - Skipping unreadable file C:\Users\andrew\Desktop\Andrew\Projects\IthacaBakery\RandomStuff\WorkBot\refactor-experimental\data\orders\Coca-Cola\Coca-Cola_Syracuse_20251126.pdf: 'pdf'
2025-11-30 08:04:43,406 - INFO - backend.app.services.order_service.CheckAndUpdateOrder - (order_service.py:230) - [Order Update] Unchanged - skip overwrite.
2025-11-30 08:04:43,406 - INFO - backend.bots.workbot.work_bot.WorkBot - (work_bot.py:88) - Syracuse's order for Coca-Cola is already up-to-date...skipping.
2025-11-30 08:04:43,407 - INFO - backend.adapters.downloads.local_download_manager.LocalDownloadManager - (local_download_manager.py:73) - [DownloadManager] Cleaned up C:\Users\andrew\Desktop\Andrew\Projects\IthacaBakery\RandomStuff\WorkBot\refactor-experimental\data\downloads\sessions\48275fb5-95c3-4a95-b27a-a28c3cba66bc
2025-11-30 08:04:43,407 - INFO - backend.bots.workbot.work_bot.WorkBot - (work_bot.py:146) - [Order Update] Initiating update protocol for Syracuse / Hillcrest Dairy / 20251126.
2025-11-30 08:04:43,415 - INFO - backend.adapters.files.generic_file_adapter.GenericFileAdapter - (generic_file_adapter.py:105) - Skipping unreadable file C:\Users\andrew\Desktop\Andrew\Projects\IthacaBakery\RandomStuff\WorkBot\refactor-experimental\data\orders\Hillcrest Dairy\Hillcrest Dairy_Syracuse_20251126.pdf: 'pdf'
2025-11-30 08:04:43,431 - INFO - backend.app.services.order_service.CheckAndUpdateOrder - (order_service.py:230) - [Order Update] Unchanged - skip overwrite.
2025-11-30 08:04:43,431 - INFO - backend.bots.workbot.work_bot.WorkBot - (work_bot.py:88) - Syracuse's order for Hillcrest Dairy is already up-to-date...skipping.
2025-11-30 08:04:43,432 - INFO - backend.adapters.downloads.local_download_manager.LocalDownloadManager - (local_download_manager.py:73) - [DownloadManager] Cleaned up C:\Users\andrew\Desktop\Andrew\Projects\IthacaBakery\RandomStuff\WorkBot\refactor-experimental\data\downloads\sessions\5c08b36e-f511-448c-840c-8af2b76b1305
2025-11-30 08:04:43,432 - INFO - backend.bots.workbot.work_bot.WorkBot - (work_bot.py:146) - [Order Update] Initiating update protocol for Syracuse / Sysco / 20251126.
2025-11-30 08:04:43,447 - INFO - backend.adapters.files.generic_file_adapter.GenericFileAdapter - (generic_file_adapter.py:105) - Skipping unreadable file C:\Users\andrew\Desktop\Andrew\Projects\IthacaBakery\RandomStuff\WorkBot\refactor-experimental\data\orders\Sysco\Sysco_Syracuse_20251126.pdf: 'pdf'
2025-11-30 08:04:43,456 - INFO - backend.app.services.order_service.CheckAndUpdateOrder - (order_service.py:230) - [Order Update] Unchanged - skip overwrite.
2025-11-30 08:04:43,456 - INFO - backend.bots.workbot.work_bot.WorkBot - (work_bot.py:88) - Syracuse's order for Sysco is already up-to-date...skipping.
2025-11-30 08:04:43,457 - INFO - backend.adapters.downloads.local_download_manager.LocalDownloadManager - (local_download_manager.py:73) - [DownloadManager] Cleaned up C:\Users\andrew\Desktop\Andrew\Projects\IthacaBakery\RandomStuff\WorkBot\refactor-experimental\data\downloads\sessions\bcfc461a-6bf6-4769-9c81-61e35280813d
2025-11-30 08:04:43,457 - INFO - backend.bots.workbot.work_bot.WorkBot - (work_bot.py:146) - [Order Update] Initiating update protocol for Syracuse / Equal Exchange / 20251126.
2025-11-30 08:04:43,462 - INFO - backend.adapters.files.generic_file_adapter.GenericFileAdapter - (generic_file_adapter.py:105) - Skipping unreadable file C:\Users\andrew\Desktop\Andrew\Projects\IthacaBakery\RandomStuff\WorkBot\refactor-experimental\data\orders\Equal Exchange\Equal Exchange_Syracuse_20251126.pdf: 'pdf'
2025-11-30 08:04:43,494 - INFO - backend.app.services.order_service.CheckAndUpdateOrder - (order_service.py:230) - [Order Update] Unchanged - skip overwrite.
2025-11-30 08:04:43,494 - INFO - backend.bots.workbot.work_bot.WorkBot - (work_bot.py:88) - Syracuse's order for Equal Exchange is already up-to-date...skipping.
2025-11-30 08:04:43,495 - INFO - backend.adapters.downloads.local_download_manager.LocalDownloadManager - (local_download_manager.py:73) - [DownloadManager] Cleaned up C:\Users\andrew\Desktop\Andrew\Projects\IthacaBakery\RandomStuff\WorkBot\refactor-experimental\data\downloads\sessions\35ff3d5c-8e9a-4e96-9f86-5e6e9d78bcdc
2025-11-30 08:04:43,495 - INFO - backend.bots.workbot.work_bot.WorkBot - (work_bot.py:146) - [Order Update] Initiating update protocol for Syracuse / Odeko In. / 20251126.
2025-11-30 08:04:43,506 - INFO - backend.adapters.files.generic_file_adapter.GenericFileAdapter - (generic_file_adapter.py:105) - Skipping unreadable file C:\Users\andrew\Desktop\Andrew\Projects\IthacaBakery\RandomStuff\WorkBot\refactor-experimental\data\orders\Odeko In\Odeko In._Syracuse_20251126.pdf: 'pdf'
2025-11-30 08:04:43,519 - INFO - backend.app.services.order_service.CheckAndUpdateOrder - (order_service.py:230) - [Order Update] Changed - overwrite needed.
2025-11-30 08:04:43,519 - INFO - backend.app.services.order_service.SaveOrder - (order_service.py:100) - Saving order Odeko In. / Syracuse / 20251126
2025-11-30 08:04:43,540 - INFO - backend.bots.workbot.work_bot.WorkBot - (work_bot.py:109) - [PDF] Ingested: Order.pdf for Syracuse/Odeko In.
2025-11-30 08:04:43,541 - INFO - backend.adapters.downloads.local_download_manager.LocalDownloadManager - (local_download_manager.py:73) - [DownloadManager] Cleaned up C:\Users\andrew\Desktop\Andrew\Projects\IthacaBakery\RandomStuff\WorkBot\refactor-experimental\data\downloads\sessions\9d98d3c2-ca41-488f-bfe5-5801edce928f
2025-11-30 08:04:43,541 - INFO - backend.bots.workbot.work_bot.WorkBot - (work_bot.py:146) - [Order Update] Initiating update protocol for Syracuse / Coffee Depot LLC / 20251126.
2025-11-30 08:04:43,545 - INFO - backend.adapters.files.generic_file_adapter.GenericFileAdapter - (generic_file_adapter.py:105) - Skipping unreadable file C:\Users\andrew\Desktop\Andrew\Projects\IthacaBakery\RandomStuff\WorkBot\refactor-experimental\data\orders\Coffee Depot LLC\Coffee Depot LLC_Syracuse_20251126.pdf: 'pdf'
2025-11-30 08:04:43,564 - INFO - backend.app.services.order_service.CheckAndUpdateOrder - (order_service.py:230) - [Order Update] Changed - overwrite needed.
2025-11-30 08:04:43,564 - INFO - backend.app.services.order_service.SaveOrder - (order_service.py:100) - Saving order Coffee Depot LLC / Syracuse / 20251126
2025-11-30 08:04:43,585 - INFO - backend.bots.workbot.work_bot.WorkBot - (work_bot.py:109) - [PDF] Ingested: Order.pdf for Syracuse/Coffee Depot LLC
2025-11-30 08:04:43,586 - INFO - backend.adapters.downloads.local_download_manager.LocalDownloadManager - (local_download_manager.py:73) - [DownloadManager] Cleaned up C:\Users\andrew\Desktop\Andrew\Projects\IthacaBakery\RandomStuff\WorkBot\refactor-experimental\data\downloads\sessions\67f4ced7-b819-4107-89e1-028c46328440
2025-11-30 08:04:43,586 - INFO - backend.bots.workbot.work_bot.WorkBot - (work_bot.py:146) - [Order Update] Initiating update protocol for Syracuse / Pepsi / 20251126.
2025-11-30 08:04:43,596 - INFO - backend.adapters.files.generic_file_adapter.GenericFileAdapter - (generic_file_adapter.py:105) - Skipping unreadable file C:\Users\andrew\Desktop\Andrew\Projects\IthacaBakery\RandomStuff\WorkBot\refactor-experimental\data\orders\Pepsi\Pepsi_Syracuse_20251126.pdf: 'pdf'
2025-11-30 08:04:43,621 - INFO - backend.app.services.order_service.CheckAndUpdateOrder - (order_service.py:230) - [Order Update] Changed - overwrite needed.
2025-11-30 08:04:43,621 - INFO - backend.app.services.order_service.SaveOrder - (order_service.py:100) - Saving order Pepsi / Syracuse / 20251126
2025-11-30 08:04:43,643 - INFO - backend.bots.workbot.work_bot.WorkBot - (work_bot.py:109) - [PDF] Ingested: Order.pdf for Syracuse/Pepsi
2025-11-30 08:04:43,643 - INFO - backend.adapters.downloads.local_download_manager.LocalDownloadManager - (local_download_manager.py:73) - [DownloadManager] Cleaned up C:\Users\andrew\Desktop\Andrew\Projects\IthacaBakery\RandomStuff\WorkBot\refactor-experimental\data\downloads\sessions\7dfb6cdb-a048-4051-9096-2e60b14cc84a
2025-11-30 08:04:43,643 - INFO - backend.bots.workbot.work_bot.WorkBot - (work_bot.py:146) - [Order Update] Initiating update protocol for Syracuse / DUTCH VALLEY FOOD DIST / 20251126.
2025-11-30 08:04:43,648 - INFO - backend.adapters.files.generic_file_adapter.GenericFileAdapter - (generic_file_adapter.py:105) - Skipping unreadable file C:\Users\andrew\Desktop\Andrew\Projects\IthacaBakery\RandomStuff\WorkBot\refactor-experimental\data\orders\DUTCH VALLEY FOOD DIST\DUTCH VALLEY FOOD DIST_Syracuse_20251126.pdf: 'pdf'
2025-11-30 08:04:43,666 - INFO - backend.app.services.order_service.CheckAndUpdateOrder - (order_service.py:230) - [Order Update] Unchanged - skip overwrite.
2025-11-30 08:04:43,667 - INFO - backend.bots.workbot.work_bot.WorkBot - (work_bot.py:88) - Syracuse's order for DUTCH VALLEY FOOD DIST is already up-to-date...skipping.
2025-11-30 08:04:43,667 - INFO - backend.adapters.downloads.local_download_manager.LocalDownloadManager - (local_download_manager.py:73) - [DownloadManager] Cleaned up C:\Users\andrew\Desktop\Andrew\Projects\IthacaBakery\RandomStuff\WorkBot\refactor-experimental\data\downloads\sessions\2d3a7316-b843-45b7-8125-05f3cfa52c08
2025-11-30 08:04:43,667 - INFO - backend.bots.workbot.work_bot.WorkBot - (work_bot.py:146) - [Order Update] Initiating update protocol for Triphammer / Equal Exchange / 20251128.
2025-11-30 08:04:43,674 - INFO - backend.adapters.files.generic_file_adapter.GenericFileAdapter - (generic_file_adapter.py:105) - Skipping unreadable file C:\Users\andrew\Desktop\Andrew\Projects\IthacaBakery\RandomStuff\WorkBot\refactor-experimental\data\orders\Equal Exchange\Equal Exchange_Triphammer_20251128.pdf: 'pdf'
2025-11-30 08:04:43,692 - INFO - backend.app.services.order_service.CheckAndUpdateOrder - (order_service.py:230) - [Order Update] Unchanged - skip overwrite.
2025-11-30 08:04:43,692 - INFO - backend.bots.workbot.work_bot.WorkBot - (work_bot.py:88) - Triphammer's order for Equal Exchange is already up-to-date...skipping.
2025-11-30 08:04:43,693 - INFO - backend.adapters.downloads.local_download_manager.LocalDownloadManager - (local_download_manager.py:73) - [DownloadManager] Cleaned up C:\Users\andrew\Desktop\Andrew\Projects\IthacaBakery\RandomStuff\WorkBot\refactor-experimental\data\downloads\sessions\d5db41b4-0893-4a4f-8ed5-4feaf3e4e8b0
2025-11-30 08:04:43,693 - INFO - backend.bots.workbot.work_bot.WorkBot - (work_bot.py:146) - [Order Update] Initiating update protocol for Triphammer / Performance Food / 20251128.
2025-11-30 08:04:43,704 - INFO - backend.adapters.files.generic_file_adapter.GenericFileAdapter - (generic_file_adapter.py:105) - Skipping unreadable file C:\Users\andrew\Desktop\Andrew\Projects\IthacaBakery\RandomStuff\WorkBot\refactor-experimental\data\orders\Performance Food\Performance Food_Triphammer_20251128.pdf: 'pdf'
2025-11-30 08:04:43,716 - INFO - backend.app.services.order_service.CheckAndUpdateOrder - (order_service.py:230) - [Order Update] Unchanged - skip overwrite.
2025-11-30 08:04:43,717 - INFO - backend.bots.workbot.work_bot.WorkBot - (work_bot.py:88) - Triphammer's order for Performance Food is already up-to-date...skipping.
2025-11-30 08:04:43,717 - INFO - backend.adapters.downloads.local_download_manager.LocalDownloadManager - (local_download_manager.py:73) - [DownloadManager] Cleaned up C:\Users\andrew\Desktop\Andrew\Projects\IthacaBakery\RandomStuff\WorkBot\refactor-experimental\data\downloads\sessions\984d9af1-3a1a-41a3-8006-2c6215cbbdba
2025-11-30 08:04:43,717 - INFO - backend.bots.workbot.work_bot.WorkBot - (work_bot.py:146) - [Order Update] Initiating update protocol for Triphammer / Hill & Markes / 20251128.
2025-11-30 08:04:43,725 - INFO - backend.adapters.files.generic_file_adapter.GenericFileAdapter - (generic_file_adapter.py:105) - Skipping unreadable file C:\Users\andrew\Desktop\Andrew\Projects\IthacaBakery\RandomStuff\WorkBot\refactor-experimental\data\orders\Hill & Markes\Hill & Markes_Triphammer_20251128.pdf: 'pdf'
2025-11-30 08:04:43,742 - INFO - backend.app.services.order_service.CheckAndUpdateOrder - (order_service.py:230) - [Order Update] Unchanged - skip overwrite.
2025-11-30 08:04:43,742 - INFO - backend.bots.workbot.work_bot.WorkBot - (work_bot.py:88) - Triphammer's order for Hill & Markes is already up-to-date...skipping.
2025-11-30 08:04:43,743 - INFO - backend.adapters.downloads.local_download_manager.LocalDownloadManager - (local_download_manager.py:73) - [DownloadManager] Cleaned up C:\Users\andrew\Desktop\Andrew\Projects\IthacaBakery\RandomStuff\WorkBot\refactor-experimental\data\downloads\sessions\1352176e-c83a-4960-b55c-f425f5d84bc8
2025-11-30 08:04:43,743 - INFO - backend.bots.workbot.work_bot.WorkBot - (work_bot.py:146) - [Order Update] Initiating update protocol for Triphammer / Peters Supply / 20251128.
2025-11-30 08:04:43,755 - INFO - backend.adapters.files.generic_file_adapter.GenericFileAdapter - (generic_file_adapter.py:105) - Skipping unreadable file C:\Users\andrew\Desktop\Andrew\Projects\IthacaBakery\RandomStuff\WorkBot\refactor-experimental\data\orders\Peters Supply\Peters Supply_Triphammer_20251128.pdf: 'pdf'
2025-11-30 08:04:43,777 - INFO - backend.app.services.order_service.CheckAndUpdateOrder - (order_service.py:230) - [Order Update] Unchanged - skip overwrite.
2025-11-30 08:04:43,778 - INFO - backend.bots.workbot.work_bot.WorkBot - (work_bot.py:88) - Triphammer's order for Peters Supply is already up-to-date...skipping.
2025-11-30 08:04:43,778 - INFO - backend.adapters.downloads.local_download_manager.LocalDownloadManager - (local_download_manager.py:73) - [DownloadManager] Cleaned up C:\Users\andrew\Desktop\Andrew\Projects\IthacaBakery\RandomStuff\WorkBot\refactor-experimental\data\downloads\sessions\5424e811-7cf1-4d2a-a120-7487acab2112
2025-11-30 08:04:43,778 - INFO - backend.bots.workbot.work_bot.WorkBot - (work_bot.py:146) - [Order Update] Initiating update protocol for Triphammer / Regional Distributors, Inc. / 20251128.
2025-11-30 08:04:43,792 - INFO - backend.adapters.files.generic_file_adapter.GenericFileAdapter - (generic_file_adapter.py:105) - Skipping unreadable file C:\Users\andrew\Desktop\Andrew\Projects\IthacaBakery\RandomStuff\WorkBot\refactor-experimental\data\orders\Regional Distributors, Inc\Regional Distributors, Inc._Triphammer_20251121.pdf: 'pdf'
2025-11-30 08:04:43,809 - INFO - backend.adapters.files.generic_file_adapter.GenericFileAdapter - (generic_file_adapter.py:105) - Skipping unreadable file C:\Users\andrew\Desktop\Andrew\Projects\IthacaBakery\RandomStuff\WorkBot\refactor-experimental\data\orders\Regional Distributors, Inc\Regional Distributors, Inc._Triphammer_20251128.pdf: 'pdf'
2025-11-30 08:04:43,819 - INFO - backend.app.services.order_service.CheckAndUpdateOrder - (order_service.py:230) - [Order Update] Changed - overwrite needed.
2025-11-30 08:04:43,819 - INFO - backend.app.services.order_service.SaveOrder - (order_service.py:100) - Saving order Regional Distributors, Inc. / Triphammer / 20251128
2025-11-30 08:04:43,842 - INFO - backend.bots.workbot.work_bot.WorkBot - (work_bot.py:109) - [PDF] Ingested: Order.pdf for Triphammer/Regional Distributors, Inc.
2025-11-30 08:04:43,842 - INFO - backend.adapters.downloads.local_download_manager.LocalDownloadManager - (local_download_manager.py:73) - [DownloadManager] Cleaned up C:\Users\andrew\Desktop\Andrew\Projects\IthacaBakery\RandomStuff\WorkBot\refactor-experimental\data\downloads\sessions\5a65b1db-359b-4f6e-b641-8f9173dd7135
2025-11-30 08:04:43,842 - INFO - backend.bots.workbot.work_bot.WorkBot - (work_bot.py:146) - [Order Update] Initiating update protocol for Triphammer / Ithaca Bakery / 20251128.
2025-11-30 08:04:43,851 - INFO - backend.adapters.files.generic_file_adapter.GenericFileAdapter - (generic_file_adapter.py:105) - Skipping unreadable file C:\Users\andrew\Desktop\Andrew\Projects\IthacaBakery\RandomStuff\WorkBot\refactor-experimental\data\orders\Ithaca Bakery\Ithaca Bakery_Triphammer_20251128.pdf: 'pdf'
2025-11-30 08:04:43,867 - INFO - backend.app.services.order_service.CheckAndUpdateOrder - (order_service.py:230) - [Order Update] Changed - overwrite needed.
2025-11-30 08:04:43,867 - INFO - backend.app.services.order_service.SaveOrder - (order_service.py:100) - Saving order Ithaca Bakery / Triphammer / 20251128
2025-11-30 08:04:43,891 - INFO - backend.bots.workbot.work_bot.WorkBot - (work_bot.py:109) - [PDF] Ingested: Order.pdf for Triphammer/Ithaca Bakery
2025-11-30 08:04:43,891 - INFO - backend.adapters.downloads.local_download_manager.LocalDownloadManager - (local_download_manager.py:73) - [DownloadManager] Cleaned up C:\Users\andrew\Desktop\Andrew\Projects\IthacaBakery\RandomStuff\WorkBot\refactor-experimental\data\downloads\sessions\085f42b5-4f41-41f8-90ed-4b97ec5c32dc
2025-11-30 08:04:43,892 - INFO - backend.bots.workbot.work_bot.WorkBot - (work_bot.py:146) - [Order Update] Initiating update protocol for Triphammer / Johnston Paper / 20251128.
2025-11-30 08:04:43,901 - INFO - backend.adapters.files.generic_file_adapter.GenericFileAdapter - (generic_file_adapter.py:105) - Skipping unreadable file C:\Users\andrew\Desktop\Andrew\Projects\IthacaBakery\RandomStuff\WorkBot\refactor-experimental\data\orders\Johnston Paper\Johnston Paper_Triphammer_20251128.pdf: 'pdf'
2025-11-30 08:04:43,926 - INFO - backend.app.services.order_service.CheckAndUpdateOrder - (order_service.py:230) - [Order Update] Unchanged - skip overwrite.
2025-11-30 08:04:43,926 - INFO - backend.bots.workbot.work_bot.WorkBot - (work_bot.py:88) - Triphammer's order for Johnston Paper is already up-to-date...skipping.
2025-11-30 08:04:43,927 - INFO - backend.adapters.downloads.local_download_manager.LocalDownloadManager - (local_download_manager.py:73) - [DownloadManager] Cleaned up C:\Users\andrew\Desktop\Andrew\Projects\IthacaBakery\RandomStuff\WorkBot\refactor-experimental\data\downloads\sessions\ff6fb4fe-da5c-456b-bc73-37a8af55878e
2025-11-30 08:04:43,927 - INFO - backend.bots.workbot.work_bot.WorkBot - (work_bot.py:146) - [Order Update] Initiating update protocol for Triphammer / Copper Horse Coffee / 20251128.
2025-11-30 08:04:43,931 - INFO - backend.adapters.files.generic_file_adapter.GenericFileAdapter - (generic_file_adapter.py:105) - Skipping unreadable file C:\Users\andrew\Desktop\Andrew\Projects\IthacaBakery\RandomStuff\WorkBot\refactor-experimental\data\orders\Copper Horse Coffee\Copper Horse Coffee_Triphammer_20251128.pdf: 'pdf'
2025-11-30 08:04:43,950 - INFO - backend.app.services.order_service.CheckAndUpdateOrder - (order_service.py:230) - [Order Update] Unchanged - skip overwrite.
2025-11-30 08:04:43,950 - INFO - backend.bots.workbot.work_bot.WorkBot - (work_bot.py:88) - Triphammer's order for Copper Horse Coffee is already up-to-date...skipping.
2025-11-30 08:04:43,951 - INFO - backend.adapters.downloads.local_download_manager.LocalDownloadManager - (local_download_manager.py:73) - [DownloadManager] Cleaned up C:\Users\andrew\Desktop\Andrew\Projects\IthacaBakery\RandomStuff\WorkBot\refactor-experimental\data\downloads\sessions\a8d52e62-c437-4f6d-8d7e-9acf2040e466
2025-11-30 08:04:43,951 - INFO - backend.bots.workbot.work_bot.WorkBot - (work_bot.py:146) - [Order Update] Initiating update protocol for Triphammer / US Foods / 20251128.
2025-11-30 08:04:43,967 - INFO - backend.adapters.files.generic_file_adapter.GenericFileAdapter - (generic_file_adapter.py:105) - Skipping unreadable file C:\Users\andrew\Desktop\Andrew\Projects\IthacaBakery\RandomStuff\WorkBot\refactor-experimental\data\orders\US Foods\US Foods_Triphammer_20251128.pdf: 'pdf'
2025-11-30 08:04:43,987 - INFO - backend.app.services.order_service.CheckAndUpdateOrder - (order_service.py:230) - [Order Update] Unchanged - skip overwrite.
2025-11-30 08:04:43,987 - INFO - backend.bots.workbot.work_bot.WorkBot - (work_bot.py:88) - Triphammer's order for US Foods is already up-to-date...skipping.
2025-11-30 08:04:43,988 - INFO - backend.adapters.downloads.local_download_manager.LocalDownloadManager - (local_download_manager.py:73) - [DownloadManager] Cleaned up C:\Users\andrew\Desktop\Andrew\Projects\IthacaBakery\RandomStuff\WorkBot\refactor-experimental\data\downloads\sessions\36bc8743-8dbd-49b4-a194-34860b901ed5
2025-11-30 08:04:43,988 - INFO - backend.bots.workbot.work_bot.WorkBot - (work_bot.py:146) - [Order Update] Initiating update protocol for Triphammer / Coffee Depot LLC / 20251128.
2025-11-30 08:04:43,992 - INFO - backend.adapters.files.generic_file_adapter.GenericFileAdapter - (generic_file_adapter.py:105) - Skipping unreadable file C:\Users\andrew\Desktop\Andrew\Projects\IthacaBakery\RandomStuff\WorkBot\refactor-experimental\data\orders\Coffee Depot LLC\Coffee Depot LLC_Triphammer_20251128.pdf: 'pdf'
2025-11-30 08:04:44,012 - INFO - backend.app.services.order_service.CheckAndUpdateOrder - (order_service.py:230) - [Order Update] Changed - overwrite needed.
2025-11-30 08:04:44,012 - INFO - backend.app.services.order_service.SaveOrder - (order_service.py:100) - Saving order Coffee Depot LLC / Triphammer / 20251128
2025-11-30 08:04:44,036 - INFO - backend.bots.workbot.work_bot.WorkBot - (work_bot.py:109) - [PDF] Ingested: Order.pdf for Triphammer/Coffee Depot LLC
2025-11-30 08:04:44,036 - INFO - backend.adapters.downloads.local_download_manager.LocalDownloadManager - (local_download_manager.py:73) - [DownloadManager] Cleaned up C:\Users\andrew\Desktop\Andrew\Projects\IthacaBakery\RandomStuff\WorkBot\refactor-experimental\data\downloads\sessions\6276e554-61b9-460a-8728-a43fd3e646a5
2025-11-30 08:04:44,037 - INFO - backend.bots.workbot.work_bot.WorkBot - (work_bot.py:146) - [Order Update] Initiating update protocol for Triphammer / Coca-Cola / 20251128.
2025-11-30 08:04:44,040 - INFO - backend.adapters.files.generic_file_adapter.GenericFileAdapter - (generic_file_adapter.py:105) - Skipping unreadable file C:\Users\andrew\Desktop\Andrew\Projects\IthacaBakery\RandomStuff\WorkBot\refactor-experimental\data\orders\Coca-Cola\Coca-Cola_Triphammer_20251128.pdf: 'pdf'
2025-11-30 08:04:44,071 - INFO - backend.app.services.order_service.CheckAndUpdateOrder - (order_service.py:230) - [Order Update] Unchanged - skip overwrite.
2025-11-30 08:04:44,071 - INFO - backend.bots.workbot.work_bot.WorkBot - (work_bot.py:88) - Triphammer's order for Coca-Cola is already up-to-date...skipping.
2025-11-30 08:04:44,072 - INFO - backend.adapters.downloads.local_download_manager.LocalDownloadManager - (local_download_manager.py:73) - [DownloadManager] Cleaned up C:\Users\andrew\Desktop\Andrew\Projects\IthacaBakery\RandomStuff\WorkBot\refactor-experimental\data\downloads\sessions\59a399ad-5537-4e1f-ad16-64f2dd5a823d
2025-11-30 08:04:44,072 - INFO - backend.bots.workbot.work_bot.WorkBot - (work_bot.py:146) - [Order Update] Initiating update protocol for Triphammer / A.L. George / 20251128.
2025-11-30 08:04:44,074 - INFO - backend.adapters.files.generic_file_adapter.GenericFileAdapter - (generic_file_adapter.py:105) - Skipping unreadable file C:\Users\andrew\Desktop\Andrew\Projects\IthacaBakery\RandomStuff\WorkBot\refactor-experimental\data\orders\A.L. George\A.L. George_Triphammer_20251128.pdf: 'pdf'
2025-11-30 08:04:44,095 - INFO - backend.app.services.order_service.CheckAndUpdateOrder - (order_service.py:230) - [Order Update] Unchanged - skip overwrite.
2025-11-30 08:04:44,095 - INFO - backend.bots.workbot.work_bot.WorkBot - (work_bot.py:88) - Triphammer's order for A.L. George is already up-to-date...skipping.
2025-11-30 08:04:44,096 - INFO - backend.adapters.downloads.local_download_manager.LocalDownloadManager - (local_download_manager.py:73) - [DownloadManager] Cleaned up C:\Users\andrew\Desktop\Andrew\Projects\IthacaBakery\RandomStuff\WorkBot\refactor-experimental\data\downloads\sessions\13c04b1e-410f-4c76-955e-6cafbe841328
2025-11-30 08:04:44,096 - INFO - backend.bots.workbot.work_bot.WorkBot - (work_bot.py:146) - [Order Update] Initiating update protocol for Triphammer / Sysco / 20251128.
2025-11-30 08:04:44,112 - INFO - backend.adapters.files.generic_file_adapter.GenericFileAdapter - (generic_file_adapter.py:105) - Skipping unreadable file C:\Users\andrew\Desktop\Andrew\Projects\IthacaBakery\RandomStuff\WorkBot\refactor-experimental\data\orders\Sysco\Sysco_Triphammer_20251128.pdf: 'pdf'
2025-11-30 08:04:44,132 - INFO - backend.app.services.order_service.CheckAndUpdateOrder - (order_service.py:230) - [Order Update] Unchanged - skip overwrite.
2025-11-30 08:04:44,132 - INFO - backend.bots.workbot.work_bot.WorkBot - (work_bot.py:88) - Triphammer's order for Sysco is already up-to-date...skipping.
2025-11-30 08:04:44,133 - INFO - backend.adapters.downloads.local_download_manager.LocalDownloadManager - (local_download_manager.py:73) - [DownloadManager] Cleaned up C:\Users\andrew\Desktop\Andrew\Projects\IthacaBakery\RandomStuff\WorkBot\refactor-experimental\data\downloads\sessions\734abb9b-5771-4ae2-b375-13ce5943adf2
2025-11-30 08:04:44,133 - INFO - backend.bots.workbot.work_bot.WorkBot - (work_bot.py:146) - [Order Update] Initiating update protocol for Triphammer / UNFI / 20251128.
2025-11-30 08:04:44,149 - INFO - backend.adapters.files.generic_file_adapter.GenericFileAdapter - (generic_file_adapter.py:105) - Skipping unreadable file C:\Users\andrew\Desktop\Andrew\Projects\IthacaBakery\RandomStuff\WorkBot\refactor-experimental\data\orders\UNFI\UNFI_Triphammer_20251128.pdf: 'pdf'
2025-11-30 08:04:44,168 - INFO - backend.app.services.order_service.CheckAndUpdateOrder - (order_service.py:230) - [Order Update] Unchanged - skip overwrite.
2025-11-30 08:04:44,168 - INFO - backend.bots.workbot.work_bot.WorkBot - (work_bot.py:88) - Triphammer's order for UNFI is already up-to-date...skipping.
2025-11-30 08:04:44,169 - INFO - backend.adapters.downloads.local_download_manager.LocalDownloadManager - (local_download_manager.py:73) - [DownloadManager] Cleaned up C:\Users\andrew\Desktop\Andrew\Projects\IthacaBakery\RandomStuff\WorkBot\refactor-experimental\data\downloads\sessions\2af9aeae-2b13-4d16-a19e-de6a850f7e1b
2025-11-30 08:04:44,169 - INFO - backend.bots.workbot.work_bot.WorkBot - (work_bot.py:120) - Craftable order sync completed successfully.
2025-11-30 08:04:44,170 - INFO - backend.app.cli.cli.CLI - (cli.py:460) - Command 'download_orders' executed successfully.
2025-11-30 08:05:21,510 - INFO - backend.app.cli.cli.CLI - (cli.py:448) - Dispatching command: split_natalies (args=[])
2025-11-30 08:05:21,533 - INFO - backend.bots.workbot.work_bot.WorkBot - (work_bot.py:176) - Retrieving orders for: stores=['Bakery', 'Easthill', 'Collegetown', 'Triphammer', 'Downtown'], vendors=['Performance Food', 'FingerLakes Farms']
2025-11-30 08:05:21,533 - INFO - backend.app.services.order_service.GetOrders - (order_service.py:65) - Getting orders: vendors=['Performance Food', 'FingerLakes Farms'], stores=['Bakery', 'Easthill', 'Collegetown', 'Triphammer', 'Downtown'], dates=None
2025-11-30 08:05:21,545 - INFO - backend.adapters.files.generic_file_adapter.GenericFileAdapter - (generic_file_adapter.py:105) - Skipping unreadable file C:\Users\andrew\Desktop\Andrew\Projects\IthacaBakery\RandomStuff\WorkBot\refactor-experimental\data\orders\Performance Food\Performance Food_Bakery_20251129.pdf: 'pdf'
2025-11-30 08:05:21,581 - INFO - backend.adapters.files.generic_file_adapter.GenericFileAdapter - (generic_file_adapter.py:105) - Skipping unreadable file C:\Users\andrew\Desktop\Andrew\Projects\IthacaBakery\RandomStuff\WorkBot\refactor-experimental\data\orders\Performance Food\Performance Food_Easthill_20251128.pdf: 'pdf'
2025-11-30 08:05:21,605 - INFO - backend.adapters.files.generic_file_adapter.GenericFileAdapter - (generic_file_adapter.py:105) - Skipping unreadable file C:\Users\andrew\Desktop\Andrew\Projects\IthacaBakery\RandomStuff\WorkBot\refactor-experimental\data\orders\Performance Food\Performance Food_Collegetown_20251126.pdf: 'pdf'
2025-11-30 08:05:21,632 - INFO - backend.adapters.files.generic_file_adapter.GenericFileAdapter - (generic_file_adapter.py:105) - Skipping unreadable file C:\Users\andrew\Desktop\Andrew\Projects\IthacaBakery\RandomStuff\WorkBot\refactor-experimental\data\orders\Performance Food\Performance Food_Triphammer_20251128.pdf: 'pdf'
2025-11-30 08:05:21,654 - INFO - backend.adapters.files.generic_file_adapter.GenericFileAdapter - (generic_file_adapter.py:105) - Skipping unreadable file C:\Users\andrew\Desktop\Andrew\Projects\IthacaBakery\RandomStuff\WorkBot\refactor-experimental\data\orders\Performance Food\Performance Food_Downtown_20251128.pdf: 'pdf'
2025-11-30 08:05:21,672 - INFO - backend.adapters.files.generic_file_adapter.GenericFileAdapter - (generic_file_adapter.py:105) - Skipping unreadable file C:\Users\andrew\Desktop\Andrew\Projects\IthacaBakery\RandomStuff\WorkBot\refactor-experimental\data\orders\FingerLakes Farms\FingerLakes Farms_Bakery_20251125.pdf: 'pdf'
2025-11-30 08:05:21,679 - INFO - backend.adapters.files.generic_file_adapter.GenericFileAdapter - (generic_file_adapter.py:105) - Skipping unreadable file C:\Users\andrew\Desktop\Andrew\Projects\IthacaBakery\RandomStuff\WorkBot\refactor-experimental\data\orders\FingerLakes Farms\FingerLakes Farms_Bakery_20251129.pdf: 'pdf'
2025-11-30 08:05:21,714 - INFO - backend.adapters.files.generic_file_adapter.GenericFileAdapter - (generic_file_adapter.py:105) - Skipping unreadable file C:\Users\andrew\Desktop\Andrew\Projects\IthacaBakery\RandomStuff\WorkBot\refactor-experimental\data\orders\FingerLakes Farms\FingerLakes Farms_Easthill_20251128.pdf: 'pdf'
2025-11-30 08:05:21,736 - INFO - backend.adapters.files.generic_file_adapter.GenericFileAdapter - (generic_file_adapter.py:105) - Skipping unreadable file C:\Users\andrew\Desktop\Andrew\Projects\IthacaBakery\RandomStuff\WorkBot\refactor-experimental\data\orders\FingerLakes Farms\FingerLakes Farms_Collegetown_20251126.pdf: 'pdf'
2025-11-30 08:05:21,777 - INFO - backend.adapters.files.generic_file_adapter.GenericFileAdapter - (generic_file_adapter.py:105) - Skipping unreadable file C:\Users\andrew\Desktop\Andrew\Projects\IthacaBakery\RandomStuff\WorkBot\refactor-experimental\data\orders\FingerLakes Farms\FingerLakes Farms_Downtown_20251128.pdf: 'pdf'
2025-11-30 08:05:21,805 - INFO - backend.app.services.order_service.GetOrders - (order_service.py:73) - Retrieved 9 orders.
2025-11-30 08:05:21,843 - INFO - backend.app.cli.cli.CLI - (cli.py:460) - Command 'split_natalies' executed successfully.
2025-11-30 08:06:49,399 - INFO - backend.adapters.files.generic_file_adapter.GenericFileAdapter - (generic_file_adapter.py:105) - Skipping unreadable file C:\Users\andrew\Desktop\Andrew\Projects\IthacaBakery\RandomStuff\WorkBot\refactor-experimental\backend\infra\config\vendors\__init__.py: 'py'
2025-11-30 08:06:49,410 - INFO - backend.adapters.files.generic_file_adapter.GenericFileAdapter - (generic_file_adapter.py:105) - Skipping unreadable file C:\Users\andrew\Desktop\Andrew\Projects\IthacaBakery\RandomStuff\WorkBot\refactor-experimental\backend\infra\config\vendors\__init__.py: 'py'
2025-11-30 08:06:53,798 - INFO - backend.adapters.files.generic_file_adapter.GenericFileAdapter - (generic_file_adapter.py:105) - Skipping unreadable file C:\Users\andrew\Desktop\Andrew\Projects\IthacaBakery\RandomStuff\WorkBot\refactor-experimental\backend\infra\config\vendors\__init__.py: 'py'
2025-11-30 08:06:53,808 - INFO - backend.adapters.files.generic_file_adapter.GenericFileAdapter - (generic_file_adapter.py:105) - Skipping unreadable file C:\Users\andrew\Desktop\Andrew\Projects\IthacaBakery\RandomStuff\WorkBot\refactor-experimental\backend\infra\config\vendors\__init__.py: 'py'
2025-11-30 08:08:56,712 - INFO - backend.adapters.files.generic_file_adapter.GenericFileAdapter - (generic_file_adapter.py:105) - Skipping unreadable file C:\Users\andrew\Desktop\Andrew\Projects\IthacaBakery\RandomStuff\WorkBot\refactor-experimental\backend\infra\config\vendors\__init__.py: 'py'
2025-11-30 08:08:56,723 - INFO - backend.adapters.files.generic_file_adapter.GenericFileAdapter - (generic_file_adapter.py:105) - Skipping unreadable file C:\Users\andrew\Desktop\Andrew\Projects\IthacaBakery\RandomStuff\WorkBot\refactor-experimental\backend\infra\config\vendors\__init__.py: 'py'
2025-11-30 08:09:06,655 - INFO - backend.adapters.files.generic_file_adapter.GenericFileAdapter - (generic_file_adapter.py:105) - Skipping unreadable file C:\Users\andrew\Desktop\Andrew\Projects\IthacaBakery\RandomStuff\WorkBot\refactor-experimental\backend\infra\config\vendors\__init__.py: 'py'
2025-11-30 08:09:06,666 - INFO - backend.adapters.files.generic_file_adapter.GenericFileAdapter - (generic_file_adapter.py:105) - Skipping unreadable file C:\Users\andrew\Desktop\Andrew\Projects\IthacaBakery\RandomStuff\WorkBot\refactor-experimental\backend\infra\config\vendors\__init__.py: 'py'
2025-11-30 08:09:08,383 - INFO - backend.app.cli.cli.CLI - (cli.py:448) - Dispatching command: download_orders (args=['--stores', 'Triphammer', 'Bakery', '--vendors', 'Copper Horse Coffee'])
2025-11-30 08:09:12,669 - INFO - backend.bots.craftable_bot.craftable_bot.CraftableBot - (craftable_bot.py:87) - Logging into Craftable.
2025-11-30 08:09:20,310 - INFO - backend.bots.craftable_bot.craftable_bot.CraftableBot - (craftable_bot.py:111) - Login successful.
2025-11-30 08:09:20,310 - INFO - backend.bots.craftable_bot.craftable_bot.CraftableBot - (craftable_bot.py:244) - Beginning download protocol for: stores: ['Triphammer', 'Bakery'], vendors: ['Copper Horse Coffee'], download_pdf: True, update: True
2025-11-30 08:09:22,306 - INFO - backend.bots.craftable_bot.craftable_bot.CraftableBot - (craftable_bot.py:565) - Found Copper Horse Coffee in Triphammer's order list.
2025-11-30 08:09:23,435 - INFO - backend.bots.craftable_bot.craftable_bot.CraftableBot - (craftable_bot.py:572) - Now in Copper Horse Coffee order.
2025-11-30 08:09:23,651 - INFO - backend.adapters.downloads.local_download_manager.LocalDownloadManager - (local_download_manager.py:36) - [DownloadManager] Session 4428cf41-defe-4c61-912e-48fa0a451563 -> C:\Users\andrew\Desktop\Andrew\Projects\IthacaBakery\RandomStuff\WorkBot\refactor-experimental\data\downloads\sessions\4428cf41-defe-4c61-912e-48fa0a451563
2025-11-30 08:09:27,724 - INFO - backend.bots.craftable_bot.craftable_bot.CraftableBot - (craftable_bot.py:565) - Found Copper Horse Coffee in Bakery's order list.
2025-11-30 08:09:28,848 - INFO - backend.bots.craftable_bot.craftable_bot.CraftableBot - (craftable_bot.py:572) - Now in Copper Horse Coffee order.
2025-11-30 08:09:29,169 - INFO - backend.adapters.downloads.local_download_manager.LocalDownloadManager - (local_download_manager.py:36) - [DownloadManager] Session d8697552-7883-4acb-bad1-b60e50a898c8 -> C:\Users\andrew\Desktop\Andrew\Projects\IthacaBakery\RandomStuff\WorkBot\refactor-experimental\data\downloads\sessions\d8697552-7883-4acb-bad1-b60e50a898c8
2025-11-30 08:09:33,235 - INFO - backend.bots.workbot.work_bot.WorkBot - (work_bot.py:146) - [Order Update] Initiating update protocol for Triphammer / Copper Horse Coffee / 20251128.
2025-11-30 08:09:33,240 - INFO - backend.adapters.files.generic_file_adapter.GenericFileAdapter - (generic_file_adapter.py:105) - Skipping unreadable file C:\Users\andrew\Desktop\Andrew\Projects\IthacaBakery\RandomStuff\WorkBot\refactor-experimental\data\orders\Copper Horse Coffee\Copper Horse Coffee_Triphammer_20251128.pdf: 'pdf'
2025-11-30 08:09:33,259 - INFO - backend.app.services.order_service.CheckAndUpdateOrder - (order_service.py:230) - [Order Update] Changed - overwrite needed.
2025-11-30 08:09:33,259 - INFO - backend.app.services.order_service.SaveOrder - (order_service.py:100) - Saving order Copper Horse Coffee / Triphammer / 20251128
2025-11-30 08:09:33,284 - INFO - backend.bots.workbot.work_bot.WorkBot - (work_bot.py:109) - [PDF] Ingested: Order.pdf for Triphammer/Copper Horse Coffee
2025-11-30 08:09:33,285 - INFO - backend.adapters.downloads.local_download_manager.LocalDownloadManager - (local_download_manager.py:73) - [DownloadManager] Cleaned up C:\Users\andrew\Desktop\Andrew\Projects\IthacaBakery\RandomStuff\WorkBot\refactor-experimental\data\downloads\sessions\4428cf41-defe-4c61-912e-48fa0a451563
2025-11-30 08:09:33,285 - INFO - backend.bots.workbot.work_bot.WorkBot - (work_bot.py:146) - [Order Update] Initiating update protocol for Bakery / Copper Horse Coffee / 20251130.
2025-11-30 08:09:33,289 - INFO - backend.adapters.files.generic_file_adapter.GenericFileAdapter - (generic_file_adapter.py:105) - Skipping unreadable file C:\Users\andrew\Desktop\Andrew\Projects\IthacaBakery\RandomStuff\WorkBot\refactor-experimental\data\orders\Copper Horse Coffee\Copper Horse Coffee_Bakery_20251130.pdf: 'pdf'
2025-11-30 08:09:33,324 - INFO - backend.app.services.order_service.CheckAndUpdateOrder - (order_service.py:230) - [Order Update] Changed - overwrite needed.
2025-11-30 08:09:33,324 - INFO - backend.app.services.order_service.SaveOrder - (order_service.py:100) - Saving order Copper Horse Coffee / Bakery / 20251130
2025-11-30 08:09:33,349 - INFO - backend.bots.workbot.work_bot.WorkBot - (work_bot.py:109) - [PDF] Ingested: Order.pdf for Bakery/Copper Horse Coffee
2025-11-30 08:09:33,350 - INFO - backend.adapters.downloads.local_download_manager.LocalDownloadManager - (local_download_manager.py:73) - [DownloadManager] Cleaned up C:\Users\andrew\Desktop\Andrew\Projects\IthacaBakery\RandomStuff\WorkBot\refactor-experimental\data\downloads\sessions\d8697552-7883-4acb-bad1-b60e50a898c8
2025-11-30 08:09:33,350 - INFO - backend.bots.workbot.work_bot.WorkBot - (work_bot.py:120) - Craftable order sync completed successfully.
2025-11-30 08:09:33,351 - INFO - backend.app.cli.cli.CLI - (cli.py:460) - Command 'download_orders' executed successfully.
2025-11-30 08:09:41,370 - INFO - backend.adapters.files.generic_file_adapter.GenericFileAdapter - (generic_file_adapter.py:105) - Skipping unreadable file C:\Users\andrew\Desktop\Andrew\Projects\IthacaBakery\RandomStuff\WorkBot\refactor-experimental\backend\infra\config\vendors\__init__.py: 'py'
2025-11-30 08:09:41,381 - INFO - backend.adapters.files.generic_file_adapter.GenericFileAdapter - (generic_file_adapter.py:105) - Skipping unreadable file C:\Users\andrew\Desktop\Andrew\Projects\IthacaBakery\RandomStuff\WorkBot\refactor-experimental\backend\infra\config\vendors\__init__.py: 'py'
2025-11-30 08:09:45,224 - INFO - backend.adapters.files.generic_file_adapter.GenericFileAdapter - (generic_file_adapter.py:105) - Skipping unreadable file C:\Users\andrew\Desktop\Andrew\Projects\IthacaBakery\RandomStuff\WorkBot\refactor-experimental\backend\infra\config\vendors\__init__.py: 'py'
2025-11-30 08:09:45,234 - INFO - backend.adapters.files.generic_file_adapter.GenericFileAdapter - (generic_file_adapter.py:105) - Skipping unreadable file C:\Users\andrew\Desktop\Andrew\Projects\IthacaBakery\RandomStuff\WorkBot\refactor-experimental\backend\infra\config\vendors\__init__.py: 'py'
2025-11-30 08:09:47,607 - INFO - backend.app.cli.cli.CLI - (cli.py:448) - Dispatching command: generate_vendor_order_emails (args=['--vendors', 'Copper Horse Coffee', 'Equal Exchange'])
2025-11-30 08:09:47,610 - INFO - backend.app.services.email_service.EmailServices - (email_service.py:53) - Preparing vendor order emails...
2025-11-30 08:09:47,610 - INFO - backend.app.services.order_service.GetOrders - (order_service.py:65) - Getting orders: vendors=['Copper Horse Coffee', 'Equal Exchange'], stores=['Bakery', 'Collegetown', 'Downtown', 'Easthill', 'Syracuse', 'Triphammer'], dates=None
2025-11-30 08:09:47,617 - INFO - backend.adapters.files.generic_file_adapter.GenericFileAdapter - (generic_file_adapter.py:105) - Skipping unreadable file C:\Users\andrew\Desktop\Andrew\Projects\IthacaBakery\RandomStuff\WorkBot\refactor-experimental\data\orders\Copper Horse Coffee\Copper Horse Coffee_Bakery_20251130.pdf: 'pdf'
2025-11-30 08:09:47,673 - INFO - backend.adapters.files.generic_file_adapter.GenericFileAdapter - (generic_file_adapter.py:105) - Skipping unreadable file C:\Users\andrew\Desktop\Andrew\Projects\IthacaBakery\RandomStuff\WorkBot\refactor-experimental\data\orders\Copper Horse Coffee\Copper Horse Coffee_Downtown_20251129.pdf: 'pdf'
2025-11-30 08:09:47,710 - INFO - backend.adapters.files.generic_file_adapter.GenericFileAdapter - (generic_file_adapter.py:105) - Skipping unreadable file C:\Users\andrew\Desktop\Andrew\Projects\IthacaBakery\RandomStuff\WorkBot\refactor-experimental\data\orders\Copper Horse Coffee\Copper Horse Coffee_Easthill_20251128.pdf: 'pdf'
2025-11-30 08:09:47,767 - INFO - backend.adapters.files.generic_file_adapter.GenericFileAdapter - (generic_file_adapter.py:105) - Skipping unreadable file C:\Users\andrew\Desktop\Andrew\Projects\IthacaBakery\RandomStuff\WorkBot\refactor-experimental\data\orders\Copper Horse Coffee\Copper Horse Coffee_Triphammer_20251128.pdf: 'pdf'
2025-11-30 08:09:47,806 - INFO - backend.adapters.files.generic_file_adapter.GenericFileAdapter - (generic_file_adapter.py:105) - Skipping unreadable file C:\Users\andrew\Desktop\Andrew\Projects\IthacaBakery\RandomStuff\WorkBot\refactor-experimental\data\orders\Equal Exchange\Equal Exchange_Bakery_20251130.pdf: 'pdf'
2025-11-30 08:09:47,845 - INFO - backend.adapters.files.generic_file_adapter.GenericFileAdapter - (generic_file_adapter.py:105) - Skipping unreadable file C:\Users\andrew\Desktop\Andrew\Projects\IthacaBakery\RandomStuff\WorkBot\refactor-experimental\data\orders\Equal Exchange\Equal Exchange_Collegetown_20251126.pdf: 'pdf'
2025-11-30 08:09:47,869 - INFO - backend.adapters.files.generic_file_adapter.GenericFileAdapter - (generic_file_adapter.py:105) - Skipping unreadable file C:\Users\andrew\Desktop\Andrew\Projects\IthacaBakery\RandomStuff\WorkBot\refactor-experimental\data\orders\Equal Exchange\Equal Exchange_Downtown_20251128.pdf: 'pdf'
2025-11-30 08:09:47,893 - INFO - backend.adapters.files.generic_file_adapter.GenericFileAdapter - (generic_file_adapter.py:105) - Skipping unreadable file C:\Users\andrew\Desktop\Andrew\Projects\IthacaBakery\RandomStuff\WorkBot\refactor-experimental\data\orders\Equal Exchange\Equal Exchange_Easthill_20251128.pdf: 'pdf'
2025-11-30 08:09:47,915 - INFO - backend.adapters.files.generic_file_adapter.GenericFileAdapter - (generic_file_adapter.py:105) - Skipping unreadable file C:\Users\andrew\Desktop\Andrew\Projects\IthacaBakery\RandomStuff\WorkBot\refactor-experimental\data\orders\Equal Exchange\Equal Exchange_Syracuse_20251126.pdf: 'pdf'
2025-11-30 08:09:47,938 - INFO - backend.adapters.files.generic_file_adapter.GenericFileAdapter - (generic_file_adapter.py:105) - Skipping unreadable file C:\Users\andrew\Desktop\Andrew\Projects\IthacaBakery\RandomStuff\WorkBot\refactor-experimental\data\orders\Equal Exchange\Equal Exchange_Triphammer_20251128.pdf: 'pdf'
2025-11-30 08:09:47,955 - INFO - backend.app.services.order_service.GetOrders - (order_service.py:73) - Retrieved 10 orders.
2025-11-30 08:09:49,466 - INFO - backend.app.services.email_service.EmailServices - (email_service.py:90) - Prepared 2 vendor email(s).
2025-11-30 08:09:49,466 - INFO - backend.app.cli.cli.CLI - (cli.py:460) - Command 'generate_vendor_order_emails' executed successfully.
2025-11-30 08:11:47,323 - INFO - backend.adapters.files.generic_file_adapter.GenericFileAdapter - (generic_file_adapter.py:105) - Skipping unreadable file C:\Users\andrew\Desktop\Andrew\Projects\IthacaBakery\RandomStuff\WorkBot\refactor-experimental\backend\infra\config\vendors\__init__.py: 'py'
2025-11-30 08:11:47,334 - INFO - backend.adapters.files.generic_file_adapter.GenericFileAdapter - (generic_file_adapter.py:105) - Skipping unreadable file C:\Users\andrew\Desktop\Andrew\Projects\IthacaBakery\RandomStuff\WorkBot\refactor-experimental\backend\infra\config\vendors\__init__.py: 'py'
2025-11-30 08:11:53,424 - INFO - backend.app.cli.cli.CLI - (cli.py:448) - Dispatching command: generate_vendor_upload_files (args=['--vendors', 'Performance Food', '--stores', 'Syracuse'])
2025-11-30 08:11:53,428 - INFO - backend.bots.workbot.work_bot.WorkBot - (work_bot.py:261) - Generating vendor upload files for stores=['Syracuse'], vendors=['Performance Food'], start_date=None, end_date=None
2025-11-30 08:11:53,428 - INFO - backend.bots.workbot.work_bot.WorkBot - (work_bot.py:176) - Retrieving orders for: stores=['Syracuse'], vendors=['Performance Food']
2025-11-30 08:11:53,428 - INFO - backend.app.services.order_service.GetOrders - (order_service.py:65) - Getting orders: vendors=['Performance Food'], stores=['Syracuse'], dates=None
2025-11-30 08:11:53,439 - INFO - backend.adapters.files.generic_file_adapter.GenericFileAdapter - (generic_file_adapter.py:105) - Skipping unreadable file C:\Users\andrew\Desktop\Andrew\Projects\IthacaBakery\RandomStuff\WorkBot\refactor-experimental\data\orders\Performance Food\Performance Food_Syracuse_20251126.pdf: 'pdf'
2025-11-30 08:11:53,452 - INFO - backend.app.services.order_service.GetOrders - (order_service.py:73) - Retrieved 1 orders.
2025-11-30 08:11:53,452 - INFO - backend.bots.workbot.work_bot.WorkBot - (work_bot.py:265) - Found 1 orders to process.
2025-11-30 08:11:53,455 - INFO - backend.bots.workbot.work_bot.WorkBot - (work_bot.py:278) - Context map built with 1 entries. Delegating to OrderServices.
2025-11-30 08:11:53,466 - INFO - backend.adapters.files.generic_file_adapter.GenericFileAdapter - (generic_file_adapter.py:105) - Skipping unreadable file C:\Users\andrew\Desktop\Andrew\Projects\IthacaBakery\RandomStuff\WorkBot\refactor-experimental\data\orders\Performance Food\Performance Food_Syracuse_20251126.pdf: 'pdf'
2025-11-30 08:11:53,478 - INFO - backend.app.services.order_service.GenerateVendorUploadFile - (order_service.py:130) - Generating vendor upload for Performance Food / Syracuse / 20251126
2025-11-30 08:11:53,484 - INFO - backend.bots.workbot.work_bot.WorkBot - (work_bot.py:288) - Vendor upload file generation complete. 1 files created.
2025-11-30 08:11:53,487 - INFO - backend.app.cli.cli.CLI - (cli.py:460) - Command 'generate_vendor_upload_files' executed successfully.
2025-11-30 08:12:25,864 - INFO - backend.app.cli.cli.CLI - (cli.py:448) - Dispatching command: generate_vendor_upload_files (args=['--vendors', 'Performance Food', '--stores', 'Syracuse'])
2025-11-30 08:12:25,867 - INFO - backend.bots.workbot.work_bot.WorkBot - (work_bot.py:261) - Generating vendor upload files for stores=['Syracuse'], vendors=['Performance Food'], start_date=None, end_date=None
2025-11-30 08:12:25,868 - INFO - backend.bots.workbot.work_bot.WorkBot - (work_bot.py:176) - Retrieving orders for: stores=['Syracuse'], vendors=['Performance Food']
2025-11-30 08:12:25,868 - INFO - backend.app.services.order_service.GetOrders - (order_service.py:65) - Getting orders: vendors=['Performance Food'], stores=['Syracuse'], dates=None
2025-11-30 08:12:25,880 - INFO - backend.adapters.files.generic_file_adapter.GenericFileAdapter - (generic_file_adapter.py:105) - Skipping unreadable file C:\Users\andrew\Desktop\Andrew\Projects\IthacaBakery\RandomStuff\WorkBot\refactor-experimental\data\orders\Performance Food\Performance Food_Syracuse_20251126.pdf: 'pdf'
2025-11-30 08:12:25,893 - INFO - backend.app.services.order_service.GetOrders - (order_service.py:73) - Retrieved 1 orders.
2025-11-30 08:12:25,893 - INFO - backend.bots.workbot.work_bot.WorkBot - (work_bot.py:265) - Found 1 orders to process.
2025-11-30 08:12:25,896 - INFO - backend.bots.workbot.work_bot.WorkBot - (work_bot.py:278) - Context map built with 1 entries. Delegating to OrderServices.
2025-11-30 08:12:25,909 - INFO - backend.adapters.files.generic_file_adapter.GenericFileAdapter - (generic_file_adapter.py:105) - Skipping unreadable file C:\Users\andrew\Desktop\Andrew\Projects\IthacaBakery\RandomStuff\WorkBot\refactor-experimental\data\orders\Performance Food\Performance Food_Syracuse_20251126.pdf: 'pdf'
2025-11-30 08:12:25,921 - INFO - backend.app.services.order_service.GenerateVendorUploadFile - (order_service.py:130) - Generating vendor upload for Performance Food / Syracuse / 20251126
2025-11-30 08:12:25,927 - INFO - backend.bots.workbot.work_bot.WorkBot - (work_bot.py:288) - Vendor upload file generation complete. 1 files created.
2025-11-30 08:12:25,928 - INFO - backend.app.cli.cli.CLI - (cli.py:460) - Command 'generate_vendor_upload_files' executed successfully.
2025-11-30 08:18:01,766 - INFO - backend.adapters.files.generic_file_adapter.GenericFileAdapter - (generic_file_adapter.py:105) - Skipping unreadable file C:\Users\andrew\Desktop\Andrew\Projects\IthacaBakery\RandomStuff\WorkBot\refactor-experimental\backend\infra\config\vendors\__init__.py: 'py'
2025-11-30 08:18:01,776 - INFO - backend.adapters.files.generic_file_adapter.GenericFileAdapter - (generic_file_adapter.py:105) - Skipping unreadable file C:\Users\andrew\Desktop\Andrew\Projects\IthacaBakery\RandomStuff\WorkBot\refactor-experimental\backend\infra\config\vendors\__init__.py: 'py'
2025-11-30 08:18:02,595 - INFO - backend.app.cli.cli.CLI - (cli.py:448) - Dispatching command: generate_vendor_order_emails (args=['--vendors', 'Coffee Depot LLC'])
2025-11-30 08:18:02,598 - INFO - backend.app.services.email_service.EmailServices - (email_service.py:53) - Preparing vendor order emails...
2025-11-30 08:18:02,598 - INFO - backend.app.services.order_service.GetOrders - (order_service.py:65) - Getting orders: vendors=['Coffee Depot LLC'], stores=['Bakery', 'Collegetown', 'Downtown', 'Easthill', 'Syracuse', 'Triphammer'], dates=None
2025-11-30 08:18:02,601 - INFO - backend.adapters.files.generic_file_adapter.GenericFileAdapter - (generic_file_adapter.py:105) - Skipping unreadable file C:\Users\andrew\Desktop\Andrew\Projects\IthacaBakery\RandomStuff\WorkBot\refactor-experimental\data\orders\Coffee Depot LLC\Coffee Depot LLC_Bakery_20251130.pdf: 'pdf'
2025-11-30 08:18:02,638 - INFO - backend.adapters.files.generic_file_adapter.GenericFileAdapter - (generic_file_adapter.py:105) - Skipping unreadable file C:\Users\andrew\Desktop\Andrew\Projects\IthacaBakery\RandomStuff\WorkBot\refactor-experimental\data\orders\Coffee Depot LLC\Coffee Depot LLC_Collegetown_20251126.pdf: 'pdf'
2025-11-30 08:18:02,671 - INFO - backend.adapters.files.generic_file_adapter.GenericFileAdapter - (generic_file_adapter.py:105) - Skipping unreadable file C:\Users\andrew\Desktop\Andrew\Projects\IthacaBakery\RandomStuff\WorkBot\refactor-experimental\data\orders\Coffee Depot LLC\Coffee Depot LLC_Downtown_20251128.pdf: 'pdf'
2025-11-30 08:18:02,705 - INFO - backend.adapters.files.generic_file_adapter.GenericFileAdapter - (generic_file_adapter.py:105) - Skipping unreadable file C:\Users\andrew\Desktop\Andrew\Projects\IthacaBakery\RandomStuff\WorkBot\refactor-experimental\data\orders\Coffee Depot LLC\Coffee Depot LLC_Easthill_20251128.pdf: 'pdf'
2025-11-30 08:18:02,738 - INFO - backend.adapters.files.generic_file_adapter.GenericFileAdapter - (generic_file_adapter.py:105) - Skipping unreadable file C:\Users\andrew\Desktop\Andrew\Projects\IthacaBakery\RandomStuff\WorkBot\refactor-experimental\data\orders\Coffee Depot LLC\Coffee Depot LLC_Syracuse_20251126.pdf: 'pdf'
2025-11-30 08:18:02,771 - INFO - backend.adapters.files.generic_file_adapter.GenericFileAdapter - (generic_file_adapter.py:105) - Skipping unreadable file C:\Users\andrew\Desktop\Andrew\Projects\IthacaBakery\RandomStuff\WorkBot\refactor-experimental\data\orders\Coffee Depot LLC\Coffee Depot LLC_Triphammer_20251128.pdf: 'pdf'
2025-11-30 08:18:02,801 - INFO - backend.app.services.order_service.GetOrders - (order_service.py:73) - Retrieved 6 orders.
2025-11-30 08:18:03,253 - INFO - backend.app.services.email_service.EmailServices - (email_service.py:90) - Prepared 1 vendor email(s).
2025-11-30 08:18:03,253 - INFO - backend.app.cli.cli.CLI - (cli.py:460) - Command 'generate_vendor_order_emails' executed successfully.
2025-11-30 08:18:40,420 - INFO - backend.adapters.files.generic_file_adapter.GenericFileAdapter - (generic_file_adapter.py:105) - Skipping unreadable file C:\Users\andrew\Desktop\Andrew\Projects\IthacaBakery\RandomStuff\WorkBot\refactor-experimental\backend\infra\config\vendors\__init__.py: 'py'
2025-11-30 08:18:40,428 - INFO - backend.adapters.files.generic_file_adapter.GenericFileAdapter - (generic_file_adapter.py:105) - Skipping unreadable file C:\Users\andrew\Desktop\Andrew\Projects\IthacaBakery\RandomStuff\WorkBot\refactor-experimental\backend\infra\config\vendors\__init__.py: 'py'
2025-11-30 08:18:41,363 - INFO - backend.app.cli.cli.CLI - (cli.py:448) - Dispatching command: combine_orders (args=['--vendors', 'Coffee Depot LLC'])
2025-11-30 08:18:41,364 - INFO - backend.app.services.order_service.CombineOrders - (order_service.py:86) - Merging all orders for: ['Coffee Depot LLC']
2025-11-30 08:18:41,365 - INFO - backend.app.services.order_service.GetOrdersByVendor - (order_service.py:36) - Listing orders for vendor=Coffee Depot LLC
2025-11-30 08:18:41,578 - ERROR - backend.app.cli.cli.CLI - (cli.py:465) - [Error] combine_orders failed: CombineOrders.command() missing 1 required positional argument: 'args'
Traceback (most recent call last):
  File "C:\Users\andrew\Desktop\Andrew\Projects\IthacaBakery\RandomStuff\WorkBot\refactor-experimental\backend\app\cli\cli.py", line 451, in _dispatch_command
    self.commands[command].command(args)
    ~~~~~~~~~~~~~~~~~~~~~~~~~~~~~~^^^^^^
  File "C:\Users\andrew\Desktop\Andrew\Projects\IthacaBakery\RandomStuff\WorkBot\refactor-experimental\backend\app\cli\commands\workbot\combine_orders.py", line 25, in command
    self.context.workbot.combine_orders(parsed_args.vendors)
    ~~~~~~~~~~~~~~~~~~~~~~~~~~~~~~~~~~~^^^^^^^^^^^^^^^^^^^^^
  File "C:\Users\andrew\Desktop\Andrew\Projects\IthacaBakery\RandomStuff\WorkBot\refactor-experimental\backend\bots\workbot\work_bot.py", line 173, in combine_orders
    return self.orders.combine_orders(vendor)
           ~~~~~~~~~~~~~~~~~~~~~~~~~~^^^^^^^^
  File "C:\Users\andrew\Desktop\Andrew\Projects\IthacaBakery\RandomStuff\WorkBot\refactor-experimental\backend\app\services\order_service.py", line 88, in __call__
    orders = self.list_by_vendor(vendor)
  File "C:\Users\andrew\Desktop\Andrew\Projects\IthacaBakery\RandomStuff\WorkBot\refactor-experimental\backend\app\services\order_service.py", line 37, in __call__
    return self.repo.list_by_vendor(vendor)
           ~~~~~~~~~~~~~~~~~~~~~~~~^^^^^^^^
  File "C:\Users\andrew\Desktop\Andrew\Projects\IthacaBakery\RandomStuff\WorkBot\refactor-experimental\backend\adapters\repos\order_file_repository.py", line 43, in list_by_vendor
    return [o for o in self.list_all() if o.vendor == vendor]
                       ~~~~~~~~~~~~~^^
  File "C:\Users\andrew\Desktop\Andrew\Projects\IthacaBakery\RandomStuff\WorkBot\refactor-experimental\backend\adapters\repos\order_file_repository.py", line 40, in list_all
    return [self._engine.read_from_path(p) for p in self._engine.list_files("*.xlsx")]
            ~~~~~~~~~~~~~~~~~~~~~~~~~~~^^^
  File "C:\Users\andrew\Desktop\Andrew\Projects\IthacaBakery\RandomStuff\WorkBot\refactor-experimental\backend\adapters\files\generic_file_adapter.py", line 46, in read_from_path
    return self.serializer.load_path(path, meta)
           ~~~~~~~~~~~~~~~~~~~~~~~~~^^^^^^^^^^^^
  File "C:\Users\andrew\Desktop\Andrew\Projects\IthacaBakery\RandomStuff\WorkBot\refactor-experimental\backend\domain\serializer\serializers\order.py", line 55, in load_path
    return self.from_table(payload)
           ~~~~~~~~~~~~~~~^^^^^^^^^
  File "C:\Users\andrew\Desktop\Andrew\Projects\IthacaBakery\RandomStuff\WorkBot\refactor-experimental\backend\domain\serializer\serializers\order.py", line 146, in from_table
    item_sku, item_name, qty, cost_per, total_cost = row
    ^^^^^^^^^^^^^^^^^^^^^^^^^^^^^^^^^^^^^^^^^^^^^^
ValueError: too many values to unpack (expected 5)

During handling of the above exception, another exception occurred:

Traceback (most recent call last):
  File "C:\Users\andrew\Desktop\Andrew\Projects\IthacaBakery\RandomStuff\WorkBot\refactor-experimental\backend\app\cli\cli.py", line 454, in _dispatch_command
    self.commands[command].command()
    ~~~~~~~~~~~~~~~~~~~~~~~~~~~~~~^^
TypeError: CombineOrders.command() missing 1 required positional argument: 'args'
2025-11-30 08:18:41,668 - INFO - backend.app.cli.cli.CLI - (cli.py:460) - Command 'combine_orders' executed successfully.
2025-11-30 08:20:42,591 - INFO - backend.adapters.files.generic_file_adapter.GenericFileAdapter - (generic_file_adapter.py:105) - Skipping unreadable file C:\Users\andrew\Desktop\Andrew\Projects\IthacaBakery\RandomStuff\WorkBot\refactor-experimental\backend\infra\config\vendors\__init__.py: 'py'
2025-11-30 08:20:42,600 - INFO - backend.adapters.files.generic_file_adapter.GenericFileAdapter - (generic_file_adapter.py:105) - Skipping unreadable file C:\Users\andrew\Desktop\Andrew\Projects\IthacaBakery\RandomStuff\WorkBot\refactor-experimental\backend\infra\config\vendors\__init__.py: 'py'
2025-11-30 08:20:43,141 - INFO - backend.app.cli.cli.CLI - (cli.py:448) - Dispatching command: combine_orders (args=['--vendors', 'Ithaca Bakery'])
2025-11-30 08:20:43,141 - INFO - backend.app.services.order_service.CombineOrders - (order_service.py:86) - Merging all orders for: ['Ithaca Bakery']
2025-11-30 08:20:43,142 - INFO - backend.app.services.order_service.GetOrdersByVendor - (order_service.py:36) - Listing orders for vendor=Ithaca Bakery
2025-11-30 08:20:43,303 - ERROR - backend.app.cli.cli.CLI - (cli.py:465) - [Error] combine_orders failed: CombineOrders.command() missing 1 required positional argument: 'args'
Traceback (most recent call last):
  File "C:\Users\andrew\Desktop\Andrew\Projects\IthacaBakery\RandomStuff\WorkBot\refactor-experimental\backend\app\cli\cli.py", line 451, in _dispatch_command
    self.commands[command].command(args)
    ~~~~~~~~~~~~~~~~~~~~~~~~~~~~~~^^^^^^
  File "C:\Users\andrew\Desktop\Andrew\Projects\IthacaBakery\RandomStuff\WorkBot\refactor-experimental\backend\app\cli\commands\workbot\combine_orders.py", line 25, in command
    self.context.workbot.combine_orders(parsed_args.vendors)
    ~~~~~~~~~~~~~~~~~~~~~~~~~~~~~~~~~~~^^^^^^^^^^^^^^^^^^^^^
  File "C:\Users\andrew\Desktop\Andrew\Projects\IthacaBakery\RandomStuff\WorkBot\refactor-experimental\backend\bots\workbot\work_bot.py", line 173, in combine_orders
    return self.orders.combine_orders(vendor)
           ~~~~~~~~~~~~~~~~~~~~~~~~~~^^^^^^^^
  File "C:\Users\andrew\Desktop\Andrew\Projects\IthacaBakery\RandomStuff\WorkBot\refactor-experimental\backend\app\services\order_service.py", line 88, in __call__
    orders = self.list_by_vendor(vendor)
  File "C:\Users\andrew\Desktop\Andrew\Projects\IthacaBakery\RandomStuff\WorkBot\refactor-experimental\backend\app\services\order_service.py", line 37, in __call__
    return self.repo.list_by_vendor(vendor)
           ~~~~~~~~~~~~~~~~~~~~~~~~^^^^^^^^
  File "C:\Users\andrew\Desktop\Andrew\Projects\IthacaBakery\RandomStuff\WorkBot\refactor-experimental\backend\adapters\repos\order_file_repository.py", line 43, in list_by_vendor
    return [o for o in self.list_all() if o.vendor == vendor]
                       ~~~~~~~~~~~~~^^
  File "C:\Users\andrew\Desktop\Andrew\Projects\IthacaBakery\RandomStuff\WorkBot\refactor-experimental\backend\adapters\repos\order_file_repository.py", line 40, in list_all
    return [self._engine.read_from_path(p) for p in self._engine.list_files("*.xlsx")]
            ~~~~~~~~~~~~~~~~~~~~~~~~~~~^^^
  File "C:\Users\andrew\Desktop\Andrew\Projects\IthacaBakery\RandomStuff\WorkBot\refactor-experimental\backend\adapters\files\generic_file_adapter.py", line 46, in read_from_path
    return self.serializer.load_path(path, meta)
           ~~~~~~~~~~~~~~~~~~~~~~~~~^^^^^^^^^^^^
  File "C:\Users\andrew\Desktop\Andrew\Projects\IthacaBakery\RandomStuff\WorkBot\refactor-experimental\backend\domain\serializer\serializers\order.py", line 55, in load_path
    return self.from_table(payload)
           ~~~~~~~~~~~~~~~^^^^^^^^^
  File "C:\Users\andrew\Desktop\Andrew\Projects\IthacaBakery\RandomStuff\WorkBot\refactor-experimental\backend\domain\serializer\serializers\order.py", line 146, in from_table
    item_sku, item_name, qty, cost_per, total_cost = row
    ^^^^^^^^^^^^^^^^^^^^^^^^^^^^^^^^^^^^^^^^^^^^^^
ValueError: too many values to unpack (expected 5)

During handling of the above exception, another exception occurred:

Traceback (most recent call last):
  File "C:\Users\andrew\Desktop\Andrew\Projects\IthacaBakery\RandomStuff\WorkBot\refactor-experimental\backend\app\cli\cli.py", line 454, in _dispatch_command
    self.commands[command].command()
    ~~~~~~~~~~~~~~~~~~~~~~~~~~~~~~^^
TypeError: CombineOrders.command() missing 1 required positional argument: 'args'
2025-11-30 08:20:43,308 - INFO - backend.app.cli.cli.CLI - (cli.py:460) - Command 'combine_orders' executed successfully.
2025-11-30 08:22:29,076 - INFO - backend.app.cli.cli.CLI - (cli.py:376) - CLI interrupted by user (Ctrl+C / EOF).
2025-11-30 08:22:29,079 - INFO - backend.app.cli.cli.CLI - (cli.py:419) - Exiting CLI and saving history.
2025-11-30 08:22:32,441 - INFO - backend.bots.workbot.work_bot.WorkBot - (work_bot.py:53) - Initializing WorkBot...
2025-11-30 08:22:32,441 - INFO - backend.bots.workbot.work_bot.WorkBot - (work_bot.py:66) - WorkBot initialized successfully.
2025-11-30 08:22:32,441 - INFO - backend.app.cli.cli.CLI - (cli.py:34) - Initializing CLI.
2025-11-30 08:22:32,448 - INFO - backend.app.cli.cli.CLI - (cli.py:77) - Loaded 1 commands from backend.app.cli.commands.builtin
2025-11-30 08:22:32,463 - INFO - backend.app.cli.cli.CLI - (cli.py:101) - Loaded command history from C:\Users\andrew\Desktop\Andrew\Projects\IthacaBakery\RandomStuff\WorkBot\refactor-experimental\data\cli\.cli_history
2025-11-30 08:22:32,464 - INFO - backend.app.cli.cli.CLI - (cli.py:42) - CLI initialized successfully with 1 commands.
2025-11-30 08:22:32,483 - INFO - backend.app.cli.cli.CLI - (cli.py:77) - Loaded 15 commands from backend.app.cli.commands.workbot
2025-11-30 08:22:32,483 - INFO - backend.app.cli.cli.CLI - (cli.py:350) - CLI session started.
2025-11-30 08:22:33,638 - INFO - backend.app.cli.cli.CLI - (cli.py:448) - Dispatching command: combine_orders (args=['--vendors', 'Ithaca Bakery'])
2025-11-30 08:22:33,639 - INFO - backend.app.services.order_service.CombineOrders - (order_service.py:86) - Merging all orders for: ['Ithaca Bakery']
2025-11-30 08:22:33,639 - INFO - backend.app.services.order_service.GetOrdersByVendor - (order_service.py:36) - Listing orders for vendor=Ithaca Bakery
2025-11-30 08:22:33,807 - ERROR - backend.app.cli.cli.CLI - (cli.py:465) - [Error] combine_orders failed: CombineOrders.command() missing 1 required positional argument: 'args'
Traceback (most recent call last):
  File "C:\Users\andrew\Desktop\Andrew\Projects\IthacaBakery\RandomStuff\WorkBot\refactor-experimental\backend\app\cli\cli.py", line 451, in _dispatch_command
    self.commands[command].command(args)
    ~~~~~~~~~~~~~~~~~~~~~~~~~~~~~~^^^^^^
  File "C:\Users\andrew\Desktop\Andrew\Projects\IthacaBakery\RandomStuff\WorkBot\refactor-experimental\backend\app\cli\commands\workbot\combine_orders.py", line 25, in command
    self.context.workbot.combine_orders(parsed_args.vendors)
    ~~~~~~~~~~~~~~~~~~~~~~~~~~~~~~~~~~~^^^^^^^^^^^^^^^^^^^^^
  File "C:\Users\andrew\Desktop\Andrew\Projects\IthacaBakery\RandomStuff\WorkBot\refactor-experimental\backend\bots\workbot\work_bot.py", line 173, in combine_orders
    return self.orders.combine_orders(vendor)
           ~~~~~~~~~~~~~~~~~~~~~~~~~~^^^^^^^^
  File "C:\Users\andrew\Desktop\Andrew\Projects\IthacaBakery\RandomStuff\WorkBot\refactor-experimental\backend\app\services\order_service.py", line 88, in __call__
    orders = self.list_by_vendor(vendor)
  File "C:\Users\andrew\Desktop\Andrew\Projects\IthacaBakery\RandomStuff\WorkBot\refactor-experimental\backend\app\services\order_service.py", line 37, in __call__
    return self.repo.list_by_vendor(vendor)
           ~~~~~~~~~~~~~~~~~~~~~~~~^^^^^^^^
  File "C:\Users\andrew\Desktop\Andrew\Projects\IthacaBakery\RandomStuff\WorkBot\refactor-experimental\backend\adapters\repos\order_file_repository.py", line 43, in list_by_vendor
    return [o for o in self.list_all() if o.vendor == vendor]
                       ~~~~~~~~~~~~~^^
  File "C:\Users\andrew\Desktop\Andrew\Projects\IthacaBakery\RandomStuff\WorkBot\refactor-experimental\backend\adapters\repos\order_file_repository.py", line 40, in list_all
    return [self._engine.read_from_path(p) for p in self._engine.list_files("*.xlsx")]
            ~~~~~~~~~~~~~~~~~~~~~~~~~~~^^^
  File "C:\Users\andrew\Desktop\Andrew\Projects\IthacaBakery\RandomStuff\WorkBot\refactor-experimental\backend\adapters\files\generic_file_adapter.py", line 46, in read_from_path
    return self.serializer.load_path(path, meta)
           ~~~~~~~~~~~~~~~~~~~~~~~~~^^^^^^^^^^^^
  File "C:\Users\andrew\Desktop\Andrew\Projects\IthacaBakery\RandomStuff\WorkBot\refactor-experimental\backend\domain\serializer\serializers\order.py", line 55, in load_path
    return self.from_table(payload)
           ~~~~~~~~~~~~~~~^^^^^^^^^
  File "C:\Users\andrew\Desktop\Andrew\Projects\IthacaBakery\RandomStuff\WorkBot\refactor-experimental\backend\domain\serializer\serializers\order.py", line 147, in from_table
    item_sku, item_name, qty, cost_per, total_cost = row
    ^^^^^^^^^^^^^^^^^^^^^^^^^^^^^^^^^^^^^^^^^^^^^^
ValueError: too many values to unpack (expected 5)

During handling of the above exception, another exception occurred:

Traceback (most recent call last):
  File "C:\Users\andrew\Desktop\Andrew\Projects\IthacaBakery\RandomStuff\WorkBot\refactor-experimental\backend\app\cli\cli.py", line 454, in _dispatch_command
    self.commands[command].command()
    ~~~~~~~~~~~~~~~~~~~~~~~~~~~~~~^^
TypeError: CombineOrders.command() missing 1 required positional argument: 'args'
2025-11-30 08:22:33,815 - INFO - backend.app.cli.cli.CLI - (cli.py:460) - Command 'combine_orders' executed successfully.
2025-11-30 08:23:35,212 - INFO - backend.app.cli.cli.CLI - (cli.py:376) - CLI interrupted by user (Ctrl+C / EOF).
2025-11-30 08:23:35,215 - INFO - backend.app.cli.cli.CLI - (cli.py:419) - Exiting CLI and saving history.
2025-11-30 08:23:39,429 - INFO - backend.bots.workbot.work_bot.WorkBot - (work_bot.py:53) - Initializing WorkBot...
2025-11-30 08:23:39,429 - INFO - backend.bots.workbot.work_bot.WorkBot - (work_bot.py:66) - WorkBot initialized successfully.
2025-11-30 08:23:39,429 - INFO - backend.app.cli.cli.CLI - (cli.py:34) - Initializing CLI.
2025-11-30 08:23:39,435 - INFO - backend.app.cli.cli.CLI - (cli.py:77) - Loaded 1 commands from backend.app.cli.commands.builtin
2025-11-30 08:23:39,442 - INFO - backend.app.cli.cli.CLI - (cli.py:101) - Loaded command history from C:\Users\andrew\Desktop\Andrew\Projects\IthacaBakery\RandomStuff\WorkBot\refactor-experimental\data\cli\.cli_history
2025-11-30 08:23:39,442 - INFO - backend.app.cli.cli.CLI - (cli.py:42) - CLI initialized successfully with 1 commands.
2025-11-30 08:23:39,456 - INFO - backend.app.cli.cli.CLI - (cli.py:77) - Loaded 15 commands from backend.app.cli.commands.workbot
2025-11-30 08:23:39,457 - INFO - backend.app.cli.cli.CLI - (cli.py:350) - CLI session started.
2025-11-30 08:23:40,679 - INFO - backend.app.cli.cli.CLI - (cli.py:448) - Dispatching command: combine_orders (args=['--vendors', 'Ithaca Bakery'])
2025-11-30 08:23:40,680 - INFO - backend.app.services.order_service.CombineOrders - (order_service.py:86) - Merging all orders for: ['Ithaca Bakery']
2025-11-30 08:23:40,680 - INFO - backend.app.services.order_service.GetOrdersByVendor - (order_service.py:36) - Listing orders for vendor=Ithaca Bakery
2025-11-30 08:23:40,842 - ERROR - backend.app.cli.cli.CLI - (cli.py:462) - [Error] combine_orders failed: cannot access local variable 'e' where it is not associated with a value
Traceback (most recent call last):
  File "C:\Users\andrew\Desktop\Andrew\Projects\IthacaBakery\RandomStuff\WorkBot\refactor-experimental\backend\app\cli\cli.py", line 451, in _dispatch_command
    self.commands[command].command(args)
    ~~~~~~~~~~~~~~~~~~~~~~~~~~~~~~^^^^^^
  File "C:\Users\andrew\Desktop\Andrew\Projects\IthacaBakery\RandomStuff\WorkBot\refactor-experimental\backend\app\cli\commands\workbot\combine_orders.py", line 25, in command
    self.context.workbot.combine_orders(parsed_args.vendors)
    ~~~~~~~~~~~~~~~~~~~~~~~~~~~~~~~~~~~^^^^^^^^^^^^^^^^^^^^^
  File "C:\Users\andrew\Desktop\Andrew\Projects\IthacaBakery\RandomStuff\WorkBot\refactor-experimental\backend\bots\workbot\work_bot.py", line 173, in combine_orders
    return self.orders.combine_orders(vendor)
           ~~~~~~~~~~~~~~~~~~~~~~~~~~^^^^^^^^
  File "C:\Users\andrew\Desktop\Andrew\Projects\IthacaBakery\RandomStuff\WorkBot\refactor-experimental\backend\app\services\order_service.py", line 88, in __call__
    orders = self.list_by_vendor(vendor)
  File "C:\Users\andrew\Desktop\Andrew\Projects\IthacaBakery\RandomStuff\WorkBot\refactor-experimental\backend\app\services\order_service.py", line 37, in __call__
    return self.repo.list_by_vendor(vendor)
           ~~~~~~~~~~~~~~~~~~~~~~~~^^^^^^^^
  File "C:\Users\andrew\Desktop\Andrew\Projects\IthacaBakery\RandomStuff\WorkBot\refactor-experimental\backend\adapters\repos\order_file_repository.py", line 43, in list_by_vendor
    return [o for o in self.list_all() if o.vendor == vendor]
                       ~~~~~~~~~~~~~^^
  File "C:\Users\andrew\Desktop\Andrew\Projects\IthacaBakery\RandomStuff\WorkBot\refactor-experimental\backend\adapters\repos\order_file_repository.py", line 40, in list_all
    return [self._engine.read_from_path(p) for p in self._engine.list_files("*.xlsx")]
            ~~~~~~~~~~~~~~~~~~~~~~~~~~~^^^
  File "C:\Users\andrew\Desktop\Andrew\Projects\IthacaBakery\RandomStuff\WorkBot\refactor-experimental\backend\adapters\files\generic_file_adapter.py", line 46, in read_from_path
    return self.serializer.load_path(path, meta)
           ~~~~~~~~~~~~~~~~~~~~~~~~~^^^^^^^^^^^^
  File "C:\Users\andrew\Desktop\Andrew\Projects\IthacaBakery\RandomStuff\WorkBot\refactor-experimental\backend\domain\serializer\serializers\order.py", line 55, in load_path
    return self.from_table(payload)
           ~~~~~~~~~~~~~~~^^^^^^^^^
  File "C:\Users\andrew\Desktop\Andrew\Projects\IthacaBakery\RandomStuff\WorkBot\refactor-experimental\backend\domain\serializer\serializers\order.py", line 147, in from_table
    item_sku, item_name, qty, cost_per, total_cost = row
    ^^^^^^^^^^^^^^^^^^^^^^^^^^^^^^^^^^^^^^^^^^^^^^
ValueError: too many values to unpack (expected 5)

During handling of the above exception, another exception occurred:

Traceback (most recent call last):
  File "C:\Users\andrew\Desktop\Andrew\Projects\IthacaBakery\RandomStuff\WorkBot\refactor-experimental\backend\app\cli\cli.py", line 453, in _dispatch_command
    self._handle_error(command, e)
                                ^
UnboundLocalError: cannot access local variable 'e' where it is not associated with a value
2025-11-30 08:24:15,812 - INFO - backend.app.cli.cli.CLI - (cli.py:376) - CLI interrupted by user (Ctrl+C / EOF).
2025-11-30 08:24:15,816 - INFO - backend.app.cli.cli.CLI - (cli.py:419) - Exiting CLI and saving history.
2025-11-30 08:24:18,529 - INFO - backend.bots.workbot.work_bot.WorkBot - (work_bot.py:53) - Initializing WorkBot...
2025-11-30 08:24:18,529 - INFO - backend.bots.workbot.work_bot.WorkBot - (work_bot.py:66) - WorkBot initialized successfully.
2025-11-30 08:24:18,529 - INFO - backend.app.cli.cli.CLI - (cli.py:34) - Initializing CLI.
2025-11-30 08:24:18,534 - INFO - backend.app.cli.cli.CLI - (cli.py:77) - Loaded 1 commands from backend.app.cli.commands.builtin
2025-11-30 08:24:18,542 - INFO - backend.app.cli.cli.CLI - (cli.py:101) - Loaded command history from C:\Users\andrew\Desktop\Andrew\Projects\IthacaBakery\RandomStuff\WorkBot\refactor-experimental\data\cli\.cli_history
2025-11-30 08:24:18,543 - INFO - backend.app.cli.cli.CLI - (cli.py:42) - CLI initialized successfully with 1 commands.
2025-11-30 08:24:18,558 - INFO - backend.app.cli.cli.CLI - (cli.py:77) - Loaded 15 commands from backend.app.cli.commands.workbot
2025-11-30 08:24:18,558 - INFO - backend.app.cli.cli.CLI - (cli.py:350) - CLI session started.
2025-11-30 08:24:19,576 - INFO - backend.app.cli.cli.CLI - (cli.py:448) - Dispatching command: combine_orders (args=['--vendors', 'Ithaca Bakery'])
2025-11-30 08:24:19,577 - INFO - backend.app.services.order_service.CombineOrders - (order_service.py:86) - Merging all orders for: ['Ithaca Bakery']
2025-11-30 08:24:19,577 - INFO - backend.app.services.order_service.GetOrdersByVendor - (order_service.py:36) - Listing orders for vendor=Ithaca Bakery
2025-11-30 08:24:19,737 - ERROR - backend.app.cli.cli.CLI - (cli.py:462) - [Error] combine_orders failed: too many values to unpack (expected 5)
Traceback (most recent call last):
  File "C:\Users\andrew\Desktop\Andrew\Projects\IthacaBakery\RandomStuff\WorkBot\refactor-experimental\backend\app\cli\cli.py", line 451, in _dispatch_command
    self.commands[command].command(args)
    ~~~~~~~~~~~~~~~~~~~~~~~~~~~~~~^^^^^^
  File "C:\Users\andrew\Desktop\Andrew\Projects\IthacaBakery\RandomStuff\WorkBot\refactor-experimental\backend\app\cli\commands\workbot\combine_orders.py", line 25, in command
    self.context.workbot.combine_orders(parsed_args.vendors)
    ~~~~~~~~~~~~~~~~~~~~~~~~~~~~~~~~~~~^^^^^^^^^^^^^^^^^^^^^
  File "C:\Users\andrew\Desktop\Andrew\Projects\IthacaBakery\RandomStuff\WorkBot\refactor-experimental\backend\bots\workbot\work_bot.py", line 173, in combine_orders
    return self.orders.combine_orders(vendor)
           ~~~~~~~~~~~~~~~~~~~~~~~~~~^^^^^^^^
  File "C:\Users\andrew\Desktop\Andrew\Projects\IthacaBakery\RandomStuff\WorkBot\refactor-experimental\backend\app\services\order_service.py", line 88, in __call__
    orders = self.list_by_vendor(vendor)
  File "C:\Users\andrew\Desktop\Andrew\Projects\IthacaBakery\RandomStuff\WorkBot\refactor-experimental\backend\app\services\order_service.py", line 37, in __call__
    return self.repo.list_by_vendor(vendor)
           ~~~~~~~~~~~~~~~~~~~~~~~~^^^^^^^^
  File "C:\Users\andrew\Desktop\Andrew\Projects\IthacaBakery\RandomStuff\WorkBot\refactor-experimental\backend\adapters\repos\order_file_repository.py", line 43, in list_by_vendor
    return [o for o in self.list_all() if o.vendor == vendor]
                       ~~~~~~~~~~~~~^^
  File "C:\Users\andrew\Desktop\Andrew\Projects\IthacaBakery\RandomStuff\WorkBot\refactor-experimental\backend\adapters\repos\order_file_repository.py", line 40, in list_all
    return [self._engine.read_from_path(p) for p in self._engine.list_files("*.xlsx")]
            ~~~~~~~~~~~~~~~~~~~~~~~~~~~^^^
  File "C:\Users\andrew\Desktop\Andrew\Projects\IthacaBakery\RandomStuff\WorkBot\refactor-experimental\backend\adapters\files\generic_file_adapter.py", line 46, in read_from_path
    return self.serializer.load_path(path, meta)
           ~~~~~~~~~~~~~~~~~~~~~~~~~^^^^^^^^^^^^
  File "C:\Users\andrew\Desktop\Andrew\Projects\IthacaBakery\RandomStuff\WorkBot\refactor-experimental\backend\domain\serializer\serializers\order.py", line 55, in load_path
    return self.from_table(payload)
           ~~~~~~~~~~~~~~~^^^^^^^^^
  File "C:\Users\andrew\Desktop\Andrew\Projects\IthacaBakery\RandomStuff\WorkBot\refactor-experimental\backend\domain\serializer\serializers\order.py", line 147, in from_table
    item_sku, item_name, qty, cost_per, total_cost = row
    ^^^^^^^^^^^^^^^^^^^^^^^^^^^^^^^^^^^^^^^^^^^^^^
ValueError: too many values to unpack (expected 5)
2025-11-30 08:24:19,744 - INFO - backend.app.cli.cli.CLI - (cli.py:457) - Command 'combine_orders' executed successfully.
2025-11-30 08:42:11,052 - INFO - backend.app.cli.cli.CLI - (cli.py:376) - CLI interrupted by user (Ctrl+C / EOF).
2025-11-30 08:42:11,056 - INFO - backend.app.cli.cli.CLI - (cli.py:419) - Exiting CLI and saving history.
2025-11-30 08:42:15,419 - INFO - backend.bots.workbot.work_bot.WorkBot - (work_bot.py:53) - Initializing WorkBot...
2025-11-30 08:42:15,419 - INFO - backend.bots.workbot.work_bot.WorkBot - (work_bot.py:66) - WorkBot initialized successfully.
2025-11-30 08:42:15,419 - INFO - backend.app.cli.cli.CLI - (cli.py:34) - Initializing CLI.
2025-11-30 08:42:15,424 - INFO - backend.app.cli.cli.CLI - (cli.py:77) - Loaded 1 commands from backend.app.cli.commands.builtin
2025-11-30 08:42:15,435 - INFO - backend.app.cli.cli.CLI - (cli.py:101) - Loaded command history from C:\Users\andrew\Desktop\Andrew\Projects\IthacaBakery\RandomStuff\WorkBot\refactor-experimental\data\cli\.cli_history
2025-11-30 08:42:15,435 - INFO - backend.app.cli.cli.CLI - (cli.py:42) - CLI initialized successfully with 1 commands.
2025-11-30 08:42:15,451 - INFO - backend.app.cli.cli.CLI - (cli.py:77) - Loaded 15 commands from backend.app.cli.commands.workbot
2025-11-30 08:42:15,451 - INFO - backend.app.cli.cli.CLI - (cli.py:350) - CLI session started.
2025-11-30 08:42:17,953 - INFO - backend.app.cli.cli.CLI - (cli.py:448) - Dispatching command: combine_orders (args=['--vendors', 'Coffee Depot LLC'])
2025-11-30 08:42:17,953 - INFO - backend.app.services.order_service.CombineOrders - (order_service.py:86) - Merging all orders for: ['Coffee Depot LLC']
2025-11-30 08:42:17,954 - INFO - backend.app.services.order_service.GetOrdersByVendor - (order_service.py:36) - Listing orders for vendor=Coffee Depot LLC
2025-11-30 08:42:17,954 - INFO - backend.adapters.repos.order_file_repository.OrderFileRepository - (order_file_repository.py:43) - yep
2025-11-30 08:42:18,116 - ERROR - backend.app.cli.cli.CLI - (cli.py:462) - [Error] combine_orders failed: too many values to unpack (expected 5)
Traceback (most recent call last):
  File "C:\Users\andrew\Desktop\Andrew\Projects\IthacaBakery\RandomStuff\WorkBot\refactor-experimental\backend\app\cli\cli.py", line 451, in _dispatch_command
    self.commands[command].command(args)
    ~~~~~~~~~~~~~~~~~~~~~~~~~~~~~~^^^^^^
  File "C:\Users\andrew\Desktop\Andrew\Projects\IthacaBakery\RandomStuff\WorkBot\refactor-experimental\backend\app\cli\commands\workbot\combine_orders.py", line 25, in command
    self.context.workbot.combine_orders(parsed_args.vendors)
    ~~~~~~~~~~~~~~~~~~~~~~~~~~~~~~~~~~~^^^^^^^^^^^^^^^^^^^^^
  File "C:\Users\andrew\Desktop\Andrew\Projects\IthacaBakery\RandomStuff\WorkBot\refactor-experimental\backend\bots\workbot\work_bot.py", line 173, in combine_orders
    return self.orders.combine_orders(vendor)
           ~~~~~~~~~~~~~~~~~~~~~~~~~~^^^^^^^^
  File "C:\Users\andrew\Desktop\Andrew\Projects\IthacaBakery\RandomStuff\WorkBot\refactor-experimental\backend\app\services\order_service.py", line 88, in __call__
    orders = self.list_by_vendor(vendor)
  File "C:\Users\andrew\Desktop\Andrew\Projects\IthacaBakery\RandomStuff\WorkBot\refactor-experimental\backend\app\services\order_service.py", line 37, in __call__
    return self.repo.list_by_vendor(vendor)
           ~~~~~~~~~~~~~~~~~~~~~~~~^^^^^^^^
  File "C:\Users\andrew\Desktop\Andrew\Projects\IthacaBakery\RandomStuff\WorkBot\refactor-experimental\backend\adapters\repos\order_file_repository.py", line 44, in list_by_vendor
    self.logger.info([o for o in self.list_all() if o.vendor == vendor])
                                 ~~~~~~~~~~~~~^^
  File "C:\Users\andrew\Desktop\Andrew\Projects\IthacaBakery\RandomStuff\WorkBot\refactor-experimental\backend\adapters\repos\order_file_repository.py", line 40, in list_all
    return [self._engine.read_from_path(p) for p in self._engine.list_files("*.xlsx")]
            ~~~~~~~~~~~~~~~~~~~~~~~~~~~^^^
  File "C:\Users\andrew\Desktop\Andrew\Projects\IthacaBakery\RandomStuff\WorkBot\refactor-experimental\backend\adapters\files\generic_file_adapter.py", line 46, in read_from_path
    return self.serializer.load_path(path, meta)
           ~~~~~~~~~~~~~~~~~~~~~~~~~^^^^^^^^^^^^
  File "C:\Users\andrew\Desktop\Andrew\Projects\IthacaBakery\RandomStuff\WorkBot\refactor-experimental\backend\domain\serializer\serializers\order.py", line 55, in load_path
    return self.from_table(payload)
           ~~~~~~~~~~~~~~~^^^^^^^^^
  File "C:\Users\andrew\Desktop\Andrew\Projects\IthacaBakery\RandomStuff\WorkBot\refactor-experimental\backend\domain\serializer\serializers\order.py", line 147, in from_table
    item_sku, item_name, qty, cost_per, total_cost = row
    ^^^^^^^^^^^^^^^^^^^^^^^^^^^^^^^^^^^^^^^^^^^^^^
ValueError: too many values to unpack (expected 5)
2025-11-30 08:42:18,123 - INFO - backend.app.cli.cli.CLI - (cli.py:457) - Command 'combine_orders' executed successfully.
2025-11-30 08:42:59,605 - INFO - backend.app.cli.cli.CLI - (cli.py:376) - CLI interrupted by user (Ctrl+C / EOF).
2025-11-30 08:42:59,609 - INFO - backend.app.cli.cli.CLI - (cli.py:419) - Exiting CLI and saving history.
2025-11-30 08:43:02,287 - INFO - backend.bots.workbot.work_bot.WorkBot - (work_bot.py:53) - Initializing WorkBot...
2025-11-30 08:43:02,287 - INFO - backend.bots.workbot.work_bot.WorkBot - (work_bot.py:66) - WorkBot initialized successfully.
2025-11-30 08:43:02,287 - INFO - backend.app.cli.cli.CLI - (cli.py:34) - Initializing CLI.
2025-11-30 08:43:02,292 - INFO - backend.app.cli.cli.CLI - (cli.py:77) - Loaded 1 commands from backend.app.cli.commands.builtin
2025-11-30 08:43:02,309 - INFO - backend.app.cli.cli.CLI - (cli.py:101) - Loaded command history from C:\Users\andrew\Desktop\Andrew\Projects\IthacaBakery\RandomStuff\WorkBot\refactor-experimental\data\cli\.cli_history
2025-11-30 08:43:02,309 - INFO - backend.app.cli.cli.CLI - (cli.py:42) - CLI initialized successfully with 1 commands.
2025-11-30 08:43:02,325 - INFO - backend.app.cli.cli.CLI - (cli.py:77) - Loaded 15 commands from backend.app.cli.commands.workbot
2025-11-30 08:43:02,325 - INFO - backend.app.cli.cli.CLI - (cli.py:350) - CLI session started.
2025-11-30 08:43:03,121 - INFO - backend.app.cli.cli.CLI - (cli.py:448) - Dispatching command: combine_orders (args=['--vendors', 'Coffee Depot LLC'])
2025-11-30 08:43:03,121 - INFO - backend.app.services.order_service.CombineOrders - (order_service.py:86) - Merging all orders for: ['Coffee Depot LLC']
2025-11-30 08:43:03,122 - INFO - backend.app.services.order_service.GetOrdersByVendor - (order_service.py:36) - Listing orders for vendor=Coffee Depot LLC
2025-11-30 08:43:03,127 - INFO - backend.adapters.repos.order_file_repository.OrderFileRepository - (order_file_repository.py:40) - [WindowsPath('C:/Users/andrew/Desktop/Andrew/Projects/IthacaBakery/RandomStuff/WorkBot/refactor-experimental/data/orders/A.L. George/A.L. George_Collegetown_20251126.xlsx'), WindowsPath('C:/Users/andrew/Desktop/Andrew/Projects/IthacaBakery/RandomStuff/WorkBot/refactor-experimental/data/orders/A.L. George/A.L. George_Triphammer_20251128.xlsx'), WindowsPath('C:/Users/andrew/Desktop/Andrew/Projects/IthacaBakery/RandomStuff/WorkBot/refactor-experimental/data/orders/BALKAN BEVERAGE LLC/BALKAN BEVERAGE LLC_Collegetown_20251126.xlsx'), WindowsPath("C:/Users/andrew/Desktop/Andrew/Projects/IthacaBakery/RandomStuff/WorkBot/refactor-experimental/data/orders/Bo's Bones/Bo's Bones_Downtown_20251129.xlsx"), WindowsPath('C:/Users/andrew/Desktop/Andrew/Projects/IthacaBakery/RandomStuff/WorkBot/refactor-experimental/data/orders/Coca-Cola/Coca-Cola_Bakery_20251130.xlsx'), WindowsPath('C:/Users/andrew/Desktop/Andrew/Projects/IthacaBakery/RandomStuff/WorkBot/refactor-experimental/data/orders/Coca-Cola/Coca-Cola_Collegetown_20251126.xlsx'), WindowsPath('C:/Users/andrew/Desktop/Andrew/Projects/IthacaBakery/RandomStuff/WorkBot/refactor-experimental/data/orders/Coca-Cola/Coca-Cola_Downtown_20251128.xlsx'), WindowsPath('C:/Users/andrew/Desktop/Andrew/Projects/IthacaBakery/RandomStuff/WorkBot/refactor-experimental/data/orders/Coca-Cola/Coca-Cola_Easthill_20251128.xlsx'), WindowsPath('C:/Users/andrew/Desktop/Andrew/Projects/IthacaBakery/RandomStuff/WorkBot/refactor-experimental/data/orders/Coca-Cola/Coca-Cola_Syracuse_20251126.xlsx'), WindowsPath('C:/Users/andrew/Desktop/Andrew/Projects/IthacaBakery/RandomStuff/WorkBot/refactor-experimental/data/orders/Coca-Cola/Coca-Cola_Triphammer_20251128.xlsx'), WindowsPath('C:/Users/andrew/Desktop/Andrew/Projects/IthacaBakery/RandomStuff/WorkBot/refactor-experimental/data/orders/Coffee Depot LLC/Coffee Depot LLC_Bakery_20251130.xlsx'), WindowsPath('C:/Users/andrew/Desktop/Andrew/Projects/IthacaBakery/RandomStuff/WorkBot/refactor-experimental/data/orders/Coffee Depot LLC/Coffee Depot LLC_Collegetown_20251126.xlsx'), WindowsPath('C:/Users/andrew/Desktop/Andrew/Projects/IthacaBakery/RandomStuff/WorkBot/refactor-experimental/data/orders/Coffee Depot LLC/Coffee Depot LLC_Downtown_20251128.xlsx'), WindowsPath('C:/Users/andrew/Desktop/Andrew/Projects/IthacaBakery/RandomStuff/WorkBot/refactor-experimental/data/orders/Coffee Depot LLC/Coffee Depot LLC_Easthill_20251128.xlsx'), WindowsPath('C:/Users/andrew/Desktop/Andrew/Projects/IthacaBakery/RandomStuff/WorkBot/refactor-experimental/data/orders/Coffee Depot LLC/Coffee Depot LLC_Syracuse_20251126.xlsx'), WindowsPath('C:/Users/andrew/Desktop/Andrew/Projects/IthacaBakery/RandomStuff/WorkBot/refactor-experimental/data/orders/Coffee Depot LLC/Coffee Depot LLC_Triphammer_20251128.xlsx'), WindowsPath('C:/Users/andrew/Desktop/Andrew/Projects/IthacaBakery/RandomStuff/WorkBot/refactor-experimental/data/orders/Copper Horse Coffee/Copper Horse Coffee_Bakery_20251130.xlsx'), WindowsPath('C:/Users/andrew/Desktop/Andrew/Projects/IthacaBakery/RandomStuff/WorkBot/refactor-experimental/data/orders/Copper Horse Coffee/Copper Horse Coffee_Downtown_20251129.xlsx'), WindowsPath('C:/Users/andrew/Desktop/Andrew/Projects/IthacaBakery/RandomStuff/WorkBot/refactor-experimental/data/orders/Copper Horse Coffee/Copper Horse Coffee_Easthill_20251128.xlsx'), WindowsPath('C:/Users/andrew/Desktop/Andrew/Projects/IthacaBakery/RandomStuff/WorkBot/refactor-experimental/data/orders/Copper Horse Coffee/Copper Horse Coffee_Triphammer_20251128.xlsx'), WindowsPath('C:/Users/andrew/Desktop/Andrew/Projects/IthacaBakery/RandomStuff/WorkBot/refactor-experimental/data/orders/DUTCH VALLEY FOOD DIST/DUTCH VALLEY FOOD DIST_Bakery_20251130.xlsx'), WindowsPath('C:/Users/andrew/Desktop/Andrew/Projects/IthacaBakery/RandomStuff/WorkBot/refactor-experimental/data/orders/DUTCH VALLEY FOOD DIST/DUTCH VALLEY FOOD DIST_Easthill_20251128.xlsx'), WindowsPath('C:/Users/andrew/Desktop/Andrew/Projects/IthacaBakery/RandomStuff/WorkBot/refactor-experimental/data/orders/DUTCH VALLEY FOOD DIST/DUTCH VALLEY FOOD DIST_Syracuse_20251126.xlsx'), WindowsPath('C:/Users/andrew/Desktop/Andrew/Projects/IthacaBakery/RandomStuff/WorkBot/refactor-experimental/data/orders/Equal Exchange/Equal Exchange_Bakery_20251130.xlsx'), WindowsPath('C:/Users/andrew/Desktop/Andrew/Projects/IthacaBakery/RandomStuff/WorkBot/refactor-experimental/data/orders/Equal Exchange/Equal Exchange_Collegetown_20251126.xlsx'), WindowsPath('C:/Users/andrew/Desktop/Andrew/Projects/IthacaBakery/RandomStuff/WorkBot/refactor-experimental/data/orders/Equal Exchange/Equal Exchange_Downtown_20251128.xlsx'), WindowsPath('C:/Users/andrew/Desktop/Andrew/Projects/IthacaBakery/RandomStuff/WorkBot/refactor-experimental/data/orders/Equal Exchange/Equal Exchange_Easthill_20251128.xlsx'), WindowsPath('C:/Users/andrew/Desktop/Andrew/Projects/IthacaBakery/RandomStuff/WorkBot/refactor-experimental/data/orders/Equal Exchange/Equal Exchange_Syracuse_20251126.xlsx'), WindowsPath('C:/Users/andrew/Desktop/Andrew/Projects/IthacaBakery/RandomStuff/WorkBot/refactor-experimental/data/orders/Equal Exchange/Equal Exchange_Triphammer_20251128.xlsx'), WindowsPath('C:/Users/andrew/Desktop/Andrew/Projects/IthacaBakery/RandomStuff/WorkBot/refactor-experimental/data/orders/Finger Lakes Coffee Roasters/Finger Lakes Coffee Roasters_Bakery_20251130.xlsx'), WindowsPath('C:/Users/andrew/Desktop/Andrew/Projects/IthacaBakery/RandomStuff/WorkBot/refactor-experimental/data/orders/FingerLakes Farms/FingerLakes Farms_Bakery_20251125.xlsx'), WindowsPath('C:/Users/andrew/Desktop/Andrew/Projects/IthacaBakery/RandomStuff/WorkBot/refactor-experimental/data/orders/FingerLakes Farms/FingerLakes Farms_Bakery_20251129.xlsx'), WindowsPath('C:/Users/andrew/Desktop/Andrew/Projects/IthacaBakery/RandomStuff/WorkBot/refactor-experimental/data/orders/FingerLakes Farms/FingerLakes Farms_Collegetown_20251126.xlsx'), WindowsPath('C:/Users/andrew/Desktop/Andrew/Projects/IthacaBakery/RandomStuff/WorkBot/refactor-experimental/data/orders/FingerLakes Farms/FingerLakes Farms_Downtown_20251128.xlsx'), WindowsPath('C:/Users/andrew/Desktop/Andrew/Projects/IthacaBakery/RandomStuff/WorkBot/refactor-experimental/data/orders/FingerLakes Farms/FingerLakes Farms_Easthill_20251128.xlsx'), WindowsPath('C:/Users/andrew/Desktop/Andrew/Projects/IthacaBakery/RandomStuff/WorkBot/refactor-experimental/data/orders/Hill & Markes/Hill & Markes_Collegetown_20251126.xlsx'), WindowsPath('C:/Users/andrew/Desktop/Andrew/Projects/IthacaBakery/RandomStuff/WorkBot/refactor-experimental/data/orders/Hill & Markes/Hill & Markes_Downtown_20251128.xlsx'), WindowsPath('C:/Users/andrew/Desktop/Andrew/Projects/IthacaBakery/RandomStuff/WorkBot/refactor-experimental/data/orders/Hill & Markes/Hill & Markes_Easthill_20251128.xlsx'), WindowsPath('C:/Users/andrew/Desktop/Andrew/Projects/IthacaBakery/RandomStuff/WorkBot/refactor-experimental/data/orders/Hill & Markes/Hill & Markes_Syracuse_20251126.xlsx'), WindowsPath('C:/Users/andrew/Desktop/Andrew/Projects/IthacaBakery/RandomStuff/WorkBot/refactor-experimental/data/orders/Hill & Markes/Hill & Markes_Triphammer_20251128.xlsx'), WindowsPath('C:/Users/andrew/Desktop/Andrew/Projects/IthacaBakery/RandomStuff/WorkBot/refactor-experimental/data/orders/Hillcrest Dairy/Hillcrest Dairy_Bakery_20251129.xlsx'), WindowsPath('C:/Users/andrew/Desktop/Andrew/Projects/IthacaBakery/RandomStuff/WorkBot/refactor-experimental/data/orders/Hillcrest Dairy/Hillcrest Dairy_Collegetown_20251126.xlsx'), WindowsPath('C:/Users/andrew/Desktop/Andrew/Projects/IthacaBakery/RandomStuff/WorkBot/refactor-experimental/data/orders/Hillcrest Dairy/Hillcrest Dairy_Downtown_20251128.xlsx'), WindowsPath('C:/Users/andrew/Desktop/Andrew/Projects/IthacaBakery/RandomStuff/WorkBot/refactor-experimental/data/orders/Hillcrest Dairy/Hillcrest Dairy_Easthill_20251128.xlsx'), WindowsPath('C:/Users/andrew/Desktop/Andrew/Projects/IthacaBakery/RandomStuff/WorkBot/refactor-experimental/data/orders/Hillcrest Dairy/Hillcrest Dairy_Syracuse_20251126.xlsx'), WindowsPath('C:/Users/andrew/Desktop/Andrew/Projects/IthacaBakery/RandomStuff/WorkBot/refactor-experimental/data/orders/Hillcrest Foods/Hillcrest Foods_Easthill_20251128.xlsx'), WindowsPath('C:/Users/andrew/Desktop/Andrew/Projects/IthacaBakery/RandomStuff/WorkBot/refactor-experimental/data/orders/Ithaca Bakery/combined_orders_Ithaca Bakery.xlsx'), WindowsPath('C:/Users/andrew/Desktop/Andrew/Projects/IthacaBakery/RandomStuff/WorkBot/refactor-experimental/data/orders/Ithaca Bakery/Ithaca Bakery_Collegetown_20251126.xlsx'), WindowsPath('C:/Users/andrew/Desktop/Andrew/Projects/IthacaBakery/RandomStuff/WorkBot/refactor-experimental/data/orders/Ithaca Bakery/Ithaca Bakery_Downtown_20251128.xlsx'), WindowsPath('C:/Users/andrew/Desktop/Andrew/Projects/IthacaBakery/RandomStuff/WorkBot/refactor-experimental/data/orders/Ithaca Bakery/Ithaca Bakery_Easthill_20251128.xlsx'), WindowsPath('C:/Users/andrew/Desktop/Andrew/Projects/IthacaBakery/RandomStuff/WorkBot/refactor-experimental/data/orders/Ithaca Bakery/Ithaca Bakery_Syracuse_20251126.xlsx'), WindowsPath('C:/Users/andrew/Desktop/Andrew/Projects/IthacaBakery/RandomStuff/WorkBot/refactor-experimental/data/orders/Ithaca Bakery/Ithaca Bakery_Triphammer_20251128.xlsx'), WindowsPath('C:/Users/andrew/Desktop/Andrew/Projects/IthacaBakery/RandomStuff/WorkBot/refactor-experimental/data/orders/Johnston Paper/Johnston Paper_Collegetown_20251126.xlsx'), WindowsPath('C:/Users/andrew/Desktop/Andrew/Projects/IthacaBakery/RandomStuff/WorkBot/refactor-experimental/data/orders/Johnston Paper/Johnston Paper_Downtown_20251128.xlsx'), WindowsPath('C:/Users/andrew/Desktop/Andrew/Projects/IthacaBakery/RandomStuff/WorkBot/refactor-experimental/data/orders/Johnston Paper/Johnston Paper_Syracuse_20251126.xlsx'), WindowsPath('C:/Users/andrew/Desktop/Andrew/Projects/IthacaBakery/RandomStuff/WorkBot/refactor-experimental/data/orders/Johnston Paper/Johnston Paper_Triphammer_20251128.xlsx'), WindowsPath('C:/Users/andrew/Desktop/Andrew/Projects/IthacaBakery/RandomStuff/WorkBot/refactor-experimental/data/orders/KEHE DISTRIBUTORS/KEHE DISTRIBUTORS_Triphammer_20251121.xlsx'), WindowsPath('C:/Users/andrew/Desktop/Andrew/Projects/IthacaBakery/RandomStuff/WorkBot/refactor-experimental/data/orders/Odeko In/Odeko In._Bakery_20251123.xlsx'), WindowsPath('C:/Users/andrew/Desktop/Andrew/Projects/IthacaBakery/RandomStuff/WorkBot/refactor-experimental/data/orders/Odeko In/Odeko In._Syracuse_20251126.xlsx'), WindowsPath('C:/Users/andrew/Desktop/Andrew/Projects/IthacaBakery/RandomStuff/WorkBot/refactor-experimental/data/orders/Paper Rolls .com/Paper Rolls .com_Bakery_20251111.xlsx'), WindowsPath('C:/Users/andrew/Desktop/Andrew/Projects/IthacaBakery/RandomStuff/WorkBot/refactor-experimental/data/orders/Pepsi/Pepsi_Syracuse_20251126.xlsx'), WindowsPath('C:/Users/andrew/Desktop/Andrew/Projects/IthacaBakery/RandomStuff/WorkBot/refactor-experimental/data/orders/Performance Food/Performance Food_Bakery_20251129.xlsx'), WindowsPath('C:/Users/andrew/Desktop/Andrew/Projects/IthacaBakery/RandomStuff/WorkBot/refactor-experimental/data/orders/Performance Food/Performance Food_Collegetown_20251126.xlsx'), WindowsPath('C:/Users/andrew/Desktop/Andrew/Projects/IthacaBakery/RandomStuff/WorkBot/refactor-experimental/data/orders/Performance Food/Performance Food_Downtown_20251128.xlsx'), WindowsPath('C:/Users/andrew/Desktop/Andrew/Projects/IthacaBakery/RandomStuff/WorkBot/refactor-experimental/data/orders/Performance Food/Performance Food_Easthill_20251128.xlsx'), WindowsPath('C:/Users/andrew/Desktop/Andrew/Projects/IthacaBakery/RandomStuff/WorkBot/refactor-experimental/data/orders/Performance Food/Performance Food_Syracuse_20251126.xlsx'), WindowsPath('C:/Users/andrew/Desktop/Andrew/Projects/IthacaBakery/RandomStuff/WorkBot/refactor-experimental/data/orders/Performance Food/Performance Food_Triphammer_20251128.xlsx'), WindowsPath('C:/Users/andrew/Desktop/Andrew/Projects/IthacaBakery/RandomStuff/WorkBot/refactor-experimental/data/orders/Peters Supply/Peters Supply_Collegetown_20251126.xlsx'), WindowsPath('C:/Users/andrew/Desktop/Andrew/Projects/IthacaBakery/RandomStuff/WorkBot/refactor-experimental/data/orders/Peters Supply/Peters Supply_Downtown_20251128.xlsx'), WindowsPath('C:/Users/andrew/Desktop/Andrew/Projects/IthacaBakery/RandomStuff/WorkBot/refactor-experimental/data/orders/Peters Supply/Peters Supply_Easthill_20251128.xlsx'), WindowsPath('C:/Users/andrew/Desktop/Andrew/Projects/IthacaBakery/RandomStuff/WorkBot/refactor-experimental/data/orders/Peters Supply/Peters Supply_Triphammer_20251128.xlsx'), WindowsPath('C:/Users/andrew/Desktop/Andrew/Projects/IthacaBakery/RandomStuff/WorkBot/refactor-experimental/data/orders/Regional Distributors, Inc/Regional Distributors, Inc._Bakery_20251124.xlsx'), WindowsPath('C:/Users/andrew/Desktop/Andrew/Projects/IthacaBakery/RandomStuff/WorkBot/refactor-experimental/data/orders/Regional Distributors, Inc/Regional Distributors, Inc._Collegetown_20251121.xlsx'), WindowsPath('C:/Users/andrew/Desktop/Andrew/Projects/IthacaBakery/RandomStuff/WorkBot/refactor-experimental/data/orders/Regional Distributors, Inc/Regional Distributors, Inc._Collegetown_20251126.xlsx'), WindowsPath('C:/Users/andrew/Desktop/Andrew/Projects/IthacaBakery/RandomStuff/WorkBot/refactor-experimental/data/orders/Regional Distributors, Inc/Regional Distributors, Inc._Downtown_20251121.xlsx'), WindowsPath('C:/Users/andrew/Desktop/Andrew/Projects/IthacaBakery/RandomStuff/WorkBot/refactor-experimental/data/orders/Regional Distributors, Inc/Regional Distributors, Inc._Downtown_20251128.xlsx'), WindowsPath('C:/Users/andrew/Desktop/Andrew/Projects/IthacaBakery/RandomStuff/WorkBot/refactor-experimental/data/orders/Regional Distributors, Inc/Regional Distributors, Inc._Easthill_20251122.xlsx'), WindowsPath('C:/Users/andrew/Desktop/Andrew/Projects/IthacaBakery/RandomStuff/WorkBot/refactor-experimental/data/orders/Regional Distributors, Inc/Regional Distributors, Inc._Easthill_20251128.xlsx'), WindowsPath('C:/Users/andrew/Desktop/Andrew/Projects/IthacaBakery/RandomStuff/WorkBot/refactor-experimental/data/orders/Regional Distributors, Inc/Regional Distributors, Inc._Syracuse_20251121.xlsx'), WindowsPath('C:/Users/andrew/Desktop/Andrew/Projects/IthacaBakery/RandomStuff/WorkBot/refactor-experimental/data/orders/Regional Distributors, Inc/Regional Distributors, Inc._Syracuse_20251126.xlsx'), WindowsPath('C:/Users/andrew/Desktop/Andrew/Projects/IthacaBakery/RandomStuff/WorkBot/refactor-experimental/data/orders/Regional Distributors, Inc/Regional Distributors, Inc._Triphammer_20251121.xlsx'), WindowsPath('C:/Users/andrew/Desktop/Andrew/Projects/IthacaBakery/RandomStuff/WorkBot/refactor-experimental/data/orders/Regional Distributors, Inc/Regional Distributors, Inc._Triphammer_20251128.xlsx'), WindowsPath('C:/Users/andrew/Desktop/Andrew/Projects/IthacaBakery/RandomStuff/WorkBot/refactor-experimental/data/orders/SANICO/SANICO_Bakery_20251125.xlsx'), WindowsPath('C:/Users/andrew/Desktop/Andrew/Projects/IthacaBakery/RandomStuff/WorkBot/refactor-experimental/data/orders/SANICO/SANICO_Downtown_20251128.xlsx'), WindowsPath('C:/Users/andrew/Desktop/Andrew/Projects/IthacaBakery/RandomStuff/WorkBot/refactor-experimental/data/orders/SANICO/SANICO_Easthill_20251122.xlsx'), WindowsPath('C:/Users/andrew/Desktop/Andrew/Projects/IthacaBakery/RandomStuff/WorkBot/refactor-experimental/data/orders/Sysco/Sysco_Bakery_20251125.xlsx'), WindowsPath('C:/Users/andrew/Desktop/Andrew/Projects/IthacaBakery/RandomStuff/WorkBot/refactor-experimental/data/orders/Sysco/Sysco_Bakery_20251129.xlsx'), WindowsPath('C:/Users/andrew/Desktop/Andrew/Projects/IthacaBakery/RandomStuff/WorkBot/refactor-experimental/data/orders/Sysco/Sysco_Collegetown_20251126.xlsx'), WindowsPath('C:/Users/andrew/Desktop/Andrew/Projects/IthacaBakery/RandomStuff/WorkBot/refactor-experimental/data/orders/Sysco/Sysco_Downtown_20251128.xlsx'), WindowsPath('C:/Users/andrew/Desktop/Andrew/Projects/IthacaBakery/RandomStuff/WorkBot/refactor-experimental/data/orders/Sysco/Sysco_Easthill_20251128.xlsx'), WindowsPath('C:/Users/andrew/Desktop/Andrew/Projects/IthacaBakery/RandomStuff/WorkBot/refactor-experimental/data/orders/Sysco/Sysco_Syracuse_20251126.xlsx'), WindowsPath('C:/Users/andrew/Desktop/Andrew/Projects/IthacaBakery/RandomStuff/WorkBot/refactor-experimental/data/orders/Sysco/Sysco_Triphammer_20251128.xlsx'), WindowsPath('C:/Users/andrew/Desktop/Andrew/Projects/IthacaBakery/RandomStuff/WorkBot/refactor-experimental/data/orders/UNFI/UNFI_Downtown_20251128.xlsx'), WindowsPath('C:/Users/andrew/Desktop/Andrew/Projects/IthacaBakery/RandomStuff/WorkBot/refactor-experimental/data/orders/UNFI/UNFI_Easthill_20251128.xlsx'), WindowsPath('C:/Users/andrew/Desktop/Andrew/Projects/IthacaBakery/RandomStuff/WorkBot/refactor-experimental/data/orders/UNFI/UNFI_Syracuse_20251126.xlsx'), WindowsPath('C:/Users/andrew/Desktop/Andrew/Projects/IthacaBakery/RandomStuff/WorkBot/refactor-experimental/data/orders/UNFI/UNFI_Triphammer_20251128.xlsx'), WindowsPath('C:/Users/andrew/Desktop/Andrew/Projects/IthacaBakery/RandomStuff/WorkBot/refactor-experimental/data/orders/US Foods/US Foods_Bakery_20251130.xlsx'), WindowsPath('C:/Users/andrew/Desktop/Andrew/Projects/IthacaBakery/RandomStuff/WorkBot/refactor-experimental/data/orders/US Foods/US Foods_Collegetown_20251126.xlsx'), WindowsPath('C:/Users/andrew/Desktop/Andrew/Projects/IthacaBakery/RandomStuff/WorkBot/refactor-experimental/data/orders/US Foods/US Foods_Downtown_20251128.xlsx'), WindowsPath('C:/Users/andrew/Desktop/Andrew/Projects/IthacaBakery/RandomStuff/WorkBot/refactor-experimental/data/orders/US Foods/US Foods_Easthill_20251128.xlsx'), WindowsPath('C:/Users/andrew/Desktop/Andrew/Projects/IthacaBakery/RandomStuff/WorkBot/refactor-experimental/data/orders/US Foods/US Foods_Syracuse_20251126.xlsx'), WindowsPath('C:/Users/andrew/Desktop/Andrew/Projects/IthacaBakery/RandomStuff/WorkBot/refactor-experimental/data/orders/US Foods/US Foods_Triphammer_20251128.xlsx'), WindowsPath('C:/Users/andrew/Desktop/Andrew/Projects/IthacaBakery/RandomStuff/WorkBot/refactor-experimental/data/orders/Webstaurant/Webstaurant_Bakery_20251130.xlsx'), WindowsPath('C:/Users/andrew/Desktop/Andrew/Projects/IthacaBakery/RandomStuff/WorkBot/refactor-experimental/data/orders/Webstaurant/Webstaurant_Collegetown_20251126.xlsx'), WindowsPath('C:/Users/andrew/Desktop/Andrew/Projects/IthacaBakery/RandomStuff/WorkBot/refactor-experimental/data/orders/Worlds Best Cheeses/Worlds Best Cheeses_Collegetown_20251121.xlsx')]
2025-11-30 08:43:03,291 - ERROR - backend.app.cli.cli.CLI - (cli.py:462) - [Error] combine_orders failed: too many values to unpack (expected 5)
Traceback (most recent call last):
  File "C:\Users\andrew\Desktop\Andrew\Projects\IthacaBakery\RandomStuff\WorkBot\refactor-experimental\backend\app\cli\cli.py", line 451, in _dispatch_command
    self.commands[command].command(args)
    ~~~~~~~~~~~~~~~~~~~~~~~~~~~~~~^^^^^^
  File "C:\Users\andrew\Desktop\Andrew\Projects\IthacaBakery\RandomStuff\WorkBot\refactor-experimental\backend\app\cli\commands\workbot\combine_orders.py", line 25, in command
    self.context.workbot.combine_orders(parsed_args.vendors)
    ~~~~~~~~~~~~~~~~~~~~~~~~~~~~~~~~~~~^^^^^^^^^^^^^^^^^^^^^
  File "C:\Users\andrew\Desktop\Andrew\Projects\IthacaBakery\RandomStuff\WorkBot\refactor-experimental\backend\bots\workbot\work_bot.py", line 173, in combine_orders
    return self.orders.combine_orders(vendor)
           ~~~~~~~~~~~~~~~~~~~~~~~~~~^^^^^^^^
  File "C:\Users\andrew\Desktop\Andrew\Projects\IthacaBakery\RandomStuff\WorkBot\refactor-experimental\backend\app\services\order_service.py", line 88, in __call__
    orders = self.list_by_vendor(vendor)
  File "C:\Users\andrew\Desktop\Andrew\Projects\IthacaBakery\RandomStuff\WorkBot\refactor-experimental\backend\app\services\order_service.py", line 37, in __call__
    return self.repo.list_by_vendor(vendor)
           ~~~~~~~~~~~~~~~~~~~~~~~~^^^^^^^^
  File "C:\Users\andrew\Desktop\Andrew\Projects\IthacaBakery\RandomStuff\WorkBot\refactor-experimental\backend\adapters\repos\order_file_repository.py", line 44, in list_by_vendor
    return [o for o in self.list_all() if o.vendor == vendor]
                       ~~~~~~~~~~~~~^^
  File "C:\Users\andrew\Desktop\Andrew\Projects\IthacaBakery\RandomStuff\WorkBot\refactor-experimental\backend\adapters\repos\order_file_repository.py", line 41, in list_all
    return [self._engine.read_from_path(p) for p in self._engine.list_files("*.xlsx")]
            ~~~~~~~~~~~~~~~~~~~~~~~~~~~^^^
  File "C:\Users\andrew\Desktop\Andrew\Projects\IthacaBakery\RandomStuff\WorkBot\refactor-experimental\backend\adapters\files\generic_file_adapter.py", line 46, in read_from_path
    return self.serializer.load_path(path, meta)
           ~~~~~~~~~~~~~~~~~~~~~~~~~^^^^^^^^^^^^
  File "C:\Users\andrew\Desktop\Andrew\Projects\IthacaBakery\RandomStuff\WorkBot\refactor-experimental\backend\domain\serializer\serializers\order.py", line 55, in load_path
    return self.from_table(payload)
           ~~~~~~~~~~~~~~~^^^^^^^^^
  File "C:\Users\andrew\Desktop\Andrew\Projects\IthacaBakery\RandomStuff\WorkBot\refactor-experimental\backend\domain\serializer\serializers\order.py", line 147, in from_table
    item_sku, item_name, qty, cost_per, total_cost = row
    ^^^^^^^^^^^^^^^^^^^^^^^^^^^^^^^^^^^^^^^^^^^^^^
ValueError: too many values to unpack (expected 5)
2025-11-30 08:43:03,299 - INFO - backend.app.cli.cli.CLI - (cli.py:457) - Command 'combine_orders' executed successfully.
2025-11-30 08:44:26,263 - INFO - backend.app.cli.cli.CLI - (cli.py:376) - CLI interrupted by user (Ctrl+C / EOF).
2025-11-30 08:44:26,267 - INFO - backend.app.cli.cli.CLI - (cli.py:419) - Exiting CLI and saving history.
2025-11-30 08:44:29,202 - INFO - backend.bots.workbot.work_bot.WorkBot - (work_bot.py:53) - Initializing WorkBot...
2025-11-30 08:44:29,202 - INFO - backend.bots.workbot.work_bot.WorkBot - (work_bot.py:66) - WorkBot initialized successfully.
2025-11-30 08:44:29,202 - INFO - backend.app.cli.cli.CLI - (cli.py:34) - Initializing CLI.
2025-11-30 08:44:29,208 - INFO - backend.app.cli.cli.CLI - (cli.py:77) - Loaded 1 commands from backend.app.cli.commands.builtin
2025-11-30 08:44:29,215 - INFO - backend.app.cli.cli.CLI - (cli.py:101) - Loaded command history from C:\Users\andrew\Desktop\Andrew\Projects\IthacaBakery\RandomStuff\WorkBot\refactor-experimental\data\cli\.cli_history
2025-11-30 08:44:29,215 - INFO - backend.app.cli.cli.CLI - (cli.py:42) - CLI initialized successfully with 1 commands.
2025-11-30 08:44:29,231 - INFO - backend.app.cli.cli.CLI - (cli.py:77) - Loaded 15 commands from backend.app.cli.commands.workbot
2025-11-30 08:44:29,231 - INFO - backend.app.cli.cli.CLI - (cli.py:350) - CLI session started.
2025-11-30 08:44:29,819 - INFO - backend.app.cli.cli.CLI - (cli.py:448) - Dispatching command: combine_orders (args=['--vendors', 'Coffee Depot LLC'])
2025-11-30 08:44:29,820 - INFO - backend.app.services.order_service.CombineOrders - (order_service.py:86) - Merging all orders for: ['Coffee Depot LLC']
2025-11-30 08:44:29,820 - INFO - backend.app.services.order_service.GetOrdersByVendor - (order_service.py:36) - Listing orders for vendor=Coffee Depot LLC
2025-11-30 08:44:29,831 - INFO - backend.domain.serializer.serializers.order.OrderSerializer - (order.py:54) - {'headers': [['SKU', 'Name', 'Quantity', 'Cost Per', 'Total Cost']], 'rows': [['75155', 'Essentia Water', 1, 16.5, 16.5], ['77801', 'Ithaca Soda - Root Beer', 1, 23.95, 23.95]], 'metadata': {'store': 'Collegetown', 'vendor': 'A.L. George', 'date': '20251126'}}
2025-11-30 08:44:29,835 - INFO - backend.domain.serializer.serializers.order.OrderSerializer - (order.py:54) - {'headers': [['SKU', 'Name', 'Quantity', 'Cost Per', 'Total Cost']], 'rows': [['75155', 'Essentia Water', 1, 16.5, 16.5]], 'metadata': {'store': 'Triphammer', 'vendor': 'A.L. George', 'date': '20251128'}}
2025-11-30 08:44:29,839 - INFO - backend.domain.serializer.serializers.order.OrderSerializer - (order.py:54) - {'headers': [['SKU', 'Name', 'Quantity', 'Cost Per', 'Total Cost']], 'rows': [['71105', 'Saratoga Sparkling 12oz', 1, 24.95, 24.95], ['70610', 'Vita Coco - Pineapple', 1, 29, 29], ['68177', 'Red Bull - Amber', 1, 42.85, 42.85]], 'metadata': {'store': 'Collegetown', 'vendor': 'BALKAN BEVERAGE LLC', 'date': '20251126'}}
2025-11-30 08:44:29,842 - INFO - backend.domain.serializer.serializers.order.OrderSerializer - (order.py:54) - {'headers': [['SKU', 'Name', 'Quantity', 'Cost Per', 'Total Cost']], 'rows': [['4oz', "Bo's Bones - Dreidels 4oz", 1, 69.3, 69.3]], 'metadata': {'store': 'Downtown', 'vendor': "Bo's Bones", 'date': '20251129'}}
2025-11-30 08:44:29,846 - INFO - backend.domain.serializer.serializers.order.OrderSerializer - (order.py:54) - {'headers': [['SKU', 'Name', 'Quantity', 'Cost Per', 'Total Cost']], 'rows': [['104631', 'CO2 Aluminum Cylinder', 1, 77.5, 77.5], ['156089', 'Vitamin Water - XXX', 2, 16.07, 32.14], ['156090', 'Vitamin Water - Power C', 2, 16.07, 32.14], ['156091', 'Vitamin Water - Energy', 2, 15.09, 30.18], ['103029', 'Sprite Bottles', 1, 27.58, 27.58], ['109147', 'Lemonade BIB', 1, 48.92, 48.92], ['117808', 'Dr Pepper Diet Bottles', 1, 26.46, 26.46], ['117803', 'Dr Pepper Bottles', 1, 26.46, 26.46], ['103886', 'Coca-Cola BIB', 1, 48.92, 48.92]], 'metadata': {'store': 'Bakery', 'vendor': 'Coca-Cola', 'date': '20251130'}}
2025-11-30 08:44:29,849 - INFO - backend.domain.serializer.serializers.order.OrderSerializer - (order.py:54) - {'headers': [['SKU', 'Name', 'Quantity', 'Cost Per', 'Total Cost']], 'rows': [['109147', 'Lemonade BIB', 3, 48.92, 146.76], ['103785', 'Ginger Ale BIB', 1, 59.9, 59.9], ['156079', 'Vitamin Water - Zero Squeezed', 2, 17.32, 34.64], ['117803', 'Dr Pepper Bottles', 3, 26.46, 79.38], ['121765', 'Coca-Cola Zero Sugar Bottles', 3, 26.46, 79.38], ['122366', 'Coca-Cola Mexico Glass Bottles', 1, 32.9, 32.9], ['103029', 'Sprite Bottles', 2, 27.58, 55.16]], 'metadata': {'store': 'Collegetown', 'vendor': 'Coca-Cola', 'date': '20251126'}}
2025-11-30 08:44:29,854 - INFO - backend.domain.serializer.serializers.order.OrderSerializer - (order.py:54) - {'headers': [['SKU', 'Name', 'Quantity', 'Cost Per', 'Total Cost']], 'rows': [['156120', 'Body Armor - Lyte Peach Mango', 1, 23.31, 23.31], ['119826', 'Coca-Cola Bottles', 1, 27.58, 27.58], ['121765', 'Coca-Cola Zero Sugar Bottles', 1, 26.46, 26.46], ['156184', 'Core Power Protein - Chocolate', 1, 32.55, 32.55], ['156182', 'Core Power Protein - Vanilla', 1, 32.55, 32.55], ['119827', 'Diet Coke Bottles', 1, 27.58, 27.58], ['117803', 'Dr Pepper Bottles', 1, 26.46, 26.46], ['117808', 'Dr Pepper Diet Bottles', 1, 26.46, 26.46], ['103029', 'Sprite Bottles', 1, 27.58, 27.58], ['156091', 'Vitamin Water - Energy', 1, 15.09, 15.09], ['156090', 'Vitamin Water - Power C', 1, 16.07, 16.07], ['156089', 'Vitamin Water - XXX', 1, 16.07, 16.07]], 'metadata': {'store': 'Downtown', 'vendor': 'Coca-Cola', 'date': '20251128'}}
2025-11-30 08:44:29,858 - INFO - backend.domain.serializer.serializers.order.OrderSerializer - (order.py:54) - {'headers': [['SKU', 'Name', 'Quantity', 'Cost Per', 'Total Cost']], 'rows': [['156111', 'Body Armor - Strawberry Banana', 1, 23.31, 23.31], ['119826', 'Coca-Cola Bottles', 2, 27.58, 55.16], ['156184', 'Core Power Protein - Chocolate', 1, 32.55, 32.55], ['156182', 'Core Power Protein - Vanilla', 1, 32.55, 32.55], ['119827', 'Diet Coke Bottles', 2, 27.58, 55.16], ['117803', 'Dr Pepper Bottles', 1, 26.46, 26.46], ['117808', 'Dr Pepper Diet Bottles', 1, 26.46, 26.46], ['132296', 'Smart Water - 23.7oz', 1, 38.56, 38.56], ['156090', 'Vitamin Water - Power C', 2, 16.07, 32.14], ['156079', 'Vitamin Water - Zero Squeezed', 1, 17.32, 17.32]], 'metadata': {'store': 'Easthill', 'vendor': 'Coca-Cola', 'date': '20251128'}}
2025-11-30 08:44:29,861 - INFO - backend.domain.serializer.serializers.order.OrderSerializer - (order.py:54) - {'headers': [['SKU', 'Name', 'Quantity', 'Cost Per', 'Total Cost']], 'rows': [['156182', 'Core Power Protein - Vanilla', 1, 32.55, 32.55]], 'metadata': {'store': 'Syracuse', 'vendor': 'Coca-Cola', 'date': '20251126'}}
2025-11-30 08:44:29,864 - INFO - backend.domain.serializer.serializers.order.OrderSerializer - (order.py:54) - {'headers': [['SKU', 'Name', 'Quantity', 'Cost Per', 'Total Cost']], 'rows': [['119826', 'Coca-Cola Bottles', 3, 27.58, 82.74], ['122366', 'Coca-Cola Mexico Glass Bottles', 2, 32.9, 65.8], ['121765', 'Coca-Cola Zero Sugar Bottles', 3, 26.46, 79.38], ['117808', 'Dr Pepper Diet Bottles', 3, 26.46, 79.38], ['132296', 'Smart Water - 23.7oz', 2, 38.56, 77.12], ['156079', 'Vitamin Water - Zero Squeezed', 1, 17.32, 17.32], ['156089', 'Vitamin Water - XXX', 1, 16.07, 16.07], ['156090', 'Vitamin Water - Power C', 1, 16.07, 16.07]], 'metadata': {'store': 'Triphammer', 'vendor': 'Coca-Cola', 'date': '20251128'}}
2025-11-30 08:44:29,868 - INFO - backend.domain.serializer.serializers.order.OrderSerializer - (order.py:54) - {'headers': [['SKU', 'Name', 'Quantity', 'Cost Per', 'Total Cost']], 'rows': [[None, 'Monin - Toffee Nut', 3, 0, 0], [None, 'Monin - Peppermint', 2, 0, 0], [None, 'Monin - Caramel Apple Butter', 2, 9, 18]], 'metadata': {'store': 'Bakery', 'vendor': 'Coffee Depot LLC', 'date': '20251130'}}
2025-11-30 08:44:29,871 - INFO - backend.domain.serializer.serializers.order.OrderSerializer - (order.py:54) - {'headers': [['SKU', 'Name', 'Quantity', 'Cost Per', 'Total Cost']], 'rows': [[None, 'Monin - Orange', 2, 9, 18], [None, 'Monin - Lavender', 2, 0, 0], [None, 'Monin - Toasted Marshmallow', 2, 0, 0], [None, 'Monin - Cookie Butter', 4, 0, 0], [None, 'Monin - Caramel Apple Butter', 3, 6.75, 20.25], [None, 'Monin - Turmeric', 1, 0, 0]], 'metadata': {'store': 'Collegetown', 'vendor': 'Coffee Depot LLC', 'date': '20251126'}}
2025-11-30 08:44:29,875 - INFO - backend.domain.serializer.serializers.order.OrderSerializer - (order.py:54) - {'headers': [['SKU', 'Name', 'Quantity', 'Cost Per', 'Total Cost']], 'rows': [[None, 'Monin - Cookie Butter', 1, 0, 0], [None, 'Monin - Peppermint', 1, 0, 0], [None, 'Monin - Toasted Marshmallow', 1, 0, 0], [None, 'Monin - Toffee Nut', 1, 0, 0]], 'metadata': {'store': 'Downtown', 'vendor': 'Coffee Depot LLC', 'date': '20251128'}}
2025-11-30 08:44:29,878 - INFO - backend.domain.serializer.serializers.order.OrderSerializer - (order.py:54) - {'headers': [['SKU', 'Name', 'Quantity', 'Cost Per', 'Total Cost']], 'rows': [[None, 'Monin - Caramel Apple Butter', 1, 9, 9], [None, 'Monin - Cookie Butter', 1, 0, 0], [None, 'Monin - Hazelnut', 1, 0, 0], [None, 'Monin - Lavender', 1, 0, 0], [None, 'Monin - Toffee Nut', 2, 0, 0], [None, 'Monin - Vanilla Sugar Free', 1, 0, 0]], 'metadata': {'store': 'Easthill', 'vendor': 'Coffee Depot LLC', 'date': '20251128'}}
2025-11-30 08:44:29,881 - INFO - backend.domain.serializer.serializers.order.OrderSerializer - (order.py:54) - {'headers': [['SKU', 'Name', 'Quantity', 'Cost Per', 'Total Cost']], 'rows': [[None, 'Monin - Cranberry', 3, 0, 0], [None, 'Monin - Peppermint', 4, 6.75, 27]], 'metadata': {'store': 'Syracuse', 'vendor': 'Coffee Depot LLC', 'date': '20251126'}}
2025-11-30 08:44:29,884 - INFO - backend.domain.serializer.serializers.order.OrderSerializer - (order.py:54) - {'headers': [['SKU', 'Name', 'Quantity', 'Cost Per', 'Total Cost']], 'rows': [[None, 'Monin - Caramel Apple Butter', 2, 9, 18], [None, 'Monin - Cookie Butter', 3, 0, 0], [None, 'Monin - Cranberry', 1, 0, 0], [None, 'Monin - Hazelnut', 1, 0, 0], [None, 'Monin - Lavender', 1, 0, 0], [None, 'Monin - Orange', 1, 6.75, 6.75], [None, 'Monin - Peppermint', 1, 6.75, 6.75], [None, 'Monin - Toasted Marshmallow', 2, 0, 0], [None, 'Monin - Toffee Nut', 3, 0, 0], [None, 'Monin - Turmeric', 2, 0, 0], [None, 'Monin - Vanilla Sugar Free', 2, 0, 0]], 'metadata': {'store': 'Triphammer', 'vendor': 'Coffee Depot LLC', 'date': '20251128'}}
2025-11-30 08:44:29,888 - INFO - backend.domain.serializer.serializers.order.OrderSerializer - (order.py:54) - {'headers': [['SKU', 'Name', 'Quantity', 'Cost Per', 'Total Cost']], 'rows': [[None, 'Copper Horse - Warhorse Blend (12oz)', 6, 11.49, 68.94], ['12 oz Clocktower Espresso', 'Copper Horse - Clocktower Espresso (12oz)', 4, 11.49, 45.96], [None, 'Copper Horse - Carriage House Blend (12oz)', 7, 11.49, 80.43], [None, 'Copper Horse - Sleigh Bells (12oz)', 6, 11.49, 68.94]], 'metadata': {'store': 'Bakery', 'vendor': 'Copper Horse Coffee', 'date': '20251130'}}
2025-11-30 08:44:29,892 - INFO - backend.domain.serializer.serializers.order.OrderSerializer - (order.py:54) - {'headers': [['SKU', 'Name', 'Quantity', 'Cost Per', 'Total Cost']], 'rows': [[None, 'Copper Horse - Coffee Crush (12oz)', 3, 9.79, 29.37], [None, 'Copper Horse - Rumble Pony (12oz)', 2, 11.49, 22.98], [None, 'Copper Horse - Sleigh Bells (12oz)', 1, 9.79, 9.79], [None, 'Copper Horse - Sumantra Lake Tawar (12oz)', 1, 10.89, 10.89], [None, 'Copper Horse - Tanzania (12oz)', 1, 11.49, 11.49]], 'metadata': {'store': 'Downtown', 'vendor': 'Copper Horse Coffee', 'date': '20251129'}}
2025-11-30 08:44:29,895 - INFO - backend.domain.serializer.serializers.order.OrderSerializer - (order.py:54) - {'headers': [['SKU', 'Name', 'Quantity', 'Cost Per', 'Total Cost']], 'rows': [[None, 'Copper Horse - Warhorse 5lb', 2, 57.99, 115.98]], 'metadata': {'store': 'Easthill', 'vendor': 'Copper Horse Coffee', 'date': '20251128'}}
2025-11-30 08:44:29,898 - INFO - backend.domain.serializer.serializers.order.OrderSerializer - (order.py:54) - {'headers': [['SKU', 'Name', 'Quantity', 'Cost Per', 'Total Cost']], 'rows': [['12 oz Clocktower Espresso', 'Copper Horse - Clocktower Espresso (12oz)', 1, 10.89, 10.89], [None, 'Copper Horse - Sleigh Bells (12oz)', 3, 11.49, 34.47]], 'metadata': {'store': 'Triphammer', 'vendor': 'Copper Horse Coffee', 'date': '20251128'}}
2025-11-30 08:44:29,902 - INFO - backend.domain.serializer.serializers.order.OrderSerializer - (order.py:54) - {'headers': [['SKU', 'Name', 'Quantity', 'Cost Per', 'Total Cost']], 'rows': [['456090', 'Employee Water', 30, 2.93, 87.9]], 'metadata': {'store': 'Bakery', 'vendor': 'DUTCH VALLEY FOOD DIST', 'date': '20251130'}}
2025-11-30 08:44:29,905 - INFO - backend.domain.serializer.serializers.order.OrderSerializer - (order.py:54) - {'headers': [['SKU', 'Name', 'Quantity', 'Cost Per', 'Total Cost']], 'rows': [['332126', 'Pepitas - Bulk', 1, 68.47, 68.47], ['462702', 'Pobble Bubble Tea - Berry Hibiscus', 1, 24.6, 24.6], ['462700', 'Pobble Bubble Tea - Mango Red Dragon', 1, 50.6, 50.6]], 'metadata': {'store': 'Easthill', 'vendor': 'DUTCH VALLEY FOOD DIST', 'date': '20251128'}}
2025-11-30 08:44:29,908 - INFO - backend.domain.serializer.serializers.order.OrderSerializer - (order.py:54) - {'headers': [['SKU', 'Name', 'Quantity', 'Cost Per', 'Total Cost']], 'rows': [['514262', "Joe's Snack Mix - Cheddar", 1, 49.96, 49.96]], 'metadata': {'store': 'Syracuse', 'vendor': 'DUTCH VALLEY FOOD DIST', 'date': '20251126'}}
2025-11-30 08:44:29,912 - INFO - backend.domain.serializer.serializers.order.OrderSerializer - (order.py:54) - {'headers': [['SKU', 'Name', 'Quantity', 'Cost Per', 'Total Cost']], 'rows': [['10400', 'Equal Exchange - One World', 2, 83.5, 167], ['10025', 'Equal Exchange - Breakfast Blend, Decaf', 3, 106, 318], ['10034', 'Equal Exchange - Black Silk Espresso', 5, 83.5, 417.5], ['17013', 'Equal Exchange - Love Buzz 12 oz', 1, 56.7, 56.7], ['13310', 'Tea Bags - Peppermint (Equal Exchange)', 1, 19.2, 19.2], ['18300', 'Equal Exchange - Org. Milk Chocolate', 1, 38.4, 38.4]], 'metadata': {'store': 'Bakery', 'vendor': 'Equal Exchange', 'date': '20251130'}}
2025-11-30 08:44:29,915 - INFO - backend.domain.serializer.serializers.order.OrderSerializer - (order.py:54) - {'headers': [['SKU', 'Name', 'Quantity', 'Cost Per', 'Total Cost']], 'rows': [['10034', 'Equal Exchange - Black Silk Espresso', 6, 83.5, 501], ['10400', 'Equal Exchange - One World', 4, 83.5, 334], ['10403', 'Equal Exchange - Cold Brew', 1, 83.5, 83.5], ['10029', 'Equal Exchange - Espresso, Decaf', 1, 106, 106], ['40304', 'Filter - Coffee', 1, 17.5, 17.5], ['41513', 'Filter - Cold Brew (Silk)', 1, 16.99, 16.99]], 'metadata': {'store': 'Collegetown', 'vendor': 'Equal Exchange', 'date': '20251126'}}
2025-11-30 08:44:29,918 - INFO - backend.domain.serializer.serializers.order.OrderSerializer - (order.py:54) - {'headers': [['SKU', 'Name', 'Quantity', 'Cost Per', 'Total Cost']], 'rows': [['10034', 'Equal Exchange - Black Silk Espresso', 3, 83.5, 250.5], ['10403', 'Equal Exchange - Cold Brew', 1, 83.5, 83.5], ['10400', 'Equal Exchange - One World', 3, 83.5, 250.5]], 'metadata': {'store': 'Downtown', 'vendor': 'Equal Exchange', 'date': '20251128'}}
2025-11-30 08:44:29,922 - INFO - backend.domain.serializer.serializers.order.OrderSerializer - (order.py:54) - {'headers': [['SKU', 'Name', 'Quantity', 'Cost Per', 'Total Cost']], 'rows': [['10034', 'Equal Exchange - Black Silk Espresso', 3, 83.5, 250.5], ['10029', 'Equal Exchange - Espresso, Decaf', 1, 106, 106], ['10018', 'Equal Exchange - Love Buzz', 2, 83.5, 167], ['10400', 'Equal Exchange - One World', 2, 83.5, 167]], 'metadata': {'store': 'Easthill', 'vendor': 'Equal Exchange', 'date': '20251128'}}
2025-11-30 08:44:29,925 - INFO - backend.domain.serializer.serializers.order.OrderSerializer - (order.py:54) - {'headers': [['SKU', 'Name', 'Quantity', 'Cost Per', 'Total Cost']], 'rows': [['10400', 'Equal Exchange - One World', 3, 83.5, 250.5], ['10403', 'Equal Exchange - Cold Brew', 1, 83.5, 83.5], ['10034', 'Equal Exchange - Black Silk Espresso', 2, 83.5, 167]], 'metadata': {'store': 'Syracuse', 'vendor': 'Equal Exchange', 'date': '20251126'}}
2025-11-30 08:44:29,928 - INFO - backend.domain.serializer.serializers.order.OrderSerializer - (order.py:54) - {'headers': [['SKU', 'Name', 'Quantity', 'Cost Per', 'Total Cost']], 'rows': [['40301', '14x5 PBVSA Filter', 1, 15, 15], ['10034', 'Equal Exchange - Black Silk Espresso', 3, 83.5, 250.5], ['10025', 'Equal Exchange - Breakfast Blend, Decaf', 1, 106, 106]], 'metadata': {'store': 'Triphammer', 'vendor': 'Equal Exchange', 'date': '20251128'}}
2025-11-30 08:44:29,931 - INFO - backend.domain.serializer.serializers.order.OrderSerializer - (order.py:54) - {'headers': [['SKU', 'Name', 'Quantity', 'Cost Per', 'Total Cost']], 'rows': [[None, 'Hazelnut Coffee (Grounded, Bulk)', 20, 54.9, 1098]], 'metadata': {'store': 'Bakery', 'vendor': 'Finger Lakes Coffee Roasters', 'date': '20251130'}}
2025-11-30 08:44:29,934 - INFO - backend.domain.serializer.serializers.order.OrderSerializer - (order.py:54) - {'headers': [['SKU', 'Name', 'Quantity', 'Cost Per', 'Total Cost']], 'rows': [['001023', 'Ithaca Yogurt - Vanilla', 1, 14.5, 14.5], ['003012', 'Red Jacket - Strawberry/Apple 32oz', 1, 25.95, 25.95], ['003003', 'Red Jacket - Fuji Apple', 1, 11.25, 11.25], ['004015', "Natalie's - Strawberry Lemonade", 1, 9.25, 9.25], ['004038', "Natalie's - Orange Mango", 2, 13, 26], ['004021', "Natalie's - Orange Juice", 2, 23.75, 47.5], ['004061', "Natalie's - Honey Tangerine", 2, 14, 28]], 'metadata': {'store': 'Bakery', 'vendor': 'FingerLakes Farms', 'date': '20251125'}}
2025-11-30 08:44:29,938 - INFO - backend.domain.serializer.serializers.order.OrderSerializer - (order.py:54) - {'headers': [['SKU', 'Name', 'Quantity', 'Cost Per', 'Total Cost']], 'rows': [['004051', "Natalie's - Grapefruit", 3, 13.25, 39.75], ['004061', "Natalie's - Honey Tangerine", 1, 14, 14], ['004011', "Natalie's - Lemonade", 2, 9.25, 18.5], [None, "Natalie's - Orange Juice", 3, 23.75, 71.25], ['004038', "Natalie's - Orange Mango", 3, 13, 39], ['004039', "Natalie's - Orange Pineapple", 3, 13, 39], ['004015', "Natalie's - Strawberry Lemonade", 3, 9.25, 27.75], ['003003', 'Red Jacket - Fuji Apple', 3, 11.25, 33.75]], 'metadata': {'store': 'Bakery', 'vendor': 'FingerLakes Farms', 'date': '20251129'}}
2025-11-30 08:44:29,941 - INFO - backend.domain.serializer.serializers.order.OrderSerializer - (order.py:54) - {'headers': [['SKU', 'Name', 'Quantity', 'Cost Per', 'Total Cost']], 'rows': [['003021', 'Apple Cider (Gal)', 4, 24, 96], ['004038', "Natalie's - Orange Mango", 1, 13, 13]], 'metadata': {'store': 'Collegetown', 'vendor': 'FingerLakes Farms', 'date': '20251126'}}
2025-11-30 08:44:29,944 - INFO - backend.domain.serializer.serializers.order.OrderSerializer - (order.py:54) - {'headers': [['SKU', 'Name', 'Quantity', 'Cost Per', 'Total Cost']], 'rows': [['003021', 'Apple Cider (Gal)', 1, 24, 24], ['HS105', 'Harney & Sons - CRUISE', 1, 40, 40], ['HS103', 'Harney & Sons - REST', 1, 40, 40], ['004051', "Natalie's - Grapefruit", 1, 13.25, 13.25], [None, "Natalie's - Orange Juice", 1, 23.75, 23.75], ['004038', "Natalie's - Orange Mango", 2, 13, 26], ['004039', "Natalie's - Orange Pineapple", 1, 13, 13], ['004015', "Natalie's - Strawberry Lemonade", 1, 9.25, 9.25], ['003003', 'Red Jacket - Fuji Apple', 1, 11.25, 11.25], ['003004', 'Red Jacket - Rasp/Apple', 3, 11.25, 33.75], ['003005', 'Red Jacket - Strawberry (12oz)', 2, 11.25, 22.5]], 'metadata': {'store': 'Downtown', 'vendor': 'FingerLakes Farms', 'date': '20251128'}}
2025-11-30 08:44:29,948 - INFO - backend.domain.serializer.serializers.order.OrderSerializer - (order.py:54) - {'headers': [['SKU', 'Name', 'Quantity', 'Cost Per', 'Total Cost']], 'rows': [['003021', 'Apple Cider (Gal)', 2, 24, 48], ['004051', "Natalie's - Grapefruit", 2, 13.25, 26.5], ['004011', "Natalie's - Lemonade", 1, 9.25, 9.25], ['004021', "Natalie's - Orange Juice", 2, 23.75, 47.5], ['004038', "Natalie's - Orange Mango", 2, 13, 26], ['004039', "Natalie's - Orange Pineapple", 1, 13, 13], ['003004', 'Red Jacket - Rasp/Apple', 1, 11.25, 11.25], ['003005', 'Red Jacket - Strawberry (12oz)', 1, 11.25, 11.25], ['003003', 'Red Jacket - Fuji Apple', 1, 11.25, 11.25]], 'metadata': {'store': 'Easthill', 'vendor': 'FingerLakes Farms', 'date': '20251128'}}
2025-11-30 08:44:29,953 - INFO - backend.domain.serializer.serializers.order.OrderSerializer - (order.py:54) - {'headers': [['SKU', 'Name', 'Quantity', 'Cost Per', 'Total Cost']], 'rows': [['INPSDR0120ITHACABAKERY', 'Cup - Hot (12oz)', 1, 62.78, 62.78], ['DUO71010', 'Bag - Paper (10#)', 1, 17.6, 17.6], ['SMTSM2PIKN', 'Napkin - Dispenser', 2, 30.94, 61.88], ['DUSSK5', 'Knife - Smart Stock', 1, 45.32, 45.32]], 'metadata': {'store': 'Collegetown', 'vendor': 'Hill & Markes', 'date': '20251126'}}
2025-11-30 08:44:29,956 - INFO - backend.domain.serializer.serializers.order.OrderSerializer - (order.py:54) - {'headers': [['SKU', 'Name', 'Quantity', 'Cost Per', 'Total Cost']], 'rows': [['INLSLP17XD', 'Container - Plastic Eclair', 1, 72.89, 72.89], ['7G084018', 'Bag Poly - 8x4x18 LW', 1, 29.31, 29.31]], 'metadata': {'store': 'Downtown', 'vendor': 'Hill & Markes', 'date': '20251128'}}
2025-11-30 08:44:29,959 - INFO - backend.domain.serializer.serializers.order.OrderSerializer - (order.py:54) - {'headers': [['SKU', 'Name', 'Quantity', 'Cost Per', 'Total Cost']], 'rows': [['INPSDR0200ITHACABAKERY', 'Cup - Hot (20oz)', 1, 83.13, 83.13], ['INPSDR0160ITHACABAKERY', 'Cup - Hot (16oz)', 1, 70.09, 70.09], ['DIXDUSSF5', 'Fork - Smart Stock', 1, 45.32, 45.32], ['DUSSK5', 'Knife - Smart Stock', 1, 45.32, 45.32], ['DIXDUSST5', 'Spoon - Smart Stock', 1, 53.32, 53.32], ['DUO71010', 'Bag - Paper (10#)', 1, 17.6, 17.6]], 'metadata': {'store': 'Easthill', 'vendor': 'Hill & Markes', 'date': '20251128'}}
2025-11-30 08:44:29,963 - INFO - backend.domain.serializer.serializers.order.OrderSerializer - (order.py:54) - {'headers': [['SKU', 'Name', 'Quantity', 'Cost Per', 'Total Cost']], 'rows': [['INPLCRS32', 'Lid Cold Flat - 32oz', 1, 66.63, 66.63], ['INPSDR0200ITHACABAKERY', 'Cup - Hot (20oz)', 1, 83.13, 83.13], ['764804', '48 SparClean Dish Manual', 1, 73.62, 73.62], ['AVLJNA26W', 'Straws - Wrapped', 1, 59.31, 59.31], ['DUO71006', 'Bag - Paper (6#)', 5, 12.78, 63.9], ['DIXDUSSF5', 'Fork - Smart Stock', 1, 45.32, 45.32], ['NPP406028', 'Fork - White HW', 1, 14.84, 14.84], ['SMTSM2PIKN', 'Napkin - Dispenser', 2, 30.94, 61.88]], 'metadata': {'store': 'Syracuse', 'vendor': 'Hill & Markes', 'date': '20251126'}}
2025-11-30 08:44:29,966 - INFO - backend.domain.serializer.serializers.order.OrderSerializer - (order.py:54) - {'headers': [['SKU', 'Name', 'Quantity', 'Cost Per', 'Total Cost']], 'rows': [['DUO71010', 'Bag - Paper (10#)', 1, 17.6, 17.6], ['INPSDR0120ITHACABAKERY', 'Cup - Hot (12oz)', 2, 62.78, 125.56], ['INPSDR0200ITHACABAKERY', 'Cup - Hot (20oz)', 1, 83.13, 83.13], ['DUSSK5', 'Knife - Smart Stock', 1, 45.32, 45.32], ['SMTSM2PIKN', 'Napkin - Dispenser', 2, 30.94, 61.88]], 'metadata': {'store': 'Triphammer', 'vendor': 'Hill & Markes', 'date': '20251128'}}
2025-11-30 08:44:29,969 - INFO - backend.domain.serializer.serializers.order.OrderSerializer - (order.py:54) - {'headers': [['SKU', 'Name', 'Quantity', 'Cost Per', 'Total Cost']], 'rows': [['chop', 'Milk - Chocolate (12/16oz)', 3, 16.2, 48.6], ['choqt', 'Milk - Chocolate (9/32oz)', 1, 16.65, 16.65]], 'metadata': {'store': 'Bakery', 'vendor': 'Hillcrest Dairy', 'date': '20251129'}}
2025-11-30 08:44:29,972 - INFO - backend.domain.serializer.serializers.order.OrderSerializer - (order.py:54) - {'headers': [['SKU', 'Name', 'Quantity', 'Cost Per', 'Total Cost']], 'rows': [['twog', 'Milk - 2%', 12, 16.08, 192.96], ['wholeg', 'Milk - Whole', 2, 16.08, 32.16], ['skimg', 'Milk - Skim', 2, 15.56, 31.12], ['chop', 'Milk - Chocolate (12/16oz)', 1, 16.2, 16.2]], 'metadata': {'store': 'Collegetown', 'vendor': 'Hillcrest Dairy', 'date': '20251126'}}
2025-11-30 08:44:29,975 - INFO - backend.domain.serializer.serializers.order.OrderSerializer - (order.py:54) - {'headers': [['SKU', 'Name', 'Quantity', 'Cost Per', 'Total Cost']], 'rows': [['twog', 'Milk - 2%', 10, 16.08, 160.8], ['chop', 'Milk - Chocolate (12/16oz)', 2, 16.2, 32.4], ['skimg', 'Milk - Skim', 1, 15.56, 15.56], ['wholeg', 'Milk - Whole', 1, 16.08, 16.08]], 'metadata': {'store': 'Downtown', 'vendor': 'Hillcrest Dairy', 'date': '20251128'}}
2025-11-30 08:44:29,979 - INFO - backend.domain.serializer.serializers.order.OrderSerializer - (order.py:54) - {'headers': [['SKU', 'Name', 'Quantity', 'Cost Per', 'Total Cost']], 'rows': [['twog', 'Milk - 2%', 10, 16.08, 160.8], ['twop', 'Milk - 2% (12/16oz)', 2, 15, 30], ['chop', 'Milk - Chocolate (12/16oz)', 2, 16.2, 32.4], ['skimg', 'Milk - Skim', 2, 15.56, 31.12], ['wholeg', 'Milk - Whole', 1, 16.08, 16.08]], 'metadata': {'store': 'Easthill', 'vendor': 'Hillcrest Dairy', 'date': '20251128'}}
2025-11-30 08:44:29,982 - INFO - backend.domain.serializer.serializers.order.OrderSerializer - (order.py:54) - {'headers': [['SKU', 'Name', 'Quantity', 'Cost Per', 'Total Cost']], 'rows': [['twog', 'Milk - 2%', 10, 16.08, 160.8], ['wholeg', 'Milk - Whole', 2, 16.08, 32.16], ['skimg', 'Milk - Skim', 2, 15.56, 31.12], ['chop', 'Milk - Chocolate (12/16oz)', 2, 16.2, 32.4]], 'metadata': {'store': 'Syracuse', 'vendor': 'Hillcrest Dairy', 'date': '20251126'}}
2025-11-30 08:44:29,985 - INFO - backend.domain.serializer.serializers.order.OrderSerializer - (order.py:54) - {'headers': [['SKU', 'Name', 'Quantity', 'Cost Per', 'Total Cost']], 'rows': [['14141', 'Chocolate Covered Nibs', 1, 175.86, 175.86]], 'metadata': {'store': 'Easthill', 'vendor': 'Hillcrest Foods', 'date': '20251128'}}
2025-11-30 08:44:29,993 - INFO - backend.domain.serializer.serializers.order.OrderSerializer - (order.py:54) - {'headers': [['Item Name', 'Collegetown', 'Downtown', 'Easthill', 'Syracuse', 'Triphammer']], 'rows': [['Bag - Poly (Retail Portion)', 1, None, None, None, None], ['Bag - Wax (Sandwich)', None, None, 1, None, 2], ['Bag Paper - Baguette', None, None, 1, None, None], ['Bindi - Cake Tiramisu Round', 1, None, None, None, 1], ['Box Cake - 8x8x2.5', None, None, None, None, 1], ['Box Cake - 8x8x5', None, None, None, None, 1], ['Celsius - Vibe Peach, Tropical, Arctic', 2, 2, None, 1, 2], ['Chobani - Drinkable Yogurt', 2, 1, 2, None, None], ['Coffee Stirrer (Bamboo)', 1, None, None, None, None], ['Container - Deli (16oz)', None, 1, 2, None, None], ['Container - Deli (32oz)', None, None, None, 1, None], ['Container - Muffin (1 Pack)', None, None, None, None, 1], ['Container - Plastic Clamshell (6")', 1, 1, None, None, None], ['Container - Soup (16oz)', 4, 2, 9, None, None], ['Container - Soup (32oz)', None, 1, None, None, None], ['Container - Soup (8oz)', 3, None, 4, 1, None], ['Copy Paper (8.5" x 11")', None, 1, None, None, None], ['Cup - Espresso (4oz)', None, None, None, None, 1], ['Cup - Hot (8oz)', 5, 1, 5, None, None], ['Cup - Portion (2oz)', None, 1, None, None, None], ['DV - Chewey Caramel w/Pretzel (Sweet Jubilee)', 1, None, None, None, None], ['DV - Chocolate Mini Pretzel', None, 4, None, None, None], ['DV - Dark Chocolate Cherries (bulk)', 1, None, None, None, None], ['DV - Firecracker (bulk)', 6, None, None, None, None], ['DV - Ginger Slices', 6, None, None, None, None], ['DV - Gummi Sharks', None, None, None, 12, None], ['DV - Papaya Spears (bulk)', 9, None, None, None, None], ['DV - Pepitas Roasted (unsalted)', 1, None, None, None, None], ['DV - Real Fruit Sour Bursts (bulk)', 4, None, None, None, None], ['DV - Sesame Stx Honey Roast (bulk)', 6, None, None, None, None], ['Degreaser - for Panini Press (Dawn)', 1, None, None, None, None], ['Employee Water', None, 2, 6, None, 6], ['Essentia Water', None, 1, 1, None, None], ['Evian 1L', None, 1, 1, None, None], ['FRZ Fruit - Mango', 1, None, 1, None, None], ['Fiji Water 1L', None, 1, None, 1, None], ['Fiji Water 500ml', None, 1, None, 1, None], ['Floor Cleaner - Lucky 7', 1, None, None, None, None], ["Grandma's Coffee Cake - Apple", None, None, None, None, 2], ["Grandma's Coffee Cake - Banana Walnut", 1, None, None, None, 2], ["Grandma's Coffee Cake - Blueberry", 1, None, None, None, 1], ["Grandma's Coffee Cake - Chocolate Walnut", None, None, None, None, 1], ["Grandma's Coffee Cake - Cinnamon", 1, None, 1, None, None], ["Grandma's Coffee Cake - Cranberry", None, None, 2, None, None], ['Hazelnut Coffee (Grounded, Bulk)', 1, 1, 1, None, 2], ['Honey - Jug', None, 1, 2, None, None], ['Hot Chocolate (Bulk)', None, None, None, 1, 1], ['Ithaca Soda - Ginger Beer', None, None, 1, None, None], ['Ithaca Soda - Root Beer', None, None, 1, None, None], ['Java Box (160oz)', 1, None, None, None, None], ['Java Box (96oz)', 1, None, None, None, None], ['Joe Tea - Black Cherry', None, 1, None, None, None], ['Kilogram Chai Concentrate', 3, 1, 2, 3, 5], ['Lid - Deli (6/32oz)', 2, 1, 3, None, None], ['Lid - Hot Cup (8oz)', None, 1, None, None, None], ['Lid - Portion (3.25oz)', None, 1, 1, None, None], ['Lid - Soup (32oz)', None, None, None, None, 2], ['Lid - Soup (6/16 oz)', 4, 1, 5, 1, None], ['Lid Espresso - 4oz', 1, None, None, None, None], ['Matcha - Jade Leaf', 4, None, 2, 2, None], ['Monin - Guava Puree', None, None, 1, None, None], ['Mop Head Cut (White)', 1, None, 3, None, None], ['Peanut Butter - Chunky', 1, None, None, None, None], ['Peanut Butter - Creamy', 2, 2, 3, None, None], ['Plate - Paper (7")', 1, 1, 1, None, None], ['Red Bull', None, 2, 1, None, 1], ['Red Bull - Amber', None, 1, None, None, None], ['Register Tape - Paper (3" x 165\')', None, 1, None, None, None], ['Register Tape - Thermal (3.125" x 230\')', 1, None, 1, None, None], ['Scrubbies - Steel', 1, None, None, None, None], ['Smoked Salmon (Retail Pack)', None, None, 1, None, 1], ['Smoked Salmon (Sliced)', 6, 2, 3, None, 2], ['Supplement - Antioxident', None, None, None, 1, None], ['Supplement - Whey Protein', None, 1, None, 1, None], ['Sweet Street - Chocolate Lovin', 1, None, None, None, None], ['Sweet Street - Pie Choc PB Cup Sliced', 1, None, None, None, None], ['Sweet Street - Pie Oreo Cookie Bash Sliced', 1, None, None, None, None], ['Tea Bags - Earl Grey (Twinings)', None, 1, 1, None, 1], ['Tea Bags - Earl Grey Lavender (Twinings)', None, None, 2, None, None], ['Tea Bags - English Breakfast (Twinings)', 3, 2, None, None, None], ['Torani - Caramel Sauce', 4, None, 1, 4, None], ['Torani - Dark Chocolate Sauce', 9, 2, 4, 4, 2], ['Torani - Pumpkin Pie Sauce', 2, None, 1, None, 1], ['Torani - White Chocolate Sauce', 3, None, None, None, 1], ['Urnex - Brewer Cleaner', None, None, 1, 1, 1], ['Urnex - Rinza', None, 1, None, None, None], ['Vegan Egg', None, None, None, None, 2], ['Vita Coco - Coconut Water 500ml', None, 1, None, None, None], ['Whitefish Salad', None, None, None, None, 1], ['Wrap - EZ Poly (8" x 10.75")', 3, None, None, None, None], ['Wrap - Foil (9" x 10.75")', None, None, 1, None, 1], ['Wrap - Paper (15" x 10.75")', 1, 1, 1, None, 1], ['Wrap - Paper (6" x 10.75")', 2, None, 1, None, None]], 'metadata': {'store': 'orders', 'vendor': 'combined', 'date': 'Ithaca Bakery'}}
2025-11-30 08:44:29,994 - ERROR - backend.app.cli.cli.CLI - (cli.py:462) - [Error] combine_orders failed: too many values to unpack (expected 5)
Traceback (most recent call last):
  File "C:\Users\andrew\Desktop\Andrew\Projects\IthacaBakery\RandomStuff\WorkBot\refactor-experimental\backend\app\cli\cli.py", line 451, in _dispatch_command
    self.commands[command].command(args)
    ~~~~~~~~~~~~~~~~~~~~~~~~~~~~~~^^^^^^
  File "C:\Users\andrew\Desktop\Andrew\Projects\IthacaBakery\RandomStuff\WorkBot\refactor-experimental\backend\app\cli\commands\workbot\combine_orders.py", line 25, in command
    self.context.workbot.combine_orders(parsed_args.vendors)
    ~~~~~~~~~~~~~~~~~~~~~~~~~~~~~~~~~~~^^^^^^^^^^^^^^^^^^^^^
  File "C:\Users\andrew\Desktop\Andrew\Projects\IthacaBakery\RandomStuff\WorkBot\refactor-experimental\backend\bots\workbot\work_bot.py", line 173, in combine_orders
    return self.orders.combine_orders(vendor)
           ~~~~~~~~~~~~~~~~~~~~~~~~~~^^^^^^^^
  File "C:\Users\andrew\Desktop\Andrew\Projects\IthacaBakery\RandomStuff\WorkBot\refactor-experimental\backend\app\services\order_service.py", line 88, in __call__
    orders = self.list_by_vendor(vendor)
  File "C:\Users\andrew\Desktop\Andrew\Projects\IthacaBakery\RandomStuff\WorkBot\refactor-experimental\backend\app\services\order_service.py", line 37, in __call__
    return self.repo.list_by_vendor(vendor)
           ~~~~~~~~~~~~~~~~~~~~~~~~^^^^^^^^
  File "C:\Users\andrew\Desktop\Andrew\Projects\IthacaBakery\RandomStuff\WorkBot\refactor-experimental\backend\adapters\repos\order_file_repository.py", line 43, in list_by_vendor
    return [o for o in self.list_all() if o.vendor == vendor]
                       ~~~~~~~~~~~~~^^
  File "C:\Users\andrew\Desktop\Andrew\Projects\IthacaBakery\RandomStuff\WorkBot\refactor-experimental\backend\adapters\repos\order_file_repository.py", line 40, in list_all
    return [self._engine.read_from_path(p) for p in self._engine.list_files("*.xlsx")]
            ~~~~~~~~~~~~~~~~~~~~~~~~~~~^^^
  File "C:\Users\andrew\Desktop\Andrew\Projects\IthacaBakery\RandomStuff\WorkBot\refactor-experimental\backend\adapters\files\generic_file_adapter.py", line 46, in read_from_path
    return self.serializer.load_path(path, meta)
           ~~~~~~~~~~~~~~~~~~~~~~~~~^^^^^^^^^^^^
  File "C:\Users\andrew\Desktop\Andrew\Projects\IthacaBakery\RandomStuff\WorkBot\refactor-experimental\backend\domain\serializer\serializers\order.py", line 55, in load_path
    return self.from_table(payload)
           ~~~~~~~~~~~~~~~^^^^^^^^^
  File "C:\Users\andrew\Desktop\Andrew\Projects\IthacaBakery\RandomStuff\WorkBot\refactor-experimental\backend\domain\serializer\serializers\order.py", line 147, in from_table
    item_sku, item_name, qty, cost_per, total_cost = row
    ^^^^^^^^^^^^^^^^^^^^^^^^^^^^^^^^^^^^^^^^^^^^^^
ValueError: too many values to unpack (expected 5)
2025-11-30 08:44:30,001 - INFO - backend.app.cli.cli.CLI - (cli.py:457) - Command 'combine_orders' executed successfully.
2025-11-30 08:46:40,570 - INFO - backend.app.cli.cli.CLI - (cli.py:376) - CLI interrupted by user (Ctrl+C / EOF).
2025-11-30 08:46:40,573 - INFO - backend.app.cli.cli.CLI - (cli.py:419) - Exiting CLI and saving history.
2025-11-30 08:46:45,115 - INFO - backend.bots.workbot.work_bot.WorkBot - (work_bot.py:53) - Initializing WorkBot...
2025-11-30 08:46:45,115 - INFO - backend.bots.workbot.work_bot.WorkBot - (work_bot.py:66) - WorkBot initialized successfully.
2025-11-30 08:46:45,115 - INFO - backend.app.cli.cli.CLI - (cli.py:34) - Initializing CLI.
2025-11-30 08:46:45,119 - INFO - backend.app.cli.cli.CLI - (cli.py:77) - Loaded 1 commands from backend.app.cli.commands.builtin
2025-11-30 08:46:45,127 - INFO - backend.app.cli.cli.CLI - (cli.py:101) - Loaded command history from C:\Users\andrew\Desktop\Andrew\Projects\IthacaBakery\RandomStuff\WorkBot\refactor-experimental\data\cli\.cli_history
2025-11-30 08:46:45,127 - INFO - backend.app.cli.cli.CLI - (cli.py:42) - CLI initialized successfully with 1 commands.
2025-11-30 08:46:45,143 - INFO - backend.app.cli.cli.CLI - (cli.py:77) - Loaded 15 commands from backend.app.cli.commands.workbot
2025-11-30 08:46:45,143 - INFO - backend.app.cli.cli.CLI - (cli.py:350) - CLI session started.
2025-11-30 08:46:46,421 - INFO - backend.app.cli.cli.CLI - (cli.py:448) - Dispatching command: combine_orders (args=['--vendors', 'Coffee Depot LLC'])
2025-11-30 08:46:46,422 - INFO - backend.app.services.order_service.CombineOrders - (order_service.py:86) - Merging all orders for: ['Coffee Depot LLC']
2025-11-30 08:46:46,422 - INFO - backend.app.services.order_service.GetOrdersByVendor - (order_service.py:36) - Listing orders for vendor=Coffee Depot LLC
2025-11-30 08:46:46,433 - INFO - backend.domain.serializer.serializers.order.OrderSerializer - (order.py:160) - {'metadata': {'store': 'Collegetown', 'vendor': 'A.L. George', 'date': '20251126'}, 'items': [{'sku': '75155', 'name': 'Essentia Water', 'quantity': 1, 'cost_per': 16.5, 'total_cost': 16.5}, {'sku': '77801', 'name': 'Ithaca Soda - Root Beer', 'quantity': 1, 'cost_per': 23.95, 'total_cost': 23.95}]}
2025-11-30 08:46:46,436 - INFO - backend.domain.serializer.serializers.order.OrderSerializer - (order.py:160) - {'metadata': {'store': 'Triphammer', 'vendor': 'A.L. George', 'date': '20251128'}, 'items': [{'sku': '75155', 'name': 'Essentia Water', 'quantity': 1, 'cost_per': 16.5, 'total_cost': 16.5}]}
2025-11-30 08:46:46,439 - INFO - backend.domain.serializer.serializers.order.OrderSerializer - (order.py:160) - {'metadata': {'store': 'Collegetown', 'vendor': 'BALKAN BEVERAGE LLC', 'date': '20251126'}, 'items': [{'sku': '71105', 'name': 'Saratoga Sparkling 12oz', 'quantity': 1, 'cost_per': 24.95, 'total_cost': 24.95}, {'sku': '70610', 'name': 'Vita Coco - Pineapple', 'quantity': 1, 'cost_per': 29, 'total_cost': 29}, {'sku': '68177', 'name': 'Red Bull - Amber', 'quantity': 1, 'cost_per': 42.85, 'total_cost': 42.85}]}
2025-11-30 08:46:46,444 - INFO - backend.domain.serializer.serializers.order.OrderSerializer - (order.py:160) - {'metadata': {'store': 'Downtown', 'vendor': "Bo's Bones", 'date': '20251129'}, 'items': [{'sku': '4oz', 'name': "Bo's Bones - Dreidels 4oz", 'quantity': 1, 'cost_per': 69.3, 'total_cost': 69.3}]}
2025-11-30 08:46:46,449 - INFO - backend.domain.serializer.serializers.order.OrderSerializer - (order.py:160) - {'metadata': {'store': 'Bakery', 'vendor': 'Coca-Cola', 'date': '20251130'}, 'items': [{'sku': '104631', 'name': 'CO2 Aluminum Cylinder', 'quantity': 1, 'cost_per': 77.5, 'total_cost': 77.5}, {'sku': '156089', 'name': 'Vitamin Water - XXX', 'quantity': 2, 'cost_per': 16.07, 'total_cost': 32.14}, {'sku': '156090', 'name': 'Vitamin Water - Power C', 'quantity': 2, 'cost_per': 16.07, 'total_cost': 32.14}, {'sku': '156091', 'name': 'Vitamin Water - Energy', 'quantity': 2, 'cost_per': 15.09, 'total_cost': 30.18}, {'sku': '103029', 'name': 'Sprite Bottles', 'quantity': 1, 'cost_per': 27.58, 'total_cost': 27.58}, {'sku': '109147', 'name': 'Lemonade BIB', 'quantity': 1, 'cost_per': 48.92, 'total_cost': 48.92}, {'sku': '117808', 'name': 'Dr Pepper Diet Bottles', 'quantity': 1, 'cost_per': 26.46, 'total_cost': 26.46}, {'sku': '117803', 'name': 'Dr Pepper Bottles', 'quantity': 1, 'cost_per': 26.46, 'total_cost': 26.46}, {'sku': '103886', 'name': 'Coca-Cola BIB', 'quantity': 1, 'cost_per': 48.92, 'total_cost': 48.92}]}
2025-11-30 08:46:46,452 - INFO - backend.domain.serializer.serializers.order.OrderSerializer - (order.py:160) - {'metadata': {'store': 'Collegetown', 'vendor': 'Coca-Cola', 'date': '20251126'}, 'items': [{'sku': '109147', 'name': 'Lemonade BIB', 'quantity': 3, 'cost_per': 48.92, 'total_cost': 146.76}, {'sku': '103785', 'name': 'Ginger Ale BIB', 'quantity': 1, 'cost_per': 59.9, 'total_cost': 59.9}, {'sku': '156079', 'name': 'Vitamin Water - Zero Squeezed', 'quantity': 2, 'cost_per': 17.32, 'total_cost': 34.64}, {'sku': '117803', 'name': 'Dr Pepper Bottles', 'quantity': 3, 'cost_per': 26.46, 'total_cost': 79.38}, {'sku': '121765', 'name': 'Coca-Cola Zero Sugar Bottles', 'quantity': 3, 'cost_per': 26.46, 'total_cost': 79.38}, {'sku': '122366', 'name': 'Coca-Cola Mexico Glass Bottles', 'quantity': 1, 'cost_per': 32.9, 'total_cost': 32.9}, {'sku': '103029', 'name': 'Sprite Bottles', 'quantity': 2, 'cost_per': 27.58, 'total_cost': 55.16}]}
2025-11-30 08:46:46,455 - INFO - backend.domain.serializer.serializers.order.OrderSerializer - (order.py:160) - {'metadata': {'store': 'Downtown', 'vendor': 'Coca-Cola', 'date': '20251128'}, 'items': [{'sku': '156120', 'name': 'Body Armor - Lyte Peach Mango', 'quantity': 1, 'cost_per': 23.31, 'total_cost': 23.31}, {'sku': '119826', 'name': 'Coca-Cola Bottles', 'quantity': 1, 'cost_per': 27.58, 'total_cost': 27.58}, {'sku': '121765', 'name': 'Coca-Cola Zero Sugar Bottles', 'quantity': 1, 'cost_per': 26.46, 'total_cost': 26.46}, {'sku': '156184', 'name': 'Core Power Protein - Chocolate', 'quantity': 1, 'cost_per': 32.55, 'total_cost': 32.55}, {'sku': '156182', 'name': 'Core Power Protein - Vanilla', 'quantity': 1, 'cost_per': 32.55, 'total_cost': 32.55}, {'sku': '119827', 'name': 'Diet Coke Bottles', 'quantity': 1, 'cost_per': 27.58, 'total_cost': 27.58}, {'sku': '117803', 'name': 'Dr Pepper Bottles', 'quantity': 1, 'cost_per': 26.46, 'total_cost': 26.46}, {'sku': '117808', 'name': 'Dr Pepper Diet Bottles', 'quantity': 1, 'cost_per': 26.46, 'total_cost': 26.46}, {'sku': '103029', 'name': 'Sprite Bottles', 'quantity': 1, 'cost_per': 27.58, 'total_cost': 27.58}, {'sku': '156091', 'name': 'Vitamin Water - Energy', 'quantity': 1, 'cost_per': 15.09, 'total_cost': 15.09}, {'sku': '156090', 'name': 'Vitamin Water - Power C', 'quantity': 1, 'cost_per': 16.07, 'total_cost': 16.07}, {'sku': '156089', 'name': 'Vitamin Water - XXX', 'quantity': 1, 'cost_per': 16.07, 'total_cost': 16.07}]}
2025-11-30 08:46:46,462 - INFO - backend.domain.serializer.serializers.order.OrderSerializer - (order.py:160) - {'metadata': {'store': 'Easthill', 'vendor': 'Coca-Cola', 'date': '20251128'}, 'items': [{'sku': '156111', 'name': 'Body Armor - Strawberry Banana', 'quantity': 1, 'cost_per': 23.31, 'total_cost': 23.31}, {'sku': '119826', 'name': 'Coca-Cola Bottles', 'quantity': 2, 'cost_per': 27.58, 'total_cost': 55.16}, {'sku': '156184', 'name': 'Core Power Protein - Chocolate', 'quantity': 1, 'cost_per': 32.55, 'total_cost': 32.55}, {'sku': '156182', 'name': 'Core Power Protein - Vanilla', 'quantity': 1, 'cost_per': 32.55, 'total_cost': 32.55}, {'sku': '119827', 'name': 'Diet Coke Bottles', 'quantity': 2, 'cost_per': 27.58, 'total_cost': 55.16}, {'sku': '117803', 'name': 'Dr Pepper Bottles', 'quantity': 1, 'cost_per': 26.46, 'total_cost': 26.46}, {'sku': '117808', 'name': 'Dr Pepper Diet Bottles', 'quantity': 1, 'cost_per': 26.46, 'total_cost': 26.46}, {'sku': '132296', 'name': 'Smart Water - 23.7oz', 'quantity': 1, 'cost_per': 38.56, 'total_cost': 38.56}, {'sku': '156090', 'name': 'Vitamin Water - Power C', 'quantity': 2, 'cost_per': 16.07, 'total_cost': 32.14}, {'sku': '156079', 'name': 'Vitamin Water - Zero Squeezed', 'quantity': 1, 'cost_per': 17.32, 'total_cost': 17.32}]}
2025-11-30 08:46:46,465 - INFO - backend.domain.serializer.serializers.order.OrderSerializer - (order.py:160) - {'metadata': {'store': 'Syracuse', 'vendor': 'Coca-Cola', 'date': '20251126'}, 'items': [{'sku': '156182', 'name': 'Core Power Protein - Vanilla', 'quantity': 1, 'cost_per': 32.55, 'total_cost': 32.55}]}
2025-11-30 08:46:46,468 - INFO - backend.domain.serializer.serializers.order.OrderSerializer - (order.py:160) - {'metadata': {'store': 'Triphammer', 'vendor': 'Coca-Cola', 'date': '20251128'}, 'items': [{'sku': '119826', 'name': 'Coca-Cola Bottles', 'quantity': 3, 'cost_per': 27.58, 'total_cost': 82.74}, {'sku': '122366', 'name': 'Coca-Cola Mexico Glass Bottles', 'quantity': 2, 'cost_per': 32.9, 'total_cost': 65.8}, {'sku': '121765', 'name': 'Coca-Cola Zero Sugar Bottles', 'quantity': 3, 'cost_per': 26.46, 'total_cost': 79.38}, {'sku': '117808', 'name': 'Dr Pepper Diet Bottles', 'quantity': 3, 'cost_per': 26.46, 'total_cost': 79.38}, {'sku': '132296', 'name': 'Smart Water - 23.7oz', 'quantity': 2, 'cost_per': 38.56, 'total_cost': 77.12}, {'sku': '156079', 'name': 'Vitamin Water - Zero Squeezed', 'quantity': 1, 'cost_per': 17.32, 'total_cost': 17.32}, {'sku': '156089', 'name': 'Vitamin Water - XXX', 'quantity': 1, 'cost_per': 16.07, 'total_cost': 16.07}, {'sku': '156090', 'name': 'Vitamin Water - Power C', 'quantity': 1, 'cost_per': 16.07, 'total_cost': 16.07}]}
2025-11-30 08:46:46,471 - INFO - backend.domain.serializer.serializers.order.OrderSerializer - (order.py:160) - {'metadata': {'store': 'Bakery', 'vendor': 'Coffee Depot LLC', 'date': '20251130'}, 'items': [{'sku': None, 'name': 'Monin - Toffee Nut', 'quantity': 3, 'cost_per': 0, 'total_cost': 0}, {'sku': None, 'name': 'Monin - Peppermint', 'quantity': 2, 'cost_per': 0, 'total_cost': 0}, {'sku': None, 'name': 'Monin - Caramel Apple Butter', 'quantity': 2, 'cost_per': 9, 'total_cost': 18}]}
2025-11-30 08:46:46,475 - INFO - backend.domain.serializer.serializers.order.OrderSerializer - (order.py:160) - {'metadata': {'store': 'Collegetown', 'vendor': 'Coffee Depot LLC', 'date': '20251126'}, 'items': [{'sku': None, 'name': 'Monin - Orange', 'quantity': 2, 'cost_per': 9, 'total_cost': 18}, {'sku': None, 'name': 'Monin - Lavender', 'quantity': 2, 'cost_per': 0, 'total_cost': 0}, {'sku': None, 'name': 'Monin - Toasted Marshmallow', 'quantity': 2, 'cost_per': 0, 'total_cost': 0}, {'sku': None, 'name': 'Monin - Cookie Butter', 'quantity': 4, 'cost_per': 0, 'total_cost': 0}, {'sku': None, 'name': 'Monin - Caramel Apple Butter', 'quantity': 3, 'cost_per': 6.75, 'total_cost': 20.25}, {'sku': None, 'name': 'Monin - Turmeric', 'quantity': 1, 'cost_per': 0, 'total_cost': 0}]}
2025-11-30 08:46:46,480 - INFO - backend.domain.serializer.serializers.order.OrderSerializer - (order.py:160) - {'metadata': {'store': 'Downtown', 'vendor': 'Coffee Depot LLC', 'date': '20251128'}, 'items': [{'sku': None, 'name': 'Monin - Cookie Butter', 'quantity': 1, 'cost_per': 0, 'total_cost': 0}, {'sku': None, 'name': 'Monin - Peppermint', 'quantity': 1, 'cost_per': 0, 'total_cost': 0}, {'sku': None, 'name': 'Monin - Toasted Marshmallow', 'quantity': 1, 'cost_per': 0, 'total_cost': 0}, {'sku': None, 'name': 'Monin - Toffee Nut', 'quantity': 1, 'cost_per': 0, 'total_cost': 0}]}
2025-11-30 08:46:46,483 - INFO - backend.domain.serializer.serializers.order.OrderSerializer - (order.py:160) - {'metadata': {'store': 'Easthill', 'vendor': 'Coffee Depot LLC', 'date': '20251128'}, 'items': [{'sku': None, 'name': 'Monin - Caramel Apple Butter', 'quantity': 1, 'cost_per': 9, 'total_cost': 9}, {'sku': None, 'name': 'Monin - Cookie Butter', 'quantity': 1, 'cost_per': 0, 'total_cost': 0}, {'sku': None, 'name': 'Monin - Hazelnut', 'quantity': 1, 'cost_per': 0, 'total_cost': 0}, {'sku': None, 'name': 'Monin - Lavender', 'quantity': 1, 'cost_per': 0, 'total_cost': 0}, {'sku': None, 'name': 'Monin - Toffee Nut', 'quantity': 2, 'cost_per': 0, 'total_cost': 0}, {'sku': None, 'name': 'Monin - Vanilla Sugar Free', 'quantity': 1, 'cost_per': 0, 'total_cost': 0}]}
2025-11-30 08:46:46,485 - INFO - backend.domain.serializer.serializers.order.OrderSerializer - (order.py:160) - {'metadata': {'store': 'Syracuse', 'vendor': 'Coffee Depot LLC', 'date': '20251126'}, 'items': [{'sku': None, 'name': 'Monin - Cranberry', 'quantity': 3, 'cost_per': 0, 'total_cost': 0}, {'sku': None, 'name': 'Monin - Peppermint', 'quantity': 4, 'cost_per': 6.75, 'total_cost': 27}]}
2025-11-30 08:46:46,489 - INFO - backend.domain.serializer.serializers.order.OrderSerializer - (order.py:160) - {'metadata': {'store': 'Triphammer', 'vendor': 'Coffee Depot LLC', 'date': '20251128'}, 'items': [{'sku': None, 'name': 'Monin - Caramel Apple Butter', 'quantity': 2, 'cost_per': 9, 'total_cost': 18}, {'sku': None, 'name': 'Monin - Cookie Butter', 'quantity': 3, 'cost_per': 0, 'total_cost': 0}, {'sku': None, 'name': 'Monin - Cranberry', 'quantity': 1, 'cost_per': 0, 'total_cost': 0}, {'sku': None, 'name': 'Monin - Hazelnut', 'quantity': 1, 'cost_per': 0, 'total_cost': 0}, {'sku': None, 'name': 'Monin - Lavender', 'quantity': 1, 'cost_per': 0, 'total_cost': 0}, {'sku': None, 'name': 'Monin - Orange', 'quantity': 1, 'cost_per': 6.75, 'total_cost': 6.75}, {'sku': None, 'name': 'Monin - Peppermint', 'quantity': 1, 'cost_per': 6.75, 'total_cost': 6.75}, {'sku': None, 'name': 'Monin - Toasted Marshmallow', 'quantity': 2, 'cost_per': 0, 'total_cost': 0}, {'sku': None, 'name': 'Monin - Toffee Nut', 'quantity': 3, 'cost_per': 0, 'total_cost': 0}, {'sku': None, 'name': 'Monin - Turmeric', 'quantity': 2, 'cost_per': 0, 'total_cost': 0}, {'sku': None, 'name': 'Monin - Vanilla Sugar Free', 'quantity': 2, 'cost_per': 0, 'total_cost': 0}]}
2025-11-30 08:46:46,493 - INFO - backend.domain.serializer.serializers.order.OrderSerializer - (order.py:160) - {'metadata': {'store': 'Bakery', 'vendor': 'Copper Horse Coffee', 'date': '20251130'}, 'items': [{'sku': None, 'name': 'Copper Horse - Warhorse Blend (12oz)', 'quantity': 6, 'cost_per': 11.49, 'total_cost': 68.94}, {'sku': '12 oz Clocktower Espresso', 'name': 'Copper Horse - Clocktower Espresso (12oz)', 'quantity': 4, 'cost_per': 11.49, 'total_cost': 45.96}, {'sku': None, 'name': 'Copper Horse - Carriage House Blend (12oz)', 'quantity': 7, 'cost_per': 11.49, 'total_cost': 80.43}, {'sku': None, 'name': 'Copper Horse - Sleigh Bells (12oz)', 'quantity': 6, 'cost_per': 11.49, 'total_cost': 68.94}]}
2025-11-30 08:46:46,496 - INFO - backend.domain.serializer.serializers.order.OrderSerializer - (order.py:160) - {'metadata': {'store': 'Downtown', 'vendor': 'Copper Horse Coffee', 'date': '20251129'}, 'items': [{'sku': None, 'name': 'Copper Horse - Coffee Crush (12oz)', 'quantity': 3, 'cost_per': 9.79, 'total_cost': 29.37}, {'sku': None, 'name': 'Copper Horse - Rumble Pony (12oz)', 'quantity': 2, 'cost_per': 11.49, 'total_cost': 22.98}, {'sku': None, 'name': 'Copper Horse - Sleigh Bells (12oz)', 'quantity': 1, 'cost_per': 9.79, 'total_cost': 9.79}, {'sku': None, 'name': 'Copper Horse - Sumantra Lake Tawar (12oz)', 'quantity': 1, 'cost_per': 10.89, 'total_cost': 10.89}, {'sku': None, 'name': 'Copper Horse - Tanzania (12oz)', 'quantity': 1, 'cost_per': 11.49, 'total_cost': 11.49}]}
2025-11-30 08:46:46,499 - INFO - backend.domain.serializer.serializers.order.OrderSerializer - (order.py:160) - {'metadata': {'store': 'Easthill', 'vendor': 'Copper Horse Coffee', 'date': '20251128'}, 'items': [{'sku': None, 'name': 'Copper Horse - Warhorse 5lb', 'quantity': 2, 'cost_per': 57.99, 'total_cost': 115.98}]}
2025-11-30 08:46:46,501 - INFO - backend.domain.serializer.serializers.order.OrderSerializer - (order.py:160) - {'metadata': {'store': 'Triphammer', 'vendor': 'Copper Horse Coffee', 'date': '20251128'}, 'items': [{'sku': '12 oz Clocktower Espresso', 'name': 'Copper Horse - Clocktower Espresso (12oz)', 'quantity': 1, 'cost_per': 10.89, 'total_cost': 10.89}, {'sku': None, 'name': 'Copper Horse - Sleigh Bells (12oz)', 'quantity': 3, 'cost_per': 11.49, 'total_cost': 34.47}]}
2025-11-30 08:46:46,504 - INFO - backend.domain.serializer.serializers.order.OrderSerializer - (order.py:160) - {'metadata': {'store': 'Bakery', 'vendor': 'DUTCH VALLEY FOOD DIST', 'date': '20251130'}, 'items': [{'sku': '456090', 'name': 'Employee Water', 'quantity': 30, 'cost_per': 2.93, 'total_cost': 87.9}]}
2025-11-30 08:46:46,508 - INFO - backend.domain.serializer.serializers.order.OrderSerializer - (order.py:160) - {'metadata': {'store': 'Easthill', 'vendor': 'DUTCH VALLEY FOOD DIST', 'date': '20251128'}, 'items': [{'sku': '332126', 'name': 'Pepitas - Bulk', 'quantity': 1, 'cost_per': 68.47, 'total_cost': 68.47}, {'sku': '462702', 'name': 'Pobble Bubble Tea - Berry Hibiscus', 'quantity': 1, 'cost_per': 24.6, 'total_cost': 24.6}, {'sku': '462700', 'name': 'Pobble Bubble Tea - Mango Red Dragon', 'quantity': 1, 'cost_per': 50.6, 'total_cost': 50.6}]}
2025-11-30 08:46:46,511 - INFO - backend.domain.serializer.serializers.order.OrderSerializer - (order.py:160) - {'metadata': {'store': 'Syracuse', 'vendor': 'DUTCH VALLEY FOOD DIST', 'date': '20251126'}, 'items': [{'sku': '514262', 'name': "Joe's Snack Mix - Cheddar", 'quantity': 1, 'cost_per': 49.96, 'total_cost': 49.96}]}
2025-11-30 08:46:46,514 - INFO - backend.domain.serializer.serializers.order.OrderSerializer - (order.py:160) - {'metadata': {'store': 'Bakery', 'vendor': 'Equal Exchange', 'date': '20251130'}, 'items': [{'sku': '10400', 'name': 'Equal Exchange - One World', 'quantity': 2, 'cost_per': 83.5, 'total_cost': 167}, {'sku': '10025', 'name': 'Equal Exchange - Breakfast Blend, Decaf', 'quantity': 3, 'cost_per': 106, 'total_cost': 318}, {'sku': '10034', 'name': 'Equal Exchange - Black Silk Espresso', 'quantity': 5, 'cost_per': 83.5, 'total_cost': 417.5}, {'sku': '17013', 'name': 'Equal Exchange - Love Buzz 12 oz', 'quantity': 1, 'cost_per': 56.7, 'total_cost': 56.7}, {'sku': '13310', 'name': 'Tea Bags - Peppermint (Equal Exchange)', 'quantity': 1, 'cost_per': 19.2, 'total_cost': 19.2}, {'sku': '18300', 'name': 'Equal Exchange - Org. Milk Chocolate', 'quantity': 1, 'cost_per': 38.4, 'total_cost': 38.4}]}
2025-11-30 08:46:46,517 - INFO - backend.domain.serializer.serializers.order.OrderSerializer - (order.py:160) - {'metadata': {'store': 'Collegetown', 'vendor': 'Equal Exchange', 'date': '20251126'}, 'items': [{'sku': '10034', 'name': 'Equal Exchange - Black Silk Espresso', 'quantity': 6, 'cost_per': 83.5, 'total_cost': 501}, {'sku': '10400', 'name': 'Equal Exchange - One World', 'quantity': 4, 'cost_per': 83.5, 'total_cost': 334}, {'sku': '10403', 'name': 'Equal Exchange - Cold Brew', 'quantity': 1, 'cost_per': 83.5, 'total_cost': 83.5}, {'sku': '10029', 'name': 'Equal Exchange - Espresso, Decaf', 'quantity': 1, 'cost_per': 106, 'total_cost': 106}, {'sku': '40304', 'name': 'Filter - Coffee', 'quantity': 1, 'cost_per': 17.5, 'total_cost': 17.5}, {'sku': '41513', 'name': 'Filter - Cold Brew (Silk)', 'quantity': 1, 'cost_per': 16.99, 'total_cost': 16.99}]}
2025-11-30 08:46:46,520 - INFO - backend.domain.serializer.serializers.order.OrderSerializer - (order.py:160) - {'metadata': {'store': 'Downtown', 'vendor': 'Equal Exchange', 'date': '20251128'}, 'items': [{'sku': '10034', 'name': 'Equal Exchange - Black Silk Espresso', 'quantity': 3, 'cost_per': 83.5, 'total_cost': 250.5}, {'sku': '10403', 'name': 'Equal Exchange - Cold Brew', 'quantity': 1, 'cost_per': 83.5, 'total_cost': 83.5}, {'sku': '10400', 'name': 'Equal Exchange - One World', 'quantity': 3, 'cost_per': 83.5, 'total_cost': 250.5}]}
2025-11-30 08:46:46,524 - INFO - backend.domain.serializer.serializers.order.OrderSerializer - (order.py:160) - {'metadata': {'store': 'Easthill', 'vendor': 'Equal Exchange', 'date': '20251128'}, 'items': [{'sku': '10034', 'name': 'Equal Exchange - Black Silk Espresso', 'quantity': 3, 'cost_per': 83.5, 'total_cost': 250.5}, {'sku': '10029', 'name': 'Equal Exchange - Espresso, Decaf', 'quantity': 1, 'cost_per': 106, 'total_cost': 106}, {'sku': '10018', 'name': 'Equal Exchange - Love Buzz', 'quantity': 2, 'cost_per': 83.5, 'total_cost': 167}, {'sku': '10400', 'name': 'Equal Exchange - One World', 'quantity': 2, 'cost_per': 83.5, 'total_cost': 167}]}
2025-11-30 08:46:46,527 - INFO - backend.domain.serializer.serializers.order.OrderSerializer - (order.py:160) - {'metadata': {'store': 'Syracuse', 'vendor': 'Equal Exchange', 'date': '20251126'}, 'items': [{'sku': '10400', 'name': 'Equal Exchange - One World', 'quantity': 3, 'cost_per': 83.5, 'total_cost': 250.5}, {'sku': '10403', 'name': 'Equal Exchange - Cold Brew', 'quantity': 1, 'cost_per': 83.5, 'total_cost': 83.5}, {'sku': '10034', 'name': 'Equal Exchange - Black Silk Espresso', 'quantity': 2, 'cost_per': 83.5, 'total_cost': 167}]}
2025-11-30 08:46:46,530 - INFO - backend.domain.serializer.serializers.order.OrderSerializer - (order.py:160) - {'metadata': {'store': 'Triphammer', 'vendor': 'Equal Exchange', 'date': '20251128'}, 'items': [{'sku': '40301', 'name': '14x5 PBVSA Filter', 'quantity': 1, 'cost_per': 15, 'total_cost': 15}, {'sku': '10034', 'name': 'Equal Exchange - Black Silk Espresso', 'quantity': 3, 'cost_per': 83.5, 'total_cost': 250.5}, {'sku': '10025', 'name': 'Equal Exchange - Breakfast Blend, Decaf', 'quantity': 1, 'cost_per': 106, 'total_cost': 106}]}
2025-11-30 08:46:46,533 - INFO - backend.domain.serializer.serializers.order.OrderSerializer - (order.py:160) - {'metadata': {'store': 'Bakery', 'vendor': 'Finger Lakes Coffee Roasters', 'date': '20251130'}, 'items': [{'sku': None, 'name': 'Hazelnut Coffee (Grounded, Bulk)', 'quantity': 20, 'cost_per': 54.9, 'total_cost': 1098}]}
2025-11-30 08:46:46,536 - INFO - backend.domain.serializer.serializers.order.OrderSerializer - (order.py:160) - {'metadata': {'store': 'Bakery', 'vendor': 'FingerLakes Farms', 'date': '20251125'}, 'items': [{'sku': '001023', 'name': 'Ithaca Yogurt - Vanilla', 'quantity': 1, 'cost_per': 14.5, 'total_cost': 14.5}, {'sku': '003012', 'name': 'Red Jacket - Strawberry/Apple 32oz', 'quantity': 1, 'cost_per': 25.95, 'total_cost': 25.95}, {'sku': '003003', 'name': 'Red Jacket - Fuji Apple', 'quantity': 1, 'cost_per': 11.25, 'total_cost': 11.25}, {'sku': '004015', 'name': "Natalie's - Strawberry Lemonade", 'quantity': 1, 'cost_per': 9.25, 'total_cost': 9.25}, {'sku': '004038', 'name': "Natalie's - Orange Mango", 'quantity': 2, 'cost_per': 13, 'total_cost': 26}, {'sku': '004021', 'name': "Natalie's - Orange Juice", 'quantity': 2, 'cost_per': 23.75, 'total_cost': 47.5}, {'sku': '004061', 'name': "Natalie's - Honey Tangerine", 'quantity': 2, 'cost_per': 14, 'total_cost': 28}]}
2025-11-30 08:46:46,540 - INFO - backend.domain.serializer.serializers.order.OrderSerializer - (order.py:160) - {'metadata': {'store': 'Bakery', 'vendor': 'FingerLakes Farms', 'date': '20251129'}, 'items': [{'sku': '004051', 'name': "Natalie's - Grapefruit", 'quantity': 3, 'cost_per': 13.25, 'total_cost': 39.75}, {'sku': '004061', 'name': "Natalie's - Honey Tangerine", 'quantity': 1, 'cost_per': 14, 'total_cost': 14}, {'sku': '004011', 'name': "Natalie's - Lemonade", 'quantity': 2, 'cost_per': 9.25, 'total_cost': 18.5}, {'sku': None, 'name': "Natalie's - Orange Juice", 'quantity': 3, 'cost_per': 23.75, 'total_cost': 71.25}, {'sku': '004038', 'name': "Natalie's - Orange Mango", 'quantity': 3, 'cost_per': 13, 'total_cost': 39}, {'sku': '004039', 'name': "Natalie's - Orange Pineapple", 'quantity': 3, 'cost_per': 13, 'total_cost': 39}, {'sku': '004015', 'name': "Natalie's - Strawberry Lemonade", 'quantity': 3, 'cost_per': 9.25, 'total_cost': 27.75}, {'sku': '003003', 'name': 'Red Jacket - Fuji Apple', 'quantity': 3, 'cost_per': 11.25, 'total_cost': 33.75}]}
2025-11-30 08:46:46,544 - INFO - backend.domain.serializer.serializers.order.OrderSerializer - (order.py:160) - {'metadata': {'store': 'Collegetown', 'vendor': 'FingerLakes Farms', 'date': '20251126'}, 'items': [{'sku': '003021', 'name': 'Apple Cider (Gal)', 'quantity': 4, 'cost_per': 24, 'total_cost': 96}, {'sku': '004038', 'name': "Natalie's - Orange Mango", 'quantity': 1, 'cost_per': 13, 'total_cost': 13}]}
2025-11-30 08:46:46,547 - INFO - backend.domain.serializer.serializers.order.OrderSerializer - (order.py:160) - {'metadata': {'store': 'Downtown', 'vendor': 'FingerLakes Farms', 'date': '20251128'}, 'items': [{'sku': '003021', 'name': 'Apple Cider (Gal)', 'quantity': 1, 'cost_per': 24, 'total_cost': 24}, {'sku': 'HS105', 'name': 'Harney & Sons - CRUISE', 'quantity': 1, 'cost_per': 40, 'total_cost': 40}, {'sku': 'HS103', 'name': 'Harney & Sons - REST', 'quantity': 1, 'cost_per': 40, 'total_cost': 40}, {'sku': '004051', 'name': "Natalie's - Grapefruit", 'quantity': 1, 'cost_per': 13.25, 'total_cost': 13.25}, {'sku': None, 'name': "Natalie's - Orange Juice", 'quantity': 1, 'cost_per': 23.75, 'total_cost': 23.75}, {'sku': '004038', 'name': "Natalie's - Orange Mango", 'quantity': 2, 'cost_per': 13, 'total_cost': 26}, {'sku': '004039', 'name': "Natalie's - Orange Pineapple", 'quantity': 1, 'cost_per': 13, 'total_cost': 13}, {'sku': '004015', 'name': "Natalie's - Strawberry Lemonade", 'quantity': 1, 'cost_per': 9.25, 'total_cost': 9.25}, {'sku': '003003', 'name': 'Red Jacket - Fuji Apple', 'quantity': 1, 'cost_per': 11.25, 'total_cost': 11.25}, {'sku': '003004', 'name': 'Red Jacket - Rasp/Apple', 'quantity': 3, 'cost_per': 11.25, 'total_cost': 33.75}, {'sku': '003005', 'name': 'Red Jacket - Strawberry (12oz)', 'quantity': 2, 'cost_per': 11.25, 'total_cost': 22.5}]}
2025-11-30 08:46:46,550 - INFO - backend.domain.serializer.serializers.order.OrderSerializer - (order.py:160) - {'metadata': {'store': 'Easthill', 'vendor': 'FingerLakes Farms', 'date': '20251128'}, 'items': [{'sku': '003021', 'name': 'Apple Cider (Gal)', 'quantity': 2, 'cost_per': 24, 'total_cost': 48}, {'sku': '004051', 'name': "Natalie's - Grapefruit", 'quantity': 2, 'cost_per': 13.25, 'total_cost': 26.5}, {'sku': '004011', 'name': "Natalie's - Lemonade", 'quantity': 1, 'cost_per': 9.25, 'total_cost': 9.25}, {'sku': '004021', 'name': "Natalie's - Orange Juice", 'quantity': 2, 'cost_per': 23.75, 'total_cost': 47.5}, {'sku': '004038', 'name': "Natalie's - Orange Mango", 'quantity': 2, 'cost_per': 13, 'total_cost': 26}, {'sku': '004039', 'name': "Natalie's - Orange Pineapple", 'quantity': 1, 'cost_per': 13, 'total_cost': 13}, {'sku': '003004', 'name': 'Red Jacket - Rasp/Apple', 'quantity': 1, 'cost_per': 11.25, 'total_cost': 11.25}, {'sku': '003005', 'name': 'Red Jacket - Strawberry (12oz)', 'quantity': 1, 'cost_per': 11.25, 'total_cost': 11.25}, {'sku': '003003', 'name': 'Red Jacket - Fuji Apple', 'quantity': 1, 'cost_per': 11.25, 'total_cost': 11.25}]}
2025-11-30 08:46:46,555 - INFO - backend.domain.serializer.serializers.order.OrderSerializer - (order.py:160) - {'metadata': {'store': 'Collegetown', 'vendor': 'Hill & Markes', 'date': '20251126'}, 'items': [{'sku': 'INPSDR0120ITHACABAKERY', 'name': 'Cup - Hot (12oz)', 'quantity': 1, 'cost_per': 62.78, 'total_cost': 62.78}, {'sku': 'DUO71010', 'name': 'Bag - Paper (10#)', 'quantity': 1, 'cost_per': 17.6, 'total_cost': 17.6}, {'sku': 'SMTSM2PIKN', 'name': 'Napkin - Dispenser', 'quantity': 2, 'cost_per': 30.94, 'total_cost': 61.88}, {'sku': 'DUSSK5', 'name': 'Knife - Smart Stock', 'quantity': 1, 'cost_per': 45.32, 'total_cost': 45.32}]}
2025-11-30 08:46:46,558 - INFO - backend.domain.serializer.serializers.order.OrderSerializer - (order.py:160) - {'metadata': {'store': 'Downtown', 'vendor': 'Hill & Markes', 'date': '20251128'}, 'items': [{'sku': 'INLSLP17XD', 'name': 'Container - Plastic Eclair', 'quantity': 1, 'cost_per': 72.89, 'total_cost': 72.89}, {'sku': '7G084018', 'name': 'Bag Poly - 8x4x18 LW', 'quantity': 1, 'cost_per': 29.31, 'total_cost': 29.31}]}
2025-11-30 08:46:46,562 - INFO - backend.domain.serializer.serializers.order.OrderSerializer - (order.py:160) - {'metadata': {'store': 'Easthill', 'vendor': 'Hill & Markes', 'date': '20251128'}, 'items': [{'sku': 'INPSDR0200ITHACABAKERY', 'name': 'Cup - Hot (20oz)', 'quantity': 1, 'cost_per': 83.13, 'total_cost': 83.13}, {'sku': 'INPSDR0160ITHACABAKERY', 'name': 'Cup - Hot (16oz)', 'quantity': 1, 'cost_per': 70.09, 'total_cost': 70.09}, {'sku': 'DIXDUSSF5', 'name': 'Fork - Smart Stock', 'quantity': 1, 'cost_per': 45.32, 'total_cost': 45.32}, {'sku': 'DUSSK5', 'name': 'Knife - Smart Stock', 'quantity': 1, 'cost_per': 45.32, 'total_cost': 45.32}, {'sku': 'DIXDUSST5', 'name': 'Spoon - Smart Stock', 'quantity': 1, 'cost_per': 53.32, 'total_cost': 53.32}, {'sku': 'DUO71010', 'name': 'Bag - Paper (10#)', 'quantity': 1, 'cost_per': 17.6, 'total_cost': 17.6}]}
2025-11-30 08:46:46,565 - INFO - backend.domain.serializer.serializers.order.OrderSerializer - (order.py:160) - {'metadata': {'store': 'Syracuse', 'vendor': 'Hill & Markes', 'date': '20251126'}, 'items': [{'sku': 'INPLCRS32', 'name': 'Lid Cold Flat - 32oz', 'quantity': 1, 'cost_per': 66.63, 'total_cost': 66.63}, {'sku': 'INPSDR0200ITHACABAKERY', 'name': 'Cup - Hot (20oz)', 'quantity': 1, 'cost_per': 83.13, 'total_cost': 83.13}, {'sku': '764804', 'name': '48 SparClean Dish Manual', 'quantity': 1, 'cost_per': 73.62, 'total_cost': 73.62}, {'sku': 'AVLJNA26W', 'name': 'Straws - Wrapped', 'quantity': 1, 'cost_per': 59.31, 'total_cost': 59.31}, {'sku': 'DUO71006', 'name': 'Bag - Paper (6#)', 'quantity': 5, 'cost_per': 12.78, 'total_cost': 63.9}, {'sku': 'DIXDUSSF5', 'name': 'Fork - Smart Stock', 'quantity': 1, 'cost_per': 45.32, 'total_cost': 45.32}, {'sku': 'NPP406028', 'name': 'Fork - White HW', 'quantity': 1, 'cost_per': 14.84, 'total_cost': 14.84}, {'sku': 'SMTSM2PIKN', 'name': 'Napkin - Dispenser', 'quantity': 2, 'cost_per': 30.94, 'total_cost': 61.88}]}
2025-11-30 08:46:46,568 - INFO - backend.domain.serializer.serializers.order.OrderSerializer - (order.py:160) - {'metadata': {'store': 'Triphammer', 'vendor': 'Hill & Markes', 'date': '20251128'}, 'items': [{'sku': 'DUO71010', 'name': 'Bag - Paper (10#)', 'quantity': 1, 'cost_per': 17.6, 'total_cost': 17.6}, {'sku': 'INPSDR0120ITHACABAKERY', 'name': 'Cup - Hot (12oz)', 'quantity': 2, 'cost_per': 62.78, 'total_cost': 125.56}, {'sku': 'INPSDR0200ITHACABAKERY', 'name': 'Cup - Hot (20oz)', 'quantity': 1, 'cost_per': 83.13, 'total_cost': 83.13}, {'sku': 'DUSSK5', 'name': 'Knife - Smart Stock', 'quantity': 1, 'cost_per': 45.32, 'total_cost': 45.32}, {'sku': 'SMTSM2PIKN', 'name': 'Napkin - Dispenser', 'quantity': 2, 'cost_per': 30.94, 'total_cost': 61.88}]}
2025-11-30 08:46:46,571 - INFO - backend.domain.serializer.serializers.order.OrderSerializer - (order.py:160) - {'metadata': {'store': 'Bakery', 'vendor': 'Hillcrest Dairy', 'date': '20251129'}, 'items': [{'sku': 'chop', 'name': 'Milk - Chocolate (12/16oz)', 'quantity': 3, 'cost_per': 16.2, 'total_cost': 48.6}, {'sku': 'choqt', 'name': 'Milk - Chocolate (9/32oz)', 'quantity': 1, 'cost_per': 16.65, 'total_cost': 16.65}]}
2025-11-30 08:46:46,575 - INFO - backend.domain.serializer.serializers.order.OrderSerializer - (order.py:160) - {'metadata': {'store': 'Collegetown', 'vendor': 'Hillcrest Dairy', 'date': '20251126'}, 'items': [{'sku': 'twog', 'name': 'Milk - 2%', 'quantity': 12, 'cost_per': 16.08, 'total_cost': 192.96}, {'sku': 'wholeg', 'name': 'Milk - Whole', 'quantity': 2, 'cost_per': 16.08, 'total_cost': 32.16}, {'sku': 'skimg', 'name': 'Milk - Skim', 'quantity': 2, 'cost_per': 15.56, 'total_cost': 31.12}, {'sku': 'chop', 'name': 'Milk - Chocolate (12/16oz)', 'quantity': 1, 'cost_per': 16.2, 'total_cost': 16.2}]}
2025-11-30 08:46:46,578 - INFO - backend.domain.serializer.serializers.order.OrderSerializer - (order.py:160) - {'metadata': {'store': 'Downtown', 'vendor': 'Hillcrest Dairy', 'date': '20251128'}, 'items': [{'sku': 'twog', 'name': 'Milk - 2%', 'quantity': 10, 'cost_per': 16.08, 'total_cost': 160.8}, {'sku': 'chop', 'name': 'Milk - Chocolate (12/16oz)', 'quantity': 2, 'cost_per': 16.2, 'total_cost': 32.4}, {'sku': 'skimg', 'name': 'Milk - Skim', 'quantity': 1, 'cost_per': 15.56, 'total_cost': 15.56}, {'sku': 'wholeg', 'name': 'Milk - Whole', 'quantity': 1, 'cost_per': 16.08, 'total_cost': 16.08}]}
2025-11-30 08:46:46,581 - INFO - backend.domain.serializer.serializers.order.OrderSerializer - (order.py:160) - {'metadata': {'store': 'Easthill', 'vendor': 'Hillcrest Dairy', 'date': '20251128'}, 'items': [{'sku': 'twog', 'name': 'Milk - 2%', 'quantity': 10, 'cost_per': 16.08, 'total_cost': 160.8}, {'sku': 'twop', 'name': 'Milk - 2% (12/16oz)', 'quantity': 2, 'cost_per': 15, 'total_cost': 30}, {'sku': 'chop', 'name': 'Milk - Chocolate (12/16oz)', 'quantity': 2, 'cost_per': 16.2, 'total_cost': 32.4}, {'sku': 'skimg', 'name': 'Milk - Skim', 'quantity': 2, 'cost_per': 15.56, 'total_cost': 31.12}, {'sku': 'wholeg', 'name': 'Milk - Whole', 'quantity': 1, 'cost_per': 16.08, 'total_cost': 16.08}]}
2025-11-30 08:46:46,585 - INFO - backend.domain.serializer.serializers.order.OrderSerializer - (order.py:160) - {'metadata': {'store': 'Syracuse', 'vendor': 'Hillcrest Dairy', 'date': '20251126'}, 'items': [{'sku': 'twog', 'name': 'Milk - 2%', 'quantity': 10, 'cost_per': 16.08, 'total_cost': 160.8}, {'sku': 'wholeg', 'name': 'Milk - Whole', 'quantity': 2, 'cost_per': 16.08, 'total_cost': 32.16}, {'sku': 'skimg', 'name': 'Milk - Skim', 'quantity': 2, 'cost_per': 15.56, 'total_cost': 31.12}, {'sku': 'chop', 'name': 'Milk - Chocolate (12/16oz)', 'quantity': 2, 'cost_per': 16.2, 'total_cost': 32.4}]}
2025-11-30 08:46:46,588 - INFO - backend.domain.serializer.serializers.order.OrderSerializer - (order.py:160) - {'metadata': {'store': 'Easthill', 'vendor': 'Hillcrest Foods', 'date': '20251128'}, 'items': [{'sku': '14141', 'name': 'Chocolate Covered Nibs', 'quantity': 1, 'cost_per': 175.86, 'total_cost': 175.86}]}
2025-11-30 08:46:46,597 - ERROR - backend.app.cli.cli.CLI - (cli.py:462) - [Error] combine_orders failed: too many values to unpack (expected 5)
Traceback (most recent call last):
  File "C:\Users\andrew\Desktop\Andrew\Projects\IthacaBakery\RandomStuff\WorkBot\refactor-experimental\backend\app\cli\cli.py", line 451, in _dispatch_command
    self.commands[command].command(args)
    ~~~~~~~~~~~~~~~~~~~~~~~~~~~~~~^^^^^^
  File "C:\Users\andrew\Desktop\Andrew\Projects\IthacaBakery\RandomStuff\WorkBot\refactor-experimental\backend\app\cli\commands\workbot\combine_orders.py", line 25, in command
    self.context.workbot.combine_orders(parsed_args.vendors)
    ~~~~~~~~~~~~~~~~~~~~~~~~~~~~~~~~~~~^^^^^^^^^^^^^^^^^^^^^
  File "C:\Users\andrew\Desktop\Andrew\Projects\IthacaBakery\RandomStuff\WorkBot\refactor-experimental\backend\bots\workbot\work_bot.py", line 173, in combine_orders
    return self.orders.combine_orders(vendor)
           ~~~~~~~~~~~~~~~~~~~~~~~~~~^^^^^^^^
  File "C:\Users\andrew\Desktop\Andrew\Projects\IthacaBakery\RandomStuff\WorkBot\refactor-experimental\backend\app\services\order_service.py", line 88, in __call__
    orders = self.list_by_vendor(vendor)
  File "C:\Users\andrew\Desktop\Andrew\Projects\IthacaBakery\RandomStuff\WorkBot\refactor-experimental\backend\app\services\order_service.py", line 37, in __call__
    return self.repo.list_by_vendor(vendor)
           ~~~~~~~~~~~~~~~~~~~~~~~~^^^^^^^^
  File "C:\Users\andrew\Desktop\Andrew\Projects\IthacaBakery\RandomStuff\WorkBot\refactor-experimental\backend\adapters\repos\order_file_repository.py", line 43, in list_by_vendor
    return [o for o in self.list_all() if o.vendor == vendor]
                       ~~~~~~~~~~~~~^^
  File "C:\Users\andrew\Desktop\Andrew\Projects\IthacaBakery\RandomStuff\WorkBot\refactor-experimental\backend\adapters\repos\order_file_repository.py", line 40, in list_all
    return [self._engine.read_from_path(p) for p in self._engine.list_files("*.xlsx")]
            ~~~~~~~~~~~~~~~~~~~~~~~~~~~^^^
  File "C:\Users\andrew\Desktop\Andrew\Projects\IthacaBakery\RandomStuff\WorkBot\refactor-experimental\backend\adapters\files\generic_file_adapter.py", line 46, in read_from_path
    return self.serializer.load_path(path, meta)
           ~~~~~~~~~~~~~~~~~~~~~~~~~^^^^^^^^^^^^
  File "C:\Users\andrew\Desktop\Andrew\Projects\IthacaBakery\RandomStuff\WorkBot\refactor-experimental\backend\domain\serializer\serializers\order.py", line 55, in load_path
    return self.from_table(payload)
           ~~~~~~~~~~~~~~~^^^^^^^^^
  File "C:\Users\andrew\Desktop\Andrew\Projects\IthacaBakery\RandomStuff\WorkBot\refactor-experimental\backend\domain\serializer\serializers\order.py", line 146, in from_table
    item_sku, item_name, qty, cost_per, total_cost = row
    ^^^^^^^^^^^^^^^^^^^^^^^^^^^^^^^^^^^^^^^^^^^^^^
ValueError: too many values to unpack (expected 5)
2025-11-30 08:46:46,604 - INFO - backend.app.cli.cli.CLI - (cli.py:457) - Command 'combine_orders' executed successfully.
2025-11-30 08:47:45,515 - INFO - backend.app.cli.cli.CLI - (cli.py:376) - CLI interrupted by user (Ctrl+C / EOF).
2025-11-30 08:47:45,518 - INFO - backend.app.cli.cli.CLI - (cli.py:419) - Exiting CLI and saving history.
2025-11-30 08:47:48,757 - INFO - backend.bots.workbot.work_bot.WorkBot - (work_bot.py:53) - Initializing WorkBot...
2025-11-30 08:47:48,757 - INFO - backend.bots.workbot.work_bot.WorkBot - (work_bot.py:66) - WorkBot initialized successfully.
2025-11-30 08:47:48,757 - INFO - backend.app.cli.cli.CLI - (cli.py:34) - Initializing CLI.
2025-11-30 08:47:48,762 - INFO - backend.app.cli.cli.CLI - (cli.py:77) - Loaded 1 commands from backend.app.cli.commands.builtin
2025-11-30 08:47:48,768 - INFO - backend.app.cli.cli.CLI - (cli.py:101) - Loaded command history from C:\Users\andrew\Desktop\Andrew\Projects\IthacaBakery\RandomStuff\WorkBot\refactor-experimental\data\cli\.cli_history
2025-11-30 08:47:48,768 - INFO - backend.app.cli.cli.CLI - (cli.py:42) - CLI initialized successfully with 1 commands.
2025-11-30 08:47:48,784 - INFO - backend.app.cli.cli.CLI - (cli.py:77) - Loaded 15 commands from backend.app.cli.commands.workbot
2025-11-30 08:47:48,784 - INFO - backend.app.cli.cli.CLI - (cli.py:350) - CLI session started.
2025-11-30 08:47:49,559 - INFO - backend.app.cli.cli.CLI - (cli.py:448) - Dispatching command: combine_orders (args=['--vendors', 'Coffee Depot LLC'])
2025-11-30 08:47:49,560 - INFO - backend.app.services.order_service.CombineOrders - (order_service.py:86) - Merging all orders for: ['Coffee Depot LLC']
2025-11-30 08:47:49,560 - INFO - backend.app.services.order_service.GetOrdersByVendor - (order_service.py:36) - Listing orders for vendor=Coffee Depot LLC
2025-11-30 08:47:49,571 - INFO - backend.domain.serializer.serializers.order.OrderSerializer - (order.py:116) - {'store': 'Collegetown', 'vendor': 'A.L. George', 'date': '20251126'}
2025-11-30 08:47:49,571 - INFO - backend.domain.serializer.serializers.order.OrderSerializer - (order.py:117) - [<backend.domain.models.orders.order_item.OrderItem object at 0x0000022ED5577CB0>, <backend.domain.models.orders.order_item.OrderItem object at 0x0000022ED548B890>]
2025-11-30 08:47:49,575 - INFO - backend.domain.serializer.serializers.order.OrderSerializer - (order.py:116) - {'store': 'Triphammer', 'vendor': 'A.L. George', 'date': '20251128'}
2025-11-30 08:47:49,575 - INFO - backend.domain.serializer.serializers.order.OrderSerializer - (order.py:117) - [<backend.domain.models.orders.order_item.OrderItem object at 0x0000022ED55D9450>]
2025-11-30 08:47:49,578 - INFO - backend.domain.serializer.serializers.order.OrderSerializer - (order.py:116) - {'store': 'Collegetown', 'vendor': 'BALKAN BEVERAGE LLC', 'date': '20251126'}
2025-11-30 08:47:49,578 - INFO - backend.domain.serializer.serializers.order.OrderSerializer - (order.py:117) - [<backend.domain.models.orders.order_item.OrderItem object at 0x0000022ED559A520>, <backend.domain.models.orders.order_item.OrderItem object at 0x0000022ED5598FC0>, <backend.domain.models.orders.order_item.OrderItem object at 0x0000022ED556A210>]
2025-11-30 08:47:49,581 - INFO - backend.domain.serializer.serializers.order.OrderSerializer - (order.py:116) - {'store': 'Downtown', 'vendor': "Bo's Bones", 'date': '20251129'}
2025-11-30 08:47:49,581 - INFO - backend.domain.serializer.serializers.order.OrderSerializer - (order.py:117) - [<backend.domain.models.orders.order_item.OrderItem object at 0x0000022ED54F3DF0>]
2025-11-30 08:47:49,584 - INFO - backend.domain.serializer.serializers.order.OrderSerializer - (order.py:116) - {'store': 'Bakery', 'vendor': 'Coca-Cola', 'date': '20251130'}
2025-11-30 08:47:49,585 - INFO - backend.domain.serializer.serializers.order.OrderSerializer - (order.py:117) - [<backend.domain.models.orders.order_item.OrderItem object at 0x0000022ED54F2CF0>, <backend.domain.models.orders.order_item.OrderItem object at 0x0000022ED55CA350>, <backend.domain.models.orders.order_item.OrderItem object at 0x0000022ED55C9C50>, <backend.domain.models.orders.order_item.OrderItem object at 0x0000022ED55F6B70>, <backend.domain.models.orders.order_item.OrderItem object at 0x0000022ED55F58B0>, <backend.domain.models.orders.order_item.OrderItem object at 0x0000022ED55EEB30>, <backend.domain.models.orders.order_item.OrderItem object at 0x0000022ED55EF310>, <backend.domain.models.orders.order_item.OrderItem object at 0x0000022ED55FFD40>, <backend.domain.models.orders.order_item.OrderItem object at 0x0000022ED55D7890>]
2025-11-30 08:47:49,589 - INFO - backend.domain.serializer.serializers.order.OrderSerializer - (order.py:116) - {'store': 'Collegetown', 'vendor': 'Coca-Cola', 'date': '20251126'}
2025-11-30 08:47:49,589 - INFO - backend.domain.serializer.serializers.order.OrderSerializer - (order.py:117) - [<backend.domain.models.orders.order_item.OrderItem object at 0x0000022ED55D7F50>, <backend.domain.models.orders.order_item.OrderItem object at 0x0000022ED5565BD0>, <backend.domain.models.orders.order_item.OrderItem object at 0x0000022ED5565D30>, <backend.domain.models.orders.order_item.OrderItem object at 0x0000022ED560B9D0>, <backend.domain.models.orders.order_item.OrderItem object at 0x0000022ED560B430>, <backend.domain.models.orders.order_item.OrderItem object at 0x0000022ED55951C0>, <backend.domain.models.orders.order_item.OrderItem object at 0x0000022ED55733D0>]
2025-11-30 08:47:49,593 - INFO - backend.domain.serializer.serializers.order.OrderSerializer - (order.py:116) - {'store': 'Downtown', 'vendor': 'Coca-Cola', 'date': '20251128'}
2025-11-30 08:47:49,593 - INFO - backend.domain.serializer.serializers.order.OrderSerializer - (order.py:117) - [<backend.domain.models.orders.order_item.OrderItem object at 0x0000022ED561DF50>, <backend.domain.models.orders.order_item.OrderItem object at 0x0000022ED563A270>, <backend.domain.models.orders.order_item.OrderItem object at 0x0000022ED5639080>, <backend.domain.models.orders.order_item.OrderItem object at 0x0000022ED563AA50>, <backend.domain.models.orders.order_item.OrderItem object at 0x0000022ED55FB770>, <backend.domain.models.orders.order_item.OrderItem object at 0x0000022ED5674590>, <backend.domain.models.orders.order_item.OrderItem object at 0x0000022ED5675010>, <backend.domain.models.orders.order_item.OrderItem object at 0x0000022ED5674C90>, <backend.domain.models.orders.order_item.OrderItem object at 0x0000022ED5674D00>, <backend.domain.models.orders.order_item.OrderItem object at 0x0000022ED56749F0>, <backend.domain.models.orders.order_item.OrderItem object at 0x0000022ED5674910>, <backend.domain.models.orders.order_item.OrderItem object at 0x0000022ED5674670>]
2025-11-30 08:47:49,597 - INFO - backend.domain.serializer.serializers.order.OrderSerializer - (order.py:116) - {'store': 'Easthill', 'vendor': 'Coca-Cola', 'date': '20251128'}
2025-11-30 08:47:49,597 - INFO - backend.domain.serializer.serializers.order.OrderSerializer - (order.py:117) - [<backend.domain.models.orders.order_item.OrderItem object at 0x0000022ED5674B40>, <backend.domain.models.orders.order_item.OrderItem object at 0x0000022ED5674A60>, <backend.domain.models.orders.order_item.OrderItem object at 0x0000022ED5674AD0>, <backend.domain.models.orders.order_item.OrderItem object at 0x0000022ED5674DE0>, <backend.domain.models.orders.order_item.OrderItem object at 0x0000022ED5677150>, <backend.domain.models.orders.order_item.OrderItem object at 0x0000022ED56772A0>, <backend.domain.models.orders.order_item.OrderItem object at 0x0000022ED5677000>, <backend.domain.models.orders.order_item.OrderItem object at 0x0000022ED5677A10>, <backend.domain.models.orders.order_item.OrderItem object at 0x0000022ED5677C40>, <backend.domain.models.orders.order_item.OrderItem object at 0x0000022ED5677230>]
2025-11-30 08:47:49,600 - INFO - backend.domain.serializer.serializers.order.OrderSerializer - (order.py:116) - {'store': 'Syracuse', 'vendor': 'Coca-Cola', 'date': '20251126'}
2025-11-30 08:47:49,600 - INFO - backend.domain.serializer.serializers.order.OrderSerializer - (order.py:117) - [<backend.domain.models.orders.order_item.OrderItem object at 0x0000022ED5674210>]
2025-11-30 08:47:49,603 - INFO - backend.domain.serializer.serializers.order.OrderSerializer - (order.py:116) - {'store': 'Triphammer', 'vendor': 'Coca-Cola', 'date': '20251128'}
2025-11-30 08:47:49,603 - INFO - backend.domain.serializer.serializers.order.OrderSerializer - (order.py:117) - [<backend.domain.models.orders.order_item.OrderItem object at 0x0000022ED56751D0>, <backend.domain.models.orders.order_item.OrderItem object at 0x0000022ED56775B0>, <backend.domain.models.orders.order_item.OrderItem object at 0x0000022ED56743D0>, <backend.domain.models.orders.order_item.OrderItem object at 0x0000022ED56742F0>, <backend.domain.models.orders.order_item.OrderItem object at 0x0000022ED5677D20>, <backend.domain.models.orders.order_item.OrderItem object at 0x0000022ED5639F60>, <backend.domain.models.orders.order_item.OrderItem object at 0x0000022ED563A2E0>, <backend.domain.models.orders.order_item.OrderItem object at 0x0000022ED5638D00>]
2025-11-30 08:47:49,607 - INFO - backend.domain.serializer.serializers.order.OrderSerializer - (order.py:116) - {'store': 'Bakery', 'vendor': 'Coffee Depot LLC', 'date': '20251130'}
2025-11-30 08:47:49,607 - INFO - backend.domain.serializer.serializers.order.OrderSerializer - (order.py:117) - [<backend.domain.models.orders.order_item.OrderItem object at 0x0000022ED563A900>, <backend.domain.models.orders.order_item.OrderItem object at 0x0000022ED5638C20>, <backend.domain.models.orders.order_item.OrderItem object at 0x0000022ED5638670>]
2025-11-30 08:47:49,611 - INFO - backend.domain.serializer.serializers.order.OrderSerializer - (order.py:116) - {'store': 'Collegetown', 'vendor': 'Coffee Depot LLC', 'date': '20251126'}
2025-11-30 08:47:49,611 - INFO - backend.domain.serializer.serializers.order.OrderSerializer - (order.py:117) - [<backend.domain.models.orders.order_item.OrderItem object at 0x0000022ED563A970>, <backend.domain.models.orders.order_item.OrderItem object at 0x0000022ED563A4A0>, <backend.domain.models.orders.order_item.OrderItem object at 0x0000022ED563A660>, <backend.domain.models.orders.order_item.OrderItem object at 0x0000022ED5693690>, <backend.domain.models.orders.order_item.OrderItem object at 0x0000022ED56937E0>, <backend.domain.models.orders.order_item.OrderItem object at 0x0000022ED5690EC0>]
2025-11-30 08:47:49,614 - INFO - backend.domain.serializer.serializers.order.OrderSerializer - (order.py:116) - {'store': 'Downtown', 'vendor': 'Coffee Depot LLC', 'date': '20251128'}
2025-11-30 08:47:49,614 - INFO - backend.domain.serializer.serializers.order.OrderSerializer - (order.py:117) - [<backend.domain.models.orders.order_item.OrderItem object at 0x0000022ED5692B30>, <backend.domain.models.orders.order_item.OrderItem object at 0x0000022ED56927B0>, <backend.domain.models.orders.order_item.OrderItem object at 0x0000022ED5692970>, <backend.domain.models.orders.order_item.OrderItem object at 0x0000022ED5690C90>]
2025-11-30 08:47:49,617 - INFO - backend.domain.serializer.serializers.order.OrderSerializer - (order.py:116) - {'store': 'Easthill', 'vendor': 'Coffee Depot LLC', 'date': '20251128'}
2025-11-30 08:47:49,617 - INFO - backend.domain.serializer.serializers.order.OrderSerializer - (order.py:117) - [<backend.domain.models.orders.order_item.OrderItem object at 0x0000022ED5690750>, <backend.domain.models.orders.order_item.OrderItem object at 0x0000022ED5690670>, <backend.domain.models.orders.order_item.OrderItem object at 0x0000022ED5690520>, <backend.domain.models.orders.order_item.OrderItem object at 0x0000022ED5693CB0>, <backend.domain.models.orders.order_item.OrderItem object at 0x0000022ED5693000>, <backend.domain.models.orders.order_item.OrderItem object at 0x0000022ED56930E0>]
2025-11-30 08:47:49,620 - INFO - backend.domain.serializer.serializers.order.OrderSerializer - (order.py:116) - {'store': 'Syracuse', 'vendor': 'Coffee Depot LLC', 'date': '20251126'}
2025-11-30 08:47:49,621 - INFO - backend.domain.serializer.serializers.order.OrderSerializer - (order.py:117) - [<backend.domain.models.orders.order_item.OrderItem object at 0x0000022ED5693AF0>, <backend.domain.models.orders.order_item.OrderItem object at 0x0000022ED56904B0>]
2025-11-30 08:47:49,624 - INFO - backend.domain.serializer.serializers.order.OrderSerializer - (order.py:116) - {'store': 'Triphammer', 'vendor': 'Coffee Depot LLC', 'date': '20251128'}
2025-11-30 08:47:49,624 - INFO - backend.domain.serializer.serializers.order.OrderSerializer - (order.py:117) - [<backend.domain.models.orders.order_item.OrderItem object at 0x0000022ED5691010>, <backend.domain.models.orders.order_item.OrderItem object at 0x0000022ED56399B0>, <backend.domain.models.orders.order_item.OrderItem object at 0x0000022ED5639FD0>, <backend.domain.models.orders.order_item.OrderItem object at 0x0000022ED56383D0>, <backend.domain.models.orders.order_item.OrderItem object at 0x0000022ED5638280>, <backend.domain.models.orders.order_item.OrderItem object at 0x0000022ED563A580>, <backend.domain.models.orders.order_item.OrderItem object at 0x0000022ED5638130>, <backend.domain.models.orders.order_item.OrderItem object at 0x0000022ED5674440>, <backend.domain.models.orders.order_item.OrderItem object at 0x0000022ED5675320>, <backend.domain.models.orders.order_item.OrderItem object at 0x0000022ED56752B0>, <backend.domain.models.orders.order_item.OrderItem object at 0x0000022ED5677930>]
2025-11-30 08:47:49,628 - INFO - backend.domain.serializer.serializers.order.OrderSerializer - (order.py:116) - {'store': 'Bakery', 'vendor': 'Copper Horse Coffee', 'date': '20251130'}
2025-11-30 08:47:49,628 - INFO - backend.domain.serializer.serializers.order.OrderSerializer - (order.py:117) - [<backend.domain.models.orders.order_item.OrderItem object at 0x0000022ED5675390>, <backend.domain.models.orders.order_item.OrderItem object at 0x0000022ED5675160>, <backend.domain.models.orders.order_item.OrderItem object at 0x0000022ED5677BD0>, <backend.domain.models.orders.order_item.OrderItem object at 0x0000022ED5674FA0>]
2025-11-30 08:47:49,631 - INFO - backend.domain.serializer.serializers.order.OrderSerializer - (order.py:116) - {'store': 'Downtown', 'vendor': 'Copper Horse Coffee', 'date': '20251129'}
2025-11-30 08:47:49,631 - INFO - backend.domain.serializer.serializers.order.OrderSerializer - (order.py:117) - [<backend.domain.models.orders.order_item.OrderItem object at 0x0000022ED56740C0>, <backend.domain.models.orders.order_item.OrderItem object at 0x0000022ED5674130>, <backend.domain.models.orders.order_item.OrderItem object at 0x0000022ED56774D0>, <backend.domain.models.orders.order_item.OrderItem object at 0x0000022ED56778C0>, <backend.domain.models.orders.order_item.OrderItem object at 0x0000022ED5675710>]
2025-11-30 08:47:49,634 - INFO - backend.domain.serializer.serializers.order.OrderSerializer - (order.py:116) - {'store': 'Easthill', 'vendor': 'Copper Horse Coffee', 'date': '20251128'}
2025-11-30 08:47:49,634 - INFO - backend.domain.serializer.serializers.order.OrderSerializer - (order.py:117) - [<backend.domain.models.orders.order_item.OrderItem object at 0x0000022ED5638B40>]
2025-11-30 08:47:49,637 - INFO - backend.domain.serializer.serializers.order.OrderSerializer - (order.py:116) - {'store': 'Triphammer', 'vendor': 'Copper Horse Coffee', 'date': '20251128'}
2025-11-30 08:47:49,637 - INFO - backend.domain.serializer.serializers.order.OrderSerializer - (order.py:117) - [<backend.domain.models.orders.order_item.OrderItem object at 0x0000022ED5693B60>, <backend.domain.models.orders.order_item.OrderItem object at 0x0000022ED5691400>]
2025-11-30 08:47:49,641 - INFO - backend.domain.serializer.serializers.order.OrderSerializer - (order.py:116) - {'store': 'Bakery', 'vendor': 'DUTCH VALLEY FOOD DIST', 'date': '20251130'}
2025-11-30 08:47:49,641 - INFO - backend.domain.serializer.serializers.order.OrderSerializer - (order.py:117) - [<backend.domain.models.orders.order_item.OrderItem object at 0x0000022ED55FAC80>]
2025-11-30 08:47:49,644 - INFO - backend.domain.serializer.serializers.order.OrderSerializer - (order.py:116) - {'store': 'Easthill', 'vendor': 'DUTCH VALLEY FOOD DIST', 'date': '20251128'}
2025-11-30 08:47:49,645 - INFO - backend.domain.serializer.serializers.order.OrderSerializer - (order.py:117) - [<backend.domain.models.orders.order_item.OrderItem object at 0x0000022ED569D470>, <backend.domain.models.orders.order_item.OrderItem object at 0x0000022ED569E3C0>, <backend.domain.models.orders.order_item.OrderItem object at 0x0000022ED569ECF0>]
2025-11-30 08:47:49,647 - INFO - backend.domain.serializer.serializers.order.OrderSerializer - (order.py:116) - {'store': 'Syracuse', 'vendor': 'DUTCH VALLEY FOOD DIST', 'date': '20251126'}
2025-11-30 08:47:49,647 - INFO - backend.domain.serializer.serializers.order.OrderSerializer - (order.py:117) - [<backend.domain.models.orders.order_item.OrderItem object at 0x0000022ED569EF90>]
2025-11-30 08:47:49,650 - INFO - backend.domain.serializer.serializers.order.OrderSerializer - (order.py:116) - {'store': 'Bakery', 'vendor': 'Equal Exchange', 'date': '20251130'}
2025-11-30 08:47:49,650 - INFO - backend.domain.serializer.serializers.order.OrderSerializer - (order.py:117) - [<backend.domain.models.orders.order_item.OrderItem object at 0x0000022ED55FB380>, <backend.domain.models.orders.order_item.OrderItem object at 0x0000022ED55FA9E0>, <backend.domain.models.orders.order_item.OrderItem object at 0x0000022ED55FACF0>, <backend.domain.models.orders.order_item.OrderItem object at 0x0000022ED569DB70>, <backend.domain.models.orders.order_item.OrderItem object at 0x0000022ED569E200>, <backend.domain.models.orders.order_item.OrderItem object at 0x0000022ED569C520>]
2025-11-30 08:47:49,654 - INFO - backend.domain.serializer.serializers.order.OrderSerializer - (order.py:116) - {'store': 'Collegetown', 'vendor': 'Equal Exchange', 'date': '20251126'}
2025-11-30 08:47:49,654 - INFO - backend.domain.serializer.serializers.order.OrderSerializer - (order.py:117) - [<backend.domain.models.orders.order_item.OrderItem object at 0x0000022ED5693D20>, <backend.domain.models.orders.order_item.OrderItem object at 0x0000022ED5691630>, <backend.domain.models.orders.order_item.OrderItem object at 0x0000022ED5691FD0>, <backend.domain.models.orders.order_item.OrderItem object at 0x0000022ED56918D0>, <backend.domain.models.orders.order_item.OrderItem object at 0x0000022ED569EAC0>, <backend.domain.models.orders.order_item.OrderItem object at 0x0000022ED569D2B0>]
2025-11-30 08:47:49,657 - INFO - backend.domain.serializer.serializers.order.OrderSerializer - (order.py:116) - {'store': 'Downtown', 'vendor': 'Equal Exchange', 'date': '20251128'}
2025-11-30 08:47:49,657 - INFO - backend.domain.serializer.serializers.order.OrderSerializer - (order.py:117) - [<backend.domain.models.orders.order_item.OrderItem object at 0x0000022ED563AE40>, <backend.domain.models.orders.order_item.OrderItem object at 0x0000022ED563A190>, <backend.domain.models.orders.order_item.OrderItem object at 0x0000022ED56388A0>]
2025-11-30 08:47:49,661 - INFO - backend.domain.serializer.serializers.order.OrderSerializer - (order.py:116) - {'store': 'Easthill', 'vendor': 'Equal Exchange', 'date': '20251128'}
2025-11-30 08:47:49,661 - INFO - backend.domain.serializer.serializers.order.OrderSerializer - (order.py:117) - [<backend.domain.models.orders.order_item.OrderItem object at 0x0000022ED56759B0>, <backend.domain.models.orders.order_item.OrderItem object at 0x0000022ED5675A20>, <backend.domain.models.orders.order_item.OrderItem object at 0x0000022ED5675470>, <backend.domain.models.orders.order_item.OrderItem object at 0x0000022ED56756A0>]
2025-11-30 08:47:49,664 - INFO - backend.domain.serializer.serializers.order.OrderSerializer - (order.py:116) - {'store': 'Syracuse', 'vendor': 'Equal Exchange', 'date': '20251126'}
2025-11-30 08:47:49,664 - INFO - backend.domain.serializer.serializers.order.OrderSerializer - (order.py:117) - [<backend.domain.models.orders.order_item.OrderItem object at 0x0000022ED5638520>, <backend.domain.models.orders.order_item.OrderItem object at 0x0000022ED563AC80>, <backend.domain.models.orders.order_item.OrderItem object at 0x0000022ED5674360>]
2025-11-30 08:47:49,667 - INFO - backend.domain.serializer.serializers.order.OrderSerializer - (order.py:116) - {'store': 'Triphammer', 'vendor': 'Equal Exchange', 'date': '20251128'}
2025-11-30 08:47:49,667 - INFO - backend.domain.serializer.serializers.order.OrderSerializer - (order.py:117) - [<backend.domain.models.orders.order_item.OrderItem object at 0x0000022ED5675400>, <backend.domain.models.orders.order_item.OrderItem object at 0x0000022ED5690130>, <backend.domain.models.orders.order_item.OrderItem object at 0x0000022ED5690D00>]
2025-11-30 08:47:49,670 - INFO - backend.domain.serializer.serializers.order.OrderSerializer - (order.py:116) - {'store': 'Bakery', 'vendor': 'Finger Lakes Coffee Roasters', 'date': '20251130'}
2025-11-30 08:47:49,670 - INFO - backend.domain.serializer.serializers.order.OrderSerializer - (order.py:117) - [<backend.domain.models.orders.order_item.OrderItem object at 0x0000022ED55FB460>]
2025-11-30 08:47:49,674 - INFO - backend.domain.serializer.serializers.order.OrderSerializer - (order.py:116) - {'store': 'Bakery', 'vendor': 'FingerLakes Farms', 'date': '20251125'}
2025-11-30 08:47:49,674 - INFO - backend.domain.serializer.serializers.order.OrderSerializer - (order.py:117) - [<backend.domain.models.orders.order_item.OrderItem object at 0x0000022ED569CC20>, <backend.domain.models.orders.order_item.OrderItem object at 0x0000022ED569DBE0>, <backend.domain.models.orders.order_item.OrderItem object at 0x0000022ED56BF5B0>, <backend.domain.models.orders.order_item.OrderItem object at 0x0000022ED56BF700>, <backend.domain.models.orders.order_item.OrderItem object at 0x0000022ED56BC910>, <backend.domain.models.orders.order_item.OrderItem object at 0x0000022ED56BEF90>, <backend.domain.models.orders.order_item.OrderItem object at 0x0000022ED56BED60>]
2025-11-30 08:47:49,678 - INFO - backend.domain.serializer.serializers.order.OrderSerializer - (order.py:116) - {'store': 'Bakery', 'vendor': 'FingerLakes Farms', 'date': '20251129'}
2025-11-30 08:47:49,678 - INFO - backend.domain.serializer.serializers.order.OrderSerializer - (order.py:117) - [<backend.domain.models.orders.order_item.OrderItem object at 0x0000022ED55FADD0>, <backend.domain.models.orders.order_item.OrderItem object at 0x0000022ED55FB150>, <backend.domain.models.orders.order_item.OrderItem object at 0x0000022ED55FB700>, <backend.domain.models.orders.order_item.OrderItem object at 0x0000022ED55FABA0>, <backend.domain.models.orders.order_item.OrderItem object at 0x0000022ED569F3F0>, <backend.domain.models.orders.order_item.OrderItem object at 0x0000022ED569E7B0>, <backend.domain.models.orders.order_item.OrderItem object at 0x0000022ED569CBB0>, <backend.domain.models.orders.order_item.OrderItem object at 0x0000022ED569D550>]
2025-11-30 08:47:49,681 - INFO - backend.domain.serializer.serializers.order.OrderSerializer - (order.py:116) - {'store': 'Collegetown', 'vendor': 'FingerLakes Farms', 'date': '20251126'}
2025-11-30 08:47:49,681 - INFO - backend.domain.serializer.serializers.order.OrderSerializer - (order.py:117) - [<backend.domain.models.orders.order_item.OrderItem object at 0x0000022ED569CD00>, <backend.domain.models.orders.order_item.OrderItem object at 0x0000022ED569E660>]
2025-11-30 08:47:49,684 - INFO - backend.domain.serializer.serializers.order.OrderSerializer - (order.py:116) - {'store': 'Downtown', 'vendor': 'FingerLakes Farms', 'date': '20251128'}
2025-11-30 08:47:49,685 - INFO - backend.domain.serializer.serializers.order.OrderSerializer - (order.py:117) - [<backend.domain.models.orders.order_item.OrderItem object at 0x0000022ED5691EF0>, <backend.domain.models.orders.order_item.OrderItem object at 0x0000022ED563A9E0>, <backend.domain.models.orders.order_item.OrderItem object at 0x0000022ED563B540>, <backend.domain.models.orders.order_item.OrderItem object at 0x0000022ED563BA80>, <backend.domain.models.orders.order_item.OrderItem object at 0x0000022ED5677380>, <backend.domain.models.orders.order_item.OrderItem object at 0x0000022ED5677310>, <backend.domain.models.orders.order_item.OrderItem object at 0x0000022ED56BE3C0>, <backend.domain.models.orders.order_item.OrderItem object at 0x0000022ED56BD630>, <backend.domain.models.orders.order_item.OrderItem object at 0x0000022ED56BC210>, <backend.domain.models.orders.order_item.OrderItem object at 0x0000022ED56BEF20>, <backend.domain.models.orders.order_item.OrderItem object at 0x0000022ED56BF620>]
2025-11-30 08:47:49,688 - INFO - backend.domain.serializer.serializers.order.OrderSerializer - (order.py:116) - {'store': 'Easthill', 'vendor': 'FingerLakes Farms', 'date': '20251128'}
2025-11-30 08:47:49,688 - INFO - backend.domain.serializer.serializers.order.OrderSerializer - (order.py:117) - [<backend.domain.models.orders.order_item.OrderItem object at 0x0000022ED56BC3D0>, <backend.domain.models.orders.order_item.OrderItem object at 0x0000022ED56BCE50>, <backend.domain.models.orders.order_item.OrderItem object at 0x0000022ED56BC130>, <backend.domain.models.orders.order_item.OrderItem object at 0x0000022ED56BC0C0>, <backend.domain.models.orders.order_item.OrderItem object at 0x0000022ED56BEEB0>, <backend.domain.models.orders.order_item.OrderItem object at 0x0000022ED56D22E0>, <backend.domain.models.orders.order_item.OrderItem object at 0x0000022ED56D2430>, <backend.domain.models.orders.order_item.OrderItem object at 0x0000022ED56D1710>, <backend.domain.models.orders.order_item.OrderItem object at 0x0000022ED56D1390>]
2025-11-30 08:47:49,695 - INFO - backend.domain.serializer.serializers.order.OrderSerializer - (order.py:116) - {'store': 'Collegetown', 'vendor': 'Hill & Markes', 'date': '20251126'}
2025-11-30 08:47:49,695 - INFO - backend.domain.serializer.serializers.order.OrderSerializer - (order.py:117) - [<backend.domain.models.orders.order_item.OrderItem object at 0x0000022ED56D16A0>, <backend.domain.models.orders.order_item.OrderItem object at 0x0000022ED56D3E70>, <backend.domain.models.orders.order_item.OrderItem object at 0x0000022ED56D26D0>, <backend.domain.models.orders.order_item.OrderItem object at 0x0000022ED56D3F50>]
2025-11-30 08:47:49,699 - INFO - backend.domain.serializer.serializers.order.OrderSerializer - (order.py:116) - {'store': 'Downtown', 'vendor': 'Hill & Markes', 'date': '20251128'}
2025-11-30 08:47:49,699 - INFO - backend.domain.serializer.serializers.order.OrderSerializer - (order.py:117) - [<backend.domain.models.orders.order_item.OrderItem object at 0x0000022ED56D0590>, <backend.domain.models.orders.order_item.OrderItem object at 0x0000022ED56D0670>]
2025-11-30 08:47:49,702 - INFO - backend.domain.serializer.serializers.order.OrderSerializer - (order.py:116) - {'store': 'Easthill', 'vendor': 'Hill & Markes', 'date': '20251128'}
2025-11-30 08:47:49,702 - INFO - backend.domain.serializer.serializers.order.OrderSerializer - (order.py:117) - [<backend.domain.models.orders.order_item.OrderItem object at 0x0000022ED56D0600>, <backend.domain.models.orders.order_item.OrderItem object at 0x0000022ED56D0360>, <backend.domain.models.orders.order_item.OrderItem object at 0x0000022ED56D0280>, <backend.domain.models.orders.order_item.OrderItem object at 0x0000022ED56D1D30>, <backend.domain.models.orders.order_item.OrderItem object at 0x0000022ED56D1A20>, <backend.domain.models.orders.order_item.OrderItem object at 0x0000022ED56D0B40>]
2025-11-30 08:47:49,707 - INFO - backend.domain.serializer.serializers.order.OrderSerializer - (order.py:116) - {'store': 'Syracuse', 'vendor': 'Hill & Markes', 'date': '20251126'}
2025-11-30 08:47:49,707 - INFO - backend.domain.serializer.serializers.order.OrderSerializer - (order.py:117) - [<backend.domain.models.orders.order_item.OrderItem object at 0x0000022ED56D39A0>, <backend.domain.models.orders.order_item.OrderItem object at 0x0000022ED56BD080>, <backend.domain.models.orders.order_item.OrderItem object at 0x0000022ED56BDD30>, <backend.domain.models.orders.order_item.OrderItem object at 0x0000022ED56BE040>, <backend.domain.models.orders.order_item.OrderItem object at 0x0000022ED56BD710>, <backend.domain.models.orders.order_item.OrderItem object at 0x0000022ED56BCFA0>, <backend.domain.models.orders.order_item.OrderItem object at 0x0000022ED56BDA90>, <backend.domain.models.orders.order_item.OrderItem object at 0x0000022ED56BC600>]
2025-11-30 08:47:49,711 - INFO - backend.domain.serializer.serializers.order.OrderSerializer - (order.py:116) - {'store': 'Triphammer', 'vendor': 'Hill & Markes', 'date': '20251128'}
2025-11-30 08:47:49,711 - INFO - backend.domain.serializer.serializers.order.OrderSerializer - (order.py:117) - [<backend.domain.models.orders.order_item.OrderItem object at 0x0000022ED56BE270>, <backend.domain.models.orders.order_item.OrderItem object at 0x0000022ED56BCA60>, <backend.domain.models.orders.order_item.OrderItem object at 0x0000022ED56BF000>, <backend.domain.models.orders.order_item.OrderItem object at 0x0000022ED56BE190>, <backend.domain.models.orders.order_item.OrderItem object at 0x0000022ED56BD0F0>]
2025-11-30 08:47:49,714 - INFO - backend.domain.serializer.serializers.order.OrderSerializer - (order.py:116) - {'store': 'Bakery', 'vendor': 'Hillcrest Dairy', 'date': '20251129'}
2025-11-30 08:47:49,714 - INFO - backend.domain.serializer.serializers.order.OrderSerializer - (order.py:117) - [<backend.domain.models.orders.order_item.OrderItem object at 0x0000022ED56BDCC0>, <backend.domain.models.orders.order_item.OrderItem object at 0x0000022ED56BCDE0>]
2025-11-30 08:47:49,717 - INFO - backend.domain.serializer.serializers.order.OrderSerializer - (order.py:116) - {'store': 'Collegetown', 'vendor': 'Hillcrest Dairy', 'date': '20251126'}
2025-11-30 08:47:49,718 - INFO - backend.domain.serializer.serializers.order.OrderSerializer - (order.py:117) - [<backend.domain.models.orders.order_item.OrderItem object at 0x0000022ED56BF150>, <backend.domain.models.orders.order_item.OrderItem object at 0x0000022ED56BEC10>, <backend.domain.models.orders.order_item.OrderItem object at 0x0000022ED56BE580>, <backend.domain.models.orders.order_item.OrderItem object at 0x0000022ED56BEBA0>]
2025-11-30 08:47:49,721 - INFO - backend.domain.serializer.serializers.order.OrderSerializer - (order.py:116) - {'store': 'Downtown', 'vendor': 'Hillcrest Dairy', 'date': '20251128'}
2025-11-30 08:47:49,721 - INFO - backend.domain.serializer.serializers.order.OrderSerializer - (order.py:117) - [<backend.domain.models.orders.order_item.OrderItem object at 0x0000022ED56D1940>, <backend.domain.models.orders.order_item.OrderItem object at 0x0000022ED56D2200>, <backend.domain.models.orders.order_item.OrderItem object at 0x0000022ED56D3540>, <backend.domain.models.orders.order_item.OrderItem object at 0x0000022ED56D03D0>]
2025-11-30 08:47:49,724 - INFO - backend.domain.serializer.serializers.order.OrderSerializer - (order.py:116) - {'store': 'Easthill', 'vendor': 'Hillcrest Dairy', 'date': '20251128'}
2025-11-30 08:47:49,725 - INFO - backend.domain.serializer.serializers.order.OrderSerializer - (order.py:117) - [<backend.domain.models.orders.order_item.OrderItem object at 0x0000022ED569FAF0>, <backend.domain.models.orders.order_item.OrderItem object at 0x0000022ED569F930>, <backend.domain.models.orders.order_item.OrderItem object at 0x0000022ED569E6D0>, <backend.domain.models.orders.order_item.OrderItem object at 0x0000022ED569DEF0>, <backend.domain.models.orders.order_item.OrderItem object at 0x0000022ED569D320>]
2025-11-30 08:47:49,728 - INFO - backend.domain.serializer.serializers.order.OrderSerializer - (order.py:116) - {'store': 'Syracuse', 'vendor': 'Hillcrest Dairy', 'date': '20251126'}
2025-11-30 08:47:49,728 - INFO - backend.domain.serializer.serializers.order.OrderSerializer - (order.py:117) - [<backend.domain.models.orders.order_item.OrderItem object at 0x0000022ED569DCC0>, <backend.domain.models.orders.order_item.OrderItem object at 0x0000022ED569C280>, <backend.domain.models.orders.order_item.OrderItem object at 0x0000022ED569EA50>, <backend.domain.models.orders.order_item.OrderItem object at 0x0000022ED569FCB0>]
2025-11-30 08:47:49,731 - INFO - backend.domain.serializer.serializers.order.OrderSerializer - (order.py:116) - {'store': 'Easthill', 'vendor': 'Hillcrest Foods', 'date': '20251128'}
2025-11-30 08:47:49,731 - INFO - backend.domain.serializer.serializers.order.OrderSerializer - (order.py:117) - [<backend.domain.models.orders.order_item.OrderItem object at 0x0000022ED569C440>]
2025-11-30 08:47:49,739 - ERROR - backend.app.cli.cli.CLI - (cli.py:462) - [Error] combine_orders failed: too many values to unpack (expected 5)
Traceback (most recent call last):
  File "C:\Users\andrew\Desktop\Andrew\Projects\IthacaBakery\RandomStuff\WorkBot\refactor-experimental\backend\app\cli\cli.py", line 451, in _dispatch_command
    self.commands[command].command(args)
    ~~~~~~~~~~~~~~~~~~~~~~~~~~~~~~^^^^^^
  File "C:\Users\andrew\Desktop\Andrew\Projects\IthacaBakery\RandomStuff\WorkBot\refactor-experimental\backend\app\cli\commands\workbot\combine_orders.py", line 25, in command
    self.context.workbot.combine_orders(parsed_args.vendors)
    ~~~~~~~~~~~~~~~~~~~~~~~~~~~~~~~~~~~^^^^^^^^^^^^^^^^^^^^^
  File "C:\Users\andrew\Desktop\Andrew\Projects\IthacaBakery\RandomStuff\WorkBot\refactor-experimental\backend\bots\workbot\work_bot.py", line 173, in combine_orders
    return self.orders.combine_orders(vendor)
           ~~~~~~~~~~~~~~~~~~~~~~~~~~^^^^^^^^
  File "C:\Users\andrew\Desktop\Andrew\Projects\IthacaBakery\RandomStuff\WorkBot\refactor-experimental\backend\app\services\order_service.py", line 88, in __call__
    orders = self.list_by_vendor(vendor)
  File "C:\Users\andrew\Desktop\Andrew\Projects\IthacaBakery\RandomStuff\WorkBot\refactor-experimental\backend\app\services\order_service.py", line 37, in __call__
    return self.repo.list_by_vendor(vendor)
           ~~~~~~~~~~~~~~~~~~~~~~~~^^^^^^^^
  File "C:\Users\andrew\Desktop\Andrew\Projects\IthacaBakery\RandomStuff\WorkBot\refactor-experimental\backend\adapters\repos\order_file_repository.py", line 43, in list_by_vendor
    return [o for o in self.list_all() if o.vendor == vendor]
                       ~~~~~~~~~~~~~^^
  File "C:\Users\andrew\Desktop\Andrew\Projects\IthacaBakery\RandomStuff\WorkBot\refactor-experimental\backend\adapters\repos\order_file_repository.py", line 40, in list_all
    return [self._engine.read_from_path(p) for p in self._engine.list_files("*.xlsx")]
            ~~~~~~~~~~~~~~~~~~~~~~~~~~~^^^
  File "C:\Users\andrew\Desktop\Andrew\Projects\IthacaBakery\RandomStuff\WorkBot\refactor-experimental\backend\adapters\files\generic_file_adapter.py", line 46, in read_from_path
    return self.serializer.load_path(path, meta)
           ~~~~~~~~~~~~~~~~~~~~~~~~~^^^^^^^^^^^^
  File "C:\Users\andrew\Desktop\Andrew\Projects\IthacaBakery\RandomStuff\WorkBot\refactor-experimental\backend\domain\serializer\serializers\order.py", line 55, in load_path
    return self.from_table(payload)
           ~~~~~~~~~~~~~~~^^^^^^^^^
  File "C:\Users\andrew\Desktop\Andrew\Projects\IthacaBakery\RandomStuff\WorkBot\refactor-experimental\backend\domain\serializer\serializers\order.py", line 147, in from_table
    item_sku, item_name, qty, cost_per, total_cost = row
    ^^^^^^^^^^^^^^^^^^^^^^^^^^^^^^^^^^^^^^^^^^^^^^
ValueError: too many values to unpack (expected 5)
2025-11-30 08:47:49,746 - INFO - backend.app.cli.cli.CLI - (cli.py:457) - Command 'combine_orders' executed successfully.
2025-11-30 08:48:41,669 - INFO - backend.app.cli.cli.CLI - (cli.py:376) - CLI interrupted by user (Ctrl+C / EOF).
2025-11-30 08:48:41,671 - INFO - backend.app.cli.cli.CLI - (cli.py:419) - Exiting CLI and saving history.
2025-11-30 08:48:47,882 - INFO - backend.bots.workbot.work_bot.WorkBot - (work_bot.py:53) - Initializing WorkBot...
2025-11-30 08:48:47,883 - INFO - backend.bots.workbot.work_bot.WorkBot - (work_bot.py:66) - WorkBot initialized successfully.
2025-11-30 08:48:47,883 - INFO - backend.app.cli.cli.CLI - (cli.py:34) - Initializing CLI.
2025-11-30 08:48:47,888 - INFO - backend.app.cli.cli.CLI - (cli.py:77) - Loaded 1 commands from backend.app.cli.commands.builtin
2025-11-30 08:48:47,894 - INFO - backend.app.cli.cli.CLI - (cli.py:101) - Loaded command history from C:\Users\andrew\Desktop\Andrew\Projects\IthacaBakery\RandomStuff\WorkBot\refactor-experimental\data\cli\.cli_history
2025-11-30 08:48:47,895 - INFO - backend.app.cli.cli.CLI - (cli.py:42) - CLI initialized successfully with 1 commands.
2025-11-30 08:48:47,910 - INFO - backend.app.cli.cli.CLI - (cli.py:77) - Loaded 15 commands from backend.app.cli.commands.workbot
2025-11-30 08:48:47,910 - INFO - backend.app.cli.cli.CLI - (cli.py:350) - CLI session started.
2025-11-30 08:48:48,456 - INFO - backend.app.cli.cli.CLI - (cli.py:448) - Dispatching command: combine_orders (args=['--vendors', 'Coffee Depot LLC'])
2025-11-30 08:48:48,457 - INFO - backend.app.services.order_service.CombineOrders - (order_service.py:86) - Merging all orders for: ['Coffee Depot LLC']
2025-11-30 08:48:48,457 - INFO - backend.app.services.order_service.GetOrdersByVendor - (order_service.py:36) - Listing orders for vendor=Coffee Depot LLC
2025-11-30 08:48:48,468 - INFO - backend.domain.serializer.serializers.order.OrderSerializer - (order.py:146) - ['75155', 'Essentia Water', 1, 16.5, 16.5]
2025-11-30 08:48:48,469 - INFO - backend.domain.serializer.serializers.order.OrderSerializer - (order.py:146) - ['77801', 'Ithaca Soda - Root Beer', 1, 23.95, 23.95]
2025-11-30 08:48:48,472 - INFO - backend.domain.serializer.serializers.order.OrderSerializer - (order.py:146) - ['75155', 'Essentia Water', 1, 16.5, 16.5]
2025-11-30 08:48:48,475 - INFO - backend.domain.serializer.serializers.order.OrderSerializer - (order.py:146) - ['71105', 'Saratoga Sparkling 12oz', 1, 24.95, 24.95]
2025-11-30 08:48:48,475 - INFO - backend.domain.serializer.serializers.order.OrderSerializer - (order.py:146) - ['70610', 'Vita Coco - Pineapple', 1, 29, 29]
2025-11-30 08:48:48,475 - INFO - backend.domain.serializer.serializers.order.OrderSerializer - (order.py:146) - ['68177', 'Red Bull - Amber', 1, 42.85, 42.85]
2025-11-30 08:48:48,477 - INFO - backend.domain.serializer.serializers.order.OrderSerializer - (order.py:146) - ['4oz', "Bo's Bones - Dreidels 4oz", 1, 69.3, 69.3]
2025-11-30 08:48:48,481 - INFO - backend.domain.serializer.serializers.order.OrderSerializer - (order.py:146) - ['104631', 'CO2 Aluminum Cylinder', 1, 77.5, 77.5]
2025-11-30 08:48:48,481 - INFO - backend.domain.serializer.serializers.order.OrderSerializer - (order.py:146) - ['156089', 'Vitamin Water - XXX', 2, 16.07, 32.14]
2025-11-30 08:48:48,481 - INFO - backend.domain.serializer.serializers.order.OrderSerializer - (order.py:146) - ['156090', 'Vitamin Water - Power C', 2, 16.07, 32.14]
2025-11-30 08:48:48,482 - INFO - backend.domain.serializer.serializers.order.OrderSerializer - (order.py:146) - ['156091', 'Vitamin Water - Energy', 2, 15.09, 30.18]
2025-11-30 08:48:48,482 - INFO - backend.domain.serializer.serializers.order.OrderSerializer - (order.py:146) - ['103029', 'Sprite Bottles', 1, 27.58, 27.58]
2025-11-30 08:48:48,482 - INFO - backend.domain.serializer.serializers.order.OrderSerializer - (order.py:146) - ['109147', 'Lemonade BIB', 1, 48.92, 48.92]
2025-11-30 08:48:48,482 - INFO - backend.domain.serializer.serializers.order.OrderSerializer - (order.py:146) - ['117808', 'Dr Pepper Diet Bottles', 1, 26.46, 26.46]
2025-11-30 08:48:48,482 - INFO - backend.domain.serializer.serializers.order.OrderSerializer - (order.py:146) - ['117803', 'Dr Pepper Bottles', 1, 26.46, 26.46]
2025-11-30 08:48:48,482 - INFO - backend.domain.serializer.serializers.order.OrderSerializer - (order.py:146) - ['103886', 'Coca-Cola BIB', 1, 48.92, 48.92]
2025-11-30 08:48:48,486 - INFO - backend.domain.serializer.serializers.order.OrderSerializer - (order.py:146) - ['109147', 'Lemonade BIB', 3, 48.92, 146.76]
2025-11-30 08:48:48,486 - INFO - backend.domain.serializer.serializers.order.OrderSerializer - (order.py:146) - ['103785', 'Ginger Ale BIB', 1, 59.9, 59.9]
2025-11-30 08:48:48,486 - INFO - backend.domain.serializer.serializers.order.OrderSerializer - (order.py:146) - ['156079', 'Vitamin Water - Zero Squeezed', 2, 17.32, 34.64]
2025-11-30 08:48:48,486 - INFO - backend.domain.serializer.serializers.order.OrderSerializer - (order.py:146) - ['117803', 'Dr Pepper Bottles', 3, 26.46, 79.38]
2025-11-30 08:48:48,487 - INFO - backend.domain.serializer.serializers.order.OrderSerializer - (order.py:146) - ['121765', 'Coca-Cola Zero Sugar Bottles', 3, 26.46, 79.38]
2025-11-30 08:48:48,487 - INFO - backend.domain.serializer.serializers.order.OrderSerializer - (order.py:146) - ['122366', 'Coca-Cola Mexico Glass Bottles', 1, 32.9, 32.9]
2025-11-30 08:48:48,487 - INFO - backend.domain.serializer.serializers.order.OrderSerializer - (order.py:146) - ['103029', 'Sprite Bottles', 2, 27.58, 55.16]
2025-11-30 08:48:48,490 - INFO - backend.domain.serializer.serializers.order.OrderSerializer - (order.py:146) - ['156120', 'Body Armor - Lyte Peach Mango', 1, 23.31, 23.31]
2025-11-30 08:48:48,490 - INFO - backend.domain.serializer.serializers.order.OrderSerializer - (order.py:146) - ['119826', 'Coca-Cola Bottles', 1, 27.58, 27.58]
2025-11-30 08:48:48,490 - INFO - backend.domain.serializer.serializers.order.OrderSerializer - (order.py:146) - ['121765', 'Coca-Cola Zero Sugar Bottles', 1, 26.46, 26.46]
2025-11-30 08:48:48,490 - INFO - backend.domain.serializer.serializers.order.OrderSerializer - (order.py:146) - ['156184', 'Core Power Protein - Chocolate', 1, 32.55, 32.55]
2025-11-30 08:48:48,490 - INFO - backend.domain.serializer.serializers.order.OrderSerializer - (order.py:146) - ['156182', 'Core Power Protein - Vanilla', 1, 32.55, 32.55]
2025-11-30 08:48:48,490 - INFO - backend.domain.serializer.serializers.order.OrderSerializer - (order.py:146) - ['119827', 'Diet Coke Bottles', 1, 27.58, 27.58]
2025-11-30 08:48:48,491 - INFO - backend.domain.serializer.serializers.order.OrderSerializer - (order.py:146) - ['117803', 'Dr Pepper Bottles', 1, 26.46, 26.46]
2025-11-30 08:48:48,491 - INFO - backend.domain.serializer.serializers.order.OrderSerializer - (order.py:146) - ['117808', 'Dr Pepper Diet Bottles', 1, 26.46, 26.46]
2025-11-30 08:48:48,491 - INFO - backend.domain.serializer.serializers.order.OrderSerializer - (order.py:146) - ['103029', 'Sprite Bottles', 1, 27.58, 27.58]
2025-11-30 08:48:48,491 - INFO - backend.domain.serializer.serializers.order.OrderSerializer - (order.py:146) - ['156091', 'Vitamin Water - Energy', 1, 15.09, 15.09]
2025-11-30 08:48:48,491 - INFO - backend.domain.serializer.serializers.order.OrderSerializer - (order.py:146) - ['156090', 'Vitamin Water - Power C', 1, 16.07, 16.07]
2025-11-30 08:48:48,491 - INFO - backend.domain.serializer.serializers.order.OrderSerializer - (order.py:146) - ['156089', 'Vitamin Water - XXX', 1, 16.07, 16.07]
2025-11-30 08:48:48,494 - INFO - backend.domain.serializer.serializers.order.OrderSerializer - (order.py:146) - ['156111', 'Body Armor - Strawberry Banana', 1, 23.31, 23.31]
2025-11-30 08:48:48,495 - INFO - backend.domain.serializer.serializers.order.OrderSerializer - (order.py:146) - ['119826', 'Coca-Cola Bottles', 2, 27.58, 55.16]
2025-11-30 08:48:48,495 - INFO - backend.domain.serializer.serializers.order.OrderSerializer - (order.py:146) - ['156184', 'Core Power Protein - Chocolate', 1, 32.55, 32.55]
2025-11-30 08:48:48,495 - INFO - backend.domain.serializer.serializers.order.OrderSerializer - (order.py:146) - ['156182', 'Core Power Protein - Vanilla', 1, 32.55, 32.55]
2025-11-30 08:48:48,495 - INFO - backend.domain.serializer.serializers.order.OrderSerializer - (order.py:146) - ['119827', 'Diet Coke Bottles', 2, 27.58, 55.16]
2025-11-30 08:48:48,495 - INFO - backend.domain.serializer.serializers.order.OrderSerializer - (order.py:146) - ['117803', 'Dr Pepper Bottles', 1, 26.46, 26.46]
2025-11-30 08:48:48,495 - INFO - backend.domain.serializer.serializers.order.OrderSerializer - (order.py:146) - ['117808', 'Dr Pepper Diet Bottles', 1, 26.46, 26.46]
2025-11-30 08:48:48,495 - INFO - backend.domain.serializer.serializers.order.OrderSerializer - (order.py:146) - ['132296', 'Smart Water - 23.7oz', 1, 38.56, 38.56]
2025-11-30 08:48:48,495 - INFO - backend.domain.serializer.serializers.order.OrderSerializer - (order.py:146) - ['156090', 'Vitamin Water - Power C', 2, 16.07, 32.14]
2025-11-30 08:48:48,495 - INFO - backend.domain.serializer.serializers.order.OrderSerializer - (order.py:146) - ['156079', 'Vitamin Water - Zero Squeezed', 1, 17.32, 17.32]
2025-11-30 08:48:48,498 - INFO - backend.domain.serializer.serializers.order.OrderSerializer - (order.py:146) - ['156182', 'Core Power Protein - Vanilla', 1, 32.55, 32.55]
2025-11-30 08:48:48,502 - INFO - backend.domain.serializer.serializers.order.OrderSerializer - (order.py:146) - ['119826', 'Coca-Cola Bottles', 3, 27.58, 82.74]
2025-11-30 08:48:48,502 - INFO - backend.domain.serializer.serializers.order.OrderSerializer - (order.py:146) - ['122366', 'Coca-Cola Mexico Glass Bottles', 2, 32.9, 65.8]
2025-11-30 08:48:48,502 - INFO - backend.domain.serializer.serializers.order.OrderSerializer - (order.py:146) - ['121765', 'Coca-Cola Zero Sugar Bottles', 3, 26.46, 79.38]
2025-11-30 08:48:48,502 - INFO - backend.domain.serializer.serializers.order.OrderSerializer - (order.py:146) - ['117808', 'Dr Pepper Diet Bottles', 3, 26.46, 79.38]
2025-11-30 08:48:48,502 - INFO - backend.domain.serializer.serializers.order.OrderSerializer - (order.py:146) - ['132296', 'Smart Water - 23.7oz', 2, 38.56, 77.12]
2025-11-30 08:48:48,503 - INFO - backend.domain.serializer.serializers.order.OrderSerializer - (order.py:146) - ['156079', 'Vitamin Water - Zero Squeezed', 1, 17.32, 17.32]
2025-11-30 08:48:48,503 - INFO - backend.domain.serializer.serializers.order.OrderSerializer - (order.py:146) - ['156089', 'Vitamin Water - XXX', 1, 16.07, 16.07]
2025-11-30 08:48:48,503 - INFO - backend.domain.serializer.serializers.order.OrderSerializer - (order.py:146) - ['156090', 'Vitamin Water - Power C', 1, 16.07, 16.07]
2025-11-30 08:48:48,506 - INFO - backend.domain.serializer.serializers.order.OrderSerializer - (order.py:146) - [None, 'Monin - Toffee Nut', 3, 0, 0]
2025-11-30 08:48:48,506 - INFO - backend.domain.serializer.serializers.order.OrderSerializer - (order.py:146) - [None, 'Monin - Peppermint', 2, 0, 0]
2025-11-30 08:48:48,506 - INFO - backend.domain.serializer.serializers.order.OrderSerializer - (order.py:146) - [None, 'Monin - Caramel Apple Butter', 2, 9, 18]
2025-11-30 08:48:48,509 - INFO - backend.domain.serializer.serializers.order.OrderSerializer - (order.py:146) - [None, 'Monin - Orange', 2, 9, 18]
2025-11-30 08:48:48,509 - INFO - backend.domain.serializer.serializers.order.OrderSerializer - (order.py:146) - [None, 'Monin - Lavender', 2, 0, 0]
2025-11-30 08:48:48,509 - INFO - backend.domain.serializer.serializers.order.OrderSerializer - (order.py:146) - [None, 'Monin - Toasted Marshmallow', 2, 0, 0]
2025-11-30 08:48:48,509 - INFO - backend.domain.serializer.serializers.order.OrderSerializer - (order.py:146) - [None, 'Monin - Cookie Butter', 4, 0, 0]
2025-11-30 08:48:48,509 - INFO - backend.domain.serializer.serializers.order.OrderSerializer - (order.py:146) - [None, 'Monin - Caramel Apple Butter', 3, 6.75, 20.25]
2025-11-30 08:48:48,509 - INFO - backend.domain.serializer.serializers.order.OrderSerializer - (order.py:146) - [None, 'Monin - Turmeric', 1, 0, 0]
2025-11-30 08:48:48,512 - INFO - backend.domain.serializer.serializers.order.OrderSerializer - (order.py:146) - [None, 'Monin - Cookie Butter', 1, 0, 0]
2025-11-30 08:48:48,513 - INFO - backend.domain.serializer.serializers.order.OrderSerializer - (order.py:146) - [None, 'Monin - Peppermint', 1, 0, 0]
2025-11-30 08:48:48,513 - INFO - backend.domain.serializer.serializers.order.OrderSerializer - (order.py:146) - [None, 'Monin - Toasted Marshmallow', 1, 0, 0]
2025-11-30 08:48:48,513 - INFO - backend.domain.serializer.serializers.order.OrderSerializer - (order.py:146) - [None, 'Monin - Toffee Nut', 1, 0, 0]
2025-11-30 08:48:48,516 - INFO - backend.domain.serializer.serializers.order.OrderSerializer - (order.py:146) - [None, 'Monin - Caramel Apple Butter', 1, 9, 9]
2025-11-30 08:48:48,516 - INFO - backend.domain.serializer.serializers.order.OrderSerializer - (order.py:146) - [None, 'Monin - Cookie Butter', 1, 0, 0]
2025-11-30 08:48:48,516 - INFO - backend.domain.serializer.serializers.order.OrderSerializer - (order.py:146) - [None, 'Monin - Hazelnut', 1, 0, 0]
2025-11-30 08:48:48,517 - INFO - backend.domain.serializer.serializers.order.OrderSerializer - (order.py:146) - [None, 'Monin - Lavender', 1, 0, 0]
2025-11-30 08:48:48,517 - INFO - backend.domain.serializer.serializers.order.OrderSerializer - (order.py:146) - [None, 'Monin - Toffee Nut', 2, 0, 0]
2025-11-30 08:48:48,517 - INFO - backend.domain.serializer.serializers.order.OrderSerializer - (order.py:146) - [None, 'Monin - Vanilla Sugar Free', 1, 0, 0]
2025-11-30 08:48:48,520 - INFO - backend.domain.serializer.serializers.order.OrderSerializer - (order.py:146) - [None, 'Monin - Cranberry', 3, 0, 0]
2025-11-30 08:48:48,520 - INFO - backend.domain.serializer.serializers.order.OrderSerializer - (order.py:146) - [None, 'Monin - Peppermint', 4, 6.75, 27]
2025-11-30 08:48:48,523 - INFO - backend.domain.serializer.serializers.order.OrderSerializer - (order.py:146) - [None, 'Monin - Caramel Apple Butter', 2, 9, 18]
2025-11-30 08:48:48,523 - INFO - backend.domain.serializer.serializers.order.OrderSerializer - (order.py:146) - [None, 'Monin - Cookie Butter', 3, 0, 0]
2025-11-30 08:48:48,523 - INFO - backend.domain.serializer.serializers.order.OrderSerializer - (order.py:146) - [None, 'Monin - Cranberry', 1, 0, 0]
2025-11-30 08:48:48,523 - INFO - backend.domain.serializer.serializers.order.OrderSerializer - (order.py:146) - [None, 'Monin - Hazelnut', 1, 0, 0]
2025-11-30 08:48:48,523 - INFO - backend.domain.serializer.serializers.order.OrderSerializer - (order.py:146) - [None, 'Monin - Lavender', 1, 0, 0]
2025-11-30 08:48:48,523 - INFO - backend.domain.serializer.serializers.order.OrderSerializer - (order.py:146) - [None, 'Monin - Orange', 1, 6.75, 6.75]
2025-11-30 08:48:48,524 - INFO - backend.domain.serializer.serializers.order.OrderSerializer - (order.py:146) - [None, 'Monin - Peppermint', 1, 6.75, 6.75]
2025-11-30 08:48:48,524 - INFO - backend.domain.serializer.serializers.order.OrderSerializer - (order.py:146) - [None, 'Monin - Toasted Marshmallow', 2, 0, 0]
2025-11-30 08:48:48,524 - INFO - backend.domain.serializer.serializers.order.OrderSerializer - (order.py:146) - [None, 'Monin - Toffee Nut', 3, 0, 0]
2025-11-30 08:48:48,524 - INFO - backend.domain.serializer.serializers.order.OrderSerializer - (order.py:146) - [None, 'Monin - Turmeric', 2, 0, 0]
2025-11-30 08:48:48,524 - INFO - backend.domain.serializer.serializers.order.OrderSerializer - (order.py:146) - [None, 'Monin - Vanilla Sugar Free', 2, 0, 0]
2025-11-30 08:48:48,527 - INFO - backend.domain.serializer.serializers.order.OrderSerializer - (order.py:146) - [None, 'Copper Horse - Warhorse Blend (12oz)', 6, 11.49, 68.94]
2025-11-30 08:48:48,527 - INFO - backend.domain.serializer.serializers.order.OrderSerializer - (order.py:146) - ['12 oz Clocktower Espresso', 'Copper Horse - Clocktower Espresso (12oz)', 4, 11.49, 45.96]
2025-11-30 08:48:48,527 - INFO - backend.domain.serializer.serializers.order.OrderSerializer - (order.py:146) - [None, 'Copper Horse - Carriage House Blend (12oz)', 7, 11.49, 80.43]
2025-11-30 08:48:48,527 - INFO - backend.domain.serializer.serializers.order.OrderSerializer - (order.py:146) - [None, 'Copper Horse - Sleigh Bells (12oz)', 6, 11.49, 68.94]
2025-11-30 08:48:48,530 - INFO - backend.domain.serializer.serializers.order.OrderSerializer - (order.py:146) - [None, 'Copper Horse - Coffee Crush (12oz)', 3, 9.79, 29.37]
2025-11-30 08:48:48,530 - INFO - backend.domain.serializer.serializers.order.OrderSerializer - (order.py:146) - [None, 'Copper Horse - Rumble Pony (12oz)', 2, 11.49, 22.98]
2025-11-30 08:48:48,530 - INFO - backend.domain.serializer.serializers.order.OrderSerializer - (order.py:146) - [None, 'Copper Horse - Sleigh Bells (12oz)', 1, 9.79, 9.79]
2025-11-30 08:48:48,530 - INFO - backend.domain.serializer.serializers.order.OrderSerializer - (order.py:146) - [None, 'Copper Horse - Sumantra Lake Tawar (12oz)', 1, 10.89, 10.89]
2025-11-30 08:48:48,531 - INFO - backend.domain.serializer.serializers.order.OrderSerializer - (order.py:146) - [None, 'Copper Horse - Tanzania (12oz)', 1, 11.49, 11.49]
2025-11-30 08:48:48,534 - INFO - backend.domain.serializer.serializers.order.OrderSerializer - (order.py:146) - [None, 'Copper Horse - Warhorse 5lb', 2, 57.99, 115.98]
2025-11-30 08:48:48,537 - INFO - backend.domain.serializer.serializers.order.OrderSerializer - (order.py:146) - ['12 oz Clocktower Espresso', 'Copper Horse - Clocktower Espresso (12oz)', 1, 10.89, 10.89]
2025-11-30 08:48:48,537 - INFO - backend.domain.serializer.serializers.order.OrderSerializer - (order.py:146) - [None, 'Copper Horse - Sleigh Bells (12oz)', 3, 11.49, 34.47]
2025-11-30 08:48:48,540 - INFO - backend.domain.serializer.serializers.order.OrderSerializer - (order.py:146) - ['456090', 'Employee Water', 30, 2.93, 87.9]
2025-11-30 08:48:48,543 - INFO - backend.domain.serializer.serializers.order.OrderSerializer - (order.py:146) - ['332126', 'Pepitas - Bulk', 1, 68.47, 68.47]
2025-11-30 08:48:48,544 - INFO - backend.domain.serializer.serializers.order.OrderSerializer - (order.py:146) - ['462702', 'Pobble Bubble Tea - Berry Hibiscus', 1, 24.6, 24.6]
2025-11-30 08:48:48,544 - INFO - backend.domain.serializer.serializers.order.OrderSerializer - (order.py:146) - ['462700', 'Pobble Bubble Tea - Mango Red Dragon', 1, 50.6, 50.6]
2025-11-30 08:48:48,546 - INFO - backend.domain.serializer.serializers.order.OrderSerializer - (order.py:146) - ['514262', "Joe's Snack Mix - Cheddar", 1, 49.96, 49.96]
2025-11-30 08:48:48,550 - INFO - backend.domain.serializer.serializers.order.OrderSerializer - (order.py:146) - ['10400', 'Equal Exchange - One World', 2, 83.5, 167]
2025-11-30 08:48:48,550 - INFO - backend.domain.serializer.serializers.order.OrderSerializer - (order.py:146) - ['10025', 'Equal Exchange - Breakfast Blend, Decaf', 3, 106, 318]
2025-11-30 08:48:48,550 - INFO - backend.domain.serializer.serializers.order.OrderSerializer - (order.py:146) - ['10034', 'Equal Exchange - Black Silk Espresso', 5, 83.5, 417.5]
2025-11-30 08:48:48,550 - INFO - backend.domain.serializer.serializers.order.OrderSerializer - (order.py:146) - ['17013', 'Equal Exchange - Love Buzz 12 oz', 1, 56.7, 56.7]
2025-11-30 08:48:48,551 - INFO - backend.domain.serializer.serializers.order.OrderSerializer - (order.py:146) - ['13310', 'Tea Bags - Peppermint (Equal Exchange)', 1, 19.2, 19.2]
2025-11-30 08:48:48,551 - INFO - backend.domain.serializer.serializers.order.OrderSerializer - (order.py:146) - ['18300', 'Equal Exchange - Org. Milk Chocolate', 1, 38.4, 38.4]
2025-11-30 08:48:48,554 - INFO - backend.domain.serializer.serializers.order.OrderSerializer - (order.py:146) - ['10034', 'Equal Exchange - Black Silk Espresso', 6, 83.5, 501]
2025-11-30 08:48:48,554 - INFO - backend.domain.serializer.serializers.order.OrderSerializer - (order.py:146) - ['10400', 'Equal Exchange - One World', 4, 83.5, 334]
2025-11-30 08:48:48,554 - INFO - backend.domain.serializer.serializers.order.OrderSerializer - (order.py:146) - ['10403', 'Equal Exchange - Cold Brew', 1, 83.5, 83.5]
2025-11-30 08:48:48,554 - INFO - backend.domain.serializer.serializers.order.OrderSerializer - (order.py:146) - ['10029', 'Equal Exchange - Espresso, Decaf', 1, 106, 106]
2025-11-30 08:48:48,554 - INFO - backend.domain.serializer.serializers.order.OrderSerializer - (order.py:146) - ['40304', 'Filter - Coffee', 1, 17.5, 17.5]
2025-11-30 08:48:48,554 - INFO - backend.domain.serializer.serializers.order.OrderSerializer - (order.py:146) - ['41513', 'Filter - Cold Brew (Silk)', 1, 16.99, 16.99]
2025-11-30 08:48:48,557 - INFO - backend.domain.serializer.serializers.order.OrderSerializer - (order.py:146) - ['10034', 'Equal Exchange - Black Silk Espresso', 3, 83.5, 250.5]
2025-11-30 08:48:48,557 - INFO - backend.domain.serializer.serializers.order.OrderSerializer - (order.py:146) - ['10403', 'Equal Exchange - Cold Brew', 1, 83.5, 83.5]
2025-11-30 08:48:48,557 - INFO - backend.domain.serializer.serializers.order.OrderSerializer - (order.py:146) - ['10400', 'Equal Exchange - One World', 3, 83.5, 250.5]
2025-11-30 08:48:48,561 - INFO - backend.domain.serializer.serializers.order.OrderSerializer - (order.py:146) - ['10034', 'Equal Exchange - Black Silk Espresso', 3, 83.5, 250.5]
2025-11-30 08:48:48,561 - INFO - backend.domain.serializer.serializers.order.OrderSerializer - (order.py:146) - ['10029', 'Equal Exchange - Espresso, Decaf', 1, 106, 106]
2025-11-30 08:48:48,561 - INFO - backend.domain.serializer.serializers.order.OrderSerializer - (order.py:146) - ['10018', 'Equal Exchange - Love Buzz', 2, 83.5, 167]
2025-11-30 08:48:48,561 - INFO - backend.domain.serializer.serializers.order.OrderSerializer - (order.py:146) - ['10400', 'Equal Exchange - One World', 2, 83.5, 167]
2025-11-30 08:48:48,564 - INFO - backend.domain.serializer.serializers.order.OrderSerializer - (order.py:146) - ['10400', 'Equal Exchange - One World', 3, 83.5, 250.5]
2025-11-30 08:48:48,564 - INFO - backend.domain.serializer.serializers.order.OrderSerializer - (order.py:146) - ['10403', 'Equal Exchange - Cold Brew', 1, 83.5, 83.5]
2025-11-30 08:48:48,564 - INFO - backend.domain.serializer.serializers.order.OrderSerializer - (order.py:146) - ['10034', 'Equal Exchange - Black Silk Espresso', 2, 83.5, 167]
2025-11-30 08:48:48,568 - INFO - backend.domain.serializer.serializers.order.OrderSerializer - (order.py:146) - ['40301', '14x5 PBVSA Filter', 1, 15, 15]
2025-11-30 08:48:48,568 - INFO - backend.domain.serializer.serializers.order.OrderSerializer - (order.py:146) - ['10034', 'Equal Exchange - Black Silk Espresso', 3, 83.5, 250.5]
2025-11-30 08:48:48,568 - INFO - backend.domain.serializer.serializers.order.OrderSerializer - (order.py:146) - ['10025', 'Equal Exchange - Breakfast Blend, Decaf', 1, 106, 106]
2025-11-30 08:48:48,571 - INFO - backend.domain.serializer.serializers.order.OrderSerializer - (order.py:146) - [None, 'Hazelnut Coffee (Grounded, Bulk)', 20, 54.9, 1098]
2025-11-30 08:48:48,574 - INFO - backend.domain.serializer.serializers.order.OrderSerializer - (order.py:146) - ['001023', 'Ithaca Yogurt - Vanilla', 1, 14.5, 14.5]
2025-11-30 08:48:48,574 - INFO - backend.domain.serializer.serializers.order.OrderSerializer - (order.py:146) - ['003012', 'Red Jacket - Strawberry/Apple 32oz', 1, 25.95, 25.95]
2025-11-30 08:48:48,574 - INFO - backend.domain.serializer.serializers.order.OrderSerializer - (order.py:146) - ['003003', 'Red Jacket - Fuji Apple', 1, 11.25, 11.25]
2025-11-30 08:48:48,574 - INFO - backend.domain.serializer.serializers.order.OrderSerializer - (order.py:146) - ['004015', "Natalie's - Strawberry Lemonade", 1, 9.25, 9.25]
2025-11-30 08:48:48,574 - INFO - backend.domain.serializer.serializers.order.OrderSerializer - (order.py:146) - ['004038', "Natalie's - Orange Mango", 2, 13, 26]
2025-11-30 08:48:48,574 - INFO - backend.domain.serializer.serializers.order.OrderSerializer - (order.py:146) - ['004021', "Natalie's - Orange Juice", 2, 23.75, 47.5]
2025-11-30 08:48:48,574 - INFO - backend.domain.serializer.serializers.order.OrderSerializer - (order.py:146) - ['004061', "Natalie's - Honey Tangerine", 2, 14, 28]
2025-11-30 08:48:48,578 - INFO - backend.domain.serializer.serializers.order.OrderSerializer - (order.py:146) - ['004051', "Natalie's - Grapefruit", 3, 13.25, 39.75]
2025-11-30 08:48:48,578 - INFO - backend.domain.serializer.serializers.order.OrderSerializer - (order.py:146) - ['004061', "Natalie's - Honey Tangerine", 1, 14, 14]
2025-11-30 08:48:48,578 - INFO - backend.domain.serializer.serializers.order.OrderSerializer - (order.py:146) - ['004011', "Natalie's - Lemonade", 2, 9.25, 18.5]
2025-11-30 08:48:48,578 - INFO - backend.domain.serializer.serializers.order.OrderSerializer - (order.py:146) - [None, "Natalie's - Orange Juice", 3, 23.75, 71.25]
2025-11-30 08:48:48,578 - INFO - backend.domain.serializer.serializers.order.OrderSerializer - (order.py:146) - ['004038', "Natalie's - Orange Mango", 3, 13, 39]
2025-11-30 08:48:48,579 - INFO - backend.domain.serializer.serializers.order.OrderSerializer - (order.py:146) - ['004039', "Natalie's - Orange Pineapple", 3, 13, 39]
2025-11-30 08:48:48,579 - INFO - backend.domain.serializer.serializers.order.OrderSerializer - (order.py:146) - ['004015', "Natalie's - Strawberry Lemonade", 3, 9.25, 27.75]
2025-11-30 08:48:48,579 - INFO - backend.domain.serializer.serializers.order.OrderSerializer - (order.py:146) - ['003003', 'Red Jacket - Fuji Apple', 3, 11.25, 33.75]
2025-11-30 08:48:48,582 - INFO - backend.domain.serializer.serializers.order.OrderSerializer - (order.py:146) - ['003021', 'Apple Cider (Gal)', 4, 24, 96]
2025-11-30 08:48:48,582 - INFO - backend.domain.serializer.serializers.order.OrderSerializer - (order.py:146) - ['004038', "Natalie's - Orange Mango", 1, 13, 13]
2025-11-30 08:48:48,586 - INFO - backend.domain.serializer.serializers.order.OrderSerializer - (order.py:146) - ['003021', 'Apple Cider (Gal)', 1, 24, 24]
2025-11-30 08:48:48,586 - INFO - backend.domain.serializer.serializers.order.OrderSerializer - (order.py:146) - ['HS105', 'Harney & Sons - CRUISE', 1, 40, 40]
2025-11-30 08:48:48,586 - INFO - backend.domain.serializer.serializers.order.OrderSerializer - (order.py:146) - ['HS103', 'Harney & Sons - REST', 1, 40, 40]
2025-11-30 08:48:48,586 - INFO - backend.domain.serializer.serializers.order.OrderSerializer - (order.py:146) - ['004051', "Natalie's - Grapefruit", 1, 13.25, 13.25]
2025-11-30 08:48:48,586 - INFO - backend.domain.serializer.serializers.order.OrderSerializer - (order.py:146) - [None, "Natalie's - Orange Juice", 1, 23.75, 23.75]
2025-11-30 08:48:48,586 - INFO - backend.domain.serializer.serializers.order.OrderSerializer - (order.py:146) - ['004038', "Natalie's - Orange Mango", 2, 13, 26]
2025-11-30 08:48:48,586 - INFO - backend.domain.serializer.serializers.order.OrderSerializer - (order.py:146) - ['004039', "Natalie's - Orange Pineapple", 1, 13, 13]
2025-11-30 08:48:48,586 - INFO - backend.domain.serializer.serializers.order.OrderSerializer - (order.py:146) - ['004015', "Natalie's - Strawberry Lemonade", 1, 9.25, 9.25]
2025-11-30 08:48:48,586 - INFO - backend.domain.serializer.serializers.order.OrderSerializer - (order.py:146) - ['003003', 'Red Jacket - Fuji Apple', 1, 11.25, 11.25]
2025-11-30 08:48:48,587 - INFO - backend.domain.serializer.serializers.order.OrderSerializer - (order.py:146) - ['003004', 'Red Jacket - Rasp/Apple', 3, 11.25, 33.75]
2025-11-30 08:48:48,587 - INFO - backend.domain.serializer.serializers.order.OrderSerializer - (order.py:146) - ['003005', 'Red Jacket - Strawberry (12oz)', 2, 11.25, 22.5]
2025-11-30 08:48:48,590 - INFO - backend.domain.serializer.serializers.order.OrderSerializer - (order.py:146) - ['003021', 'Apple Cider (Gal)', 2, 24, 48]
2025-11-30 08:48:48,590 - INFO - backend.domain.serializer.serializers.order.OrderSerializer - (order.py:146) - ['004051', "Natalie's - Grapefruit", 2, 13.25, 26.5]
2025-11-30 08:48:48,590 - INFO - backend.domain.serializer.serializers.order.OrderSerializer - (order.py:146) - ['004011', "Natalie's - Lemonade", 1, 9.25, 9.25]
2025-11-30 08:48:48,590 - INFO - backend.domain.serializer.serializers.order.OrderSerializer - (order.py:146) - ['004021', "Natalie's - Orange Juice", 2, 23.75, 47.5]
2025-11-30 08:48:48,590 - INFO - backend.domain.serializer.serializers.order.OrderSerializer - (order.py:146) - ['004038', "Natalie's - Orange Mango", 2, 13, 26]
2025-11-30 08:48:48,590 - INFO - backend.domain.serializer.serializers.order.OrderSerializer - (order.py:146) - ['004039', "Natalie's - Orange Pineapple", 1, 13, 13]
2025-11-30 08:48:48,590 - INFO - backend.domain.serializer.serializers.order.OrderSerializer - (order.py:146) - ['003004', 'Red Jacket - Rasp/Apple', 1, 11.25, 11.25]
2025-11-30 08:48:48,590 - INFO - backend.domain.serializer.serializers.order.OrderSerializer - (order.py:146) - ['003005', 'Red Jacket - Strawberry (12oz)', 1, 11.25, 11.25]
2025-11-30 08:48:48,591 - INFO - backend.domain.serializer.serializers.order.OrderSerializer - (order.py:146) - ['003003', 'Red Jacket - Fuji Apple', 1, 11.25, 11.25]
2025-11-30 08:48:48,595 - INFO - backend.domain.serializer.serializers.order.OrderSerializer - (order.py:146) - ['INPSDR0120ITHACABAKERY', 'Cup - Hot (12oz)', 1, 62.78, 62.78]
2025-11-30 08:48:48,595 - INFO - backend.domain.serializer.serializers.order.OrderSerializer - (order.py:146) - ['DUO71010', 'Bag - Paper (10#)', 1, 17.6, 17.6]
2025-11-30 08:48:48,595 - INFO - backend.domain.serializer.serializers.order.OrderSerializer - (order.py:146) - ['SMTSM2PIKN', 'Napkin - Dispenser', 2, 30.94, 61.88]
2025-11-30 08:48:48,595 - INFO - backend.domain.serializer.serializers.order.OrderSerializer - (order.py:146) - ['DUSSK5', 'Knife - Smart Stock', 1, 45.32, 45.32]
2025-11-30 08:48:48,598 - INFO - backend.domain.serializer.serializers.order.OrderSerializer - (order.py:146) - ['INLSLP17XD', 'Container - Plastic Eclair', 1, 72.89, 72.89]
2025-11-30 08:48:48,598 - INFO - backend.domain.serializer.serializers.order.OrderSerializer - (order.py:146) - ['7G084018', 'Bag Poly - 8x4x18 LW', 1, 29.31, 29.31]
2025-11-30 08:48:48,602 - INFO - backend.domain.serializer.serializers.order.OrderSerializer - (order.py:146) - ['INPSDR0200ITHACABAKERY', 'Cup - Hot (20oz)', 1, 83.13, 83.13]
2025-11-30 08:48:48,602 - INFO - backend.domain.serializer.serializers.order.OrderSerializer - (order.py:146) - ['INPSDR0160ITHACABAKERY', 'Cup - Hot (16oz)', 1, 70.09, 70.09]
2025-11-30 08:48:48,602 - INFO - backend.domain.serializer.serializers.order.OrderSerializer - (order.py:146) - ['DIXDUSSF5', 'Fork - Smart Stock', 1, 45.32, 45.32]
2025-11-30 08:48:48,602 - INFO - backend.domain.serializer.serializers.order.OrderSerializer - (order.py:146) - ['DUSSK5', 'Knife - Smart Stock', 1, 45.32, 45.32]
2025-11-30 08:48:48,602 - INFO - backend.domain.serializer.serializers.order.OrderSerializer - (order.py:146) - ['DIXDUSST5', 'Spoon - Smart Stock', 1, 53.32, 53.32]
2025-11-30 08:48:48,602 - INFO - backend.domain.serializer.serializers.order.OrderSerializer - (order.py:146) - ['DUO71010', 'Bag - Paper (10#)', 1, 17.6, 17.6]
2025-11-30 08:48:48,605 - INFO - backend.domain.serializer.serializers.order.OrderSerializer - (order.py:146) - ['INPLCRS32', 'Lid Cold Flat - 32oz', 1, 66.63, 66.63]
2025-11-30 08:48:48,606 - INFO - backend.domain.serializer.serializers.order.OrderSerializer - (order.py:146) - ['INPSDR0200ITHACABAKERY', 'Cup - Hot (20oz)', 1, 83.13, 83.13]
2025-11-30 08:48:48,606 - INFO - backend.domain.serializer.serializers.order.OrderSerializer - (order.py:146) - ['764804', '48 SparClean Dish Manual', 1, 73.62, 73.62]
2025-11-30 08:48:48,606 - INFO - backend.domain.serializer.serializers.order.OrderSerializer - (order.py:146) - ['AVLJNA26W', 'Straws - Wrapped', 1, 59.31, 59.31]
2025-11-30 08:48:48,606 - INFO - backend.domain.serializer.serializers.order.OrderSerializer - (order.py:146) - ['DUO71006', 'Bag - Paper (6#)', 5, 12.78, 63.9]
2025-11-30 08:48:48,606 - INFO - backend.domain.serializer.serializers.order.OrderSerializer - (order.py:146) - ['DIXDUSSF5', 'Fork - Smart Stock', 1, 45.32, 45.32]
2025-11-30 08:48:48,606 - INFO - backend.domain.serializer.serializers.order.OrderSerializer - (order.py:146) - ['NPP406028', 'Fork - White HW', 1, 14.84, 14.84]
2025-11-30 08:48:48,606 - INFO - backend.domain.serializer.serializers.order.OrderSerializer - (order.py:146) - ['SMTSM2PIKN', 'Napkin - Dispenser', 2, 30.94, 61.88]
2025-11-30 08:48:48,609 - INFO - backend.domain.serializer.serializers.order.OrderSerializer - (order.py:146) - ['DUO71010', 'Bag - Paper (10#)', 1, 17.6, 17.6]
2025-11-30 08:48:48,610 - INFO - backend.domain.serializer.serializers.order.OrderSerializer - (order.py:146) - ['INPSDR0120ITHACABAKERY', 'Cup - Hot (12oz)', 2, 62.78, 125.56]
2025-11-30 08:48:48,610 - INFO - backend.domain.serializer.serializers.order.OrderSerializer - (order.py:146) - ['INPSDR0200ITHACABAKERY', 'Cup - Hot (20oz)', 1, 83.13, 83.13]
2025-11-30 08:48:48,610 - INFO - backend.domain.serializer.serializers.order.OrderSerializer - (order.py:146) - ['DUSSK5', 'Knife - Smart Stock', 1, 45.32, 45.32]
2025-11-30 08:48:48,610 - INFO - backend.domain.serializer.serializers.order.OrderSerializer - (order.py:146) - ['SMTSM2PIKN', 'Napkin - Dispenser', 2, 30.94, 61.88]
2025-11-30 08:48:48,613 - INFO - backend.domain.serializer.serializers.order.OrderSerializer - (order.py:146) - ['chop', 'Milk - Chocolate (12/16oz)', 3, 16.2, 48.6]
2025-11-30 08:48:48,613 - INFO - backend.domain.serializer.serializers.order.OrderSerializer - (order.py:146) - ['choqt', 'Milk - Chocolate (9/32oz)', 1, 16.65, 16.65]
2025-11-30 08:48:48,617 - INFO - backend.domain.serializer.serializers.order.OrderSerializer - (order.py:146) - ['twog', 'Milk - 2%', 12, 16.08, 192.96]
2025-11-30 08:48:48,617 - INFO - backend.domain.serializer.serializers.order.OrderSerializer - (order.py:146) - ['wholeg', 'Milk - Whole', 2, 16.08, 32.16]
2025-11-30 08:48:48,617 - INFO - backend.domain.serializer.serializers.order.OrderSerializer - (order.py:146) - ['skimg', 'Milk - Skim', 2, 15.56, 31.12]
2025-11-30 08:48:48,617 - INFO - backend.domain.serializer.serializers.order.OrderSerializer - (order.py:146) - ['chop', 'Milk - Chocolate (12/16oz)', 1, 16.2, 16.2]
2025-11-30 08:48:48,620 - INFO - backend.domain.serializer.serializers.order.OrderSerializer - (order.py:146) - ['twog', 'Milk - 2%', 10, 16.08, 160.8]
2025-11-30 08:48:48,620 - INFO - backend.domain.serializer.serializers.order.OrderSerializer - (order.py:146) - ['chop', 'Milk - Chocolate (12/16oz)', 2, 16.2, 32.4]
2025-11-30 08:48:48,620 - INFO - backend.domain.serializer.serializers.order.OrderSerializer - (order.py:146) - ['skimg', 'Milk - Skim', 1, 15.56, 15.56]
2025-11-30 08:48:48,620 - INFO - backend.domain.serializer.serializers.order.OrderSerializer - (order.py:146) - ['wholeg', 'Milk - Whole', 1, 16.08, 16.08]
2025-11-30 08:48:48,623 - INFO - backend.domain.serializer.serializers.order.OrderSerializer - (order.py:146) - ['twog', 'Milk - 2%', 10, 16.08, 160.8]
2025-11-30 08:48:48,623 - INFO - backend.domain.serializer.serializers.order.OrderSerializer - (order.py:146) - ['twop', 'Milk - 2% (12/16oz)', 2, 15, 30]
2025-11-30 08:48:48,623 - INFO - backend.domain.serializer.serializers.order.OrderSerializer - (order.py:146) - ['chop', 'Milk - Chocolate (12/16oz)', 2, 16.2, 32.4]
2025-11-30 08:48:48,624 - INFO - backend.domain.serializer.serializers.order.OrderSerializer - (order.py:146) - ['skimg', 'Milk - Skim', 2, 15.56, 31.12]
2025-11-30 08:48:48,624 - INFO - backend.domain.serializer.serializers.order.OrderSerializer - (order.py:146) - ['wholeg', 'Milk - Whole', 1, 16.08, 16.08]
2025-11-30 08:48:48,627 - INFO - backend.domain.serializer.serializers.order.OrderSerializer - (order.py:146) - ['twog', 'Milk - 2%', 10, 16.08, 160.8]
2025-11-30 08:48:48,627 - INFO - backend.domain.serializer.serializers.order.OrderSerializer - (order.py:146) - ['wholeg', 'Milk - Whole', 2, 16.08, 32.16]
2025-11-30 08:48:48,627 - INFO - backend.domain.serializer.serializers.order.OrderSerializer - (order.py:146) - ['skimg', 'Milk - Skim', 2, 15.56, 31.12]
2025-11-30 08:48:48,627 - INFO - backend.domain.serializer.serializers.order.OrderSerializer - (order.py:146) - ['chop', 'Milk - Chocolate (12/16oz)', 2, 16.2, 32.4]
2025-11-30 08:48:48,630 - INFO - backend.domain.serializer.serializers.order.OrderSerializer - (order.py:146) - ['14141', 'Chocolate Covered Nibs', 1, 175.86, 175.86]
2025-11-30 08:48:48,638 - INFO - backend.domain.serializer.serializers.order.OrderSerializer - (order.py:146) - ['Bag - Poly (Retail Portion)', 1, None, None, None, None]
2025-11-30 08:48:48,638 - ERROR - backend.app.cli.cli.CLI - (cli.py:462) - [Error] combine_orders failed: too many values to unpack (expected 5)
Traceback (most recent call last):
  File "C:\Users\andrew\Desktop\Andrew\Projects\IthacaBakery\RandomStuff\WorkBot\refactor-experimental\backend\app\cli\cli.py", line 451, in _dispatch_command
    self.commands[command].command(args)
    ~~~~~~~~~~~~~~~~~~~~~~~~~~~~~~^^^^^^
  File "C:\Users\andrew\Desktop\Andrew\Projects\IthacaBakery\RandomStuff\WorkBot\refactor-experimental\backend\app\cli\commands\workbot\combine_orders.py", line 25, in command
    self.context.workbot.combine_orders(parsed_args.vendors)
    ~~~~~~~~~~~~~~~~~~~~~~~~~~~~~~~~~~~^^^^^^^^^^^^^^^^^^^^^
  File "C:\Users\andrew\Desktop\Andrew\Projects\IthacaBakery\RandomStuff\WorkBot\refactor-experimental\backend\bots\workbot\work_bot.py", line 173, in combine_orders
    return self.orders.combine_orders(vendor)
           ~~~~~~~~~~~~~~~~~~~~~~~~~~^^^^^^^^
  File "C:\Users\andrew\Desktop\Andrew\Projects\IthacaBakery\RandomStuff\WorkBot\refactor-experimental\backend\app\services\order_service.py", line 88, in __call__
    orders = self.list_by_vendor(vendor)
  File "C:\Users\andrew\Desktop\Andrew\Projects\IthacaBakery\RandomStuff\WorkBot\refactor-experimental\backend\app\services\order_service.py", line 37, in __call__
    return self.repo.list_by_vendor(vendor)
           ~~~~~~~~~~~~~~~~~~~~~~~~^^^^^^^^
  File "C:\Users\andrew\Desktop\Andrew\Projects\IthacaBakery\RandomStuff\WorkBot\refactor-experimental\backend\adapters\repos\order_file_repository.py", line 43, in list_by_vendor
    return [o for o in self.list_all() if o.vendor == vendor]
                       ~~~~~~~~~~~~~^^
  File "C:\Users\andrew\Desktop\Andrew\Projects\IthacaBakery\RandomStuff\WorkBot\refactor-experimental\backend\adapters\repos\order_file_repository.py", line 40, in list_all
    return [self._engine.read_from_path(p) for p in self._engine.list_files("*.xlsx")]
            ~~~~~~~~~~~~~~~~~~~~~~~~~~~^^^
  File "C:\Users\andrew\Desktop\Andrew\Projects\IthacaBakery\RandomStuff\WorkBot\refactor-experimental\backend\adapters\files\generic_file_adapter.py", line 46, in read_from_path
    return self.serializer.load_path(path, meta)
           ~~~~~~~~~~~~~~~~~~~~~~~~~^^^^^^^^^^^^
  File "C:\Users\andrew\Desktop\Andrew\Projects\IthacaBakery\RandomStuff\WorkBot\refactor-experimental\backend\domain\serializer\serializers\order.py", line 55, in load_path
    return self.from_table(payload)
           ~~~~~~~~~~~~~~~^^^^^^^^^
  File "C:\Users\andrew\Desktop\Andrew\Projects\IthacaBakery\RandomStuff\WorkBot\refactor-experimental\backend\domain\serializer\serializers\order.py", line 147, in from_table
    item_sku, item_name, qty, cost_per, total_cost = row
    ^^^^^^^^^^^^^^^^^^^^^^^^^^^^^^^^^^^^^^^^^^^^^^
ValueError: too many values to unpack (expected 5)
2025-11-30 08:48:48,648 - INFO - backend.app.cli.cli.CLI - (cli.py:457) - Command 'combine_orders' executed successfully.
2025-11-30 08:49:54,766 - INFO - backend.app.cli.cli.CLI - (cli.py:376) - CLI interrupted by user (Ctrl+C / EOF).
2025-11-30 08:49:54,769 - INFO - backend.app.cli.cli.CLI - (cli.py:419) - Exiting CLI and saving history.
2025-11-30 08:49:58,166 - INFO - backend.bots.workbot.work_bot.WorkBot - (work_bot.py:53) - Initializing WorkBot...
2025-11-30 08:49:58,166 - INFO - backend.bots.workbot.work_bot.WorkBot - (work_bot.py:66) - WorkBot initialized successfully.
2025-11-30 08:49:58,166 - INFO - backend.app.cli.cli.CLI - (cli.py:34) - Initializing CLI.
2025-11-30 08:49:58,171 - INFO - backend.app.cli.cli.CLI - (cli.py:77) - Loaded 1 commands from backend.app.cli.commands.builtin
2025-11-30 08:49:58,178 - INFO - backend.app.cli.cli.CLI - (cli.py:101) - Loaded command history from C:\Users\andrew\Desktop\Andrew\Projects\IthacaBakery\RandomStuff\WorkBot\refactor-experimental\data\cli\.cli_history
2025-11-30 08:49:58,179 - INFO - backend.app.cli.cli.CLI - (cli.py:42) - CLI initialized successfully with 1 commands.
2025-11-30 08:49:58,194 - INFO - backend.app.cli.cli.CLI - (cli.py:77) - Loaded 15 commands from backend.app.cli.commands.workbot
2025-11-30 08:49:58,194 - INFO - backend.app.cli.cli.CLI - (cli.py:350) - CLI session started.
2025-11-30 08:49:59,546 - INFO - backend.app.cli.cli.CLI - (cli.py:448) - Dispatching command: combine_orders (args=['--vendors', 'Coffee Depot LLC'])
2025-11-30 08:49:59,546 - INFO - backend.app.services.order_service.CombineOrders - (order_service.py:86) - Merging all orders for: ['Coffee Depot LLC']
2025-11-30 08:49:59,547 - INFO - backend.app.services.order_service.GetOrdersByVendor - (order_service.py:36) - Listing orders for vendor=Coffee Depot LLC
2025-11-30 08:49:59,558 - INFO - backend.domain.serializer.serializers.order.OrderSerializer - (order.py:146) - ['75155', 'Essentia Water', 1, 16.5, 16.5]
2025-11-30 08:49:59,558 - INFO - backend.domain.serializer.serializers.order.OrderSerializer - (order.py:146) - ['77801', 'Ithaca Soda - Root Beer', 1, 23.95, 23.95]
2025-11-30 08:49:59,561 - INFO - backend.domain.serializer.serializers.order.OrderSerializer - (order.py:146) - ['75155', 'Essentia Water', 1, 16.5, 16.5]
2025-11-30 08:49:59,564 - INFO - backend.domain.serializer.serializers.order.OrderSerializer - (order.py:146) - ['71105', 'Saratoga Sparkling 12oz', 1, 24.95, 24.95]
2025-11-30 08:49:59,564 - INFO - backend.domain.serializer.serializers.order.OrderSerializer - (order.py:146) - ['70610', 'Vita Coco - Pineapple', 1, 29, 29]
2025-11-30 08:49:59,564 - INFO - backend.domain.serializer.serializers.order.OrderSerializer - (order.py:146) - ['68177', 'Red Bull - Amber', 1, 42.85, 42.85]
2025-11-30 08:49:59,567 - INFO - backend.domain.serializer.serializers.order.OrderSerializer - (order.py:146) - ['4oz', "Bo's Bones - Dreidels 4oz", 1, 69.3, 69.3]
2025-11-30 08:49:59,572 - INFO - backend.domain.serializer.serializers.order.OrderSerializer - (order.py:146) - ['104631', 'CO2 Aluminum Cylinder', 1, 77.5, 77.5]
2025-11-30 08:49:59,572 - INFO - backend.domain.serializer.serializers.order.OrderSerializer - (order.py:146) - ['156089', 'Vitamin Water - XXX', 2, 16.07, 32.14]
2025-11-30 08:49:59,572 - INFO - backend.domain.serializer.serializers.order.OrderSerializer - (order.py:146) - ['156090', 'Vitamin Water - Power C', 2, 16.07, 32.14]
2025-11-30 08:49:59,572 - INFO - backend.domain.serializer.serializers.order.OrderSerializer - (order.py:146) - ['156091', 'Vitamin Water - Energy', 2, 15.09, 30.18]
2025-11-30 08:49:59,573 - INFO - backend.domain.serializer.serializers.order.OrderSerializer - (order.py:146) - ['103029', 'Sprite Bottles', 1, 27.58, 27.58]
2025-11-30 08:49:59,573 - INFO - backend.domain.serializer.serializers.order.OrderSerializer - (order.py:146) - ['109147', 'Lemonade BIB', 1, 48.92, 48.92]
2025-11-30 08:49:59,573 - INFO - backend.domain.serializer.serializers.order.OrderSerializer - (order.py:146) - ['117808', 'Dr Pepper Diet Bottles', 1, 26.46, 26.46]
2025-11-30 08:49:59,573 - INFO - backend.domain.serializer.serializers.order.OrderSerializer - (order.py:146) - ['117803', 'Dr Pepper Bottles', 1, 26.46, 26.46]
2025-11-30 08:49:59,573 - INFO - backend.domain.serializer.serializers.order.OrderSerializer - (order.py:146) - ['103886', 'Coca-Cola BIB', 1, 48.92, 48.92]
2025-11-30 08:49:59,576 - INFO - backend.domain.serializer.serializers.order.OrderSerializer - (order.py:146) - ['109147', 'Lemonade BIB', 3, 48.92, 146.76]
2025-11-30 08:49:59,577 - INFO - backend.domain.serializer.serializers.order.OrderSerializer - (order.py:146) - ['103785', 'Ginger Ale BIB', 1, 59.9, 59.9]
2025-11-30 08:49:59,577 - INFO - backend.domain.serializer.serializers.order.OrderSerializer - (order.py:146) - ['156079', 'Vitamin Water - Zero Squeezed', 2, 17.32, 34.64]
2025-11-30 08:49:59,577 - INFO - backend.domain.serializer.serializers.order.OrderSerializer - (order.py:146) - ['117803', 'Dr Pepper Bottles', 3, 26.46, 79.38]
2025-11-30 08:49:59,577 - INFO - backend.domain.serializer.serializers.order.OrderSerializer - (order.py:146) - ['121765', 'Coca-Cola Zero Sugar Bottles', 3, 26.46, 79.38]
2025-11-30 08:49:59,577 - INFO - backend.domain.serializer.serializers.order.OrderSerializer - (order.py:146) - ['122366', 'Coca-Cola Mexico Glass Bottles', 1, 32.9, 32.9]
2025-11-30 08:49:59,577 - INFO - backend.domain.serializer.serializers.order.OrderSerializer - (order.py:146) - ['103029', 'Sprite Bottles', 2, 27.58, 55.16]
2025-11-30 08:49:59,580 - INFO - backend.domain.serializer.serializers.order.OrderSerializer - (order.py:146) - ['156120', 'Body Armor - Lyte Peach Mango', 1, 23.31, 23.31]
2025-11-30 08:49:59,581 - INFO - backend.domain.serializer.serializers.order.OrderSerializer - (order.py:146) - ['119826', 'Coca-Cola Bottles', 1, 27.58, 27.58]
2025-11-30 08:49:59,581 - INFO - backend.domain.serializer.serializers.order.OrderSerializer - (order.py:146) - ['121765', 'Coca-Cola Zero Sugar Bottles', 1, 26.46, 26.46]
2025-11-30 08:49:59,581 - INFO - backend.domain.serializer.serializers.order.OrderSerializer - (order.py:146) - ['156184', 'Core Power Protein - Chocolate', 1, 32.55, 32.55]
2025-11-30 08:49:59,581 - INFO - backend.domain.serializer.serializers.order.OrderSerializer - (order.py:146) - ['156182', 'Core Power Protein - Vanilla', 1, 32.55, 32.55]
2025-11-30 08:49:59,581 - INFO - backend.domain.serializer.serializers.order.OrderSerializer - (order.py:146) - ['119827', 'Diet Coke Bottles', 1, 27.58, 27.58]
2025-11-30 08:49:59,581 - INFO - backend.domain.serializer.serializers.order.OrderSerializer - (order.py:146) - ['117803', 'Dr Pepper Bottles', 1, 26.46, 26.46]
2025-11-30 08:49:59,581 - INFO - backend.domain.serializer.serializers.order.OrderSerializer - (order.py:146) - ['117808', 'Dr Pepper Diet Bottles', 1, 26.46, 26.46]
2025-11-30 08:49:59,581 - INFO - backend.domain.serializer.serializers.order.OrderSerializer - (order.py:146) - ['103029', 'Sprite Bottles', 1, 27.58, 27.58]
2025-11-30 08:49:59,581 - INFO - backend.domain.serializer.serializers.order.OrderSerializer - (order.py:146) - ['156091', 'Vitamin Water - Energy', 1, 15.09, 15.09]
2025-11-30 08:49:59,581 - INFO - backend.domain.serializer.serializers.order.OrderSerializer - (order.py:146) - ['156090', 'Vitamin Water - Power C', 1, 16.07, 16.07]
2025-11-30 08:49:59,581 - INFO - backend.domain.serializer.serializers.order.OrderSerializer - (order.py:146) - ['156089', 'Vitamin Water - XXX', 1, 16.07, 16.07]
2025-11-30 08:49:59,585 - INFO - backend.domain.serializer.serializers.order.OrderSerializer - (order.py:146) - ['156111', 'Body Armor - Strawberry Banana', 1, 23.31, 23.31]
2025-11-30 08:49:59,585 - INFO - backend.domain.serializer.serializers.order.OrderSerializer - (order.py:146) - ['119826', 'Coca-Cola Bottles', 2, 27.58, 55.16]
2025-11-30 08:49:59,585 - INFO - backend.domain.serializer.serializers.order.OrderSerializer - (order.py:146) - ['156184', 'Core Power Protein - Chocolate', 1, 32.55, 32.55]
2025-11-30 08:49:59,585 - INFO - backend.domain.serializer.serializers.order.OrderSerializer - (order.py:146) - ['156182', 'Core Power Protein - Vanilla', 1, 32.55, 32.55]
2025-11-30 08:49:59,586 - INFO - backend.domain.serializer.serializers.order.OrderSerializer - (order.py:146) - ['119827', 'Diet Coke Bottles', 2, 27.58, 55.16]
2025-11-30 08:49:59,586 - INFO - backend.domain.serializer.serializers.order.OrderSerializer - (order.py:146) - ['117803', 'Dr Pepper Bottles', 1, 26.46, 26.46]
2025-11-30 08:49:59,586 - INFO - backend.domain.serializer.serializers.order.OrderSerializer - (order.py:146) - ['117808', 'Dr Pepper Diet Bottles', 1, 26.46, 26.46]
2025-11-30 08:49:59,586 - INFO - backend.domain.serializer.serializers.order.OrderSerializer - (order.py:146) - ['132296', 'Smart Water - 23.7oz', 1, 38.56, 38.56]
2025-11-30 08:49:59,586 - INFO - backend.domain.serializer.serializers.order.OrderSerializer - (order.py:146) - ['156090', 'Vitamin Water - Power C', 2, 16.07, 32.14]
2025-11-30 08:49:59,586 - INFO - backend.domain.serializer.serializers.order.OrderSerializer - (order.py:146) - ['156079', 'Vitamin Water - Zero Squeezed', 1, 17.32, 17.32]
2025-11-30 08:49:59,590 - INFO - backend.domain.serializer.serializers.order.OrderSerializer - (order.py:146) - ['156182', 'Core Power Protein - Vanilla', 1, 32.55, 32.55]
2025-11-30 08:49:59,593 - INFO - backend.domain.serializer.serializers.order.OrderSerializer - (order.py:146) - ['119826', 'Coca-Cola Bottles', 3, 27.58, 82.74]
2025-11-30 08:49:59,593 - INFO - backend.domain.serializer.serializers.order.OrderSerializer - (order.py:146) - ['122366', 'Coca-Cola Mexico Glass Bottles', 2, 32.9, 65.8]
2025-11-30 08:49:59,594 - INFO - backend.domain.serializer.serializers.order.OrderSerializer - (order.py:146) - ['121765', 'Coca-Cola Zero Sugar Bottles', 3, 26.46, 79.38]
2025-11-30 08:49:59,594 - INFO - backend.domain.serializer.serializers.order.OrderSerializer - (order.py:146) - ['117808', 'Dr Pepper Diet Bottles', 3, 26.46, 79.38]
2025-11-30 08:49:59,594 - INFO - backend.domain.serializer.serializers.order.OrderSerializer - (order.py:146) - ['132296', 'Smart Water - 23.7oz', 2, 38.56, 77.12]
2025-11-30 08:49:59,594 - INFO - backend.domain.serializer.serializers.order.OrderSerializer - (order.py:146) - ['156079', 'Vitamin Water - Zero Squeezed', 1, 17.32, 17.32]
2025-11-30 08:49:59,594 - INFO - backend.domain.serializer.serializers.order.OrderSerializer - (order.py:146) - ['156089', 'Vitamin Water - XXX', 1, 16.07, 16.07]
2025-11-30 08:49:59,594 - INFO - backend.domain.serializer.serializers.order.OrderSerializer - (order.py:146) - ['156090', 'Vitamin Water - Power C', 1, 16.07, 16.07]
2025-11-30 08:49:59,597 - INFO - backend.domain.serializer.serializers.order.OrderSerializer - (order.py:146) - [None, 'Monin - Toffee Nut', 3, 0, 0]
2025-11-30 08:49:59,597 - INFO - backend.domain.serializer.serializers.order.OrderSerializer - (order.py:146) - [None, 'Monin - Peppermint', 2, 0, 0]
2025-11-30 08:49:59,597 - INFO - backend.domain.serializer.serializers.order.OrderSerializer - (order.py:146) - [None, 'Monin - Caramel Apple Butter', 2, 9, 18]
2025-11-30 08:49:59,600 - INFO - backend.domain.serializer.serializers.order.OrderSerializer - (order.py:146) - [None, 'Monin - Orange', 2, 9, 18]
2025-11-30 08:49:59,600 - INFO - backend.domain.serializer.serializers.order.OrderSerializer - (order.py:146) - [None, 'Monin - Lavender', 2, 0, 0]
2025-11-30 08:49:59,600 - INFO - backend.domain.serializer.serializers.order.OrderSerializer - (order.py:146) - [None, 'Monin - Toasted Marshmallow', 2, 0, 0]
2025-11-30 08:49:59,600 - INFO - backend.domain.serializer.serializers.order.OrderSerializer - (order.py:146) - [None, 'Monin - Cookie Butter', 4, 0, 0]
2025-11-30 08:49:59,600 - INFO - backend.domain.serializer.serializers.order.OrderSerializer - (order.py:146) - [None, 'Monin - Caramel Apple Butter', 3, 6.75, 20.25]
2025-11-30 08:49:59,600 - INFO - backend.domain.serializer.serializers.order.OrderSerializer - (order.py:146) - [None, 'Monin - Turmeric', 1, 0, 0]
2025-11-30 08:49:59,604 - INFO - backend.domain.serializer.serializers.order.OrderSerializer - (order.py:146) - [None, 'Monin - Cookie Butter', 1, 0, 0]
2025-11-30 08:49:59,604 - INFO - backend.domain.serializer.serializers.order.OrderSerializer - (order.py:146) - [None, 'Monin - Peppermint', 1, 0, 0]
2025-11-30 08:49:59,605 - INFO - backend.domain.serializer.serializers.order.OrderSerializer - (order.py:146) - [None, 'Monin - Toasted Marshmallow', 1, 0, 0]
2025-11-30 08:49:59,605 - INFO - backend.domain.serializer.serializers.order.OrderSerializer - (order.py:146) - [None, 'Monin - Toffee Nut', 1, 0, 0]
2025-11-30 08:49:59,609 - INFO - backend.domain.serializer.serializers.order.OrderSerializer - (order.py:146) - [None, 'Monin - Caramel Apple Butter', 1, 9, 9]
2025-11-30 08:49:59,609 - INFO - backend.domain.serializer.serializers.order.OrderSerializer - (order.py:146) - [None, 'Monin - Cookie Butter', 1, 0, 0]
2025-11-30 08:49:59,609 - INFO - backend.domain.serializer.serializers.order.OrderSerializer - (order.py:146) - [None, 'Monin - Hazelnut', 1, 0, 0]
2025-11-30 08:49:59,609 - INFO - backend.domain.serializer.serializers.order.OrderSerializer - (order.py:146) - [None, 'Monin - Lavender', 1, 0, 0]
2025-11-30 08:49:59,609 - INFO - backend.domain.serializer.serializers.order.OrderSerializer - (order.py:146) - [None, 'Monin - Toffee Nut', 2, 0, 0]
2025-11-30 08:49:59,609 - INFO - backend.domain.serializer.serializers.order.OrderSerializer - (order.py:146) - [None, 'Monin - Vanilla Sugar Free', 1, 0, 0]
2025-11-30 08:49:59,612 - INFO - backend.domain.serializer.serializers.order.OrderSerializer - (order.py:146) - [None, 'Monin - Cranberry', 3, 0, 0]
2025-11-30 08:49:59,613 - INFO - backend.domain.serializer.serializers.order.OrderSerializer - (order.py:146) - [None, 'Monin - Peppermint', 4, 6.75, 27]
2025-11-30 08:49:59,616 - INFO - backend.domain.serializer.serializers.order.OrderSerializer - (order.py:146) - [None, 'Monin - Caramel Apple Butter', 2, 9, 18]
2025-11-30 08:49:59,616 - INFO - backend.domain.serializer.serializers.order.OrderSerializer - (order.py:146) - [None, 'Monin - Cookie Butter', 3, 0, 0]
2025-11-30 08:49:59,616 - INFO - backend.domain.serializer.serializers.order.OrderSerializer - (order.py:146) - [None, 'Monin - Cranberry', 1, 0, 0]
2025-11-30 08:49:59,616 - INFO - backend.domain.serializer.serializers.order.OrderSerializer - (order.py:146) - [None, 'Monin - Hazelnut', 1, 0, 0]
2025-11-30 08:49:59,616 - INFO - backend.domain.serializer.serializers.order.OrderSerializer - (order.py:146) - [None, 'Monin - Lavender', 1, 0, 0]
2025-11-30 08:49:59,616 - INFO - backend.domain.serializer.serializers.order.OrderSerializer - (order.py:146) - [None, 'Monin - Orange', 1, 6.75, 6.75]
2025-11-30 08:49:59,617 - INFO - backend.domain.serializer.serializers.order.OrderSerializer - (order.py:146) - [None, 'Monin - Peppermint', 1, 6.75, 6.75]
2025-11-30 08:49:59,617 - INFO - backend.domain.serializer.serializers.order.OrderSerializer - (order.py:146) - [None, 'Monin - Toasted Marshmallow', 2, 0, 0]
2025-11-30 08:49:59,617 - INFO - backend.domain.serializer.serializers.order.OrderSerializer - (order.py:146) - [None, 'Monin - Toffee Nut', 3, 0, 0]
2025-11-30 08:49:59,617 - INFO - backend.domain.serializer.serializers.order.OrderSerializer - (order.py:146) - [None, 'Monin - Turmeric', 2, 0, 0]
2025-11-30 08:49:59,617 - INFO - backend.domain.serializer.serializers.order.OrderSerializer - (order.py:146) - [None, 'Monin - Vanilla Sugar Free', 2, 0, 0]
2025-11-30 08:49:59,621 - INFO - backend.domain.serializer.serializers.order.OrderSerializer - (order.py:146) - [None, 'Copper Horse - Warhorse Blend (12oz)', 6, 11.49, 68.94]
2025-11-30 08:49:59,621 - INFO - backend.domain.serializer.serializers.order.OrderSerializer - (order.py:146) - ['12 oz Clocktower Espresso', 'Copper Horse - Clocktower Espresso (12oz)', 4, 11.49, 45.96]
2025-11-30 08:49:59,621 - INFO - backend.domain.serializer.serializers.order.OrderSerializer - (order.py:146) - [None, 'Copper Horse - Carriage House Blend (12oz)', 7, 11.49, 80.43]
2025-11-30 08:49:59,621 - INFO - backend.domain.serializer.serializers.order.OrderSerializer - (order.py:146) - [None, 'Copper Horse - Sleigh Bells (12oz)', 6, 11.49, 68.94]
2025-11-30 08:49:59,624 - INFO - backend.domain.serializer.serializers.order.OrderSerializer - (order.py:146) - [None, 'Copper Horse - Coffee Crush (12oz)', 3, 9.79, 29.37]
2025-11-30 08:49:59,625 - INFO - backend.domain.serializer.serializers.order.OrderSerializer - (order.py:146) - [None, 'Copper Horse - Rumble Pony (12oz)', 2, 11.49, 22.98]
2025-11-30 08:49:59,625 - INFO - backend.domain.serializer.serializers.order.OrderSerializer - (order.py:146) - [None, 'Copper Horse - Sleigh Bells (12oz)', 1, 9.79, 9.79]
2025-11-30 08:49:59,625 - INFO - backend.domain.serializer.serializers.order.OrderSerializer - (order.py:146) - [None, 'Copper Horse - Sumantra Lake Tawar (12oz)', 1, 10.89, 10.89]
2025-11-30 08:49:59,625 - INFO - backend.domain.serializer.serializers.order.OrderSerializer - (order.py:146) - [None, 'Copper Horse - Tanzania (12oz)', 1, 11.49, 11.49]
2025-11-30 08:49:59,628 - INFO - backend.domain.serializer.serializers.order.OrderSerializer - (order.py:146) - [None, 'Copper Horse - Warhorse 5lb', 2, 57.99, 115.98]
2025-11-30 08:49:59,631 - INFO - backend.domain.serializer.serializers.order.OrderSerializer - (order.py:146) - ['12 oz Clocktower Espresso', 'Copper Horse - Clocktower Espresso (12oz)', 1, 10.89, 10.89]
2025-11-30 08:49:59,631 - INFO - backend.domain.serializer.serializers.order.OrderSerializer - (order.py:146) - [None, 'Copper Horse - Sleigh Bells (12oz)', 3, 11.49, 34.47]
2025-11-30 08:49:59,633 - INFO - backend.domain.serializer.serializers.order.OrderSerializer - (order.py:146) - ['456090', 'Employee Water', 30, 2.93, 87.9]
2025-11-30 08:49:59,637 - INFO - backend.domain.serializer.serializers.order.OrderSerializer - (order.py:146) - ['332126', 'Pepitas - Bulk', 1, 68.47, 68.47]
2025-11-30 08:49:59,637 - INFO - backend.domain.serializer.serializers.order.OrderSerializer - (order.py:146) - ['462702', 'Pobble Bubble Tea - Berry Hibiscus', 1, 24.6, 24.6]
2025-11-30 08:49:59,637 - INFO - backend.domain.serializer.serializers.order.OrderSerializer - (order.py:146) - ['462700', 'Pobble Bubble Tea - Mango Red Dragon', 1, 50.6, 50.6]
2025-11-30 08:49:59,641 - INFO - backend.domain.serializer.serializers.order.OrderSerializer - (order.py:146) - ['514262', "Joe's Snack Mix - Cheddar", 1, 49.96, 49.96]
2025-11-30 08:49:59,644 - INFO - backend.domain.serializer.serializers.order.OrderSerializer - (order.py:146) - ['10400', 'Equal Exchange - One World', 2, 83.5, 167]
2025-11-30 08:49:59,644 - INFO - backend.domain.serializer.serializers.order.OrderSerializer - (order.py:146) - ['10025', 'Equal Exchange - Breakfast Blend, Decaf', 3, 106, 318]
2025-11-30 08:49:59,644 - INFO - backend.domain.serializer.serializers.order.OrderSerializer - (order.py:146) - ['10034', 'Equal Exchange - Black Silk Espresso', 5, 83.5, 417.5]
2025-11-30 08:49:59,644 - INFO - backend.domain.serializer.serializers.order.OrderSerializer - (order.py:146) - ['17013', 'Equal Exchange - Love Buzz 12 oz', 1, 56.7, 56.7]
2025-11-30 08:49:59,645 - INFO - backend.domain.serializer.serializers.order.OrderSerializer - (order.py:146) - ['13310', 'Tea Bags - Peppermint (Equal Exchange)', 1, 19.2, 19.2]
2025-11-30 08:49:59,645 - INFO - backend.domain.serializer.serializers.order.OrderSerializer - (order.py:146) - ['18300', 'Equal Exchange - Org. Milk Chocolate', 1, 38.4, 38.4]
2025-11-30 08:49:59,648 - INFO - backend.domain.serializer.serializers.order.OrderSerializer - (order.py:146) - ['10034', 'Equal Exchange - Black Silk Espresso', 6, 83.5, 501]
2025-11-30 08:49:59,648 - INFO - backend.domain.serializer.serializers.order.OrderSerializer - (order.py:146) - ['10400', 'Equal Exchange - One World', 4, 83.5, 334]
2025-11-30 08:49:59,648 - INFO - backend.domain.serializer.serializers.order.OrderSerializer - (order.py:146) - ['10403', 'Equal Exchange - Cold Brew', 1, 83.5, 83.5]
2025-11-30 08:49:59,648 - INFO - backend.domain.serializer.serializers.order.OrderSerializer - (order.py:146) - ['10029', 'Equal Exchange - Espresso, Decaf', 1, 106, 106]
2025-11-30 08:49:59,648 - INFO - backend.domain.serializer.serializers.order.OrderSerializer - (order.py:146) - ['40304', 'Filter - Coffee', 1, 17.5, 17.5]
2025-11-30 08:49:59,648 - INFO - backend.domain.serializer.serializers.order.OrderSerializer - (order.py:146) - ['41513', 'Filter - Cold Brew (Silk)', 1, 16.99, 16.99]
2025-11-30 08:49:59,651 - INFO - backend.domain.serializer.serializers.order.OrderSerializer - (order.py:146) - ['10034', 'Equal Exchange - Black Silk Espresso', 3, 83.5, 250.5]
2025-11-30 08:49:59,651 - INFO - backend.domain.serializer.serializers.order.OrderSerializer - (order.py:146) - ['10403', 'Equal Exchange - Cold Brew', 1, 83.5, 83.5]
2025-11-30 08:49:59,651 - INFO - backend.domain.serializer.serializers.order.OrderSerializer - (order.py:146) - ['10400', 'Equal Exchange - One World', 3, 83.5, 250.5]
2025-11-30 08:49:59,655 - INFO - backend.domain.serializer.serializers.order.OrderSerializer - (order.py:146) - ['10034', 'Equal Exchange - Black Silk Espresso', 3, 83.5, 250.5]
2025-11-30 08:49:59,655 - INFO - backend.domain.serializer.serializers.order.OrderSerializer - (order.py:146) - ['10029', 'Equal Exchange - Espresso, Decaf', 1, 106, 106]
2025-11-30 08:49:59,656 - INFO - backend.domain.serializer.serializers.order.OrderSerializer - (order.py:146) - ['10018', 'Equal Exchange - Love Buzz', 2, 83.5, 167]
2025-11-30 08:49:59,656 - INFO - backend.domain.serializer.serializers.order.OrderSerializer - (order.py:146) - ['10400', 'Equal Exchange - One World', 2, 83.5, 167]
2025-11-30 08:49:59,659 - INFO - backend.domain.serializer.serializers.order.OrderSerializer - (order.py:146) - ['10400', 'Equal Exchange - One World', 3, 83.5, 250.5]
2025-11-30 08:49:59,659 - INFO - backend.domain.serializer.serializers.order.OrderSerializer - (order.py:146) - ['10403', 'Equal Exchange - Cold Brew', 1, 83.5, 83.5]
2025-11-30 08:49:59,659 - INFO - backend.domain.serializer.serializers.order.OrderSerializer - (order.py:146) - ['10034', 'Equal Exchange - Black Silk Espresso', 2, 83.5, 167]
2025-11-30 08:49:59,662 - INFO - backend.domain.serializer.serializers.order.OrderSerializer - (order.py:146) - ['40301', '14x5 PBVSA Filter', 1, 15, 15]
2025-11-30 08:49:59,663 - INFO - backend.domain.serializer.serializers.order.OrderSerializer - (order.py:146) - ['10034', 'Equal Exchange - Black Silk Espresso', 3, 83.5, 250.5]
2025-11-30 08:49:59,663 - INFO - backend.domain.serializer.serializers.order.OrderSerializer - (order.py:146) - ['10025', 'Equal Exchange - Breakfast Blend, Decaf', 1, 106, 106]
2025-11-30 08:49:59,666 - INFO - backend.domain.serializer.serializers.order.OrderSerializer - (order.py:146) - [None, 'Hazelnut Coffee (Grounded, Bulk)', 20, 54.9, 1098]
2025-11-30 08:49:59,669 - INFO - backend.domain.serializer.serializers.order.OrderSerializer - (order.py:146) - ['001023', 'Ithaca Yogurt - Vanilla', 1, 14.5, 14.5]
2025-11-30 08:49:59,669 - INFO - backend.domain.serializer.serializers.order.OrderSerializer - (order.py:146) - ['003012', 'Red Jacket - Strawberry/Apple 32oz', 1, 25.95, 25.95]
2025-11-30 08:49:59,669 - INFO - backend.domain.serializer.serializers.order.OrderSerializer - (order.py:146) - ['003003', 'Red Jacket - Fuji Apple', 1, 11.25, 11.25]
2025-11-30 08:49:59,669 - INFO - backend.domain.serializer.serializers.order.OrderSerializer - (order.py:146) - ['004015', "Natalie's - Strawberry Lemonade", 1, 9.25, 9.25]
2025-11-30 08:49:59,669 - INFO - backend.domain.serializer.serializers.order.OrderSerializer - (order.py:146) - ['004038', "Natalie's - Orange Mango", 2, 13, 26]
2025-11-30 08:49:59,669 - INFO - backend.domain.serializer.serializers.order.OrderSerializer - (order.py:146) - ['004021', "Natalie's - Orange Juice", 2, 23.75, 47.5]
2025-11-30 08:49:59,669 - INFO - backend.domain.serializer.serializers.order.OrderSerializer - (order.py:146) - ['004061', "Natalie's - Honey Tangerine", 2, 14, 28]
2025-11-30 08:49:59,673 - INFO - backend.domain.serializer.serializers.order.OrderSerializer - (order.py:146) - ['004051', "Natalie's - Grapefruit", 3, 13.25, 39.75]
2025-11-30 08:49:59,673 - INFO - backend.domain.serializer.serializers.order.OrderSerializer - (order.py:146) - ['004061', "Natalie's - Honey Tangerine", 1, 14, 14]
2025-11-30 08:49:59,674 - INFO - backend.domain.serializer.serializers.order.OrderSerializer - (order.py:146) - ['004011', "Natalie's - Lemonade", 2, 9.25, 18.5]
2025-11-30 08:49:59,674 - INFO - backend.domain.serializer.serializers.order.OrderSerializer - (order.py:146) - [None, "Natalie's - Orange Juice", 3, 23.75, 71.25]
2025-11-30 08:49:59,674 - INFO - backend.domain.serializer.serializers.order.OrderSerializer - (order.py:146) - ['004038', "Natalie's - Orange Mango", 3, 13, 39]
2025-11-30 08:49:59,674 - INFO - backend.domain.serializer.serializers.order.OrderSerializer - (order.py:146) - ['004039', "Natalie's - Orange Pineapple", 3, 13, 39]
2025-11-30 08:49:59,674 - INFO - backend.domain.serializer.serializers.order.OrderSerializer - (order.py:146) - ['004015', "Natalie's - Strawberry Lemonade", 3, 9.25, 27.75]
2025-11-30 08:49:59,674 - INFO - backend.domain.serializer.serializers.order.OrderSerializer - (order.py:146) - ['003003', 'Red Jacket - Fuji Apple', 3, 11.25, 33.75]
2025-11-30 08:49:59,677 - INFO - backend.domain.serializer.serializers.order.OrderSerializer - (order.py:146) - ['003021', 'Apple Cider (Gal)', 4, 24, 96]
2025-11-30 08:49:59,677 - INFO - backend.domain.serializer.serializers.order.OrderSerializer - (order.py:146) - ['004038', "Natalie's - Orange Mango", 1, 13, 13]
2025-11-30 08:49:59,680 - INFO - backend.domain.serializer.serializers.order.OrderSerializer - (order.py:146) - ['003021', 'Apple Cider (Gal)', 1, 24, 24]
2025-11-30 08:49:59,680 - INFO - backend.domain.serializer.serializers.order.OrderSerializer - (order.py:146) - ['HS105', 'Harney & Sons - CRUISE', 1, 40, 40]
2025-11-30 08:49:59,680 - INFO - backend.domain.serializer.serializers.order.OrderSerializer - (order.py:146) - ['HS103', 'Harney & Sons - REST', 1, 40, 40]
2025-11-30 08:49:59,681 - INFO - backend.domain.serializer.serializers.order.OrderSerializer - (order.py:146) - ['004051', "Natalie's - Grapefruit", 1, 13.25, 13.25]
2025-11-30 08:49:59,681 - INFO - backend.domain.serializer.serializers.order.OrderSerializer - (order.py:146) - [None, "Natalie's - Orange Juice", 1, 23.75, 23.75]
2025-11-30 08:49:59,681 - INFO - backend.domain.serializer.serializers.order.OrderSerializer - (order.py:146) - ['004038', "Natalie's - Orange Mango", 2, 13, 26]
2025-11-30 08:49:59,681 - INFO - backend.domain.serializer.serializers.order.OrderSerializer - (order.py:146) - ['004039', "Natalie's - Orange Pineapple", 1, 13, 13]
2025-11-30 08:49:59,681 - INFO - backend.domain.serializer.serializers.order.OrderSerializer - (order.py:146) - ['004015', "Natalie's - Strawberry Lemonade", 1, 9.25, 9.25]
2025-11-30 08:49:59,681 - INFO - backend.domain.serializer.serializers.order.OrderSerializer - (order.py:146) - ['003003', 'Red Jacket - Fuji Apple', 1, 11.25, 11.25]
2025-11-30 08:49:59,681 - INFO - backend.domain.serializer.serializers.order.OrderSerializer - (order.py:146) - ['003004', 'Red Jacket - Rasp/Apple', 3, 11.25, 33.75]
2025-11-30 08:49:59,681 - INFO - backend.domain.serializer.serializers.order.OrderSerializer - (order.py:146) - ['003005', 'Red Jacket - Strawberry (12oz)', 2, 11.25, 22.5]
2025-11-30 08:49:59,684 - INFO - backend.domain.serializer.serializers.order.OrderSerializer - (order.py:146) - ['003021', 'Apple Cider (Gal)', 2, 24, 48]
2025-11-30 08:49:59,684 - INFO - backend.domain.serializer.serializers.order.OrderSerializer - (order.py:146) - ['004051', "Natalie's - Grapefruit", 2, 13.25, 26.5]
2025-11-30 08:49:59,684 - INFO - backend.domain.serializer.serializers.order.OrderSerializer - (order.py:146) - ['004011', "Natalie's - Lemonade", 1, 9.25, 9.25]
2025-11-30 08:49:59,684 - INFO - backend.domain.serializer.serializers.order.OrderSerializer - (order.py:146) - ['004021', "Natalie's - Orange Juice", 2, 23.75, 47.5]
2025-11-30 08:49:59,685 - INFO - backend.domain.serializer.serializers.order.OrderSerializer - (order.py:146) - ['004038', "Natalie's - Orange Mango", 2, 13, 26]
2025-11-30 08:49:59,685 - INFO - backend.domain.serializer.serializers.order.OrderSerializer - (order.py:146) - ['004039', "Natalie's - Orange Pineapple", 1, 13, 13]
2025-11-30 08:49:59,685 - INFO - backend.domain.serializer.serializers.order.OrderSerializer - (order.py:146) - ['003004', 'Red Jacket - Rasp/Apple', 1, 11.25, 11.25]
2025-11-30 08:49:59,685 - INFO - backend.domain.serializer.serializers.order.OrderSerializer - (order.py:146) - ['003005', 'Red Jacket - Strawberry (12oz)', 1, 11.25, 11.25]
2025-11-30 08:49:59,685 - INFO - backend.domain.serializer.serializers.order.OrderSerializer - (order.py:146) - ['003003', 'Red Jacket - Fuji Apple', 1, 11.25, 11.25]
2025-11-30 08:49:59,691 - INFO - backend.domain.serializer.serializers.order.OrderSerializer - (order.py:146) - ['INPSDR0120ITHACABAKERY', 'Cup - Hot (12oz)', 1, 62.78, 62.78]
2025-11-30 08:49:59,691 - INFO - backend.domain.serializer.serializers.order.OrderSerializer - (order.py:146) - ['DUO71010', 'Bag - Paper (10#)', 1, 17.6, 17.6]
2025-11-30 08:49:59,691 - INFO - backend.domain.serializer.serializers.order.OrderSerializer - (order.py:146) - ['SMTSM2PIKN', 'Napkin - Dispenser', 2, 30.94, 61.88]
2025-11-30 08:49:59,691 - INFO - backend.domain.serializer.serializers.order.OrderSerializer - (order.py:146) - ['DUSSK5', 'Knife - Smart Stock', 1, 45.32, 45.32]
2025-11-30 08:49:59,694 - INFO - backend.domain.serializer.serializers.order.OrderSerializer - (order.py:146) - ['INLSLP17XD', 'Container - Plastic Eclair', 1, 72.89, 72.89]
2025-11-30 08:49:59,694 - INFO - backend.domain.serializer.serializers.order.OrderSerializer - (order.py:146) - ['7G084018', 'Bag Poly - 8x4x18 LW', 1, 29.31, 29.31]
2025-11-30 08:49:59,697 - INFO - backend.domain.serializer.serializers.order.OrderSerializer - (order.py:146) - ['INPSDR0200ITHACABAKERY', 'Cup - Hot (20oz)', 1, 83.13, 83.13]
2025-11-30 08:49:59,698 - INFO - backend.domain.serializer.serializers.order.OrderSerializer - (order.py:146) - ['INPSDR0160ITHACABAKERY', 'Cup - Hot (16oz)', 1, 70.09, 70.09]
2025-11-30 08:49:59,698 - INFO - backend.domain.serializer.serializers.order.OrderSerializer - (order.py:146) - ['DIXDUSSF5', 'Fork - Smart Stock', 1, 45.32, 45.32]
2025-11-30 08:49:59,698 - INFO - backend.domain.serializer.serializers.order.OrderSerializer - (order.py:146) - ['DUSSK5', 'Knife - Smart Stock', 1, 45.32, 45.32]
2025-11-30 08:49:59,698 - INFO - backend.domain.serializer.serializers.order.OrderSerializer - (order.py:146) - ['DIXDUSST5', 'Spoon - Smart Stock', 1, 53.32, 53.32]
2025-11-30 08:49:59,698 - INFO - backend.domain.serializer.serializers.order.OrderSerializer - (order.py:146) - ['DUO71010', 'Bag - Paper (10#)', 1, 17.6, 17.6]
2025-11-30 08:49:59,701 - INFO - backend.domain.serializer.serializers.order.OrderSerializer - (order.py:146) - ['INPLCRS32', 'Lid Cold Flat - 32oz', 1, 66.63, 66.63]
2025-11-30 08:49:59,701 - INFO - backend.domain.serializer.serializers.order.OrderSerializer - (order.py:146) - ['INPSDR0200ITHACABAKERY', 'Cup - Hot (20oz)', 1, 83.13, 83.13]
2025-11-30 08:49:59,701 - INFO - backend.domain.serializer.serializers.order.OrderSerializer - (order.py:146) - ['764804', '48 SparClean Dish Manual', 1, 73.62, 73.62]
2025-11-30 08:49:59,702 - INFO - backend.domain.serializer.serializers.order.OrderSerializer - (order.py:146) - ['AVLJNA26W', 'Straws - Wrapped', 1, 59.31, 59.31]
2025-11-30 08:49:59,702 - INFO - backend.domain.serializer.serializers.order.OrderSerializer - (order.py:146) - ['DUO71006', 'Bag - Paper (6#)', 5, 12.78, 63.9]
2025-11-30 08:49:59,702 - INFO - backend.domain.serializer.serializers.order.OrderSerializer - (order.py:146) - ['DIXDUSSF5', 'Fork - Smart Stock', 1, 45.32, 45.32]
2025-11-30 08:49:59,702 - INFO - backend.domain.serializer.serializers.order.OrderSerializer - (order.py:146) - ['NPP406028', 'Fork - White HW', 1, 14.84, 14.84]
2025-11-30 08:49:59,702 - INFO - backend.domain.serializer.serializers.order.OrderSerializer - (order.py:146) - ['SMTSM2PIKN', 'Napkin - Dispenser', 2, 30.94, 61.88]
2025-11-30 08:49:59,706 - INFO - backend.domain.serializer.serializers.order.OrderSerializer - (order.py:146) - ['DUO71010', 'Bag - Paper (10#)', 1, 17.6, 17.6]
2025-11-30 08:49:59,706 - INFO - backend.domain.serializer.serializers.order.OrderSerializer - (order.py:146) - ['INPSDR0120ITHACABAKERY', 'Cup - Hot (12oz)', 2, 62.78, 125.56]
2025-11-30 08:49:59,706 - INFO - backend.domain.serializer.serializers.order.OrderSerializer - (order.py:146) - ['INPSDR0200ITHACABAKERY', 'Cup - Hot (20oz)', 1, 83.13, 83.13]
2025-11-30 08:49:59,706 - INFO - backend.domain.serializer.serializers.order.OrderSerializer - (order.py:146) - ['DUSSK5', 'Knife - Smart Stock', 1, 45.32, 45.32]
2025-11-30 08:49:59,706 - INFO - backend.domain.serializer.serializers.order.OrderSerializer - (order.py:146) - ['SMTSM2PIKN', 'Napkin - Dispenser', 2, 30.94, 61.88]
2025-11-30 08:49:59,709 - INFO - backend.domain.serializer.serializers.order.OrderSerializer - (order.py:146) - ['chop', 'Milk - Chocolate (12/16oz)', 3, 16.2, 48.6]
2025-11-30 08:49:59,709 - INFO - backend.domain.serializer.serializers.order.OrderSerializer - (order.py:146) - ['choqt', 'Milk - Chocolate (9/32oz)', 1, 16.65, 16.65]
2025-11-30 08:49:59,712 - INFO - backend.domain.serializer.serializers.order.OrderSerializer - (order.py:146) - ['twog', 'Milk - 2%', 12, 16.08, 192.96]
2025-11-30 08:49:59,713 - INFO - backend.domain.serializer.serializers.order.OrderSerializer - (order.py:146) - ['wholeg', 'Milk - Whole', 2, 16.08, 32.16]
2025-11-30 08:49:59,713 - INFO - backend.domain.serializer.serializers.order.OrderSerializer - (order.py:146) - ['skimg', 'Milk - Skim', 2, 15.56, 31.12]
2025-11-30 08:49:59,713 - INFO - backend.domain.serializer.serializers.order.OrderSerializer - (order.py:146) - ['chop', 'Milk - Chocolate (12/16oz)', 1, 16.2, 16.2]
2025-11-30 08:49:59,716 - INFO - backend.domain.serializer.serializers.order.OrderSerializer - (order.py:146) - ['twog', 'Milk - 2%', 10, 16.08, 160.8]
2025-11-30 08:49:59,716 - INFO - backend.domain.serializer.serializers.order.OrderSerializer - (order.py:146) - ['chop', 'Milk - Chocolate (12/16oz)', 2, 16.2, 32.4]
2025-11-30 08:49:59,716 - INFO - backend.domain.serializer.serializers.order.OrderSerializer - (order.py:146) - ['skimg', 'Milk - Skim', 1, 15.56, 15.56]
2025-11-30 08:49:59,716 - INFO - backend.domain.serializer.serializers.order.OrderSerializer - (order.py:146) - ['wholeg', 'Milk - Whole', 1, 16.08, 16.08]
2025-11-30 08:49:59,720 - INFO - backend.domain.serializer.serializers.order.OrderSerializer - (order.py:146) - ['twog', 'Milk - 2%', 10, 16.08, 160.8]
2025-11-30 08:49:59,720 - INFO - backend.domain.serializer.serializers.order.OrderSerializer - (order.py:146) - ['twop', 'Milk - 2% (12/16oz)', 2, 15, 30]
2025-11-30 08:49:59,720 - INFO - backend.domain.serializer.serializers.order.OrderSerializer - (order.py:146) - ['chop', 'Milk - Chocolate (12/16oz)', 2, 16.2, 32.4]
2025-11-30 08:49:59,720 - INFO - backend.domain.serializer.serializers.order.OrderSerializer - (order.py:146) - ['skimg', 'Milk - Skim', 2, 15.56, 31.12]
2025-11-30 08:49:59,720 - INFO - backend.domain.serializer.serializers.order.OrderSerializer - (order.py:146) - ['wholeg', 'Milk - Whole', 1, 16.08, 16.08]
2025-11-30 08:49:59,724 - INFO - backend.domain.serializer.serializers.order.OrderSerializer - (order.py:146) - ['twog', 'Milk - 2%', 10, 16.08, 160.8]
2025-11-30 08:49:59,725 - INFO - backend.domain.serializer.serializers.order.OrderSerializer - (order.py:146) - ['wholeg', 'Milk - Whole', 2, 16.08, 32.16]
2025-11-30 08:49:59,725 - INFO - backend.domain.serializer.serializers.order.OrderSerializer - (order.py:146) - ['skimg', 'Milk - Skim', 2, 15.56, 31.12]
2025-11-30 08:49:59,725 - INFO - backend.domain.serializer.serializers.order.OrderSerializer - (order.py:146) - ['chop', 'Milk - Chocolate (12/16oz)', 2, 16.2, 32.4]
2025-11-30 08:49:59,728 - INFO - backend.domain.serializer.serializers.order.OrderSerializer - (order.py:146) - ['14141', 'Chocolate Covered Nibs', 1, 175.86, 175.86]
2025-11-30 08:49:59,746 - INFO - backend.domain.serializer.serializers.order.OrderSerializer - (order.py:146) - ['Casa/RH', 'Smoked Salmon (Sliced)', 2, 85.85, 171.7]
2025-11-30 08:49:59,746 - INFO - backend.domain.serializer.serializers.order.OrderSerializer - (order.py:146) - ['EC', 'Kilogram Chai Concentrate', 1, 86.1, 86.1]
2025-11-30 08:49:59,746 - INFO - backend.domain.serializer.serializers.order.OrderSerializer - (order.py:146) - ['vermont', 'Maple Syrup (pure)', 2, 42, 84]
2025-11-30 08:49:59,746 - INFO - backend.domain.serializer.serializers.order.OrderSerializer - (order.py:146) - [None, 'Hazelnut Coffee (Grounded, Bulk)', 2, 38, 76]
2025-11-30 08:49:59,746 - INFO - backend.domain.serializer.serializers.order.OrderSerializer - (order.py:146) - ['Web/EC', 'Torani - Caramel Sauce', 4, 0, 0]
2025-11-30 08:49:59,746 - INFO - backend.domain.serializer.serializers.order.OrderSerializer - (order.py:146) - ['Web/EC', 'Torani - Dark Chocolate Sauce', 7, 0, 0]
2025-11-30 08:49:59,746 - INFO - backend.domain.serializer.serializers.order.OrderSerializer - (order.py:146) - [None, 'Torani - White Chocolate Sauce', 1, 0, 0]
2025-11-30 08:49:59,746 - INFO - backend.domain.serializer.serializers.order.OrderSerializer - (order.py:146) - ['Webtaurant', 'Container - Deli (16oz)', 4, 2.73, 10.92]
2025-11-30 08:49:59,746 - INFO - backend.domain.serializer.serializers.order.OrderSerializer - (order.py:146) - ['John/Rein', 'Lid - Deli (6/32oz)', 6, 1.63, 9.78]
2025-11-30 08:49:59,746 - INFO - backend.domain.serializer.serializers.order.OrderSerializer - (order.py:146) - [None, 'Peanut Butter - Creamy', 2, 0, 0]
2025-11-30 08:49:59,746 - INFO - backend.domain.serializer.serializers.order.OrderSerializer - (order.py:146) - [None, 'Java Box (96oz)', 1, 83.29, 83.29]
2025-11-30 08:49:59,747 - INFO - backend.domain.serializer.serializers.order.OrderSerializer - (order.py:146) - [None, 'Java Box (160oz)', 1, 92.59, 92.59]
2025-11-30 08:49:59,747 - INFO - backend.domain.serializer.serializers.order.OrderSerializer - (order.py:146) - [None, 'Container - Plastic Clamshell (6")', 2, 0, 0]
2025-11-30 08:49:59,747 - INFO - backend.domain.serializer.serializers.order.OrderSerializer - (order.py:146) - ['H&M/JP', 'Scrubbies - Steel', 1, 8.09, 8.09]
2025-11-30 08:49:59,747 - INFO - backend.domain.serializer.serializers.order.OrderSerializer - (order.py:146) - ['H&M', 'Lid - Portion (3.25oz)', 1, 2.81, 2.81]
2025-11-30 08:49:59,747 - INFO - backend.domain.serializer.serializers.order.OrderSerializer - (order.py:146) - ['sleeve', 'Cup - Portion (3.25oz)', 1, 5.23, 5.23]
2025-11-30 08:49:59,747 - INFO - backend.domain.serializer.serializers.order.OrderSerializer - (order.py:146) - ['H&M/JP', 'Cup - Portion (2oz)', 1, 2.77, 2.77]
2025-11-30 08:49:59,747 - INFO - backend.domain.serializer.serializers.order.OrderSerializer - (order.py:146) - ['HILLCREST', 'FRZ Fruit - Mango', 1, 51.43, 51.43]
2025-11-30 08:49:59,747 - INFO - backend.domain.serializer.serializers.order.OrderSerializer - (order.py:146) - ["Grandma's", "Grandma's Coffee Cake - Banana Walnut", 1, 18.35, 18.35]
2025-11-30 08:49:59,747 - INFO - backend.domain.serializer.serializers.order.OrderSerializer - (order.py:146) - ["Grandma's", "Grandma's Coffee Cake - Blueberry", 1, 18.35, 18.35]
2025-11-30 08:49:59,747 - INFO - backend.domain.serializer.serializers.order.OrderSerializer - (order.py:146) - ["Grandma's", "Grandma's Coffee Cake - Lemon Poppy", 1, 18.35, 18.35]
2025-11-30 08:49:59,747 - INFO - backend.domain.serializer.serializers.order.OrderSerializer - (order.py:146) - [None, 'Mop Head Cut (White)', 1, 0, 0]
2025-11-30 08:49:59,747 - INFO - backend.domain.serializer.serializers.order.OrderSerializer - (order.py:146) - ['Webstaurant', 'Container - Soup (16oz)', 2, 5.22, 10.44]
2025-11-30 08:49:59,747 - INFO - backend.domain.serializer.serializers.order.OrderSerializer - (order.py:146) - [None, 'Plate - Paper (7")', 1, 4.81, 4.81]
2025-11-30 08:49:59,748 - INFO - backend.domain.serializer.serializers.order.OrderSerializer - (order.py:146) - [None, 'Bag - Poly (Retail Portion)', 1, 19.29, 19.29]
2025-11-30 08:49:59,748 - INFO - backend.domain.serializer.serializers.order.OrderSerializer - (order.py:146) - ['Palmer/Sysco', 'Jam - Strawberry', 1, 0, 0]
2025-11-30 08:49:59,748 - INFO - backend.domain.serializer.serializers.order.OrderSerializer - (order.py:146) - ['H&M', 'Wrap - Paper (15" x 10.75")', 2, 5.97, 11.94]
2025-11-30 08:49:59,748 - INFO - backend.domain.serializer.serializers.order.OrderSerializer - (order.py:146) - [None, 'Tea Bags - Irish Breakfast (Twinings)', 4, 3.48, 13.92]
2025-11-30 08:49:59,748 - INFO - backend.domain.serializer.serializers.order.OrderSerializer - (order.py:146) - ['JadeLeaf', 'Matcha - Jade Leaf', 2, 44.07, 88.14]
2025-11-30 08:49:59,748 - INFO - backend.domain.serializer.serializers.order.OrderSerializer - (order.py:146) - [None, 'Hot Chocolate (Bulk)', 1, 0, 0]
2025-11-30 08:49:59,748 - INFO - backend.domain.serializer.serializers.order.OrderSerializer - (order.py:146) - ['H&M', 'Cup - Hot (8oz)', 7, 0, 0]
2025-11-30 08:49:59,748 - INFO - backend.domain.serializer.serializers.order.OrderSerializer - (order.py:146) - ['JP', 'Lid - Hot Cup (8oz)', 1, 0, 0]
2025-11-30 08:49:59,748 - INFO - backend.domain.serializer.serializers.order.OrderSerializer - (order.py:146) - ['RH', 'Whitefish Salad', 1, 77.97, 77.97]
2025-11-30 08:49:59,766 - INFO - backend.domain.serializer.serializers.order.OrderSerializer - (order.py:146) - ['Webstaurant', 'Container - Soup (16oz)', 2, 5.22, 10.44]
2025-11-30 08:49:59,766 - INFO - backend.domain.serializer.serializers.order.OrderSerializer - (order.py:146) - [None, 'Lid - Soup (6/16 oz)', 1, 4.82, 4.82]
2025-11-30 08:49:59,766 - INFO - backend.domain.serializer.serializers.order.OrderSerializer - (order.py:146) - ['BJs', 'Celsius - Vibe Peach, Tropical, Arctic', 1, 28.49, 28.49]
2025-11-30 08:49:59,766 - INFO - backend.domain.serializer.serializers.order.OrderSerializer - (order.py:146) - ['BJs', 'Chobani - Drinkable Yogurt', 1, 17.99, 17.99]
2025-11-30 08:49:59,766 - INFO - backend.domain.serializer.serializers.order.OrderSerializer - (order.py:146) - [None, 'Essentia Water', 2, 16.5, 33]
2025-11-30 08:49:59,767 - INFO - backend.domain.serializer.serializers.order.OrderSerializer - (order.py:146) - [None, 'Evian 1L', 1, 0, 0]
2025-11-30 08:49:59,767 - INFO - backend.domain.serializer.serializers.order.OrderSerializer - (order.py:146) - ['AL George', 'Ithaca Soda - Ginger Beer', 1, 21.5, 21.5]
2025-11-30 08:49:59,767 - INFO - backend.domain.serializer.serializers.order.OrderSerializer - (order.py:146) - ['Dutch Valley', 'Joe Tea - Classic Lemonade', 1, 22.08, 22.08]
2025-11-30 08:49:59,767 - INFO - backend.domain.serializer.serializers.order.OrderSerializer - (order.py:146) - ['Casa/RH', 'Smoked Salmon (Sliced)', 2, 85.85, 171.7]
2025-11-30 08:49:59,767 - INFO - backend.domain.serializer.serializers.order.OrderSerializer - (order.py:146) - ['H&M/JP', 'Cup - Portion (2oz)', 1, 2.77, 2.77]
2025-11-30 08:49:59,767 - INFO - backend.domain.serializer.serializers.order.OrderSerializer - (order.py:146) - ['sleeve', 'Cup - Portion (3.25oz)', 1, 5.23, 5.23]
2025-11-30 08:49:59,767 - INFO - backend.domain.serializer.serializers.order.OrderSerializer - (order.py:146) - ['H&M', 'Lid - Portion (3.25oz)', 1, 2.81, 2.81]
2025-11-30 08:49:59,767 - INFO - backend.domain.serializer.serializers.order.OrderSerializer - (order.py:146) - [None, 'Capers', 1, 0, 0]
2025-11-30 08:49:59,767 - INFO - backend.domain.serializer.serializers.order.OrderSerializer - (order.py:146) - [None, 'Container - Muffin (1 Pack)', 1, 11.5, 11.5]
2025-11-30 08:49:59,767 - INFO - backend.domain.serializer.serializers.order.OrderSerializer - (order.py:146) - ['H&M', 'Cup - Hot (8oz)', 2, 0, 0]
2025-11-30 08:49:59,767 - INFO - backend.domain.serializer.serializers.order.OrderSerializer - (order.py:146) - [None, 'Honey - Jug', 1, 16.5, 16.5]
2025-11-30 08:49:59,768 - INFO - backend.domain.serializer.serializers.order.OrderSerializer - (order.py:146) - ['Palmer/Sysco', 'Jam - Strawberry', 1, 0, 0]
2025-11-30 08:49:59,768 - INFO - backend.domain.serializer.serializers.order.OrderSerializer - (order.py:146) - ['EC', 'Kilogram Chai Concentrate', 1, 86.1, 86.1]
2025-11-30 08:49:59,768 - INFO - backend.domain.serializer.serializers.order.OrderSerializer - (order.py:146) - ['JadeLeaf', 'Matcha - Jade Leaf', 1, 44.07, 44.07]
2025-11-30 08:49:59,768 - INFO - backend.domain.serializer.serializers.order.OrderSerializer - (order.py:146) - ['Webstauant', 'Panini Sheets - 16x8 3/8', 1, 44.49, 44.49]
2025-11-30 08:49:59,768 - INFO - backend.domain.serializer.serializers.order.OrderSerializer - (order.py:146) - [None, 'Peanut Butter - Creamy', 1, 0, 0]
2025-11-30 08:49:59,768 - INFO - backend.domain.serializer.serializers.order.OrderSerializer - (order.py:146) - [None, 'Plate - Paper (7")', 1, 4.81, 4.81]
2025-11-30 08:49:59,768 - INFO - backend.domain.serializer.serializers.order.OrderSerializer - (order.py:146) - [None, 'Tea Bags - Earl Grey Lavender (Twinings)', 1, 3.48, 3.48]
2025-11-30 08:49:59,768 - INFO - backend.domain.serializer.serializers.order.OrderSerializer - (order.py:146) - ['Web/EC', 'Torani - Caramel Sauce', 1, 0, 0]
2025-11-30 08:49:59,768 - INFO - backend.domain.serializer.serializers.order.OrderSerializer - (order.py:146) - ['Web/EC', 'Torani - Dark Chocolate Sauce', 2, 0, 0]
2025-11-30 08:49:59,768 - INFO - backend.domain.serializer.serializers.order.OrderSerializer - (order.py:146) - [None, 'Torani - White Chocolate Sauce', 2, 0, 0]
2025-11-30 08:49:59,768 - INFO - backend.domain.serializer.serializers.order.OrderSerializer - (order.py:146) - [None, 'Urnex - Cafiza', 1, 9.39, 9.39]
2025-11-30 08:49:59,769 - INFO - backend.domain.serializer.serializers.order.OrderSerializer - (order.py:146) - [None, 'Urnex - Rinza', 1, 18.53, 18.53]
2025-11-30 08:49:59,769 - INFO - backend.domain.serializer.serializers.order.OrderSerializer - (order.py:146) - ['H&M', 'Wrap - Paper (15" x 10.75")', 1, 5.97, 5.97]
2025-11-30 08:49:59,769 - INFO - backend.domain.serializer.serializers.order.OrderSerializer - (order.py:146) - ['RH', 'Smoked Salmon (Retail Pack)', 1, 79.83, 79.83]
2025-11-30 08:49:59,769 - INFO - backend.domain.serializer.serializers.order.OrderSerializer - (order.py:146) - ['RH', 'Whitefish Salad', 1, 77.97, 77.97]
2025-11-30 08:49:59,769 - INFO - backend.domain.serializer.serializers.order.OrderSerializer - (order.py:146) - ['RB WBC', 'Jacquet - Belgian Waffles', 1, 34.56, 34.56]
2025-11-30 08:49:59,786 - INFO - backend.domain.serializer.serializers.order.OrderSerializer - (order.py:146) - ['Webtaurant', 'Container - Deli (16oz)', 3, 2.73, 8.19]
2025-11-30 08:49:59,786 - INFO - backend.domain.serializer.serializers.order.OrderSerializer - (order.py:146) - ['Webstaurant', 'Container - Soup (16oz)', 2, 5.22, 10.44]
2025-11-30 08:49:59,786 - INFO - backend.domain.serializer.serializers.order.OrderSerializer - (order.py:146) - ['Webstaurant', 'Container - Soup (8oz)', 2, 4.11, 8.22]
2025-11-30 08:49:59,786 - INFO - backend.domain.serializer.serializers.order.OrderSerializer - (order.py:146) - ['H&M', 'Cup - Hot (8oz)', 3, 0, 0]
2025-11-30 08:49:59,786 - INFO - backend.domain.serializer.serializers.order.OrderSerializer - (order.py:146) - [None, 'Essentia Water', 1, 16.5, 16.5]
2025-11-30 08:49:59,786 - INFO - backend.domain.serializer.serializers.order.OrderSerializer - (order.py:146) - [None, 'Hazelnut Coffee (Grounded, Bulk)', 1, 38, 38]
2025-11-30 08:49:59,786 - INFO - backend.domain.serializer.serializers.order.OrderSerializer - (order.py:146) - [None, 'Honey - Jug', 1, 16.5, 16.5]
2025-11-30 08:49:59,786 - INFO - backend.domain.serializer.serializers.order.OrderSerializer - (order.py:146) - ['Dutch Valley', 'Joe Tea - Black Cherry', 1, 22.08, 22.08]
2025-11-30 08:49:59,786 - INFO - backend.domain.serializer.serializers.order.OrderSerializer - (order.py:146) - ['EC', 'Kilogram Chai Concentrate', 1, 86.1, 86.1]
2025-11-30 08:49:59,786 - INFO - backend.domain.serializer.serializers.order.OrderSerializer - (order.py:146) - [None, 'Lid - Soup (6/16 oz)', 3, 4.82, 14.46]
2025-11-30 08:49:59,787 - INFO - backend.domain.serializer.serializers.order.OrderSerializer - (order.py:146) - [None, 'Peanut Butter - Creamy', 2, 0, 0]
2025-11-30 08:49:59,787 - INFO - backend.domain.serializer.serializers.order.OrderSerializer - (order.py:146) - [None, 'Red Bull - Amber', 1, 42.85, 42.85]
2025-11-30 08:49:59,787 - INFO - backend.domain.serializer.serializers.order.OrderSerializer - (order.py:146) - ['RH', 'Smoked Salmon (Retail Pack)', 1, 79.83, 79.83]
2025-11-30 08:49:59,787 - INFO - backend.domain.serializer.serializers.order.OrderSerializer - (order.py:146) - ['Casa/RH', 'Smoked Salmon (Sliced)', 1, 85.85, 85.85]
2025-11-30 08:49:59,787 - INFO - backend.domain.serializer.serializers.order.OrderSerializer - (order.py:146) - ['Webstaurant', 'Supplement - Whey Protein', 1, 49.69, 49.69]
2025-11-30 08:49:59,787 - INFO - backend.domain.serializer.serializers.order.OrderSerializer - (order.py:146) - [None, 'Tea Bags - Earl Grey (Twinings)', 2, 3.83, 7.66]
2025-11-30 08:49:59,787 - INFO - backend.domain.serializer.serializers.order.OrderSerializer - (order.py:146) - [None, 'Tea Bags - Earl Grey Lavender (Twinings)', 3, 3.48, 10.44]
2025-11-30 08:49:59,787 - INFO - backend.domain.serializer.serializers.order.OrderSerializer - (order.py:146) - [None, 'Tea Bags - Lemon Ginger (Twinings)', 1, 3.83, 3.83]
2025-11-30 08:49:59,788 - INFO - backend.domain.serializer.serializers.order.OrderSerializer - (order.py:146) - ['Web/EC', 'Torani - Caramel Sauce', 2, 0, 0]
2025-11-30 08:49:59,788 - INFO - backend.domain.serializer.serializers.order.OrderSerializer - (order.py:146) - ['Web/EC', 'Torani - Dark Chocolate Sauce', 6, 0, 0]
2025-11-30 08:49:59,788 - INFO - backend.domain.serializer.serializers.order.OrderSerializer - (order.py:146) - ['H&M', 'Wrap - Foil (9" x 10.75")', 1, 0, 0]
2025-11-30 08:49:59,788 - INFO - backend.domain.serializer.serializers.order.OrderSerializer - (order.py:146) - ['H&M', 'Wrap - Paper (15" x 10.75")', 1, 5.97, 5.97]
2025-11-30 08:49:59,788 - INFO - backend.domain.serializer.serializers.order.OrderSerializer - (order.py:146) - ["Grandma's", "Grandma's Coffee Cake - Blueberry", 1, 18.35, 18.35]
2025-11-30 08:49:59,788 - INFO - backend.domain.serializer.serializers.order.OrderSerializer - (order.py:146) - [None, 'Employee Water', 3, 2.93, 8.79]
2025-11-30 08:49:59,788 - INFO - backend.domain.serializer.serializers.order.OrderSerializer - (order.py:146) - ['RH', 'Whitefish Salad', 1, 77.97, 77.97]
2025-11-30 08:49:59,805 - INFO - backend.domain.serializer.serializers.order.OrderSerializer - (order.py:146) - ['John/Rein', 'Lid - Deli (6/32oz)', 1, 1.65, 1.65]
2025-11-30 08:49:59,805 - INFO - backend.domain.serializer.serializers.order.OrderSerializer - (order.py:146) - ['Webtaurant', 'Container - Deli (16oz)', 1, 2.73, 2.73]
2025-11-30 08:49:59,805 - INFO - backend.domain.serializer.serializers.order.OrderSerializer - (order.py:146) - ['Dutch Valley', 'Joe Tea - Black Cherry', 1, 0, 0]
2025-11-30 08:49:59,805 - INFO - backend.domain.serializer.serializers.order.OrderSerializer - (order.py:146) - ['BJs', 'Celsius - Orange, Kiwi Guava', 1, 32.99, 32.99]
2025-11-30 08:49:59,806 - INFO - backend.domain.serializer.serializers.order.OrderSerializer - (order.py:146) - ['EC', 'Kilogram Chai Concentrate', 1, 86.1, 86.1]
2025-11-30 08:49:59,806 - INFO - backend.domain.serializer.serializers.order.OrderSerializer - (order.py:146) - [None, 'Lid - Soup (6/16 oz)', 2, 4.82, 9.64]
2025-11-30 08:49:59,806 - INFO - backend.domain.serializer.serializers.order.OrderSerializer - (order.py:146) - ['Webstaurant', 'Lid - Soup (32oz)', 1, 3.8, 3.8]
2025-11-30 08:49:59,806 - INFO - backend.domain.serializer.serializers.order.OrderSerializer - (order.py:146) - ['Webstaurant', 'Container - Soup (8oz)', 1, 4.11, 4.11]
2025-11-30 08:49:59,806 - INFO - backend.domain.serializer.serializers.order.OrderSerializer - (order.py:146) - ['JadeLeaf', 'Matcha - Jade Leaf', 1, 44.07, 44.07]
2025-11-30 08:49:59,806 - INFO - backend.domain.serializer.serializers.order.OrderSerializer - (order.py:146) - ['JP/Webstaurant', 'Cup - Espresso (4oz)', 2, 1.65, 3.3]
2025-11-30 08:49:59,806 - INFO - backend.domain.serializer.serializers.order.OrderSerializer - (order.py:146) - [None, 'Monin - Cinnamon', 3, 9.29, 27.87]
2025-11-30 08:49:59,806 - INFO - backend.domain.serializer.serializers.order.OrderSerializer - (order.py:146) - ['Web/EC', 'Torani - Dark Chocolate Sauce', 2, 0, 0]
2025-11-30 08:49:59,806 - INFO - backend.domain.serializer.serializers.order.OrderSerializer - (order.py:146) - ['Web/EC', 'Torani - Caramel Sauce', 2, 17.5, 35]
2025-11-30 08:49:59,806 - INFO - backend.domain.serializer.serializers.order.OrderSerializer - (order.py:146) - [None, 'Torani - White Chocolate Sauce', 1, 0, 0]
2025-11-30 08:49:59,807 - INFO - backend.domain.serializer.serializers.order.OrderSerializer - (order.py:146) - ['Web', 'White Hot Chocolate - Ghirardelli', 1, 47.16, 47.16]
2025-11-30 08:49:59,807 - INFO - backend.domain.serializer.serializers.order.OrderSerializer - (order.py:146) - [None, 'Bag - Wax (Sandwich)', 1, 21.01, 21.01]
2025-11-30 08:49:59,807 - INFO - backend.domain.serializer.serializers.order.OrderSerializer - (order.py:146) - ['vermont', 'Maple Syrup (pure)', 3, 42, 126]
2025-11-30 08:49:59,807 - INFO - backend.domain.serializer.serializers.order.OrderSerializer - (order.py:146) - [None, 'Urnex - Brewer Cleaner', 1, 14.4, 14.4]
2025-11-30 08:49:59,807 - INFO - backend.domain.serializer.serializers.order.OrderSerializer - (order.py:146) - [None, 'Urnex - Cafiza', 1, 9.39, 9.39]
2025-11-30 08:49:59,807 - INFO - backend.domain.serializer.serializers.order.OrderSerializer - (order.py:146) - [None, 'Coffee Stirrer (Bamboo)', 5, 1.83, 9.15]
2025-11-30 08:49:59,807 - INFO - backend.domain.serializer.serializers.order.OrderSerializer - (order.py:146) - ['HILLCREST', 'FRZ Fruit - Mango', 2, 0, 0]
2025-11-30 08:49:59,807 - INFO - backend.domain.serializer.serializers.order.OrderSerializer - (order.py:146) - [None, 'Tea Bags - Irish Breakfast (Twinings)', 1, 3.48, 3.48]
2025-11-30 08:49:59,807 - INFO - backend.domain.serializer.serializers.order.OrderSerializer - (order.py:146) - [None, 'Tea Bags - Earl Grey Lavender (Twinings)', 3, 3.48, 10.44]
2025-11-30 08:49:59,807 - INFO - backend.domain.serializer.serializers.order.OrderSerializer - (order.py:146) - [None, 'Tea Bags - Decaf English Breakfast (Twinings)', 1, 3.83, 3.83]
2025-11-30 08:49:59,825 - INFO - backend.domain.serializer.serializers.order.OrderSerializer - (order.py:146) - ['BJs', 'Celsius - Vibe Peach, Tropical, Arctic', 1, 28.49, 28.49]
2025-11-30 08:49:59,825 - INFO - backend.domain.serializer.serializers.order.OrderSerializer - (order.py:146) - [None, 'Container - Muffin (1 Pack)', 1, 11.05, 11.05]
2025-11-30 08:49:59,825 - INFO - backend.domain.serializer.serializers.order.OrderSerializer - (order.py:146) - [None, 'Container - Soup (32oz)', 1, 6, 6]
2025-11-30 08:49:59,825 - INFO - backend.domain.serializer.serializers.order.OrderSerializer - (order.py:146) - ['JP/Webstaurant', 'Cup - Espresso (4oz)', 1, 4, 4]
2025-11-30 08:49:59,825 - INFO - backend.domain.serializer.serializers.order.OrderSerializer - (order.py:146) - [None, 'Hazelnut Coffee (Grounded, Bulk)', 2, 38, 76]
2025-11-30 08:49:59,826 - INFO - backend.domain.serializer.serializers.order.OrderSerializer - (order.py:146) - [None, 'Hot Chocolate (Bulk)', 1, 0, 0]
2025-11-30 08:49:59,826 - INFO - backend.domain.serializer.serializers.order.OrderSerializer - (order.py:146) - ['EC', 'Kilogram Chai Concentrate', 2, 86.1, 172.2]
2025-11-30 08:49:59,826 - INFO - backend.domain.serializer.serializers.order.OrderSerializer - (order.py:146) - ['Webstaurant', 'Lid - Soup (32oz)', 3, 3.8, 11.4]
2025-11-30 08:49:59,826 - INFO - backend.domain.serializer.serializers.order.OrderSerializer - (order.py:146) - ['JP', 'Lid Espresso - 4oz', 1, 3.4, 3.4]
2025-11-30 08:49:59,826 - INFO - backend.domain.serializer.serializers.order.OrderSerializer - (order.py:146) - ['vermont', 'Maple Syrup (pure)', 1, 42, 42]
2025-11-30 08:49:59,826 - INFO - backend.domain.serializer.serializers.order.OrderSerializer - (order.py:146) - ['JadeLeaf', 'Matcha - Jade Leaf', 3, 44.07, 132.21]
2025-11-30 08:49:59,826 - INFO - backend.domain.serializer.serializers.order.OrderSerializer - (order.py:146) - ['Webstaurant', 'Supplement - Antioxident', 1, 74.79, 74.79]
2025-11-30 08:49:59,826 - INFO - backend.domain.serializer.serializers.order.OrderSerializer - (order.py:146) - [None, 'Tea Bags - English Breakfast (Twinings)', 3, 4.59, 13.77]
2025-11-30 08:49:59,826 - INFO - backend.domain.serializer.serializers.order.OrderSerializer - (order.py:146) - ['H&M', 'Tissues/Kleenex', 5, 0, 0]
2025-11-30 08:49:59,826 - INFO - backend.domain.serializer.serializers.order.OrderSerializer - (order.py:146) - ['Web/EC', 'Torani - Caramel Sauce', 2, 0, 0]
2025-11-30 08:49:59,826 - INFO - backend.domain.serializer.serializers.order.OrderSerializer - (order.py:146) - ['Web/EC', 'Torani - Dark Chocolate Sauce', 3, 0, 0]
2025-11-30 08:49:59,826 - INFO - backend.domain.serializer.serializers.order.OrderSerializer - (order.py:146) - [None, 'Torani - White Chocolate Sauce', 1, 0, 0]
2025-11-30 08:49:59,826 - INFO - backend.domain.serializer.serializers.order.OrderSerializer - (order.py:146) - ['H&M', 'Wrap - Foil (9" x 10.75")', 1, 0, 0]
2025-11-30 08:49:59,827 - INFO - backend.domain.serializer.serializers.order.OrderSerializer - (order.py:146) - ['H&M', 'Wrap - Paper (15" x 10.75")', 1, 5.97, 5.97]
2025-11-30 08:49:59,827 - INFO - backend.domain.serializer.serializers.order.OrderSerializer - (order.py:146) - [None, 'Employee Water', 3, 2.93, 8.79]
2025-11-30 08:49:59,827 - INFO - backend.domain.serializer.serializers.order.OrderSerializer - (order.py:146) - [None, 'Iced Tea - Black', 1, 0, 0]
2025-11-30 08:49:59,827 - INFO - backend.domain.serializer.serializers.order.OrderSerializer - (order.py:146) - [None, 'Red Bull', 1, 42.85, 42.85]
2025-11-30 08:49:59,827 - INFO - backend.domain.serializer.serializers.order.OrderSerializer - (order.py:146) - ['Balkan', 'Vita Coco - Coconut Water 500ml', 1, 23.93, 23.93]
2025-11-30 08:49:59,827 - INFO - backend.domain.serializer.serializers.order.OrderSerializer - (order.py:146) - ["Grandma's", "Grandma's Coffee Cake - Apple", 1, 18.35, 18.35]
2025-11-30 08:49:59,827 - INFO - backend.domain.serializer.serializers.order.OrderSerializer - (order.py:146) - ["Grandma's", "Grandma's Coffee Cake - Banana Walnut", 1, 18.35, 18.35]
2025-11-30 08:49:59,827 - INFO - backend.domain.serializer.serializers.order.OrderSerializer - (order.py:146) - ["Grandma's", "Grandma's Coffee Cake - Blueberry", 1, 18.35, 18.35]
2025-11-30 08:49:59,827 - INFO - backend.domain.serializer.serializers.order.OrderSerializer - (order.py:146) - ["Grandma's", "Grandma's Coffee Cake - Chocolate Walnut", 1, 18.35, 18.35]
2025-11-30 08:49:59,827 - INFO - backend.domain.serializer.serializers.order.OrderSerializer - (order.py:146) - ["Grandma's", "Grandma's Coffee Cake - Cinnamon", 1, 18.35, 18.35]
2025-11-30 08:49:59,831 - INFO - backend.domain.serializer.serializers.order.OrderSerializer - (order.py:146) - ['D780', 'Napkin White - Not Interfolded', 2, 42, 84]
2025-11-30 08:49:59,834 - INFO - backend.domain.serializer.serializers.order.OrderSerializer - (order.py:146) - ['CT652030BR', 'Register Ink (Ribbon)', 2, 5.12, 10.24]
2025-11-30 08:49:59,838 - INFO - backend.domain.serializer.serializers.order.OrderSerializer - (order.py:146) - ['D780', 'Napkin White - Not Interfolded', 1, 42, 42]
2025-11-30 08:49:59,842 - INFO - backend.domain.serializer.serializers.order.OrderSerializer - (order.py:146) - ['R825B', 'Coffee Stirrer (Bamboo)', 1, 22.57, 22.57]
2025-11-30 08:49:59,842 - INFO - backend.domain.serializer.serializers.order.OrderSerializer - (order.py:146) - ['D780', 'Napkin White - Not Interfolded', 3, 42, 126]
2025-11-30 08:49:59,842 - INFO - backend.domain.serializer.serializers.order.OrderSerializer - (order.py:146) - ['PL161NPFA', 'Oval IB Plates', 3, 65.99, 197.97]
2025-11-30 08:49:59,857 - INFO - backend.domain.serializer.serializers.order.OrderSerializer - (order.py:146) - ['0378742', 'So Good So You - Probiotic Wellness', 1, 2.25, 2.25]
2025-11-30 08:49:59,872 - INFO - backend.domain.serializer.serializers.order.OrderSerializer - (order.py:146) - [None, 'Kilogram Chai Concentrate', 75, 86.1, 6457.5]
2025-11-30 08:49:59,888 - INFO - backend.domain.serializer.serializers.order.OrderSerializer - (order.py:146) - [None, 'Monin - Coconut', 1, 79.75, 79.75]
2025-11-30 08:49:59,893 - INFO - backend.domain.serializer.serializers.order.OrderSerializer - (order.py:146) - [None, 'Register Tape - Paper (3" x 165\')', 4, 42, 168]
2025-11-30 08:49:59,908 - INFO - backend.domain.serializer.serializers.order.OrderSerializer - (order.py:146) - ['03352-0', 'Pepsi Zero - BIB', 1, 73.08, 73.08]
2025-11-30 08:49:59,908 - INFO - backend.domain.serializer.serializers.order.OrderSerializer - (order.py:146) - [None, 'Orange Juice - BIB', 3, 44.4, 133.2]
2025-11-30 08:49:59,914 - INFO - backend.domain.serializer.serializers.order.OrderSerializer - (order.py:146) - ['AT104', 'Simply - Orange', 1, 44.33, 44.33]
2025-11-30 08:49:59,914 - INFO - backend.domain.serializer.serializers.order.OrderSerializer - (order.py:146) - ['T0948', 'Almond Milk', 6, 35.74, 214.44]
2025-11-30 08:49:59,914 - INFO - backend.domain.serializer.serializers.order.OrderSerializer - (order.py:146) - ['H2822', 'Cannoli Shells - Large', 3, 34.05, 102.15]
2025-11-30 08:49:59,914 - INFO - backend.domain.serializer.serializers.order.OrderSerializer - (order.py:146) - ['NK554', 'Vegan Egg', 3, 118.8, 356.4]
2025-11-30 08:49:59,914 - INFO - backend.domain.serializer.serializers.order.OrderSerializer - (order.py:146) - ['NV222', 'Spindrift - Half & Half', 1, 23.75, 23.75]
2025-11-30 08:49:59,914 - INFO - backend.domain.serializer.serializers.order.OrderSerializer - (order.py:146) - ['CW526', 'Croissant - Chocolate', 2, 69.35, 138.7]
2025-11-30 08:49:59,914 - INFO - backend.domain.serializer.serializers.order.OrderSerializer - (order.py:146) - ['J2220', 'Croissant - Butter', 3, 52.53, 157.59]
2025-11-30 08:49:59,915 - INFO - backend.domain.serializer.serializers.order.OrderSerializer - (order.py:146) - ['A3510', 'Croissant - Almond', 2, 72, 144]
2025-11-30 08:49:59,915 - INFO - backend.domain.serializer.serializers.order.OrderSerializer - (order.py:146) - ['GK608', 'Corn - Frozen', 2, 23.92, 47.84]
2025-11-30 08:49:59,915 - INFO - backend.domain.serializer.serializers.order.OrderSerializer - (order.py:146) - ['CM230', 'Oat Milk', 6, 16.09, 96.54]
2025-11-30 08:49:59,915 - INFO - backend.domain.serializer.serializers.order.OrderSerializer - (order.py:146) - ['J2280', 'Yogurt - Plain (BIB)', 1, 37.8, 37.8]
2025-11-30 08:49:59,915 - INFO - backend.domain.serializer.serializers.order.OrderSerializer - (order.py:146) - ['44256', 'PKT Sugar - (Raw)', 1, 35.79, 35.79]
2025-11-30 08:49:59,915 - INFO - backend.domain.serializer.serializers.order.OrderSerializer - (order.py:146) - ['E3556', 'Pastrami (Sliced)', 1, 66.45, 66.45]
2025-11-30 08:49:59,915 - INFO - backend.domain.serializer.serializers.order.OrderSerializer - (order.py:146) - ['WF580', 'Corned Beef (Sliced)', 2, 66.26, 132.52]
2025-11-30 08:49:59,915 - INFO - backend.domain.serializer.serializers.order.OrderSerializer - (order.py:146) - ['HN732', 'Avocado - Hand Scooped', 3, 57.63, 172.89]
2025-11-30 08:49:59,915 - INFO - backend.domain.serializer.serializers.order.OrderSerializer - (order.py:146) - ['HH264', 'Muenster (Sliced)', 2, 48.07, 96.14]
2025-11-30 08:49:59,915 - INFO - backend.domain.serializer.serializers.order.OrderSerializer - (order.py:146) - ['NJ502', 'Pepper Jack (Sliced)', 2, 53.03, 106.06]
2025-11-30 08:49:59,915 - INFO - backend.domain.serializer.serializers.order.OrderSerializer - (order.py:146) - ['AV906', 'Swiss (Sliced)', 1, 56.88, 56.88]
2025-11-30 08:49:59,915 - INFO - backend.domain.serializer.serializers.order.OrderSerializer - (order.py:146) - ['VR126', 'Cheddar - Extra Sharp White', 4, 31.4, 125.6]
2025-11-30 08:49:59,916 - INFO - backend.domain.serializer.serializers.order.OrderSerializer - (order.py:146) - ['G5010', 'Carrots - Jumbo Fresh', 1, 30.64, 30.64]
2025-11-30 08:49:59,916 - INFO - backend.domain.serializer.serializers.order.OrderSerializer - (order.py:146) - ['DP474', 'Muffin Batter - Blueberry', 2, 45.36, 90.72]
2025-11-30 08:49:59,916 - INFO - backend.domain.serializer.serializers.order.OrderSerializer - (order.py:146) - ['K1224', 'Diannes GF Rasp Almond Bar', 2, 82.5, 165]
2025-11-30 08:49:59,920 - INFO - backend.domain.serializer.serializers.order.OrderSerializer - (order.py:146) - ['CM230', 'Oat Milk', 16, 16.09, 257.44]
2025-11-30 08:49:59,920 - INFO - backend.domain.serializer.serializers.order.OrderSerializer - (order.py:146) - ['E3556', 'Pastrami (Sliced)', 4, 66.45, 265.8]
2025-11-30 08:49:59,920 - INFO - backend.domain.serializer.serializers.order.OrderSerializer - (order.py:146) - ['WF580', 'Corned Beef (Sliced)', 2, 66.26, 132.52]
2025-11-30 08:49:59,920 - INFO - backend.domain.serializer.serializers.order.OrderSerializer - (order.py:146) - ['CG686', 'Chicken Breast - Retail (cooked)', 7, 57.51, 402.57]
2025-11-30 08:49:59,921 - INFO - backend.domain.serializer.serializers.order.OrderSerializer - (order.py:146) - ['HN732', 'Avocado - Hand Scooped', 6, 57.63, 345.78]
2025-11-30 08:49:59,921 - INFO - backend.domain.serializer.serializers.order.OrderSerializer - (order.py:146) - ['71210', 'Cream Cheese', 4, 62, 248]
2025-11-30 08:49:59,921 - INFO - backend.domain.serializer.serializers.order.OrderSerializer - (order.py:146) - ['65350', 'English Muffin', 1, 27.98, 27.98]
2025-11-30 08:49:59,921 - INFO - backend.domain.serializer.serializers.order.OrderSerializer - (order.py:146) - ['T0948', 'Almond Milk', 7, 35.74, 250.18]
2025-11-30 08:49:59,921 - INFO - backend.domain.serializer.serializers.order.OrderSerializer - (order.py:146) - ['CF096', 'Fresh Mozz (Sliced)', 1, 50.19, 50.19]
2025-11-30 08:49:59,921 - INFO - backend.domain.serializer.serializers.order.OrderSerializer - (order.py:146) - ['AV906', 'Swiss (Sliced)', 1, 56.88, 56.88]
2025-11-30 08:49:59,921 - INFO - backend.domain.serializer.serializers.order.OrderSerializer - (order.py:146) - ['NJ502', 'Pepper Jack (Sliced)', 7, 53.03, 371.21]
2025-11-30 08:49:59,921 - INFO - backend.domain.serializer.serializers.order.OrderSerializer - (order.py:146) - ['HH264', 'Muenster (Sliced)', 2, 48.07, 96.14]
2025-11-30 08:49:59,921 - INFO - backend.domain.serializer.serializers.order.OrderSerializer - (order.py:146) - ['J2280', 'Yogurt - Plain (BIB)', 4, 37.8, 151.2]
2025-11-30 08:49:59,922 - INFO - backend.domain.serializer.serializers.order.OrderSerializer - (order.py:146) - ['10198', 'Capers', 1, 65.24, 65.24]
2025-11-30 08:49:59,922 - INFO - backend.domain.serializer.serializers.order.OrderSerializer - (order.py:146) - ['23978', 'Monin - Vanilla', 2, 35.21, 70.42]
2025-11-30 08:49:59,922 - INFO - backend.domain.serializer.serializers.order.OrderSerializer - (order.py:146) - ['FV234', 'Poland Spring - Sport Top', 4, 11.09, 44.36]
2025-11-30 08:49:59,922 - INFO - backend.domain.serializer.serializers.order.OrderSerializer - (order.py:146) - ['99482', 'Sparkling Ice - Orange Mango', 1, 12.32, 12.32]
2025-11-30 08:49:59,922 - INFO - backend.domain.serializer.serializers.order.OrderSerializer - (order.py:146) - ['B2368', 'Sparkling Ice - Cherry Limeade', 1, 12.32, 12.32]
2025-11-30 08:49:59,926 - INFO - backend.domain.serializer.serializers.order.OrderSerializer - (order.py:146) - ['71210', 'Cream Cheese', 2, 62, 124]
2025-11-30 08:49:59,926 - INFO - backend.domain.serializer.serializers.order.OrderSerializer - (order.py:146) - ['AKJ06', 'Joe Tea - Half & Half', 1, 21.95, 21.95]
2025-11-30 08:49:59,927 - INFO - backend.domain.serializer.serializers.order.OrderSerializer - (order.py:146) - ['VF608', 'Joyba Bubble Tea - Green Strawberry Lemonade', 1, 13.63, 13.63]
2025-11-30 08:49:59,927 - INFO - backend.domain.serializer.serializers.order.OrderSerializer - (order.py:146) - ['CM230', 'Oat Milk', 8, 16.09, 128.72]
2025-11-30 08:49:59,927 - INFO - backend.domain.serializer.serializers.order.OrderSerializer - (order.py:146) - ['FV234', 'Poland Spring - Sport Top', 1, 11.09, 11.09]
2025-11-30 08:49:59,927 - INFO - backend.domain.serializer.serializers.order.OrderSerializer - (order.py:146) - ['AT104', 'Simply - Orange', 1, 44.33, 44.33]
2025-11-30 08:49:59,927 - INFO - backend.domain.serializer.serializers.order.OrderSerializer - (order.py:146) - ['T0948', 'Almond Milk', 2, 35.74, 71.48]
2025-11-30 08:49:59,927 - INFO - backend.domain.serializer.serializers.order.OrderSerializer - (order.py:146) - ['23978', 'Monin - Vanilla', 1, 35.21, 35.21]
2025-11-30 08:49:59,927 - INFO - backend.domain.serializer.serializers.order.OrderSerializer - (order.py:146) - ['NV222', 'Spindrift - Half & Half', 1, 23.75, 23.75]
2025-11-30 08:49:59,927 - INFO - backend.domain.serializer.serializers.order.OrderSerializer - (order.py:146) - ['44256', 'PKT Sugar - (Raw)', 1, 34.14, 34.14]
2025-11-30 08:49:59,932 - INFO - backend.domain.serializer.serializers.order.OrderSerializer - (order.py:146) - ['T0948', 'Almond Milk', 2, 35.74, 71.48]
2025-11-30 08:49:59,932 - INFO - backend.domain.serializer.serializers.order.OrderSerializer - (order.py:146) - ['71210', 'Cream Cheese', 1, 62, 62]
2025-11-30 08:49:59,932 - INFO - backend.domain.serializer.serializers.order.OrderSerializer - (order.py:146) - ['AKJ02', 'Joe Tea - Peach', 1, 21.95, 21.95]
2025-11-30 08:49:59,932 - INFO - backend.domain.serializer.serializers.order.OrderSerializer - (order.py:146) - ['VF610', 'Joyba Bubble Tea - Mango Passion Fruit', 1, 13.63, 13.63]
2025-11-30 08:49:59,932 - INFO - backend.domain.serializer.serializers.order.OrderSerializer - (order.py:146) - ['CM230', 'Oat Milk', 7, 16.09, 112.63]
2025-11-30 08:49:59,933 - INFO - backend.domain.serializer.serializers.order.OrderSerializer - (order.py:146) - ['NJ502', 'Pepper Jack (Sliced)', 3, 53.03, 159.09]
2025-11-30 08:49:59,933 - INFO - backend.domain.serializer.serializers.order.OrderSerializer - (order.py:146) - ['FV234', 'Poland Spring - Sport Top', 1, 11.09, 11.09]
2025-11-30 08:49:59,933 - INFO - backend.domain.serializer.serializers.order.OrderSerializer - (order.py:146) - ['AT104', 'Simply - Orange', 2, 44.33, 88.66]
2025-11-30 08:49:59,933 - INFO - backend.domain.serializer.serializers.order.OrderSerializer - (order.py:146) - ['99402', 'Sparkling Ice - Black Raspberry', 1, 12.38, 12.38]
2025-11-30 08:49:59,933 - INFO - backend.domain.serializer.serializers.order.OrderSerializer - (order.py:146) - ['AV906', 'Swiss (Sliced)', 1, 56.88, 56.88]
2025-11-30 08:49:59,933 - INFO - backend.domain.serializer.serializers.order.OrderSerializer - (order.py:146) - ['J2280', 'Yogurt - Plain (BIB)', 1, 37.8, 37.8]
2025-11-30 08:49:59,936 - INFO - backend.domain.serializer.serializers.order.OrderSerializer - (order.py:146) - ['AKJ02', 'Joe Tea - Peach', 2, 21.95, 43.9]
2025-11-30 08:49:59,937 - INFO - backend.domain.serializer.serializers.order.OrderSerializer - (order.py:146) - ['AKH96', 'Joe Tea - Lemon', 2, 21.95, 43.9]
2025-11-30 08:49:59,937 - INFO - backend.domain.serializer.serializers.order.OrderSerializer - (order.py:146) - ['AKJ06', 'Joe Tea - Half & Half', 1, 21.95, 21.95]
2025-11-30 08:49:59,937 - INFO - backend.domain.serializer.serializers.order.OrderSerializer - (order.py:146) - ['FV234', 'Poland Spring - Sport Top', 2, 11.09, 22.18]
2025-11-30 08:49:59,937 - INFO - backend.domain.serializer.serializers.order.OrderSerializer - (order.py:146) - ['T0948', 'Almond Milk', 3, 35.74, 107.22]
2025-11-30 08:49:59,937 - INFO - backend.domain.serializer.serializers.order.OrderSerializer - (order.py:146) - ['TN380', "Natalie's - Strawberry Lemonade", 2, 10.15, 20.3]
2025-11-30 08:49:59,937 - INFO - backend.domain.serializer.serializers.order.OrderSerializer - (order.py:146) - ['TN374', "Natalie's - Lemonade", 1, 9.3, 9.3]
2025-11-30 08:49:59,937 - INFO - backend.domain.serializer.serializers.order.OrderSerializer - (order.py:146) - ['HN732', 'Avocado - Hand Scooped', 2, 57.63, 115.26]
2025-11-30 08:49:59,937 - INFO - backend.domain.serializer.serializers.order.OrderSerializer - (order.py:146) - ['65350', 'English Muffin', 1, 27.98, 27.98]
2025-11-30 08:49:59,937 - INFO - backend.domain.serializer.serializers.order.OrderSerializer - (order.py:146) - ['NJ502', 'Pepper Jack (Sliced)', 2, 53.03, 106.06]
2025-11-30 08:49:59,937 - INFO - backend.domain.serializer.serializers.order.OrderSerializer - (order.py:146) - ['71210', 'Cream Cheese', 2, 62, 124]
2025-11-30 08:49:59,938 - INFO - backend.domain.serializer.serializers.order.OrderSerializer - (order.py:146) - ['E3556', 'Pastrami (Sliced)', 1, 66.45, 66.45]
2025-11-30 08:49:59,938 - INFO - backend.domain.serializer.serializers.order.OrderSerializer - (order.py:146) - ['CG686', 'Chicken Breast - Retail (cooked)', 4, 57.51, 230.04]
2025-11-30 08:49:59,938 - INFO - backend.domain.serializer.serializers.order.OrderSerializer - (order.py:146) - ['A0432', 'PKT Hot Sauce - Cholula', 1, 16.83, 16.83]
2025-11-30 08:49:59,942 - INFO - backend.domain.serializer.serializers.order.OrderSerializer - (order.py:146) - ['T0948', 'Almond Milk', 2, 35.74, 71.48]
2025-11-30 08:49:59,942 - INFO - backend.domain.serializer.serializers.order.OrderSerializer - (order.py:146) - ['23978', 'Monin - Vanilla', 1, 35.21, 35.21]
2025-11-30 08:49:59,942 - INFO - backend.domain.serializer.serializers.order.OrderSerializer - (order.py:146) - ['AKJ06', 'Joe Tea - Half & Half', 3, 21.95, 65.85]
2025-11-30 08:49:59,942 - INFO - backend.domain.serializer.serializers.order.OrderSerializer - (order.py:146) - ['AKH96', 'Joe Tea - Lemon', 3, 21.95, 65.85]
2025-11-30 08:49:59,942 - INFO - backend.domain.serializer.serializers.order.OrderSerializer - (order.py:146) - ['AKJ02', 'Joe Tea - Peach', 3, 21.95, 65.85]
2025-11-30 08:49:59,943 - INFO - backend.domain.serializer.serializers.order.OrderSerializer - (order.py:146) - ['FB268', 'Mousse Cup - Chocolate', 2, 31.25, 62.5]
2025-11-30 08:49:59,943 - INFO - backend.domain.serializer.serializers.order.OrderSerializer - (order.py:146) - ['FB270', 'Roma - Tiramisu Plastic Cup', 3, 33.81, 101.43]
2025-11-30 08:49:59,946 - INFO - backend.domain.serializer.serializers.order.OrderSerializer - (order.py:146) - ['PS 1107767', 'Bag - Paper (6#)', 4, 12.57, 50.28]
2025-11-30 08:49:59,946 - INFO - backend.domain.serializer.serializers.order.OrderSerializer - (order.py:146) - ['131003944', 'Bag - Paper (20# Squat)', 3, 24.71, 74.13]
2025-11-30 08:49:59,946 - INFO - backend.domain.serializer.serializers.order.OrderSerializer - (order.py:146) - ['1008837', 'Glove Nitrile - Small', 2, 26.25, 52.5]
2025-11-30 08:49:59,950 - INFO - backend.domain.serializer.serializers.order.OrderSerializer - (order.py:146) - ['131003944', 'Bag - Paper (20# Squat)', 1, 24.71, 24.71]
2025-11-30 08:49:59,951 - INFO - backend.domain.serializer.serializers.order.OrderSerializer - (order.py:146) - ['PS 1107767', 'Bag - Paper (6#)', 1, 12.57, 12.57]
2025-11-30 08:49:59,951 - INFO - backend.domain.serializer.serializers.order.OrderSerializer - (order.py:146) - ['1008838', 'Glove Nitrile - Med', 1, 26.25, 26.25]
2025-11-30 08:49:59,951 - INFO - backend.domain.serializer.serializers.order.OrderSerializer - (order.py:146) - ['1008837', 'Glove Nitrile - Small', 1, 26.25, 26.25]
2025-11-30 08:49:59,951 - INFO - backend.domain.serializer.serializers.order.OrderSerializer - (order.py:146) - ['PS 1008839', 'Glove Nitrile - XLarge', 1, 26.25, 26.25]
2025-11-30 08:49:59,954 - INFO - backend.domain.serializer.serializers.order.OrderSerializer - (order.py:146) - ['131003944', 'Bag - Paper (20# Squat)', 1, 24.71, 24.71]
2025-11-30 08:49:59,954 - INFO - backend.domain.serializer.serializers.order.OrderSerializer - (order.py:146) - ['1008838', 'Glove Nitrile - Med', 2, 26.25, 52.5]
2025-11-30 08:49:59,954 - INFO - backend.domain.serializer.serializers.order.OrderSerializer - (order.py:146) - ['1008868', 'Glove Nitrile - Large', 1, 26.25, 26.25]
2025-11-30 08:49:59,959 - INFO - backend.domain.serializer.serializers.order.OrderSerializer - (order.py:146) - ['131003944', 'Bag - Paper (20# Squat)', 1, 24.71, 24.71]
2025-11-30 08:49:59,959 - INFO - backend.domain.serializer.serializers.order.OrderSerializer - (order.py:146) - ['PS 1107767', 'Bag - Paper (6#)', 2, 12.57, 25.14]
2025-11-30 08:49:59,959 - INFO - backend.domain.serializer.serializers.order.OrderSerializer - (order.py:146) - ['1008838', 'Glove Nitrile - Med', 1, 26.25, 26.25]
2025-11-30 08:49:59,959 - INFO - backend.domain.serializer.serializers.order.OrderSerializer - (order.py:146) - ['1008837', 'Glove Nitrile - Small', 1, 26.25, 26.25]
2025-11-30 08:49:59,959 - INFO - backend.domain.serializer.serializers.order.OrderSerializer - (order.py:146) - ['PS 1008839', 'Glove Nitrile - XLarge', 1, 26.25, 26.25]
2025-11-30 08:49:59,959 - INFO - backend.domain.serializer.serializers.order.OrderSerializer - (order.py:146) - ['PS 1009143', 'Glove Vinyl - Large', 3, 15.78, 47.34]
2025-11-30 08:49:59,959 - INFO - backend.domain.serializer.serializers.order.OrderSerializer - (order.py:146) - ['PS 1031121', 'Glove Vinyl - Med', 3, 15.78, 47.34]
2025-11-30 08:49:59,959 - INFO - backend.domain.serializer.serializers.order.OrderSerializer - (order.py:146) - ['PS 1021389', 'Glove Vinyl - X-Large', 3, 15.78, 47.34]
2025-11-30 08:49:59,977 - INFO - backend.domain.serializer.serializers.order.OrderSerializer - (order.py:146) - ['27029', 'Bag Paper - Handle (Small)', 1, 37.3, 37.3]
2025-11-30 08:49:59,977 - INFO - backend.domain.serializer.serializers.order.OrderSerializer - (order.py:146) - ['40281', 'Cup - Cold (24oz)', 3, 70.67, 212.01]
2025-11-30 08:49:59,977 - INFO - backend.domain.serializer.serializers.order.OrderSerializer - (order.py:146) - ['40280', 'Cup - Cold (16oz)', 1, 84.45, 84.45]
2025-11-30 08:49:59,977 - INFO - backend.domain.serializer.serializers.order.OrderSerializer - (order.py:146) - ['33576', 'Cup - Cold (12oz)', 1, 75.32, 75.32]
2025-11-30 08:49:59,977 - INFO - backend.domain.serializer.serializers.order.OrderSerializer - (order.py:146) - ['21094', 'Lid - Soup (6/16 oz)', 1, 39.58, 39.58]
2025-11-30 08:49:59,977 - INFO - backend.domain.serializer.serializers.order.OrderSerializer - (order.py:146) - ['23687', 'Container - Soup (8oz)', 1, 70, 70]
2025-11-30 08:49:59,977 - INFO - backend.domain.serializer.serializers.order.OrderSerializer - (order.py:146) - ['40834', 'Trash Bag (38x58)', 4, 36.14, 144.56]
2025-11-30 08:49:59,977 - INFO - backend.domain.serializer.serializers.order.OrderSerializer - (order.py:146) - ['34365', 'Towel Disp Folded', 2, 55.24, 110.48]
2025-11-30 08:49:59,977 - INFO - backend.domain.serializer.serializers.order.OrderSerializer - (order.py:146) - ['41341', 'Glove Latex - Large', 1, 40.96, 40.96]
2025-11-30 08:49:59,977 - INFO - backend.domain.serializer.serializers.order.OrderSerializer - (order.py:146) - ['36211', 'Lid - Hot Cup (12/16/20oz)', 5, 50.89, 254.45]
2025-11-30 08:49:59,978 - INFO - backend.domain.serializer.serializers.order.OrderSerializer - (order.py:146) - ['22435', 'Container - Deli (16oz)', 1, 35.88, 35.88]
2025-11-30 08:49:59,978 - INFO - backend.domain.serializer.serializers.order.OrderSerializer - (order.py:146) - ['14909', 'Lid - Deli (6/32oz)', 1, 24.82, 24.82]
2025-11-30 08:49:59,982 - INFO - backend.domain.serializer.serializers.order.OrderSerializer - (order.py:146) - ['36211', 'Lid - Hot Cup (12/16/20oz)', 3, 50.89, 152.67]
2025-11-30 08:49:59,983 - INFO - backend.domain.serializer.serializers.order.OrderSerializer - (order.py:146) - ['40834', 'Trash Bag (38x58)', 3, 36.14, 108.42]
2025-11-30 08:49:59,983 - INFO - backend.domain.serializer.serializers.order.OrderSerializer - (order.py:146) - ['39808', 'Wrap - Hot Sandwich Cushion (14" x 16")', 2, 38.64, 77.28]
2025-11-30 08:49:59,983 - INFO - backend.domain.serializer.serializers.order.OrderSerializer - (order.py:146) - ['34365', 'Towel Disp Folded', 3, 55.24, 165.72]
2025-11-30 08:49:59,983 - INFO - backend.domain.serializer.serializers.order.OrderSerializer - (order.py:146) - ['33918', 'Lid Cold Sip - 16/24oz', 2, 46.4, 92.8]
2025-11-30 08:49:59,983 - INFO - backend.domain.serializer.serializers.order.OrderSerializer - (order.py:146) - ['40281', 'Cup - Cold (24oz)', 2, 70.67, 141.34]
2025-11-30 08:49:59,983 - INFO - backend.domain.serializer.serializers.order.OrderSerializer - (order.py:146) - ['40280', 'Cup - Cold (16oz)', 2, 84.45, 168.9]
2025-11-30 08:49:59,983 - INFO - backend.domain.serializer.serializers.order.OrderSerializer - (order.py:146) - ['27029', 'Bag Paper - Handle (Small)', 1, 37.3, 37.3]
2025-11-30 08:49:59,983 - INFO - backend.domain.serializer.serializers.order.OrderSerializer - (order.py:146) - ['38505', 'Container - Paper Clamshell (Avocado Box)', 1, 56.85, 56.85]
2025-11-30 08:49:59,983 - INFO - backend.domain.serializer.serializers.order.OrderSerializer - (order.py:146) - ['38018', 'Cont Salad Bowl - 24oz (paper)', 1, 41.92, 41.92]
2025-11-30 08:49:59,983 - INFO - backend.domain.serializer.serializers.order.OrderSerializer - (order.py:146) - ['38020', 'Lid Salad Bowl - 24/32oz (Retail)', 1, 69.72, 69.72]
2025-11-30 08:49:59,983 - INFO - backend.domain.serializer.serializers.order.OrderSerializer - (order.py:146) - ['33576', 'Cup - Cold (12oz)', 1, 69.75, 69.75]
2025-11-30 08:49:59,984 - INFO - backend.domain.serializer.serializers.order.OrderSerializer - (order.py:146) - ['33583', 'Toilet Paper', 2, 46.28, 92.56]
2025-11-30 08:50:00,000 - INFO - backend.domain.serializer.serializers.order.OrderSerializer - (order.py:146) - ['38018', 'Cont Salad Bowl - 24oz (paper)', 1, 41.92, 41.92]
2025-11-30 08:50:00,000 - INFO - backend.domain.serializer.serializers.order.OrderSerializer - (order.py:146) - ['36211', 'Lid - Hot Cup (12/16/20oz)', 2, 50.89, 101.78]
2025-11-30 08:50:00,000 - INFO - backend.domain.serializer.serializers.order.OrderSerializer - (order.py:146) - ['40834', 'Trash Bag (38x58)', 1, 36.14, 36.14]
2025-11-30 08:50:00,000 - INFO - backend.domain.serializer.serializers.order.OrderSerializer - (order.py:146) - ['1847', 'Wrap - Cold Sandwich (18" x 18")', 1, 102.85, 102.85]
2025-11-30 08:50:00,000 - INFO - backend.domain.serializer.serializers.order.OrderSerializer - (order.py:146) - ['39808', 'Wrap - Hot Sandwich Cushion (14" x 16")', 3, 38.65, 115.95]
2025-11-30 08:50:00,000 - INFO - backend.domain.serializer.serializers.order.OrderSerializer - (order.py:146) - ['34365', 'Towel Disp Folded', 1, 55.24, 55.24]
2025-11-30 08:50:00,000 - INFO - backend.domain.serializer.serializers.order.OrderSerializer - (order.py:146) - ['40280', 'Cup - Cold (16oz)', 1, 84.45, 84.45]
2025-11-30 08:50:00,000 - INFO - backend.domain.serializer.serializers.order.OrderSerializer - (order.py:146) - ['27029', 'Bag Paper - Handle (Small)', 1, 37.3, 37.3]
2025-11-30 08:50:00,000 - INFO - backend.domain.serializer.serializers.order.OrderSerializer - (order.py:146) - ['463', 'Bag - Wax (6#)', 1, 74.23, 74.23]
2025-11-30 08:50:00,001 - INFO - backend.domain.serializer.serializers.order.OrderSerializer - (order.py:146) - ['17112', 'Cup Carrier - Fiber (4-Cup)', 1, 33.85, 33.85]
2025-11-30 08:50:00,001 - INFO - backend.domain.serializer.serializers.order.OrderSerializer - (order.py:146) - ['33583', 'Toilet Paper', 1, 46.28, 46.28]
2025-11-30 08:50:00,006 - INFO - backend.domain.serializer.serializers.order.OrderSerializer - (order.py:146) - ['40281', 'Cup - Cold (24oz)', 1, 70.67, 70.67]
2025-11-30 08:50:00,006 - INFO - backend.domain.serializer.serializers.order.OrderSerializer - (order.py:146) - ['38505', 'Container - Paper Clamshell (Avocado Box)', 1, 56.85, 56.85]
2025-11-30 08:50:00,006 - INFO - backend.domain.serializer.serializers.order.OrderSerializer - (order.py:146) - ['40280', 'Cup - Cold (16oz)', 1, 84.45, 84.45]
2025-11-30 08:50:00,006 - INFO - backend.domain.serializer.serializers.order.OrderSerializer - (order.py:146) - ['27029', 'Bag Paper - Handle (Small)', 1, 37.3, 37.3]
2025-11-30 08:50:00,006 - INFO - backend.domain.serializer.serializers.order.OrderSerializer - (order.py:146) - ['40834', 'Trash Bag (38x58)', 1, 36.14, 36.14]
2025-11-30 08:50:00,006 - INFO - backend.domain.serializer.serializers.order.OrderSerializer - (order.py:146) - ['39808', 'Wrap - Hot Sandwich Cushion (14" x 16")', 1, 38.65, 38.65]
2025-11-30 08:50:00,006 - INFO - backend.domain.serializer.serializers.order.OrderSerializer - (order.py:146) - ['33583', 'Toilet Paper', 1, 46.28, 46.28]
2025-11-30 08:50:00,026 - INFO - backend.domain.serializer.serializers.order.OrderSerializer - (order.py:146) - ['39192', 'Container - Paper Clamshell (Bagel Box)', 1, 69.94, 69.94]
2025-11-30 08:50:00,026 - INFO - backend.domain.serializer.serializers.order.OrderSerializer - (order.py:146) - ['33918', 'Lid Cold Sip - 16/24oz', 1, 46.4, 46.4]
2025-11-30 08:50:00,026 - INFO - backend.domain.serializer.serializers.order.OrderSerializer - (order.py:146) - ['38020', 'Lid Salad Bowl - 24/32oz (Retail)', 1, 69.72, 69.72]
2025-11-30 08:50:00,026 - INFO - backend.domain.serializer.serializers.order.OrderSerializer - (order.py:146) - ['40834', 'Trash Bag (38x58)', 1, 36.14, 36.14]
2025-11-30 08:50:00,026 - INFO - backend.domain.serializer.serializers.order.OrderSerializer - (order.py:146) - ['39808', 'Wrap - Hot Sandwich Cushion (14" x 16")', 1, 38.64, 38.64]
2025-11-30 08:50:00,027 - INFO - backend.domain.serializer.serializers.order.OrderSerializer - (order.py:146) - ['33583', 'Toilet Paper', 1, 46.28, 46.28]
2025-11-30 08:50:00,031 - INFO - backend.domain.serializer.serializers.order.OrderSerializer - (order.py:146) - ['38018', 'Cont Salad Bowl - 24oz (paper)', 1, 41.92, 41.92]
2025-11-30 08:50:00,031 - INFO - backend.domain.serializer.serializers.order.OrderSerializer - (order.py:146) - ['40834', 'Trash Bag (38x58)', 1, 36.14, 36.14]
2025-11-30 08:50:00,031 - INFO - backend.domain.serializer.serializers.order.OrderSerializer - (order.py:146) - ['39808', 'Wrap - Hot Sandwich Cushion (14" x 16")', 2, 38.64, 77.28]
2025-11-30 08:50:00,031 - INFO - backend.domain.serializer.serializers.order.OrderSerializer - (order.py:146) - ['36211', 'Lid - Hot Cup (12/16/20oz)', 2, 50.89, 101.78]
2025-11-30 08:50:00,050 - INFO - backend.domain.serializer.serializers.order.OrderSerializer - (order.py:146) - ['27029', 'Bag Paper - Handle (Small)', 1, 37.3, 37.3]
2025-11-30 08:50:00,050 - INFO - backend.domain.serializer.serializers.order.OrderSerializer - (order.py:146) - ['38505', 'Container - Paper Clamshell (Avocado Box)', 1, 56.85, 56.85]
2025-11-30 08:50:00,050 - INFO - backend.domain.serializer.serializers.order.OrderSerializer - (order.py:146) - ['39192', 'Container - Paper Clamshell (Bagel Box)', 2, 69.94, 139.88]
2025-11-30 08:50:00,050 - INFO - backend.domain.serializer.serializers.order.OrderSerializer - (order.py:146) - ['41399', 'Cup - Cold (12oz)', 1, 75.32, 75.32]
2025-11-30 08:50:00,050 - INFO - backend.domain.serializer.serializers.order.OrderSerializer - (order.py:146) - ['40280', 'Cup - Cold (16oz)', 1, 84.44, 84.44]
2025-11-30 08:50:00,050 - INFO - backend.domain.serializer.serializers.order.OrderSerializer - (order.py:146) - ['40281', 'Cup - Cold (24oz)', 1, 70.67, 70.67]
2025-11-30 08:50:00,050 - INFO - backend.domain.serializer.serializers.order.OrderSerializer - (order.py:146) - ['36211', 'Lid - Hot Cup (12/16/20oz)', 1, 50.89, 50.89]
2025-11-30 08:50:00,051 - INFO - backend.domain.serializer.serializers.order.OrderSerializer - (order.py:146) - ['33583', 'Toilet Paper', 1, 46.28, 46.28]
2025-11-30 08:50:00,051 - INFO - backend.domain.serializer.serializers.order.OrderSerializer - (order.py:146) - ['34365', 'Towel Disp Folded', 1, 55.23, 55.23]
2025-11-30 08:50:00,051 - INFO - backend.domain.serializer.serializers.order.OrderSerializer - (order.py:146) - ['39808', 'Wrap - Hot Sandwich Cushion (14" x 16")', 2, 38.65, 77.3]
2025-11-30 08:50:00,056 - INFO - backend.domain.serializer.serializers.order.OrderSerializer - (order.py:146) - ['38629', 'Cup - Portion (2oz)', 1, 27.7, 27.7]
2025-11-30 08:50:00,056 - INFO - backend.domain.serializer.serializers.order.OrderSerializer - (order.py:146) - ['39192', 'Container - Paper Clamshell (Bagel Box)', 1, 69.94, 69.94]
2025-11-30 08:50:00,056 - INFO - backend.domain.serializer.serializers.order.OrderSerializer - (order.py:146) - ['38505', 'Container - Paper Clamshell (Avocado Box)', 1, 56.85, 56.85]
2025-11-30 08:50:00,056 - INFO - backend.domain.serializer.serializers.order.OrderSerializer - (order.py:146) - ['40834', 'Trash Bag (38x58)', 1, 36.14, 36.14]
2025-11-30 08:50:00,056 - INFO - backend.domain.serializer.serializers.order.OrderSerializer - (order.py:146) - ['33918', 'Lid Cold Sip - 16/24oz', 1, 46.4, 46.4]
2025-11-30 08:50:00,057 - INFO - backend.domain.serializer.serializers.order.OrderSerializer - (order.py:146) - ['40281', 'Cup - Cold (24oz)', 1, 70.67, 70.67]
2025-11-30 08:50:00,057 - INFO - backend.domain.serializer.serializers.order.OrderSerializer - (order.py:146) - ['40280', 'Cup - Cold (16oz)', 1, 84.45, 84.45]
2025-11-30 08:50:00,057 - INFO - backend.domain.serializer.serializers.order.OrderSerializer - (order.py:146) - ['39808', 'Wrap - Hot Sandwich Cushion (14" x 16")', 2, 38.64, 77.28]
2025-11-30 08:50:00,073 - INFO - backend.domain.serializer.serializers.order.OrderSerializer - (order.py:146) - ['40834', 'Trash Bag (38x58)', 1, 36.14, 36.14]
2025-11-30 08:50:00,073 - INFO - backend.domain.serializer.serializers.order.OrderSerializer - (order.py:146) - ['33918', 'Lid Cold Sip - 16/24oz', 1, 46.4, 46.4]
2025-11-30 08:50:00,073 - INFO - backend.domain.serializer.serializers.order.OrderSerializer - (order.py:146) - ['36211', 'Lid - Hot Cup (12/16/20oz)', 2, 50.89, 101.78]
2025-11-30 08:50:00,073 - INFO - backend.domain.serializer.serializers.order.OrderSerializer - (order.py:146) - ['41399', 'Cup - Cold (12oz)', 1, 75.32, 75.32]
2025-11-30 08:50:00,074 - INFO - backend.domain.serializer.serializers.order.OrderSerializer - (order.py:146) - ['26215', 'Glove Latex - Med', 1, 40.96, 40.96]
2025-11-30 08:50:00,079 - INFO - backend.domain.serializer.serializers.order.OrderSerializer - (order.py:146) - ['38228', 'Plates 10" Compostable', 1, 69.41, 69.41]
2025-11-30 08:50:00,079 - INFO - backend.domain.serializer.serializers.order.OrderSerializer - (order.py:146) - ['17752', 'Serving Utensil - Fork (10")', 1, 23.54, 23.54]
2025-11-30 08:50:00,079 - INFO - backend.domain.serializer.serializers.order.OrderSerializer - (order.py:146) - ['463', 'Bag - Wax (6#)', 1, 74.23, 74.23]
2025-11-30 08:50:00,079 - INFO - backend.domain.serializer.serializers.order.OrderSerializer - (order.py:146) - ['27029', 'Bag Paper - Handle (Small)', 1, 37.3, 37.3]
2025-11-30 08:50:00,080 - INFO - backend.domain.serializer.serializers.order.OrderSerializer - (order.py:146) - ['38505', 'Container - Paper Clamshell (Avocado Box)', 2, 56.85, 113.7]
2025-11-30 08:50:00,080 - INFO - backend.domain.serializer.serializers.order.OrderSerializer - (order.py:146) - ['39192', 'Container - Paper Clamshell (Bagel Box)', 2, 69.94, 139.88]
2025-11-30 08:50:00,080 - INFO - backend.domain.serializer.serializers.order.OrderSerializer - (order.py:146) - ['18356', 'Container - Plastic Clamshell (6")', 1, 61.14, 61.14]
2025-11-30 08:50:00,080 - INFO - backend.domain.serializer.serializers.order.OrderSerializer - (order.py:146) - ['23687', 'Container - Soup (8oz)', 1, 70, 70]
2025-11-30 08:50:00,080 - INFO - backend.domain.serializer.serializers.order.OrderSerializer - (order.py:146) - ['36211', 'Lid - Hot Cup (12/16/20oz)', 2, 50.89, 101.78]
2025-11-30 08:50:00,080 - INFO - backend.domain.serializer.serializers.order.OrderSerializer - (order.py:146) - ['21094', 'Lid - Soup (6/16 oz)', 1, 39.58, 39.58]
2025-11-30 08:50:00,080 - INFO - backend.domain.serializer.serializers.order.OrderSerializer - (order.py:146) - ['33918', 'Lid Cold Sip - 16/24oz', 1, 46.4, 46.4]
2025-11-30 08:50:00,080 - INFO - backend.domain.serializer.serializers.order.OrderSerializer - (order.py:146) - ['34365', 'Towel Disp Folded', 3, 55.24, 165.72]
2025-11-30 08:50:00,080 - INFO - backend.domain.serializer.serializers.order.OrderSerializer - (order.py:146) - ['40834', 'Trash Bag (38x58)', 2, 36.14, 72.28]
2025-11-30 08:50:00,080 - INFO - backend.domain.serializer.serializers.order.OrderSerializer - (order.py:146) - ['38629', 'Cup - Portion (2oz)', 1, 27.7, 27.7]
2025-11-30 08:50:00,080 - INFO - backend.domain.serializer.serializers.order.OrderSerializer - (order.py:146) - ['14909', 'Lid - Deli (6/32oz)', 3, 24.82, 74.46]
2025-11-30 08:50:00,081 - INFO - backend.domain.serializer.serializers.order.OrderSerializer - (order.py:146) - ['38637', 'Lid - Portion (2oz)', 2, 24.67, 49.34]
2025-11-30 08:50:00,097 - INFO - backend.domain.serializer.serializers.order.OrderSerializer - (order.py:146) - ['27029', 'Bag Paper - Handle (Small)', 1, 37.3, 37.3]
2025-11-30 08:50:00,097 - INFO - backend.domain.serializer.serializers.order.OrderSerializer - (order.py:146) - ['39192', 'Container - Paper Clamshell (Bagel Box)', 1, 69.94, 69.94]
2025-11-30 08:50:00,098 - INFO - backend.domain.serializer.serializers.order.OrderSerializer - (order.py:146) - ['41399', 'Cup - Cold (12oz)', 1, 75.32, 75.32]
2025-11-30 08:50:00,098 - INFO - backend.domain.serializer.serializers.order.OrderSerializer - (order.py:146) - ['40281', 'Cup - Cold (24oz)', 1, 70.67, 70.67]
2025-11-30 08:50:00,098 - INFO - backend.domain.serializer.serializers.order.OrderSerializer - (order.py:146) - ['36211', 'Lid - Hot Cup (12/16/20oz)', 2, 50.89, 101.78]
2025-11-30 08:50:00,098 - INFO - backend.domain.serializer.serializers.order.OrderSerializer - (order.py:146) - ['33583', 'Toilet Paper', 1, 46.28, 46.28]
2025-11-30 08:50:00,098 - INFO - backend.domain.serializer.serializers.order.OrderSerializer - (order.py:146) - ['34365', 'Towel Disp Folded', 1, 55.23, 55.23]
2025-11-30 08:50:00,098 - INFO - backend.domain.serializer.serializers.order.OrderSerializer - (order.py:146) - ['40834', 'Trash Bag (38x58)', 4, 36.14, 144.56]
2025-11-30 08:50:00,098 - INFO - backend.domain.serializer.serializers.order.OrderSerializer - (order.py:146) - ['1847', 'Wrap - Cold Sandwich (18" x 18")', 1, 102.85, 102.85]
2025-11-30 08:50:00,098 - INFO - backend.domain.serializer.serializers.order.OrderSerializer - (order.py:146) - ['39808', 'Wrap - Hot Sandwich Cushion (14" x 16")', 3, 38.64, 115.92]
2025-11-30 08:50:00,114 - INFO - backend.domain.serializer.serializers.order.OrderSerializer - (order.py:146) - [None, 'Extreme - Metal Safe', 1, 134.53, 134.53]
2025-11-30 08:50:00,119 - INFO - backend.domain.serializer.serializers.order.OrderSerializer - (order.py:146) - ['EX0070041', 'Manual Dish Detergent - Extreme Blue Ultra Pot & Pan', 1, 68.79, 68.79]
2025-11-30 08:50:00,119 - INFO - backend.domain.serializer.serializers.order.OrderSerializer - (order.py:146) - ['41SANIT10', 'Sanitizer - Sani-T-10', 1, 108.39, 108.39]
2025-11-30 08:50:00,136 - INFO - backend.domain.serializer.serializers.order.OrderSerializer - (order.py:146) - ['414820', 'Peroxy - General Purpose Cleaner (#15)', 1, 98.18, 98.18]
2025-11-30 08:50:00,140 - INFO - backend.domain.serializer.serializers.order.OrderSerializer - (order.py:146) - ['7119284', 'Naked - Blue Machine', 1, 24.24, 24.24]
2025-11-30 08:50:00,157 - INFO - backend.domain.serializer.serializers.order.OrderSerializer - (order.py:146) - ['2240263', 'Chobani - Strawberry', 1, 15.39, 15.39]
2025-11-30 08:50:00,157 - INFO - backend.domain.serializer.serializers.order.OrderSerializer - (order.py:146) - ['7119284', 'Naked - Blue Machine', 1, 24.24, 24.24]
2025-11-30 08:50:00,157 - INFO - backend.domain.serializer.serializers.order.OrderSerializer - (order.py:146) - ['5833462', 'Jalapenos (Sliced)', 2, 26.69, 53.38]
2025-11-30 08:50:00,157 - INFO - backend.domain.serializer.serializers.order.OrderSerializer - (order.py:146) - ['5204383', 'Pan Spray', 1, 34.88, 34.88]
2025-11-30 08:50:00,157 - INFO - backend.domain.serializer.serializers.order.OrderSerializer - (order.py:146) - ['2839082', 'Flour - High Gluten', 50, 16.99, 849.5]
2025-11-30 08:50:00,158 - INFO - backend.domain.serializer.serializers.order.OrderSerializer - (order.py:146) - ['4684250', 'Shortening - All Purpose (Palm)', 1, 75.95, 75.95]
2025-11-30 08:50:00,158 - INFO - backend.domain.serializer.serializers.order.OrderSerializer - (order.py:146) - ['8921201', 'Can Pineapple - Crushed (In Juice)', 1, 55.85, 55.85]
2025-11-30 08:50:00,158 - INFO - backend.domain.serializer.serializers.order.OrderSerializer - (order.py:146) - ['2517447', 'Nutella', 1, 69.49, 69.49]
2025-11-30 08:50:00,158 - INFO - backend.domain.serializer.serializers.order.OrderSerializer - (order.py:146) - ['0017354', 'Hash Brown', 3, 23.89, 71.67]
2025-11-30 08:50:00,158 - INFO - backend.domain.serializer.serializers.order.OrderSerializer - (order.py:146) - ['1589290', 'Sausage - Patty (1.5oz)', 2, 24.62, 49.24]
2025-11-30 08:50:00,158 - INFO - backend.domain.serializer.serializers.order.OrderSerializer - (order.py:146) - ['2139032', 'Peanut Butter - Chunky', 1, 64.55, 64.55]
2025-11-30 08:50:00,158 - INFO - backend.domain.serializer.serializers.order.OrderSerializer - (order.py:146) - ['7468556', 'Gatorade Orange', 1, 29.4, 29.4]
2025-11-30 08:50:00,158 - INFO - backend.domain.serializer.serializers.order.OrderSerializer - (order.py:146) - ['7468531', 'Gatorade Cool Blue', 1, 29.4, 29.4]
2025-11-30 08:50:00,158 - INFO - backend.domain.serializer.serializers.order.OrderSerializer - (order.py:146) - ['0683696', 'Tomato - Fresh Sliced', 8, 32.18, 257.44]
2025-11-30 08:50:00,158 - INFO - backend.domain.serializer.serializers.order.OrderSerializer - (order.py:146) - ['7226918', 'Mozz (Sliced)', 1, 27.72, 27.72]
2025-11-30 08:50:00,158 - INFO - backend.domain.serializer.serializers.order.OrderSerializer - (order.py:146) - ['4438911', 'Grain Blend 5 Way', 1, 77.89, 77.89]
2025-11-30 08:50:00,158 - INFO - backend.domain.serializer.serializers.order.OrderSerializer - (order.py:146) - ['1159946', 'Cheddar - Orange (Shredded)', 1, 57.29, 57.29]
2025-11-30 08:50:00,158 - INFO - backend.domain.serializer.serializers.order.OrderSerializer - (order.py:146) - ['2366607', 'Liquid Egg', 4, 43.51, 174.04]
2025-11-30 08:50:00,159 - INFO - backend.domain.serializer.serializers.order.OrderSerializer - (order.py:146) - ['1101324', 'Ricotta - Impastata', 6, 28.49, 170.94]
2025-11-30 08:50:00,159 - INFO - backend.domain.serializer.serializers.order.OrderSerializer - (order.py:146) - ['4828802', 'Heavy Cream', 1, 47.45, 47.45]
2025-11-30 08:50:00,159 - INFO - backend.domain.serializer.serializers.order.OrderSerializer - (order.py:146) - ['3716743', 'Philadelphia Cream Cheese - Original', 3, 112.77, 338.31]
2025-11-30 08:50:00,159 - INFO - backend.domain.serializer.serializers.order.OrderSerializer - (order.py:146) - ['7233411', 'Muffin Batter - Choc Chip', 2, 58.85, 117.7]
2025-11-30 08:50:00,159 - INFO - backend.domain.serializer.serializers.order.OrderSerializer - (order.py:146) - ['1433036', 'Baklava', 2, 54.35, 108.7]
2025-11-30 08:50:00,163 - INFO - backend.domain.serializer.serializers.order.OrderSerializer - (order.py:146) - ['4438911', 'Grain Blend 5 Way', 2, 77.89, 155.78]
2025-11-30 08:50:00,164 - INFO - backend.domain.serializer.serializers.order.OrderSerializer - (order.py:146) - ['0683696', 'Tomato - Fresh Sliced', 5, 32.18, 160.9]
2025-11-30 08:50:00,164 - INFO - backend.domain.serializer.serializers.order.OrderSerializer - (order.py:146) - ['6297594', 'Avocado - Halves Fresh', 3, 33.9, 101.7]
2025-11-30 08:50:00,164 - INFO - backend.domain.serializer.serializers.order.OrderSerializer - (order.py:146) - ['7226918', 'Mozz (Sliced)', 5, 27.72, 138.6]
2025-11-30 08:50:00,164 - INFO - backend.domain.serializer.serializers.order.OrderSerializer - (order.py:146) - ['9035601', 'American Cheese (Sliced)', 2, 44.9, 89.8]
2025-11-30 08:50:00,164 - INFO - backend.domain.serializer.serializers.order.OrderSerializer - (order.py:146) - ['4617771', 'Egg Patty', 14, 47.08, 659.12]
2025-11-30 08:50:00,164 - INFO - backend.domain.serializer.serializers.order.OrderSerializer - (order.py:146) - ['1589290', 'Sausage - Patty (1.5oz)', 5, 24.62, 123.1]
2025-11-30 08:50:00,164 - INFO - backend.domain.serializer.serializers.order.OrderSerializer - (order.py:146) - ['1954734', 'Smoothie Ice Cream', 1, 81.15, 81.15]
2025-11-30 08:50:00,164 - INFO - backend.domain.serializer.serializers.order.OrderSerializer - (order.py:146) - ['2072536', 'Frz Orange Juice', 1, 104.13, 104.13]
2025-11-30 08:50:00,164 - INFO - backend.domain.serializer.serializers.order.OrderSerializer - (order.py:146) - ['0017354', 'Hash Brown', 6, 23.89, 143.34]
2025-11-30 08:50:00,164 - INFO - backend.domain.serializer.serializers.order.OrderSerializer - (order.py:146) - ['7468515', 'Gatorade Fruit Punch', 1, 29.4, 29.4]
2025-11-30 08:50:00,164 - INFO - backend.domain.serializer.serializers.order.OrderSerializer - (order.py:146) - ['2240376', 'Chobani - Vanilla', 1, 15.39, 15.39]
2025-11-30 08:50:00,165 - INFO - backend.domain.serializer.serializers.order.OrderSerializer - (order.py:146) - ['2240263', 'Chobani - Strawberry', 1, 15.39, 15.39]
2025-11-30 08:50:00,165 - INFO - backend.domain.serializer.serializers.order.OrderSerializer - (order.py:146) - ['5756060', 'SABRA - Hummus Roasted Garlic With Pretzels', 1, 32.2, 32.2]
2025-11-30 08:50:00,169 - INFO - backend.domain.serializer.serializers.order.OrderSerializer - (order.py:146) - ['6297594', 'Avocado - Halves Fresh', 1, 33.9, 33.9]
2025-11-30 08:50:00,169 - INFO - backend.domain.serializer.serializers.order.OrderSerializer - (order.py:146) - ['2240263', 'Chobani - Strawberry', 1, 15.39, 15.39]
2025-11-30 08:50:00,169 - INFO - backend.domain.serializer.serializers.order.OrderSerializer - (order.py:146) - ['7119615', 'Naked - Berry Blast', 1, 24.24, 24.24]
2025-11-30 08:50:00,169 - INFO - backend.domain.serializer.serializers.order.OrderSerializer - (order.py:146) - ['7119284', 'Naked - Blue Machine', 1, 24.24, 24.24]
2025-11-30 08:50:00,169 - INFO - backend.domain.serializer.serializers.order.OrderSerializer - (order.py:146) - ['7119269', 'Naked - Green Machine', 1, 24.24, 24.24]
2025-11-30 08:50:00,169 - INFO - backend.domain.serializer.serializers.order.OrderSerializer - (order.py:146) - ['7119223', 'Naked - Strawberry Banana', 1, 24.24, 24.24]
2025-11-30 08:50:00,169 - INFO - backend.domain.serializer.serializers.order.OrderSerializer - (order.py:146) - ['1954734', 'Smoothie Ice Cream', 1, 81.15, 81.15]
2025-11-30 08:50:00,170 - INFO - backend.domain.serializer.serializers.order.OrderSerializer - (order.py:146) - ['7333504', 'Oh Snap - Pickle Sassy', 1, 6.95, 6.95]
2025-11-30 08:50:00,174 - INFO - backend.domain.serializer.serializers.order.OrderSerializer - (order.py:146) - ['0017354', 'Hash Brown', 1, 23.89, 23.89]
2025-11-30 08:50:00,174 - INFO - backend.domain.serializer.serializers.order.OrderSerializer - (order.py:146) - ['6297594', 'Avocado - Halves Fresh', 1, 33.9, 33.9]
2025-11-30 08:50:00,174 - INFO - backend.domain.serializer.serializers.order.OrderSerializer - (order.py:146) - ['2240376', 'Chobani - Vanilla', 1, 15.39, 15.39]
2025-11-30 08:50:00,174 - INFO - backend.domain.serializer.serializers.order.OrderSerializer - (order.py:146) - ['7226918', 'Mozz (Sliced)', 1, 27.72, 27.72]
2025-11-30 08:50:00,174 - INFO - backend.domain.serializer.serializers.order.OrderSerializer - (order.py:146) - ['7119615', 'Naked - Berry Blast', 1, 24.24, 24.24]
2025-11-30 08:50:00,174 - INFO - backend.domain.serializer.serializers.order.OrderSerializer - (order.py:146) - ['7119284', 'Naked - Blue Machine', 1, 24.24, 24.24]
2025-11-30 08:50:00,174 - INFO - backend.domain.serializer.serializers.order.OrderSerializer - (order.py:146) - ['4123212', 'PKT Black Pepper', 1, 50.17, 50.17]
2025-11-30 08:50:00,174 - INFO - backend.domain.serializer.serializers.order.OrderSerializer - (order.py:146) - ['4136768', 'PKT Ketchup', 1, 39.43, 39.43]
2025-11-30 08:50:00,178 - INFO - backend.domain.serializer.serializers.order.OrderSerializer - (order.py:146) - ['4617771', 'Egg Patty', 4, 47.08, 188.32]
2025-11-30 08:50:00,178 - INFO - backend.domain.serializer.serializers.order.OrderSerializer - (order.py:146) - ['6297594', 'Avocado - Halves Fresh', 1, 33.9, 33.9]
2025-11-30 08:50:00,178 - INFO - backend.domain.serializer.serializers.order.OrderSerializer - (order.py:146) - ['7226918', 'Mozz (Sliced)', 2, 27.72, 55.44]
2025-11-30 08:50:00,179 - INFO - backend.domain.serializer.serializers.order.OrderSerializer - (order.py:146) - ['9035601', 'American Cheese (Sliced)', 2, 44.9, 89.8]
2025-11-30 08:50:00,179 - INFO - backend.domain.serializer.serializers.order.OrderSerializer - (order.py:146) - ['0017354', 'Hash Brown', 3, 23.89, 71.67]
2025-11-30 08:50:00,182 - INFO - backend.domain.serializer.serializers.order.OrderSerializer - (order.py:146) - ['8399529', 'Gatorade Frost Riptide Rush', 1, 29.4, 29.4]
2025-11-30 08:50:00,182 - INFO - backend.domain.serializer.serializers.order.OrderSerializer - (order.py:146) - ['8821554', 'Frz Lemonade', 1, 47.5, 47.5]
2025-11-30 08:50:00,187 - INFO - backend.domain.serializer.serializers.order.OrderSerializer - (order.py:146) - ['2273316', 'GTS, Kombucha - Gingerade', 1, 42.02, 42.02]
2025-11-30 08:50:00,187 - INFO - backend.domain.serializer.serializers.order.OrderSerializer - (order.py:146) - ['289449-1', 'Just Tea - Moroccan Mint', 1, 25.92, 25.92]
2025-11-30 08:50:00,187 - INFO - backend.domain.serializer.serializers.order.OrderSerializer - (order.py:146) - ['289451-7', 'Just Tea - Peach', 1, 25.92, 25.92]
2025-11-30 08:50:00,187 - INFO - backend.domain.serializer.serializers.order.OrderSerializer - (order.py:146) - ['030570-6', "Martinelli's Apple Juice Squat", 1, 43.85, 43.85]
2025-11-30 08:50:00,187 - INFO - backend.domain.serializer.serializers.order.OrderSerializer - (order.py:146) - ['272451-6', 'Poppi Soda - Doc Pop', 1, 23.91, 23.91]
2025-11-30 08:50:00,187 - INFO - backend.domain.serializer.serializers.order.OrderSerializer - (order.py:146) - ['244850-4', 'Remedy - Berry Immunity', 1, 25.06, 25.06]
2025-11-30 08:50:00,187 - INFO - backend.domain.serializer.serializers.order.OrderSerializer - (order.py:146) - ['223791-5', 'Remedy - Drk Cacoa Essential', 2, 25.06, 50.12]
2025-11-30 08:50:00,187 - INFO - backend.domain.serializer.serializers.order.OrderSerializer - (order.py:146) - ['223894-7', 'Remedy - Matcha Fuel', 2, 25.06, 50.12]
2025-11-30 08:50:00,188 - INFO - backend.domain.serializer.serializers.order.OrderSerializer - (order.py:146) - ['280264-3', 'San Pellegrino - Aranciata (Orange)', 1, 28.98, 28.98]
2025-11-30 08:50:00,188 - INFO - backend.domain.serializer.serializers.order.OrderSerializer - (order.py:146) - ['2802668', 'San Pellegrino - Melograno & Arancia (Pomegranate)', 1, 28.98, 28.98]
2025-11-30 08:50:00,188 - INFO - backend.domain.serializer.serializers.order.OrderSerializer - (order.py:146) - ['279517-7', 'Go Macro - Salted Caramel Chocolate Chip', 1, 32.68, 32.68]
2025-11-30 08:50:00,188 - INFO - backend.domain.serializer.serializers.order.OrderSerializer - (order.py:146) - ['0647743', "Justin's - Peanut Butter Cup (Dk Choc)", 1, 26.42, 26.42]
2025-11-30 08:50:00,188 - INFO - backend.domain.serializer.serializers.order.OrderSerializer - (order.py:146) - ['0647719', "Justin's - Peanut Butter Cup (Mk Choc)", 1, 26.42, 26.42]
2025-11-30 08:50:00,188 - INFO - backend.domain.serializer.serializers.order.OrderSerializer - (order.py:146) - ['179991-5', 'Snack Factory Pretzel Crisps - Everything', 1, 38.63, 38.63]
2025-11-30 08:50:00,192 - INFO - backend.domain.serializer.serializers.order.OrderSerializer - (order.py:146) - ['227347-2', 'GTS, Kombucha - Strawberry', 1, 42.02, 42.02]
2025-11-30 08:50:00,193 - INFO - backend.domain.serializer.serializers.order.OrderSerializer - (order.py:146) - ['289446-7', 'Just Tea - Berry Hibiscus', 1, 25.92, 25.92]
2025-11-30 08:50:00,193 - INFO - backend.domain.serializer.serializers.order.OrderSerializer - (order.py:146) - ['272451-6', 'Poppi Soda - Doc Pop', 1, 23.91, 23.91]
2025-11-30 08:50:00,193 - INFO - backend.domain.serializer.serializers.order.OrderSerializer - (order.py:146) - ['267463-8', 'Poppi Soda - Ginger Lime', 1, 23.91, 23.91]
2025-11-30 08:50:00,193 - INFO - backend.domain.serializer.serializers.order.OrderSerializer - (order.py:146) - ['280251-0', 'San Pellegrino - Aranciata Rossa (Blood Orange)', 1, 28.98, 28.98]
2025-11-30 08:50:00,193 - INFO - backend.domain.serializer.serializers.order.OrderSerializer - (order.py:146) - ['1513555', 'San Pellegrino - Sparkling Water (750ml)', 1, 33.06, 33.06]
2025-11-30 08:50:00,196 - INFO - backend.domain.serializer.serializers.order.OrderSerializer - (order.py:146) - ['032727-0', 'Tofutti - Plain (8oz)', 1, 51.62, 51.62]
2025-11-30 08:50:00,196 - INFO - backend.domain.serializer.serializers.order.OrderSerializer - (order.py:146) - ['110982-6', 'Harmless Harvest - Coconut Water', 1, 65.48, 65.48]
2025-11-30 08:50:00,197 - INFO - backend.domain.serializer.serializers.order.OrderSerializer - (order.py:146) - ['290088-4', 'Chomps - Turkey Sticks Org', 1, 51.37, 51.37]
2025-11-30 08:50:00,200 - INFO - backend.domain.serializer.serializers.order.OrderSerializer - (order.py:146) - ['289446-7', 'Just Tea - Berry Hibiscus', 1, 25.92, 25.92]
2025-11-30 08:50:00,200 - INFO - backend.domain.serializer.serializers.order.OrderSerializer - (order.py:146) - ['289447-5', 'Just Tea - Half & Half', 1, 25.92, 25.92]
2025-11-30 08:50:00,200 - INFO - backend.domain.serializer.serializers.order.OrderSerializer - (order.py:146) - ['289451-7', 'Just Tea - Peach', 1, 25.92, 25.92]
2025-11-30 08:50:00,200 - INFO - backend.domain.serializer.serializers.order.OrderSerializer - (order.py:146) - ['267463-8', 'Poppi Soda - Ginger Lime', 1, 23.91, 23.91]
2025-11-30 08:50:00,200 - INFO - backend.domain.serializer.serializers.order.OrderSerializer - (order.py:146) - ['0467480', 'Clif Bar - Peanut Butter', 1, 21.29, 21.29]
2025-11-30 08:50:00,200 - INFO - backend.domain.serializer.serializers.order.OrderSerializer - (order.py:146) - ['0725754', 'Kettle Potato Chips - Barbeque (Country Style) (5oz)', 1, 40.18, 40.18]
2025-11-30 08:50:00,201 - INFO - backend.domain.serializer.serializers.order.OrderSerializer - (order.py:146) - ['253938-5', 'Lundberg Family Farm - Mini Rice Cakes (White Cheddar)', 1, 24.21, 24.21]
2025-11-30 08:50:00,218 - INFO - backend.domain.serializer.serializers.order.OrderSerializer - (order.py:146) - ['8457368', 'Oil - Corn', 1, 33.15, 33.15]
2025-11-30 08:50:00,218 - INFO - backend.domain.serializer.serializers.order.OrderSerializer - (order.py:146) - ['9610204', 'Chocolate Chips 4M - Semi-Sweet', 2, 75.06, 150.12]
2025-11-30 08:50:00,218 - INFO - backend.domain.serializer.serializers.order.OrderSerializer - (order.py:146) - ['3737152', 'Honey - Jug', 1, 102.27, 102.27]
2025-11-30 08:50:00,218 - INFO - backend.domain.serializer.serializers.order.OrderSerializer - (order.py:146) - ['8910127', 'Dirty Chip - Maui Onion Pot (2oz)', 1, 19.99, 19.99]
2025-11-30 08:50:00,218 - INFO - backend.domain.serializer.serializers.order.OrderSerializer - (order.py:146) - ['7649528', 'Dirty Chip - Cracked Pepper (2oz)', 1, 18, 18]
2025-11-30 08:50:00,218 - INFO - backend.domain.serializer.serializers.order.OrderSerializer - (order.py:146) - ['2559979', 'Dirty Chip - Salt & Vinegar (2oz)', 2, 19.99, 39.98]
2025-11-30 08:50:00,218 - INFO - backend.domain.serializer.serializers.order.OrderSerializer - (order.py:146) - ['8495343', 'Dirty Chip - Sour Cream & Onion (2oz)', 1, 18, 18]
2025-11-30 08:50:00,218 - INFO - backend.domain.serializer.serializers.order.OrderSerializer - (order.py:146) - ['1438993', 'Dirty Chip - Mesquite Barbecue (2oz)', 1, 19.99, 19.99]
2025-11-30 08:50:00,218 - INFO - backend.domain.serializer.serializers.order.OrderSerializer - (order.py:146) - ['8600421', 'Dirty Chip - Jalapeno Hot (2oz)', 1, 19.99, 19.99]
2025-11-30 08:50:00,219 - INFO - backend.domain.serializer.serializers.order.OrderSerializer - (order.py:146) - ['6426621', 'Dirty Chip - Sea Salted (2oz)', 2, 19.99, 39.98]
2025-11-30 08:50:00,219 - INFO - backend.domain.serializer.serializers.order.OrderSerializer - (order.py:146) - ['7529232', 'Wrap - Wheat (10")', 1, 29.89, 29.89]
2025-11-30 08:50:00,219 - INFO - backend.domain.serializer.serializers.order.OrderSerializer - (order.py:146) - ['2825368', 'Sausage - Chicken Patty', 1, 50.56, 50.56]
2025-11-30 08:50:00,219 - INFO - backend.domain.serializer.serializers.order.OrderSerializer - (order.py:146) - ['5514021', 'Bacon (Pre-Cooked)', 3, 32.5, 97.5]
2025-11-30 08:50:00,219 - INFO - backend.domain.serializer.serializers.order.OrderSerializer - (order.py:146) - ['3357597', 'FRZ Fruit - Strawberry (Whole)', 1, 43.74, 43.74]
2025-11-30 08:50:00,219 - INFO - backend.domain.serializer.serializers.order.OrderSerializer - (order.py:146) - ['7196012', 'Bagel - Plain GF', 1, 22.75, 22.75]
2025-11-30 08:50:00,219 - INFO - backend.domain.serializer.serializers.order.OrderSerializer - (order.py:146) - ['5614176', 'Bread - GF', 1, 43.49, 43.49]
2025-11-30 08:50:00,219 - INFO - backend.domain.serializer.serializers.order.OrderSerializer - (order.py:146) - ['2096568', 'Peanut Butter - Creamy', 2, 52.5, 105]
2025-11-30 08:50:00,219 - INFO - backend.domain.serializer.serializers.order.OrderSerializer - (order.py:146) - ['8630964', 'Croissant - Chocolate', 4, 66.04, 264.16]
2025-11-30 08:50:00,219 - INFO - backend.domain.serializer.serializers.order.OrderSerializer - (order.py:146) - ['8630881', 'Croissant - Butter', 7, 48.2, 337.4]
2025-11-30 08:50:00,220 - INFO - backend.domain.serializer.serializers.order.OrderSerializer - (order.py:146) - ['8630956', 'Croissant - Almond', 3, 68.2, 204.6]
2025-11-30 08:50:00,220 - INFO - backend.domain.serializer.serializers.order.OrderSerializer - (order.py:146) - ['2945517', 'PKT Sugar - Splenda (Yellow)', 1, 30.83, 30.83]
2025-11-30 08:50:00,220 - INFO - backend.domain.serializer.serializers.order.OrderSerializer - (order.py:146) - ['9128745', 'PKT Hot Sauce - Texas Pete', 1, 17.18, 17.18]
2025-11-30 08:50:00,220 - INFO - backend.domain.serializer.serializers.order.OrderSerializer - (order.py:146) - ['1027629', 'Cheddar - (Sliced)', 9, 34.91, 314.19]
2025-11-30 08:50:00,220 - INFO - backend.domain.serializer.serializers.order.OrderSerializer - (order.py:146) - ['7536543', "Hope's Cookie Dough - Chocolate Chunk (4oz)", 3, 79.94, 239.82]
2025-11-30 08:50:00,225 - INFO - backend.domain.serializer.serializers.order.OrderSerializer - (order.py:146) - ['1027629', 'Cheddar - (Sliced)', 13, 34.91, 453.83]
2025-11-30 08:50:00,225 - INFO - backend.domain.serializer.serializers.order.OrderSerializer - (order.py:146) - ['4886244', 'Goat Cheese', 2, 46.44, 92.88]
2025-11-30 08:50:00,225 - INFO - backend.domain.serializer.serializers.order.OrderSerializer - (order.py:146) - ['7196012', 'Bagel - Plain GF', 1, 22.75, 22.75]
2025-11-30 08:50:00,225 - INFO - backend.domain.serializer.serializers.order.OrderSerializer - (order.py:146) - ['0490508', 'Brie', 2, 26.94, 53.88]
2025-11-30 08:50:00,225 - INFO - backend.domain.serializer.serializers.order.OrderSerializer - (order.py:146) - ['2377760', 'Half & Half', 2, 21.67, 43.34]
2025-11-30 08:50:00,225 - INFO - backend.domain.serializer.serializers.order.OrderSerializer - (order.py:146) - ['5514021', 'Bacon (Pre-Cooked)', 15, 32.5, 487.5]
2025-11-30 08:50:00,225 - INFO - backend.domain.serializer.serializers.order.OrderSerializer - (order.py:146) - ['7698844', 'Whipped Cream', 1, 52.32, 52.32]
2025-11-30 08:50:00,225 - INFO - backend.domain.serializer.serializers.order.OrderSerializer - (order.py:146) - ['1438993', 'Dirty Chip - Mesquite Barbecue (2oz)', 1, 19.99, 19.99]
2025-11-30 08:50:00,226 - INFO - backend.domain.serializer.serializers.order.OrderSerializer - (order.py:146) - ['2559979', 'Dirty Chip - Salt & Vinegar (2oz)', 3, 19.99, 59.97]
2025-11-30 08:50:00,226 - INFO - backend.domain.serializer.serializers.order.OrderSerializer - (order.py:146) - ['6426621', 'Dirty Chip - Sea Salted (2oz)', 2, 19.99, 39.98]
2025-11-30 08:50:00,226 - INFO - backend.domain.serializer.serializers.order.OrderSerializer - (order.py:146) - ['8495343', 'Dirty Chip - Sour Cream & Onion (2oz)', 2, 18, 36]
2025-11-30 08:50:00,226 - INFO - backend.domain.serializer.serializers.order.OrderSerializer - (order.py:146) - ['1030194', 'Bleach', 1, 13.28, 13.28]
2025-11-30 08:50:00,226 - INFO - backend.domain.serializer.serializers.order.OrderSerializer - (order.py:146) - ['4254710', 'Veggie Burger', 1, 52.72, 52.72]
2025-11-30 08:50:00,226 - INFO - backend.domain.serializer.serializers.order.OrderSerializer - (order.py:146) - ['2825368', 'Sausage - Chicken Patty', 2, 50.68, 101.36]
2025-11-30 08:50:00,226 - INFO - backend.domain.serializer.serializers.order.OrderSerializer - (order.py:146) - ['3357597', 'FRZ Fruit - Strawberry (Whole)', 1, 43.74, 43.74]
2025-11-30 08:50:00,226 - INFO - backend.domain.serializer.serializers.order.OrderSerializer - (order.py:146) - ['6631436', 'FRZ Fruit - Pineapple (Chunk)', 1, 50.79, 50.79]
2025-11-30 08:50:00,226 - INFO - backend.domain.serializer.serializers.order.OrderSerializer - (order.py:146) - ['1138748', 'Nirvana Water - 1.5 Liter', 2, 11, 22]
2025-11-30 08:50:00,226 - INFO - backend.domain.serializer.serializers.order.OrderSerializer - (order.py:146) - ['1667864', 'Employee Water', 3, 7.81, 23.43]
2025-11-30 08:50:00,226 - INFO - backend.domain.serializer.serializers.order.OrderSerializer - (order.py:146) - ['6435380', 'Hals - Lime', 1, 16, 16]
2025-11-30 08:50:00,226 - INFO - backend.domain.serializer.serializers.order.OrderSerializer - (order.py:146) - ['1084187', 'Tractor - Peach Mango', 1, 23.19, 23.19]
2025-11-30 08:50:00,230 - INFO - backend.domain.serializer.serializers.order.OrderSerializer - (order.py:146) - ['1030194', 'Bleach', 1, 13.28, 13.28]
2025-11-30 08:50:00,230 - INFO - backend.domain.serializer.serializers.order.OrderSerializer - (order.py:146) - ['8696528', 'Dirty Chip - Funky Fusion Pot (2oz)', 1, 19.99, 19.99]
2025-11-30 08:50:00,230 - INFO - backend.domain.serializer.serializers.order.OrderSerializer - (order.py:146) - ['6426621', 'Dirty Chip - Sea Salted (2oz)', 1, 19.99, 19.99]
2025-11-30 08:50:00,230 - INFO - backend.domain.serializer.serializers.order.OrderSerializer - (order.py:146) - ['5614176', 'Bread - GF', 1, 43.49, 43.49]
2025-11-30 08:50:00,230 - INFO - backend.domain.serializer.serializers.order.OrderSerializer - (order.py:146) - ['2377760', 'Half & Half', 2, 21.86, 43.72]
2025-11-30 08:50:00,231 - INFO - backend.domain.serializer.serializers.order.OrderSerializer - (order.py:146) - ['5607194', 'Hals - Lemon', 1, 16, 16]
2025-11-30 08:50:00,231 - INFO - backend.domain.serializer.serializers.order.OrderSerializer - (order.py:146) - ['4688660', 'Hals - Black Cherry', 1, 17.8, 17.8]
2025-11-30 08:50:00,231 - INFO - backend.domain.serializer.serializers.order.OrderSerializer - (order.py:146) - ['1138748', 'Nirvana Water - 1.5 Liter', 1, 11, 11]
2025-11-30 08:50:00,231 - INFO - backend.domain.serializer.serializers.order.OrderSerializer - (order.py:146) - ['6457558', 'FRZ Banana - Slices', 1, 21.78, 21.78]
2025-11-30 08:50:00,235 - INFO - backend.domain.serializer.serializers.order.OrderSerializer - (order.py:146) - ['4886244', 'Goat Cheese', 1, 46.44, 46.44]
2025-11-30 08:50:00,235 - INFO - backend.domain.serializer.serializers.order.OrderSerializer - (order.py:146) - ['1030194', 'Bleach', 1, 13.28, 13.28]
2025-11-30 08:50:00,235 - INFO - backend.domain.serializer.serializers.order.OrderSerializer - (order.py:146) - ['7196012', 'Bagel - Plain GF', 2, 22.75, 45.5]
2025-11-30 08:50:00,235 - INFO - backend.domain.serializer.serializers.order.OrderSerializer - (order.py:146) - ['5614176', 'Bread - GF', 1, 43.49, 43.49]
2025-11-30 08:50:00,236 - INFO - backend.domain.serializer.serializers.order.OrderSerializer - (order.py:146) - ['8696528', 'Dirty Chip - Funky Fusion Pot (2oz)', 1, 19.99, 19.99]
2025-11-30 08:50:00,236 - INFO - backend.domain.serializer.serializers.order.OrderSerializer - (order.py:146) - ['6426621', 'Dirty Chip - Sea Salted (2oz)', 2, 19.99, 39.98]
2025-11-30 08:50:00,236 - INFO - backend.domain.serializer.serializers.order.OrderSerializer - (order.py:146) - ['7649528', 'Dirty Chip - Cracked Pepper (2oz)', 1, 18, 18]
2025-11-30 08:50:00,236 - INFO - backend.domain.serializer.serializers.order.OrderSerializer - (order.py:146) - ['2377760', 'Half & Half', 3, 21.67, 65.01]
2025-11-30 08:50:00,236 - INFO - backend.domain.serializer.serializers.order.OrderSerializer - (order.py:146) - ['9128745', 'PKT Hot Sauce - Texas Pete', 1, 17.18, 17.18]
2025-11-30 08:50:00,236 - INFO - backend.domain.serializer.serializers.order.OrderSerializer - (order.py:146) - ['1084187', 'Tractor - Peach Mango', 1, 23.19, 23.19]
2025-11-30 08:50:00,236 - INFO - backend.domain.serializer.serializers.order.OrderSerializer - (order.py:146) - ['1345057', 'FRZ Fruit - Blueberry', 1, 76.72, 76.72]
2025-11-30 08:50:00,236 - INFO - backend.domain.serializer.serializers.order.OrderSerializer - (order.py:146) - ['3357597', 'FRZ Fruit - Strawberry (Whole)', 1, 43.74, 43.74]
2025-11-30 08:50:00,240 - INFO - backend.domain.serializer.serializers.order.OrderSerializer - (order.py:146) - ['2825368', 'Sausage - Chicken Patty', 1, 50.68, 50.68]
2025-11-30 08:50:00,241 - INFO - backend.domain.serializer.serializers.order.OrderSerializer - (order.py:146) - ['2377760', 'Half & Half', 1, 21.86, 21.86]
2025-11-30 08:50:00,241 - INFO - backend.domain.serializer.serializers.order.OrderSerializer - (order.py:146) - ['5614176', 'Bread - GF', 1, 43.49, 43.49]
2025-11-30 08:50:00,241 - INFO - backend.domain.serializer.serializers.order.OrderSerializer - (order.py:146) - ['7196012', 'Bagel - Plain GF', 5, 22.75, 113.75]
2025-11-30 08:50:00,241 - INFO - backend.domain.serializer.serializers.order.OrderSerializer - (order.py:146) - ['1027629', 'Cheddar - (Sliced)', 2, 34.91, 69.82]
2025-11-30 08:50:00,241 - INFO - backend.domain.serializer.serializers.order.OrderSerializer - (order.py:146) - ['5514021', 'Bacon (Pre-Cooked)', 6, 32.5, 195]
2025-11-30 08:50:00,241 - INFO - backend.domain.serializer.serializers.order.OrderSerializer - (order.py:146) - ['1030194', 'Bleach', 1, 13.28, 13.28]
2025-11-30 08:50:00,241 - INFO - backend.domain.serializer.serializers.order.OrderSerializer - (order.py:146) - ['2945517', 'PKT Sugar - Splenda (Yellow)', 1, 30.83, 30.83]
2025-11-30 08:50:00,241 - INFO - backend.domain.serializer.serializers.order.OrderSerializer - (order.py:146) - ['6631436', 'FRZ Fruit - Pineapple (Chunk)', 1, 50.79, 50.79]
2025-11-30 08:50:00,245 - INFO - backend.domain.serializer.serializers.order.OrderSerializer - (order.py:146) - ['8696528', 'Dirty Chip - Funky Fusion Pot (2oz)', 1, 19.99, 19.99]
2025-11-30 08:50:00,246 - INFO - backend.domain.serializer.serializers.order.OrderSerializer - (order.py:146) - ['8600421', 'Dirty Chip - Jalapeno Hot (2oz)', 1, 19.99, 19.99]
2025-11-30 08:50:00,246 - INFO - backend.domain.serializer.serializers.order.OrderSerializer - (order.py:146) - ['1438993', 'Dirty Chip - Mesquite Barbecue (2oz)', 1, 19.99, 19.99]
2025-11-30 08:50:00,246 - INFO - backend.domain.serializer.serializers.order.OrderSerializer - (order.py:146) - ['2559979', 'Dirty Chip - Salt & Vinegar (2oz)', 3, 19.99, 59.97]
2025-11-30 08:50:00,246 - INFO - backend.domain.serializer.serializers.order.OrderSerializer - (order.py:146) - ['6426621', 'Dirty Chip - Sea Salted (2oz)', 3, 19.99, 59.97]
2025-11-30 08:50:00,246 - INFO - backend.domain.serializer.serializers.order.OrderSerializer - (order.py:146) - ['8495343', 'Dirty Chip - Sour Cream & Onion (2oz)', 2, 18, 36]
2025-11-30 08:50:00,246 - INFO - backend.domain.serializer.serializers.order.OrderSerializer - (order.py:146) - ['8656480', 'PKT Mayo', 1, 37.36, 37.36]
2025-11-30 08:50:00,246 - INFO - backend.domain.serializer.serializers.order.OrderSerializer - (order.py:146) - ['4688660', 'Hals - Black Cherry', 1, 17.8, 17.8]
2025-11-30 08:50:00,246 - INFO - backend.domain.serializer.serializers.order.OrderSerializer - (order.py:146) - ['5607194', 'Hals - Lemon', 1, 16, 16]
2025-11-30 08:50:00,246 - INFO - backend.domain.serializer.serializers.order.OrderSerializer - (order.py:146) - ['6435380', 'Hals - Lime', 1, 16, 16]
2025-11-30 08:50:00,246 - INFO - backend.domain.serializer.serializers.order.OrderSerializer - (order.py:146) - ['1138748', 'Nirvana Water - 1.5 Liter', 1, 11, 11]
2025-11-30 08:50:00,246 - INFO - backend.domain.serializer.serializers.order.OrderSerializer - (order.py:146) - ['7196012', 'Bagel - Plain GF', 4, 22.75, 91]
2025-11-30 08:50:00,262 - INFO - backend.domain.serializer.serializers.order.OrderSerializer - (order.py:146) - ['110JLCLLBKT', 'Matcha - Jade Leaf', 12, 230.65, 2767.8]
2025-11-30 08:50:00,262 - INFO - backend.domain.serializer.serializers.order.OrderSerializer - (order.py:146) - ['104ADWHEYPRO', 'Supplement - Whey Protein', 1, 52.83, 52.83]
2025-11-30 08:50:00,266 - INFO - backend.domain.serializer.serializers.order.OrderSerializer - (order.py:146) - ['147LCDETLSPK', 'Bar Glass Cleaner', 1, 30.99, 30.99]
2025-11-30 08:50:00,281 - INFO - backend.domain.serializer.serializers.order.OrderSerializer - (order.py:146) - ['62403', 'Torres - Cured Cheese Chips', 1, 61.37, 61.37]
2025-11-30 08:50:00,281 - INFO - backend.domain.serializer.serializers.order.OrderSerializer - (order.py:146) - ['62430', 'Torres - Med Herbs Chips (large)', 1, 57.67, 57.67]
2025-11-30 08:50:00,282 - INFO - backend.app.services.order_service.CombineOrders - (order_service.py:89) - [< Order store=Bakery, vendor=Coffee Depot LLC, data=20251130, items=3 >, < Order store=Collegetown, vendor=Coffee Depot LLC, data=20251126, items=6 >, < Order store=Downtown, vendor=Coffee Depot LLC, data=20251128, items=4 >, < Order store=Easthill, vendor=Coffee Depot LLC, data=20251128, items=6 >, < Order store=Syracuse, vendor=Coffee Depot LLC, data=20251126, items=2 >, < Order store=Triphammer, vendor=Coffee Depot LLC, data=20251128, items=11 >]
2025-11-30 08:50:00,304 - INFO - backend.adapters.files.generic_file_adapter.GenericFileAdapter - (generic_file_adapter.py:73) - Saved raw data to C:\Users\andrew\Desktop\Andrew\Projects\IthacaBakery\RandomStuff\WorkBot\refactor-experimental\data\orders\Coffee Depot LLC\combined_orders_Coffee Depot LLC.xlsx
2025-11-30 08:50:00,304 - INFO - backend.app.services.order_service.CombineOrders - (order_service.py:91) - Merge for Coffee Depot LLC complete.
2025-11-30 08:50:00,304 - INFO - backend.app.services.order_service.CombineOrders - (order_service.py:92) - Merging complete.
2025-11-30 08:50:00,305 - INFO - backend.app.cli.cli.CLI - (cli.py:457) - Command 'combine_orders' executed successfully.
2025-11-30 08:50:51,143 - INFO - backend.app.cli.cli.CLI - (cli.py:376) - CLI interrupted by user (Ctrl+C / EOF).
2025-11-30 08:50:51,145 - INFO - backend.app.cli.cli.CLI - (cli.py:419) - Exiting CLI and saving history.
2025-11-30 08:50:54,235 - INFO - backend.bots.workbot.work_bot.WorkBot - (work_bot.py:53) - Initializing WorkBot...
2025-11-30 08:50:54,236 - INFO - backend.bots.workbot.work_bot.WorkBot - (work_bot.py:66) - WorkBot initialized successfully.
2025-11-30 08:50:54,236 - INFO - backend.app.cli.cli.CLI - (cli.py:34) - Initializing CLI.
2025-11-30 08:50:54,241 - INFO - backend.app.cli.cli.CLI - (cli.py:77) - Loaded 1 commands from backend.app.cli.commands.builtin
2025-11-30 08:50:54,248 - INFO - backend.app.cli.cli.CLI - (cli.py:101) - Loaded command history from C:\Users\andrew\Desktop\Andrew\Projects\IthacaBakery\RandomStuff\WorkBot\refactor-experimental\data\cli\.cli_history
2025-11-30 08:50:54,248 - INFO - backend.app.cli.cli.CLI - (cli.py:42) - CLI initialized successfully with 1 commands.
2025-11-30 08:50:54,263 - INFO - backend.app.cli.cli.CLI - (cli.py:77) - Loaded 15 commands from backend.app.cli.commands.workbot
2025-11-30 08:50:54,264 - INFO - backend.app.cli.cli.CLI - (cli.py:350) - CLI session started.
2025-11-30 08:50:55,019 - INFO - backend.app.cli.cli.CLI - (cli.py:448) - Dispatching command: combine_orders (args=['--vendors', 'Coffee Depot LLC'])
2025-11-30 08:50:55,020 - INFO - backend.app.services.order_service.CombineOrders - (order_service.py:86) - Merging all orders for: ['Coffee Depot LLC']
2025-11-30 08:50:55,020 - INFO - backend.app.services.order_service.GetOrdersByVendor - (order_service.py:36) - Listing orders for vendor=Coffee Depot LLC
2025-11-30 08:50:55,085 - ERROR - backend.app.cli.cli.CLI - (cli.py:462) - [Error] combine_orders failed: too many values to unpack (expected 5)
Traceback (most recent call last):
  File "C:\Users\andrew\Desktop\Andrew\Projects\IthacaBakery\RandomStuff\WorkBot\refactor-experimental\backend\app\cli\cli.py", line 451, in _dispatch_command
    self.commands[command].command(args)
    ~~~~~~~~~~~~~~~~~~~~~~~~~~~~~~^^^^^^
  File "C:\Users\andrew\Desktop\Andrew\Projects\IthacaBakery\RandomStuff\WorkBot\refactor-experimental\backend\app\cli\commands\workbot\combine_orders.py", line 25, in command
    self.context.workbot.combine_orders(parsed_args.vendors)
    ~~~~~~~~~~~~~~~~~~~~~~~~~~~~~~~~~~~^^^^^^^^^^^^^^^^^^^^^
  File "C:\Users\andrew\Desktop\Andrew\Projects\IthacaBakery\RandomStuff\WorkBot\refactor-experimental\backend\bots\workbot\work_bot.py", line 173, in combine_orders
    return self.orders.combine_orders(vendor)
           ~~~~~~~~~~~~~~~~~~~~~~~~~~^^^^^^^^
  File "C:\Users\andrew\Desktop\Andrew\Projects\IthacaBakery\RandomStuff\WorkBot\refactor-experimental\backend\app\services\order_service.py", line 88, in __call__
    orders = self.list_by_vendor(vendor)
  File "C:\Users\andrew\Desktop\Andrew\Projects\IthacaBakery\RandomStuff\WorkBot\refactor-experimental\backend\app\services\order_service.py", line 37, in __call__
    return self.repo.list_by_vendor(vendor)
           ~~~~~~~~~~~~~~~~~~~~~~~~^^^^^^^^
  File "C:\Users\andrew\Desktop\Andrew\Projects\IthacaBakery\RandomStuff\WorkBot\refactor-experimental\backend\adapters\repos\order_file_repository.py", line 43, in list_by_vendor
    return [o for o in self.list_all() if o.vendor == vendor]
                       ~~~~~~~~~~~~~^^
  File "C:\Users\andrew\Desktop\Andrew\Projects\IthacaBakery\RandomStuff\WorkBot\refactor-experimental\backend\adapters\repos\order_file_repository.py", line 40, in list_all
    return [self._engine.read_from_path(p) for p in self._engine.list_files("*.xlsx")]
            ~~~~~~~~~~~~~~~~~~~~~~~~~~~^^^
  File "C:\Users\andrew\Desktop\Andrew\Projects\IthacaBakery\RandomStuff\WorkBot\refactor-experimental\backend\adapters\files\generic_file_adapter.py", line 46, in read_from_path
    return self.serializer.load_path(path, meta)
           ~~~~~~~~~~~~~~~~~~~~~~~~~^^^^^^^^^^^^
  File "C:\Users\andrew\Desktop\Andrew\Projects\IthacaBakery\RandomStuff\WorkBot\refactor-experimental\backend\domain\serializer\serializers\order.py", line 55, in load_path
    return self.from_table(payload)
           ~~~~~~~~~~~~~~~^^^^^^^^^
  File "C:\Users\andrew\Desktop\Andrew\Projects\IthacaBakery\RandomStuff\WorkBot\refactor-experimental\backend\domain\serializer\serializers\order.py", line 147, in from_table
    item_sku, item_name, qty, cost_per, total_cost = row
    ^^^^^^^^^^^^^^^^^^^^^^^^^^^^^^^^^^^^^^^^^^^^^^
ValueError: too many values to unpack (expected 5)
2025-11-30 08:50:55,092 - INFO - backend.app.cli.cli.CLI - (cli.py:457) - Command 'combine_orders' executed successfully.
2025-11-30 08:55:57,342 - INFO - backend.app.cli.cli.CLI - (cli.py:376) - CLI interrupted by user (Ctrl+C / EOF).
2025-11-30 08:55:57,345 - INFO - backend.app.cli.cli.CLI - (cli.py:419) - Exiting CLI and saving history.
2025-11-30 08:56:00,381 - INFO - backend.bots.workbot.work_bot.WorkBot - (work_bot.py:53) - Initializing WorkBot...
2025-11-30 08:56:00,382 - INFO - backend.bots.workbot.work_bot.WorkBot - (work_bot.py:66) - WorkBot initialized successfully.
2025-11-30 08:56:00,382 - INFO - backend.app.cli.cli.CLI - (cli.py:34) - Initializing CLI.
2025-11-30 08:56:00,386 - INFO - backend.app.cli.cli.CLI - (cli.py:77) - Loaded 1 commands from backend.app.cli.commands.builtin
2025-11-30 08:56:00,394 - INFO - backend.app.cli.cli.CLI - (cli.py:101) - Loaded command history from C:\Users\andrew\Desktop\Andrew\Projects\IthacaBakery\RandomStuff\WorkBot\refactor-experimental\data\cli\.cli_history
2025-11-30 08:56:00,394 - INFO - backend.app.cli.cli.CLI - (cli.py:42) - CLI initialized successfully with 1 commands.
2025-11-30 08:56:00,410 - INFO - backend.app.cli.cli.CLI - (cli.py:77) - Loaded 15 commands from backend.app.cli.commands.workbot
2025-11-30 08:56:00,410 - INFO - backend.app.cli.cli.CLI - (cli.py:350) - CLI session started.
2025-11-30 08:56:01,785 - INFO - backend.app.cli.cli.CLI - (cli.py:448) - Dispatching command: combine_orders (args=['--vendors', 'Coffee Depot LLC'])
2025-11-30 08:56:01,786 - INFO - backend.app.services.order_service.CombineOrders - (order_service.py:86) - Merging all orders for: ['Coffee Depot LLC']
2025-11-30 08:56:01,786 - INFO - backend.app.services.order_service.GetOrdersByVendor - (order_service.py:36) - Listing orders for vendor=Coffee Depot LLC
2025-11-30 08:56:01,816 - ERROR - backend.app.cli.cli.CLI - (cli.py:462) - [Error] combine_orders failed: too many values to unpack (expected 5)
Traceback (most recent call last):
  File "C:\Users\andrew\Desktop\Andrew\Projects\IthacaBakery\RandomStuff\WorkBot\refactor-experimental\backend\app\cli\cli.py", line 451, in _dispatch_command
    self.commands[command].command(args)
    ~~~~~~~~~~~~~~~~~~~~~~~~~~~~~~^^^^^^
  File "C:\Users\andrew\Desktop\Andrew\Projects\IthacaBakery\RandomStuff\WorkBot\refactor-experimental\backend\app\cli\commands\workbot\combine_orders.py", line 25, in command
    self.context.workbot.combine_orders(parsed_args.vendors)
    ~~~~~~~~~~~~~~~~~~~~~~~~~~~~~~~~~~~^^^^^^^^^^^^^^^^^^^^^
  File "C:\Users\andrew\Desktop\Andrew\Projects\IthacaBakery\RandomStuff\WorkBot\refactor-experimental\backend\bots\workbot\work_bot.py", line 173, in combine_orders
    return self.orders.combine_orders(vendor)
           ~~~~~~~~~~~~~~~~~~~~~~~~~~^^^^^^^^
  File "C:\Users\andrew\Desktop\Andrew\Projects\IthacaBakery\RandomStuff\WorkBot\refactor-experimental\backend\app\services\order_service.py", line 88, in __call__
    orders = self.list_by_vendor(vendor)
  File "C:\Users\andrew\Desktop\Andrew\Projects\IthacaBakery\RandomStuff\WorkBot\refactor-experimental\backend\app\services\order_service.py", line 37, in __call__
    return self.repo.list_by_vendor(vendor)
           ~~~~~~~~~~~~~~~~~~~~~~~~^^^^^^^^
  File "C:\Users\andrew\Desktop\Andrew\Projects\IthacaBakery\RandomStuff\WorkBot\refactor-experimental\backend\adapters\repos\order_file_repository.py", line 43, in list_by_vendor
    self.logger.info([self._engine.read_from_path(p) for p in self._engine.list_files(f"*{vendor}*.xlsx")])
                      ~~~~~~~~~~~~~~~~~~~~~~~~~~~^^^
  File "C:\Users\andrew\Desktop\Andrew\Projects\IthacaBakery\RandomStuff\WorkBot\refactor-experimental\backend\adapters\files\generic_file_adapter.py", line 46, in read_from_path
    return self.serializer.load_path(path, meta)
           ~~~~~~~~~~~~~~~~~~~~~~~~~^^^^^^^^^^^^
  File "C:\Users\andrew\Desktop\Andrew\Projects\IthacaBakery\RandomStuff\WorkBot\refactor-experimental\backend\domain\serializer\serializers\order.py", line 55, in load_path
    return self.from_table(payload)
           ~~~~~~~~~~~~~~~^^^^^^^^^
  File "C:\Users\andrew\Desktop\Andrew\Projects\IthacaBakery\RandomStuff\WorkBot\refactor-experimental\backend\domain\serializer\serializers\order.py", line 147, in from_table
    item_sku, item_name, qty, cost_per, total_cost = row
    ^^^^^^^^^^^^^^^^^^^^^^^^^^^^^^^^^^^^^^^^^^^^^^
ValueError: too many values to unpack (expected 5)
2025-11-30 08:56:01,822 - INFO - backend.app.cli.cli.CLI - (cli.py:457) - Command 'combine_orders' executed successfully.
2025-11-30 08:56:31,033 - INFO - backend.app.cli.cli.CLI - (cli.py:448) - Dispatching command: combine_orders (args=['--vendors', 'Coffee Depot LLC'])
2025-11-30 08:56:31,033 - INFO - backend.app.services.order_service.CombineOrders - (order_service.py:86) - Merging all orders for: ['Coffee Depot LLC']
2025-11-30 08:56:31,033 - INFO - backend.app.services.order_service.GetOrdersByVendor - (order_service.py:36) - Listing orders for vendor=Coffee Depot LLC
2025-11-30 08:56:31,058 - INFO - backend.adapters.repos.order_file_repository.OrderFileRepository - (order_file_repository.py:43) - [< Order store=Bakery, vendor=Coffee Depot LLC, data=20251130, items=3 >, < Order store=Collegetown, vendor=Coffee Depot LLC, data=20251126, items=6 >, < Order store=Downtown, vendor=Coffee Depot LLC, data=20251128, items=4 >, < Order store=Easthill, vendor=Coffee Depot LLC, data=20251128, items=6 >, < Order store=Syracuse, vendor=Coffee Depot LLC, data=20251126, items=2 >, < Order store=Triphammer, vendor=Coffee Depot LLC, data=20251128, items=11 >]
2025-11-30 08:56:31,394 - INFO - backend.app.services.order_service.CombineOrders - (order_service.py:89) - Orders: [< Order store=Bakery, vendor=Coffee Depot LLC, data=20251130, items=3 >, < Order store=Collegetown, vendor=Coffee Depot LLC, data=20251126, items=6 >, < Order store=Downtown, vendor=Coffee Depot LLC, data=20251128, items=4 >, < Order store=Easthill, vendor=Coffee Depot LLC, data=20251128, items=6 >, < Order store=Syracuse, vendor=Coffee Depot LLC, data=20251126, items=2 >, < Order store=Triphammer, vendor=Coffee Depot LLC, data=20251128, items=11 >]
2025-11-30 08:56:31,408 - INFO - backend.adapters.files.generic_file_adapter.GenericFileAdapter - (generic_file_adapter.py:73) - Saved raw data to C:\Users\andrew\Desktop\Andrew\Projects\IthacaBakery\RandomStuff\WorkBot\refactor-experimental\data\orders\Coffee Depot LLC\combined_orders_Coffee Depot LLC.xlsx
2025-11-30 08:56:31,408 - INFO - backend.app.services.order_service.CombineOrders - (order_service.py:91) - Merge for Coffee Depot LLC complete.
2025-11-30 08:56:31,408 - INFO - backend.app.services.order_service.CombineOrders - (order_service.py:92) - Merging complete.
2025-11-30 08:56:31,409 - INFO - backend.app.cli.cli.CLI - (cli.py:457) - Command 'combine_orders' executed successfully.
2025-11-30 08:57:48,552 - INFO - backend.app.cli.cli.CLI - (cli.py:376) - CLI interrupted by user (Ctrl+C / EOF).
2025-11-30 08:57:48,555 - INFO - backend.app.cli.cli.CLI - (cli.py:419) - Exiting CLI and saving history.
2025-11-30 08:57:52,520 - INFO - backend.bots.workbot.work_bot.WorkBot - (work_bot.py:53) - Initializing WorkBot...
2025-11-30 08:57:52,520 - INFO - backend.bots.workbot.work_bot.WorkBot - (work_bot.py:66) - WorkBot initialized successfully.
2025-11-30 08:57:52,521 - INFO - backend.app.cli.cli.CLI - (cli.py:34) - Initializing CLI.
2025-11-30 08:57:52,526 - INFO - backend.app.cli.cli.CLI - (cli.py:77) - Loaded 1 commands from backend.app.cli.commands.builtin
2025-11-30 08:57:52,533 - INFO - backend.app.cli.cli.CLI - (cli.py:101) - Loaded command history from C:\Users\andrew\Desktop\Andrew\Projects\IthacaBakery\RandomStuff\WorkBot\refactor-experimental\data\cli\.cli_history
2025-11-30 08:57:52,533 - INFO - backend.app.cli.cli.CLI - (cli.py:42) - CLI initialized successfully with 1 commands.
2025-11-30 08:57:52,546 - INFO - backend.app.cli.cli.CLI - (cli.py:77) - Loaded 15 commands from backend.app.cli.commands.workbot
2025-11-30 08:57:52,546 - INFO - backend.app.cli.cli.CLI - (cli.py:350) - CLI session started.
2025-11-30 08:57:54,098 - INFO - backend.app.cli.cli.CLI - (cli.py:448) - Dispatching command: combine_orders (args=['--vendors', 'Coffee Depot LLC'])
2025-11-30 08:57:54,099 - INFO - backend.app.services.order_service.CombineOrders - (order_service.py:86) - Merging all orders for: ['Coffee Depot LLC']
2025-11-30 08:57:54,099 - INFO - backend.app.services.order_service.GetOrdersByVendor - (order_service.py:36) - Listing orders for vendor=Coffee Depot LLC
2025-11-30 08:57:54,126 - INFO - backend.app.services.order_service.CombineOrders - (order_service.py:89) - Orders: [< Order store=Bakery, vendor=Coffee Depot LLC, data=20251130, items=3 >, < Order store=Collegetown, vendor=Coffee Depot LLC, data=20251126, items=6 >, < Order store=Downtown, vendor=Coffee Depot LLC, data=20251128, items=4 >, < Order store=Easthill, vendor=Coffee Depot LLC, data=20251128, items=6 >, < Order store=Syracuse, vendor=Coffee Depot LLC, data=20251126, items=2 >, < Order store=Triphammer, vendor=Coffee Depot LLC, data=20251128, items=11 >]
2025-11-30 08:57:54,140 - INFO - backend.adapters.files.generic_file_adapter.GenericFileAdapter - (generic_file_adapter.py:73) - Saved raw data to C:\Users\andrew\Desktop\Andrew\Projects\IthacaBakery\RandomStuff\WorkBot\refactor-experimental\data\orders\Coffee Depot LLC\combined_orders_Coffee Depot LLC.xlsx
2025-11-30 08:57:54,140 - INFO - backend.app.services.order_service.CombineOrders - (order_service.py:91) - Merge for Coffee Depot LLC complete.
2025-11-30 08:57:54,140 - INFO - backend.app.services.order_service.CombineOrders - (order_service.py:92) - Merging complete.
2025-11-30 08:57:54,140 - INFO - backend.app.cli.cli.CLI - (cli.py:457) - Command 'combine_orders' executed successfully.
2025-11-30 09:15:07,890 - INFO - backend.adapters.files.generic_file_adapter.GenericFileAdapter - (generic_file_adapter.py:105) - Skipping unreadable file C:\Users\andrew\Desktop\Andrew\Projects\IthacaBakery\RandomStuff\WorkBot\refactor-experimental\backend\infra\config\vendors\__init__.py: 'py'
2025-11-30 09:15:07,900 - INFO - backend.adapters.files.generic_file_adapter.GenericFileAdapter - (generic_file_adapter.py:105) - Skipping unreadable file C:\Users\andrew\Desktop\Andrew\Projects\IthacaBakery\RandomStuff\WorkBot\refactor-experimental\backend\infra\config\vendors\__init__.py: 'py'
2025-11-30 09:15:07,910 - INFO - backend.adapters.files.generic_file_adapter.GenericFileAdapter - (generic_file_adapter.py:105) - Skipping unreadable file C:\Users\andrew\Desktop\Andrew\Projects\IthacaBakery\RandomStuff\WorkBot\refactor-experimental\backend\infra\config\vendors\__init__.py: 'py'
2025-11-30 09:15:07,920 - INFO - backend.adapters.files.generic_file_adapter.GenericFileAdapter - (generic_file_adapter.py:105) - Skipping unreadable file C:\Users\andrew\Desktop\Andrew\Projects\IthacaBakery\RandomStuff\WorkBot\refactor-experimental\backend\infra\config\vendors\__init__.py: 'py'
2025-11-30 09:15:09,176 - INFO - backend.adapters.files.generic_file_adapter.GenericFileAdapter - (generic_file_adapter.py:105) - Skipping unreadable file C:\Users\andrew\Desktop\Andrew\Projects\IthacaBakery\RandomStuff\WorkBot\refactor-experimental\backend\infra\config\vendors\__init__.py: 'py'
2025-11-30 09:15:09,187 - INFO - backend.adapters.files.generic_file_adapter.GenericFileAdapter - (generic_file_adapter.py:105) - Skipping unreadable file C:\Users\andrew\Desktop\Andrew\Projects\IthacaBakery\RandomStuff\WorkBot\refactor-experimental\backend\infra\config\vendors\__init__.py: 'py'
2025-11-30 09:15:10,255 - INFO - backend.app.cli.cli.CLI - (cli.py:448) - Dispatching command: download_orders (args=['--vendors', 'Coffee Depot LLC'])
2025-11-30 09:15:14,435 - INFO - backend.bots.craftable_bot.craftable_bot.CraftableBot - (craftable_bot.py:87) - Logging into Craftable.
2025-11-30 09:15:21,814 - INFO - backend.bots.craftable_bot.craftable_bot.CraftableBot - (craftable_bot.py:111) - Login successful.
2025-11-30 09:15:21,815 - INFO - backend.bots.craftable_bot.craftable_bot.CraftableBot - (craftable_bot.py:244) - Beginning download protocol for: stores: ['Bakery', 'Collegetown', 'Downtown', 'Easthill', 'Syracuse', 'Triphammer'], vendors: ['Coffee Depot LLC'], download_pdf: True, update: True
2025-11-30 09:15:23,239 - INFO - backend.bots.craftable_bot.craftable_bot.CraftableBot - (craftable_bot.py:565) - Found Coffee Depot LLC in Bakery's order list.
2025-11-30 09:15:24,382 - INFO - backend.bots.craftable_bot.craftable_bot.CraftableBot - (craftable_bot.py:572) - Now in Coffee Depot LLC order.
2025-11-30 09:15:24,625 - INFO - backend.adapters.downloads.local_download_manager.LocalDownloadManager - (local_download_manager.py:36) - [DownloadManager] Session 8517f427-7696-4678-955f-bf4b9eb9d0e7 -> C:\Users\andrew\Desktop\Andrew\Projects\IthacaBakery\RandomStuff\WorkBot\refactor-experimental\data\downloads\sessions\8517f427-7696-4678-955f-bf4b9eb9d0e7
2025-11-30 09:15:28,641 - INFO - backend.bots.craftable_bot.craftable_bot.CraftableBot - (craftable_bot.py:565) - Found Coffee Depot LLC in Collegetown's order list.
2025-11-30 09:15:29,798 - INFO - backend.bots.craftable_bot.craftable_bot.CraftableBot - (craftable_bot.py:572) - Now in Coffee Depot LLC order.
2025-11-30 09:15:30,076 - INFO - backend.adapters.downloads.local_download_manager.LocalDownloadManager - (local_download_manager.py:36) - [DownloadManager] Session 602569db-1ca0-4ec1-8264-d535d38b4fc7 -> C:\Users\andrew\Desktop\Andrew\Projects\IthacaBakery\RandomStuff\WorkBot\refactor-experimental\data\downloads\sessions\602569db-1ca0-4ec1-8264-d535d38b4fc7
2025-11-30 09:15:33,611 - INFO - backend.bots.craftable_bot.craftable_bot.CraftableBot - (craftable_bot.py:565) - Found Coffee Depot LLC in Downtown's order list.
2025-11-30 09:15:34,724 - INFO - backend.bots.craftable_bot.craftable_bot.CraftableBot - (craftable_bot.py:572) - Now in Coffee Depot LLC order.
2025-11-30 09:15:35,010 - INFO - backend.adapters.downloads.local_download_manager.LocalDownloadManager - (local_download_manager.py:36) - [DownloadManager] Session 25c83b51-f06a-44c5-b99a-8225dccd39f9 -> C:\Users\andrew\Desktop\Andrew\Projects\IthacaBakery\RandomStuff\WorkBot\refactor-experimental\data\downloads\sessions\25c83b51-f06a-44c5-b99a-8225dccd39f9
2025-11-30 09:15:38,508 - INFO - backend.bots.craftable_bot.craftable_bot.CraftableBot - (craftable_bot.py:565) - Found Coffee Depot LLC in Easthill's order list.
2025-11-30 09:15:39,639 - INFO - backend.bots.craftable_bot.craftable_bot.CraftableBot - (craftable_bot.py:572) - Now in Coffee Depot LLC order.
2025-11-30 09:15:39,968 - INFO - backend.adapters.downloads.local_download_manager.LocalDownloadManager - (local_download_manager.py:36) - [DownloadManager] Session 14ec1681-7bbf-4575-a82a-1445d9a9820c -> C:\Users\andrew\Desktop\Andrew\Projects\IthacaBakery\RandomStuff\WorkBot\refactor-experimental\data\downloads\sessions\14ec1681-7bbf-4575-a82a-1445d9a9820c
2025-11-30 09:15:43,391 - INFO - backend.bots.craftable_bot.craftable_bot.CraftableBot - (craftable_bot.py:565) - Found Coffee Depot LLC in Syracuse's order list.
2025-11-30 09:15:44,530 - INFO - backend.bots.craftable_bot.craftable_bot.CraftableBot - (craftable_bot.py:572) - Now in Coffee Depot LLC order.
2025-11-30 09:15:44,632 - INFO - backend.adapters.downloads.local_download_manager.LocalDownloadManager - (local_download_manager.py:36) - [DownloadManager] Session 1c2e017d-850c-4e39-952d-fe45600452a6 -> C:\Users\andrew\Desktop\Andrew\Projects\IthacaBakery\RandomStuff\WorkBot\refactor-experimental\data\downloads\sessions\1c2e017d-850c-4e39-952d-fe45600452a6
2025-11-30 09:15:47,991 - INFO - backend.bots.craftable_bot.craftable_bot.CraftableBot - (craftable_bot.py:565) - Found Coffee Depot LLC in Triphammer's order list.
2025-11-30 09:15:49,103 - INFO - backend.bots.craftable_bot.craftable_bot.CraftableBot - (craftable_bot.py:572) - Now in Coffee Depot LLC order.
2025-11-30 09:15:49,716 - INFO - backend.adapters.downloads.local_download_manager.LocalDownloadManager - (local_download_manager.py:36) - [DownloadManager] Session 86ba4542-ed40-4fc7-824e-3237c911d574 -> C:\Users\andrew\Desktop\Andrew\Projects\IthacaBakery\RandomStuff\WorkBot\refactor-experimental\data\downloads\sessions\86ba4542-ed40-4fc7-824e-3237c911d574
2025-11-30 09:15:53,734 - INFO - backend.bots.workbot.work_bot.WorkBot - (work_bot.py:146) - [Order Update] Initiating update protocol for Bakery / Coffee Depot LLC / 20251130.
2025-11-30 09:15:53,737 - INFO - backend.adapters.files.generic_file_adapter.GenericFileAdapter - (generic_file_adapter.py:105) - Skipping unreadable file C:\Users\andrew\Desktop\Andrew\Projects\IthacaBakery\RandomStuff\WorkBot\refactor-experimental\data\orders\Coffee Depot LLC\Coffee Depot LLC_Bakery_20251130.pdf: 'pdf'
2025-11-30 09:15:53,758 - INFO - backend.app.services.order_service.CheckAndUpdateOrder - (order_service.py:230) - [Order Update] Changed - overwrite needed.
2025-11-30 09:15:53,758 - INFO - backend.app.services.order_service.SaveOrder - (order_service.py:100) - Saving order Coffee Depot LLC / Bakery / 20251130
2025-11-30 09:15:53,783 - INFO - backend.bots.workbot.work_bot.WorkBot - (work_bot.py:109) - [PDF] Ingested: Order.pdf for Bakery/Coffee Depot LLC
2025-11-30 09:15:53,783 - INFO - backend.adapters.downloads.local_download_manager.LocalDownloadManager - (local_download_manager.py:73) - [DownloadManager] Cleaned up C:\Users\andrew\Desktop\Andrew\Projects\IthacaBakery\RandomStuff\WorkBot\refactor-experimental\data\downloads\sessions\8517f427-7696-4678-955f-bf4b9eb9d0e7
2025-11-30 09:15:53,783 - INFO - backend.bots.workbot.work_bot.WorkBot - (work_bot.py:146) - [Order Update] Initiating update protocol for Collegetown / Coffee Depot LLC / 20251126.
2025-11-30 09:15:53,787 - INFO - backend.adapters.files.generic_file_adapter.GenericFileAdapter - (generic_file_adapter.py:105) - Skipping unreadable file C:\Users\andrew\Desktop\Andrew\Projects\IthacaBakery\RandomStuff\WorkBot\refactor-experimental\data\orders\Coffee Depot LLC\Coffee Depot LLC_Collegetown_20251126.pdf: 'pdf'
2025-11-30 09:15:53,805 - INFO - backend.app.services.order_service.CheckAndUpdateOrder - (order_service.py:230) - [Order Update] Changed - overwrite needed.
2025-11-30 09:15:53,805 - INFO - backend.app.services.order_service.SaveOrder - (order_service.py:100) - Saving order Coffee Depot LLC / Collegetown / 20251126
2025-11-30 09:15:53,826 - INFO - backend.bots.workbot.work_bot.WorkBot - (work_bot.py:109) - [PDF] Ingested: Order.pdf for Collegetown/Coffee Depot LLC
2025-11-30 09:15:53,827 - INFO - backend.adapters.downloads.local_download_manager.LocalDownloadManager - (local_download_manager.py:73) - [DownloadManager] Cleaned up C:\Users\andrew\Desktop\Andrew\Projects\IthacaBakery\RandomStuff\WorkBot\refactor-experimental\data\downloads\sessions\602569db-1ca0-4ec1-8264-d535d38b4fc7
2025-11-30 09:15:53,827 - INFO - backend.bots.workbot.work_bot.WorkBot - (work_bot.py:146) - [Order Update] Initiating update protocol for Downtown / Coffee Depot LLC / 20251128.
2025-11-30 09:15:53,831 - INFO - backend.adapters.files.generic_file_adapter.GenericFileAdapter - (generic_file_adapter.py:105) - Skipping unreadable file C:\Users\andrew\Desktop\Andrew\Projects\IthacaBakery\RandomStuff\WorkBot\refactor-experimental\data\orders\Coffee Depot LLC\Coffee Depot LLC_Downtown_20251128.pdf: 'pdf'
2025-11-30 09:15:53,849 - INFO - backend.app.services.order_service.CheckAndUpdateOrder - (order_service.py:230) - [Order Update] Changed - overwrite needed.
2025-11-30 09:15:53,849 - INFO - backend.app.services.order_service.SaveOrder - (order_service.py:100) - Saving order Coffee Depot LLC / Downtown / 20251128
2025-11-30 09:15:53,873 - INFO - backend.bots.workbot.work_bot.WorkBot - (work_bot.py:109) - [PDF] Ingested: Order.pdf for Downtown/Coffee Depot LLC
2025-11-30 09:15:53,874 - INFO - backend.adapters.downloads.local_download_manager.LocalDownloadManager - (local_download_manager.py:73) - [DownloadManager] Cleaned up C:\Users\andrew\Desktop\Andrew\Projects\IthacaBakery\RandomStuff\WorkBot\refactor-experimental\data\downloads\sessions\25c83b51-f06a-44c5-b99a-8225dccd39f9
2025-11-30 09:15:53,874 - INFO - backend.bots.workbot.work_bot.WorkBot - (work_bot.py:146) - [Order Update] Initiating update protocol for Easthill / Coffee Depot LLC / 20251128.
2025-11-30 09:15:53,879 - INFO - backend.adapters.files.generic_file_adapter.GenericFileAdapter - (generic_file_adapter.py:105) - Skipping unreadable file C:\Users\andrew\Desktop\Andrew\Projects\IthacaBakery\RandomStuff\WorkBot\refactor-experimental\data\orders\Coffee Depot LLC\Coffee Depot LLC_Easthill_20251128.pdf: 'pdf'
2025-11-30 09:15:53,897 - INFO - backend.app.services.order_service.CheckAndUpdateOrder - (order_service.py:230) - [Order Update] Changed - overwrite needed.
2025-11-30 09:15:53,897 - INFO - backend.app.services.order_service.SaveOrder - (order_service.py:100) - Saving order Coffee Depot LLC / Easthill / 20251128
2025-11-30 09:15:53,918 - INFO - backend.bots.workbot.work_bot.WorkBot - (work_bot.py:109) - [PDF] Ingested: Order.pdf for Easthill/Coffee Depot LLC
2025-11-30 09:15:53,919 - INFO - backend.adapters.downloads.local_download_manager.LocalDownloadManager - (local_download_manager.py:73) - [DownloadManager] Cleaned up C:\Users\andrew\Desktop\Andrew\Projects\IthacaBakery\RandomStuff\WorkBot\refactor-experimental\data\downloads\sessions\14ec1681-7bbf-4575-a82a-1445d9a9820c
2025-11-30 09:15:53,919 - INFO - backend.bots.workbot.work_bot.WorkBot - (work_bot.py:146) - [Order Update] Initiating update protocol for Syracuse / Coffee Depot LLC / 20251126.
2025-11-30 09:15:53,923 - INFO - backend.adapters.files.generic_file_adapter.GenericFileAdapter - (generic_file_adapter.py:105) - Skipping unreadable file C:\Users\andrew\Desktop\Andrew\Projects\IthacaBakery\RandomStuff\WorkBot\refactor-experimental\data\orders\Coffee Depot LLC\Coffee Depot LLC_Syracuse_20251126.pdf: 'pdf'
2025-11-30 09:15:53,941 - INFO - backend.app.services.order_service.CheckAndUpdateOrder - (order_service.py:230) - [Order Update] Changed - overwrite needed.
2025-11-30 09:15:53,941 - INFO - backend.app.services.order_service.SaveOrder - (order_service.py:100) - Saving order Coffee Depot LLC / Syracuse / 20251126
2025-11-30 09:15:53,961 - INFO - backend.bots.workbot.work_bot.WorkBot - (work_bot.py:109) - [PDF] Ingested: Order.pdf for Syracuse/Coffee Depot LLC
2025-11-30 09:15:53,962 - INFO - backend.adapters.downloads.local_download_manager.LocalDownloadManager - (local_download_manager.py:73) - [DownloadManager] Cleaned up C:\Users\andrew\Desktop\Andrew\Projects\IthacaBakery\RandomStuff\WorkBot\refactor-experimental\data\downloads\sessions\1c2e017d-850c-4e39-952d-fe45600452a6
2025-11-30 09:15:53,962 - INFO - backend.bots.workbot.work_bot.WorkBot - (work_bot.py:146) - [Order Update] Initiating update protocol for Triphammer / Coffee Depot LLC / 20251128.
2025-11-30 09:15:53,966 - INFO - backend.adapters.files.generic_file_adapter.GenericFileAdapter - (generic_file_adapter.py:105) - Skipping unreadable file C:\Users\andrew\Desktop\Andrew\Projects\IthacaBakery\RandomStuff\WorkBot\refactor-experimental\data\orders\Coffee Depot LLC\Coffee Depot LLC_Triphammer_20251128.pdf: 'pdf'
2025-11-30 09:15:53,984 - INFO - backend.app.services.order_service.CheckAndUpdateOrder - (order_service.py:230) - [Order Update] Changed - overwrite needed.
2025-11-30 09:15:53,984 - INFO - backend.app.services.order_service.SaveOrder - (order_service.py:100) - Saving order Coffee Depot LLC / Triphammer / 20251128
2025-11-30 09:15:54,006 - INFO - backend.bots.workbot.work_bot.WorkBot - (work_bot.py:109) - [PDF] Ingested: Order.pdf for Triphammer/Coffee Depot LLC
2025-11-30 09:15:54,007 - INFO - backend.adapters.downloads.local_download_manager.LocalDownloadManager - (local_download_manager.py:73) - [DownloadManager] Cleaned up C:\Users\andrew\Desktop\Andrew\Projects\IthacaBakery\RandomStuff\WorkBot\refactor-experimental\data\downloads\sessions\86ba4542-ed40-4fc7-824e-3237c911d574
2025-11-30 09:15:54,007 - INFO - backend.bots.workbot.work_bot.WorkBot - (work_bot.py:120) - Craftable order sync completed successfully.
2025-11-30 09:15:54,008 - INFO - backend.app.cli.cli.CLI - (cli.py:457) - Command 'download_orders' executed successfully.
2025-11-30 09:16:22,811 - INFO - backend.adapters.files.generic_file_adapter.GenericFileAdapter - (generic_file_adapter.py:105) - Skipping unreadable file C:\Users\andrew\Desktop\Andrew\Projects\IthacaBakery\RandomStuff\WorkBot\refactor-experimental\backend\infra\config\vendors\__init__.py: 'py'
2025-11-30 09:16:22,821 - INFO - backend.adapters.files.generic_file_adapter.GenericFileAdapter - (generic_file_adapter.py:105) - Skipping unreadable file C:\Users\andrew\Desktop\Andrew\Projects\IthacaBakery\RandomStuff\WorkBot\refactor-experimental\backend\infra\config\vendors\__init__.py: 'py'
2025-11-30 09:16:23,424 - INFO - backend.app.cli.cli.CLI - (cli.py:448) - Dispatching command: generate_vendor_order_emails (args=['--vendors', 'Coffee Depot LLC'])
2025-11-30 09:16:23,427 - INFO - backend.app.services.email_service.EmailServices - (email_service.py:53) - Preparing vendor order emails...
2025-11-30 09:16:23,427 - INFO - backend.app.services.order_service.GetOrders - (order_service.py:65) - Getting orders: vendors=['Coffee Depot LLC'], stores=['Bakery', 'Collegetown', 'Downtown', 'Easthill', 'Syracuse', 'Triphammer'], dates=None
2025-11-30 09:16:23,430 - INFO - backend.adapters.files.generic_file_adapter.GenericFileAdapter - (generic_file_adapter.py:105) - Skipping unreadable file C:\Users\andrew\Desktop\Andrew\Projects\IthacaBakery\RandomStuff\WorkBot\refactor-experimental\data\orders\Coffee Depot LLC\Coffee Depot LLC_Bakery_20251130.pdf: 'pdf'
2025-11-30 09:16:23,465 - INFO - backend.adapters.files.generic_file_adapter.GenericFileAdapter - (generic_file_adapter.py:105) - Skipping unreadable file C:\Users\andrew\Desktop\Andrew\Projects\IthacaBakery\RandomStuff\WorkBot\refactor-experimental\data\orders\Coffee Depot LLC\Coffee Depot LLC_Collegetown_20251126.pdf: 'pdf'
2025-11-30 09:16:23,499 - INFO - backend.adapters.files.generic_file_adapter.GenericFileAdapter - (generic_file_adapter.py:105) - Skipping unreadable file C:\Users\andrew\Desktop\Andrew\Projects\IthacaBakery\RandomStuff\WorkBot\refactor-experimental\data\orders\Coffee Depot LLC\Coffee Depot LLC_Downtown_20251128.pdf: 'pdf'
2025-11-30 09:16:23,533 - INFO - backend.adapters.files.generic_file_adapter.GenericFileAdapter - (generic_file_adapter.py:105) - Skipping unreadable file C:\Users\andrew\Desktop\Andrew\Projects\IthacaBakery\RandomStuff\WorkBot\refactor-experimental\data\orders\Coffee Depot LLC\Coffee Depot LLC_Easthill_20251128.pdf: 'pdf'
2025-11-30 09:16:23,567 - INFO - backend.adapters.files.generic_file_adapter.GenericFileAdapter - (generic_file_adapter.py:105) - Skipping unreadable file C:\Users\andrew\Desktop\Andrew\Projects\IthacaBakery\RandomStuff\WorkBot\refactor-experimental\data\orders\Coffee Depot LLC\Coffee Depot LLC_Syracuse_20251126.pdf: 'pdf'
2025-11-30 09:16:23,600 - INFO - backend.adapters.files.generic_file_adapter.GenericFileAdapter - (generic_file_adapter.py:105) - Skipping unreadable file C:\Users\andrew\Desktop\Andrew\Projects\IthacaBakery\RandomStuff\WorkBot\refactor-experimental\data\orders\Coffee Depot LLC\Coffee Depot LLC_Triphammer_20251128.pdf: 'pdf'
2025-11-30 09:16:23,630 - INFO - backend.app.services.order_service.GetOrders - (order_service.py:73) - Retrieved 6 orders.
2025-11-30 09:16:24,268 - INFO - backend.app.services.email_service.EmailServices - (email_service.py:90) - Prepared 1 vendor email(s).
2025-11-30 09:16:24,268 - INFO - backend.app.cli.cli.CLI - (cli.py:457) - Command 'generate_vendor_order_emails' executed successfully.
