2025-11-19 14:58:59,855 - INFO - backend.app.services.order_service.ArchiveOrder - (order_service.py:108) - Archiving order A.L. George / Bakery / 20251117
2025-11-19 14:58:59,864 - INFO - backend.app.services.order_service.ArchiveOrder - (order_service.py:108) - Archiving order A.L. George / Collegetown / 20251114
2025-11-19 14:58:59,870 - INFO - backend.app.services.order_service.ArchiveOrder - (order_service.py:108) - Archiving order A.L. George / Triphammer / 20251114
2025-11-19 14:58:59,875 - INFO - backend.app.services.order_service.ArchiveOrder - (order_service.py:108) - Archiving order BALKAN BEVERAGE LLC / Bakery / 20251117
2025-11-19 14:58:59,881 - INFO - backend.app.services.order_service.ArchiveOrder - (order_service.py:108) - Archiving order BALKAN BEVERAGE LLC / Collegetown / 20251114
2025-11-19 14:58:59,887 - INFO - backend.app.services.order_service.ArchiveOrder - (order_service.py:108) - Archiving order BALKAN BEVERAGE LLC / Downtown / 20251114
2025-11-19 14:58:59,892 - INFO - backend.app.services.order_service.ArchiveOrder - (order_service.py:108) - Archiving order BJ's / Bakery / 20251117
2025-11-19 14:58:59,897 - INFO - backend.app.services.order_service.ArchiveOrder - (order_service.py:108) - Archiving order Coca-Cola / Bakery / 20251116
2025-11-19 14:58:59,904 - INFO - backend.app.services.order_service.ArchiveOrder - (order_service.py:108) - Archiving order Coca-Cola / Collegetown / 20251114
2025-11-19 14:58:59,909 - INFO - backend.app.services.order_service.ArchiveOrder - (order_service.py:108) - Archiving order Coca-Cola / Downtown / 20251114
2025-11-19 14:58:59,914 - INFO - backend.app.services.order_service.ArchiveOrder - (order_service.py:108) - Archiving order Coca-Cola / Easthill / 20251114
2025-11-19 14:58:59,918 - INFO - backend.app.services.order_service.ArchiveOrder - (order_service.py:108) - Archiving order Coca-Cola / Syracuse / 20251114
2025-11-19 14:58:59,924 - INFO - backend.app.services.order_service.ArchiveOrder - (order_service.py:108) - Archiving order Coca-Cola / Triphammer / 20251114
2025-11-19 14:58:59,928 - INFO - backend.app.services.order_service.ArchiveOrder - (order_service.py:108) - Archiving order Coffee Depot LLC / Bakery / 20251116
2025-11-19 14:58:59,934 - INFO - backend.app.services.order_service.ArchiveOrder - (order_service.py:108) - Archiving order Coffee Depot LLC / Collegetown / 20251114
2025-11-19 14:58:59,940 - INFO - backend.app.services.order_service.ArchiveOrder - (order_service.py:108) - Archiving order Coffee Depot LLC / Downtown / 20251114
2025-11-19 14:58:59,945 - INFO - backend.app.services.order_service.ArchiveOrder - (order_service.py:108) - Archiving order Coffee Depot LLC / Easthill / 20251114
2025-11-19 14:58:59,949 - INFO - backend.app.services.order_service.ArchiveOrder - (order_service.py:108) - Archiving order Coffee Depot LLC / Syracuse / 20251114
2025-11-19 14:58:59,956 - INFO - backend.app.services.order_service.ArchiveOrder - (order_service.py:108) - Archiving order Coffee Depot LLC / Triphammer / 20251114
2025-11-19 14:58:59,962 - INFO - backend.app.services.order_service.ArchiveOrder - (order_service.py:108) - Archiving order Copper Horse Coffee / Bakery / 20251116
2025-11-19 14:58:59,969 - INFO - backend.app.services.order_service.ArchiveOrder - (order_service.py:108) - Archiving order Copper Horse Coffee / Downtown / 20251114
2025-11-19 14:58:59,974 - INFO - backend.app.services.order_service.ArchiveOrder - (order_service.py:108) - Archiving order Copper Horse Coffee / Easthill / 20251114
2025-11-19 14:58:59,978 - INFO - backend.app.services.order_service.ArchiveOrder - (order_service.py:108) - Archiving order Copper Horse Coffee / Triphammer / 20251114
2025-11-19 14:58:59,983 - INFO - backend.app.services.order_service.ArchiveOrder - (order_service.py:108) - Archiving order DUTCH VALLEY FOOD DIST / Bakery / 20251116
2025-11-19 14:58:59,994 - INFO - backend.app.services.order_service.ArchiveOrder - (order_service.py:108) - Archiving order DUTCH VALLEY FOOD DIST / Collegetown / 20251114
2025-11-19 14:58:59,999 - INFO - backend.app.services.order_service.ArchiveOrder - (order_service.py:108) - Archiving order DUTCH VALLEY FOOD DIST / Easthill / 20251114
2025-11-19 14:59:00,005 - INFO - backend.app.services.order_service.ArchiveOrder - (order_service.py:108) - Archiving order DUTCH VALLEY FOOD DIST / Syracuse / 20251114
2025-11-19 14:59:00,011 - INFO - backend.app.services.order_service.ArchiveOrder - (order_service.py:108) - Archiving order DUTCH VALLEY FOOD DIST / Triphammer / 20251114
2025-11-19 14:59:00,016 - INFO - backend.app.services.order_service.ArchiveOrder - (order_service.py:108) - Archiving order Equal Exchange / Bakery / 20251116
2025-11-19 14:59:00,024 - INFO - backend.app.services.order_service.ArchiveOrder - (order_service.py:108) - Archiving order Equal Exchange / Collegetown / 20251114
2025-11-19 14:59:00,029 - INFO - backend.app.services.order_service.ArchiveOrder - (order_service.py:108) - Archiving order Equal Exchange / Downtown / 20251114
2025-11-19 14:59:00,034 - INFO - backend.app.services.order_service.ArchiveOrder - (order_service.py:108) - Archiving order Equal Exchange / Easthill / 20251114
2025-11-19 14:59:00,040 - INFO - backend.app.services.order_service.ArchiveOrder - (order_service.py:108) - Archiving order Equal Exchange / Syracuse / 20251114
2025-11-19 14:59:00,045 - INFO - backend.app.services.order_service.ArchiveOrder - (order_service.py:108) - Archiving order Equal Exchange / Triphammer / 20251114
2025-11-19 14:59:00,050 - INFO - backend.app.services.order_service.ArchiveOrder - (order_service.py:108) - Archiving order FingerLakes Farms / Bakery / 20251115
2025-11-19 14:59:00,056 - INFO - backend.app.services.order_service.ArchiveOrder - (order_service.py:108) - Archiving order FingerLakes Farms / Collegetown / 20251114
2025-11-19 14:59:00,061 - INFO - backend.app.services.order_service.ArchiveOrder - (order_service.py:108) - Archiving order FingerLakes Farms / Downtown / 20251114
2025-11-19 14:59:00,065 - INFO - backend.app.services.order_service.ArchiveOrder - (order_service.py:108) - Archiving order FingerLakes Farms / Easthill / 20251114
2025-11-19 14:59:00,071 - INFO - backend.app.services.order_service.ArchiveOrder - (order_service.py:108) - Archiving order FingerLakes Farms / Triphammer / 20251114
2025-11-19 14:59:00,075 - INFO - backend.app.services.order_service.ArchiveOrder - (order_service.py:108) - Archiving order Hill & Markes / Bakery / 20251118
2025-11-19 14:59:00,081 - INFO - backend.app.services.order_service.ArchiveOrder - (order_service.py:108) - Archiving order Hill & Markes / Collegetown / 20251114
2025-11-19 14:59:00,087 - INFO - backend.app.services.order_service.ArchiveOrder - (order_service.py:108) - Archiving order Hill & Markes / Downtown / 20251114
2025-11-19 14:59:00,092 - INFO - backend.app.services.order_service.ArchiveOrder - (order_service.py:108) - Archiving order Hill & Markes / Easthill / 20251114
2025-11-19 14:59:00,097 - INFO - backend.app.services.order_service.ArchiveOrder - (order_service.py:108) - Archiving order Hill & Markes / Syracuse / 20251114
2025-11-19 14:59:00,101 - INFO - backend.app.services.order_service.ArchiveOrder - (order_service.py:108) - Archiving order Hill & Markes / Triphammer / 20251114
2025-11-19 14:59:00,106 - INFO - backend.app.services.order_service.ArchiveOrder - (order_service.py:108) - Archiving order Hillcrest Dairy / Bakery / 20251115
2025-11-19 14:59:00,112 - INFO - backend.app.services.order_service.ArchiveOrder - (order_service.py:108) - Archiving order Hillcrest Dairy / Collegetown / 20251114
2025-11-19 14:59:00,116 - INFO - backend.app.services.order_service.ArchiveOrder - (order_service.py:108) - Archiving order Hillcrest Dairy / Downtown / 20251114
2025-11-19 14:59:00,122 - INFO - backend.app.services.order_service.ArchiveOrder - (order_service.py:108) - Archiving order Hillcrest Dairy / Easthill / 20251114
2025-11-19 14:59:00,126 - INFO - backend.app.services.order_service.ArchiveOrder - (order_service.py:108) - Archiving order Hillcrest Dairy / Syracuse / 20251114
2025-11-19 14:59:00,131 - INFO - backend.app.services.order_service.ArchiveOrder - (order_service.py:108) - Archiving order Hillcrest Dairy / Triphammer / 20251114
2025-11-19 14:59:00,136 - INFO - backend.app.services.order_service.ArchiveOrder - (order_service.py:108) - Archiving order Hillcrest Foods / Bakery / 20251117
2025-11-19 14:59:00,141 - INFO - backend.app.services.order_service.ArchiveOrder - (order_service.py:108) - Archiving order Hillcrest Foods / Easthill / 20251114
2025-11-19 14:59:00,146 - INFO - backend.app.services.order_service.ArchiveOrder - (order_service.py:108) - Archiving order Ithaca Bakery / Collegetown / 20251114
2025-11-19 14:59:00,152 - INFO - backend.app.services.order_service.ArchiveOrder - (order_service.py:108) - Archiving order Ithaca Bakery / Downtown / 20251114
2025-11-19 14:59:00,157 - INFO - backend.app.services.order_service.ArchiveOrder - (order_service.py:108) - Archiving order Ithaca Bakery / Easthill / 20251114
2025-11-19 14:59:00,162 - INFO - backend.app.services.order_service.ArchiveOrder - (order_service.py:108) - Archiving order Ithaca Bakery / Syracuse / 20251114
2025-11-19 14:59:00,166 - INFO - backend.app.services.order_service.ArchiveOrder - (order_service.py:108) - Archiving order Ithaca Bakery / Triphammer / 20251114
2025-11-19 14:59:00,171 - INFO - backend.app.services.order_service.ArchiveOrder - (order_service.py:108) - Archiving order Johnston Paper / Bakery / 20251118
2025-11-19 14:59:00,177 - INFO - backend.app.services.order_service.ArchiveOrder - (order_service.py:108) - Archiving order Johnston Paper / Collegetown / 20251114
2025-11-19 14:59:00,182 - INFO - backend.app.services.order_service.ArchiveOrder - (order_service.py:108) - Archiving order Johnston Paper / Downtown / 20251114
2025-11-19 14:59:00,186 - INFO - backend.app.services.order_service.ArchiveOrder - (order_service.py:108) - Archiving order Johnston Paper / Easthill / 20251114
2025-11-19 14:59:00,191 - INFO - backend.app.services.order_service.ArchiveOrder - (order_service.py:108) - Archiving order Johnston Paper / Syracuse / 20251114
2025-11-19 14:59:00,196 - INFO - backend.app.services.order_service.ArchiveOrder - (order_service.py:108) - Archiving order Johnston Paper / Triphammer / 20251114
2025-11-19 14:59:00,200 - INFO - backend.app.services.order_service.ArchiveOrder - (order_service.py:108) - Archiving order Keck's Food Service / Bakery / 20251116
2025-11-19 14:59:00,206 - INFO - backend.app.services.order_service.ArchiveOrder - (order_service.py:108) - Archiving order Performance Food / Bakery / 20251115
2025-11-19 14:59:00,212 - INFO - backend.app.services.order_service.ArchiveOrder - (order_service.py:108) - Archiving order Performance Food / Collegetown / 20251114
2025-11-19 14:59:00,217 - INFO - backend.app.services.order_service.ArchiveOrder - (order_service.py:108) - Archiving order Performance Food / Downtown / 20251114
2025-11-19 14:59:00,223 - INFO - backend.app.services.order_service.ArchiveOrder - (order_service.py:108) - Archiving order Performance Food / Easthill / 20251114
2025-11-19 14:59:00,228 - INFO - backend.app.services.order_service.ArchiveOrder - (order_service.py:108) - Archiving order Performance Food / Syracuse / 20251114
2025-11-19 14:59:00,234 - INFO - backend.app.services.order_service.ArchiveOrder - (order_service.py:108) - Archiving order Performance Food / Triphammer / 20251114
2025-11-19 14:59:00,240 - INFO - backend.app.services.order_service.ArchiveOrder - (order_service.py:108) - Archiving order Peters Supply / Bakery / 20251118
2025-11-19 14:59:00,246 - INFO - backend.app.services.order_service.ArchiveOrder - (order_service.py:108) - Archiving order Peters Supply / Collegetown / 20251114
2025-11-19 14:59:00,256 - INFO - backend.app.services.order_service.ArchiveOrder - (order_service.py:108) - Archiving order Peters Supply / Downtown / 20251114
2025-11-19 14:59:00,261 - INFO - backend.app.services.order_service.ArchiveOrder - (order_service.py:108) - Archiving order Peters Supply / Easthill / 20251114
2025-11-19 14:59:00,266 - INFO - backend.app.services.order_service.ArchiveOrder - (order_service.py:108) - Archiving order Peters Supply / Syracuse / 20251114
2025-11-19 14:59:00,271 - INFO - backend.app.services.order_service.ArchiveOrder - (order_service.py:108) - Archiving order Peters Supply / Triphammer / 20251114
2025-11-19 14:59:00,275 - INFO - backend.app.services.order_service.ArchiveOrder - (order_service.py:108) - Archiving order Russo Produce / Triphammer / 20251116
2025-11-19 14:59:00,280 - INFO - backend.app.services.order_service.ArchiveOrder - (order_service.py:108) - Archiving order Sysco / Bakery / 20251115
2025-11-19 14:59:00,287 - INFO - backend.app.services.order_service.ArchiveOrder - (order_service.py:108) - Archiving order Sysco / Collegetown / 20251114
2025-11-19 14:59:00,293 - INFO - backend.app.services.order_service.ArchiveOrder - (order_service.py:108) - Archiving order Sysco / Downtown / 20251114
2025-11-19 14:59:00,297 - INFO - backend.app.services.order_service.ArchiveOrder - (order_service.py:108) - Archiving order Sysco / Easthill / 20251114
2025-11-19 14:59:00,302 - INFO - backend.app.services.order_service.ArchiveOrder - (order_service.py:108) - Archiving order Sysco / Syracuse / 20251114
2025-11-19 14:59:00,307 - INFO - backend.app.services.order_service.ArchiveOrder - (order_service.py:108) - Archiving order Sysco / Triphammer / 20251114
2025-11-19 14:59:00,311 - INFO - backend.app.services.order_service.ArchiveOrder - (order_service.py:108) - Archiving order UNFI / Bakery / 20251115
2025-11-19 14:59:00,316 - INFO - backend.app.services.order_service.ArchiveOrder - (order_service.py:108) - Archiving order UNFI / Collegetown / 20251114
2025-11-19 14:59:00,322 - INFO - backend.app.services.order_service.ArchiveOrder - (order_service.py:108) - Archiving order UNFI / Downtown / 20251114
2025-11-19 14:59:00,326 - INFO - backend.app.services.order_service.ArchiveOrder - (order_service.py:108) - Archiving order UNFI / Easthill / 20251114
2025-11-19 14:59:00,331 - INFO - backend.app.services.order_service.ArchiveOrder - (order_service.py:108) - Archiving order UNFI / Syracuse / 20251114
2025-11-19 14:59:00,336 - INFO - backend.app.services.order_service.ArchiveOrder - (order_service.py:108) - Archiving order UNFI / Triphammer / 20251114
2025-11-19 14:59:00,341 - INFO - backend.app.services.order_service.ArchiveOrder - (order_service.py:108) - Archiving order US Foods / Bakery / 20251116
2025-11-19 14:59:00,347 - INFO - backend.app.services.order_service.ArchiveOrder - (order_service.py:108) - Archiving order US Foods / Collegetown / 20251114
2025-11-19 14:59:00,353 - INFO - backend.app.services.order_service.ArchiveOrder - (order_service.py:108) - Archiving order US Foods / Downtown / 20251114
2025-11-19 14:59:00,358 - INFO - backend.app.services.order_service.ArchiveOrder - (order_service.py:108) - Archiving order US Foods / Easthill / 20251114
2025-11-19 14:59:00,363 - INFO - backend.app.services.order_service.ArchiveOrder - (order_service.py:108) - Archiving order US Foods / Syracuse / 20251114
2025-11-19 14:59:00,368 - INFO - backend.app.services.order_service.ArchiveOrder - (order_service.py:108) - Archiving order US Foods / Triphammer / 20251114
2025-11-19 14:59:00,374 - INFO - backend.app.services.order_service.ArchiveOrder - (order_service.py:108) - Archiving order Vegan Epicure / Triphammer / 20251116
2025-11-19 14:59:00,379 - INFO - backend.app.services.order_service.ArchiveOrder - (order_service.py:108) - Archiving order Webstaurant / Bakery / 20251109
2025-11-19 14:59:00,384 - INFO - backend.app.services.order_service.ArchiveOrder - (order_service.py:108) - Archiving order Webstaurant / Triphammer / 20251117
2025-11-19 14:59:11,213 - INFO - backend.app.services.order_service.ArchiveOrder - (order_service.py:108) - Archiving order FingerLakes Farms / Bakery / 20251118
2025-11-19 14:59:11,218 - INFO - backend.app.services.order_service.ArchiveOrder - (order_service.py:108) - Archiving order FingerLakes Farms / Collegetown / 20251119
2025-11-19 14:59:11,223 - INFO - backend.app.services.order_service.ArchiveOrder - (order_service.py:108) - Archiving order Ithaca Bakery / Collegetown / 20251119
2025-11-19 14:59:11,227 - INFO - backend.app.services.order_service.ArchiveOrder - (order_service.py:108) - Archiving order Ithaca Bakery / Triphammer / 20251119
2025-11-19 14:59:11,232 - INFO - backend.app.services.order_service.ArchiveOrder - (order_service.py:108) - Archiving order Performance Food / Bakery / 20251118
2025-11-19 14:59:11,236 - INFO - backend.app.services.order_service.ArchiveOrder - (order_service.py:108) - Archiving order Performance Food / Collegetown / 20251119
2025-11-19 14:59:11,241 - INFO - backend.app.services.order_service.ArchiveOrder - (order_service.py:108) - Archiving order Performance Food / Triphammer / 20251119
2025-11-19 14:59:11,245 - INFO - backend.app.services.order_service.ArchiveOrder - (order_service.py:108) - Archiving order Russo Produce / Triphammer / 20251119
2025-11-19 14:59:11,251 - INFO - backend.app.services.order_service.ArchiveOrder - (order_service.py:108) - Archiving order Sysco / Bakery / 20251118
2025-11-19 14:59:11,256 - INFO - backend.app.services.order_service.ArchiveOrder - (order_service.py:108) - Archiving order Sysco / Collegetown / 20251119
2025-11-19 14:59:11,260 - INFO - backend.app.services.order_service.ArchiveOrder - (order_service.py:108) - Archiving order Sysco / Triphammer / 20251119
2025-11-19 14:59:11,265 - INFO - backend.app.services.order_service.ArchiveOrder - (order_service.py:108) - Archiving order UNFI / Triphammer / 20251119
2025-11-19 14:59:11,270 - INFO - backend.app.services.order_service.ArchiveOrder - (order_service.py:108) - Archiving order US Foods / Bakery / 20251119
2025-11-19 14:59:11,274 - INFO - backend.app.services.order_service.ArchiveOrder - (order_service.py:108) - Archiving order US Foods / Collegetown / 20251119
2025-11-19 14:59:11,279 - INFO - backend.app.services.order_service.ArchiveOrder - (order_service.py:108) - Archiving order US Foods / Triphammer / 20251119
2025-11-19 14:59:11,284 - INFO - backend.app.services.order_service.ArchiveOrder - (order_service.py:108) - Archiving order Vegan Epicure / Triphammer / 20251119
2025-11-22 07:23:47,010 - INFO - backend.app.services.order_service.ArchiveOrder - (order_service.py:108) - Archiving order DUTCH VALLEY FOOD DIST / Bakery / 20251116
2025-11-22 07:23:47,015 - INFO - backend.app.services.order_service.ArchiveOrder - (order_service.py:108) - Archiving order FingerLakes Farms / Bakery / 20251118
2025-11-22 07:23:47,020 - INFO - backend.app.services.order_service.ArchiveOrder - (order_service.py:108) - Archiving order FingerLakes Farms / Collegetown / 20251119
2025-11-22 07:23:47,024 - INFO - backend.app.services.order_service.ArchiveOrder - (order_service.py:108) - Archiving order Hillcrest Dairy / Bakery / 20251115
2025-11-22 07:23:47,028 - INFO - backend.app.services.order_service.ArchiveOrder - (order_service.py:108) - Archiving order Ithaca Bakery / Collegetown / 20251119
2025-11-22 07:23:47,033 - INFO - backend.app.services.order_service.ArchiveOrder - (order_service.py:108) - Archiving order Ithaca Bakery / Triphammer / 20251119
2025-11-22 07:23:47,037 - INFO - backend.app.services.order_service.ArchiveOrder - (order_service.py:108) - Archiving order Performance Food / Bakery / 20251118
2025-11-22 07:23:47,042 - INFO - backend.app.services.order_service.ArchiveOrder - (order_service.py:108) - Archiving order Performance Food / Collegetown / 20251119
2025-11-22 07:23:47,046 - INFO - backend.app.services.order_service.ArchiveOrder - (order_service.py:108) - Archiving order Performance Food / Triphammer / 20251119
2025-11-22 07:23:47,050 - INFO - backend.app.services.order_service.ArchiveOrder - (order_service.py:108) - Archiving order Russo Produce / Triphammer / 20251119
2025-11-22 07:23:47,055 - INFO - backend.app.services.order_service.ArchiveOrder - (order_service.py:108) - Archiving order Sysco / Bakery / 20251118
2025-11-22 07:23:47,059 - INFO - backend.app.services.order_service.ArchiveOrder - (order_service.py:108) - Archiving order Sysco / Collegetown / 20251119
2025-11-22 07:23:47,064 - INFO - backend.app.services.order_service.ArchiveOrder - (order_service.py:108) - Archiving order Sysco / Triphammer / 20251119
2025-11-22 07:23:47,068 - INFO - backend.app.services.order_service.ArchiveOrder - (order_service.py:108) - Archiving order UNFI / Bakery / 20251115
2025-11-22 07:23:47,073 - INFO - backend.app.services.order_service.ArchiveOrder - (order_service.py:108) - Archiving order UNFI / Triphammer / 20251119
2025-11-22 07:23:47,077 - INFO - backend.app.services.order_service.ArchiveOrder - (order_service.py:108) - Archiving order US Foods / Bakery / 20251119
2025-11-22 07:23:47,081 - INFO - backend.app.services.order_service.ArchiveOrder - (order_service.py:108) - Archiving order US Foods / Collegetown / 20251119
2025-11-22 07:23:47,086 - INFO - backend.app.services.order_service.ArchiveOrder - (order_service.py:108) - Archiving order US Foods / Triphammer / 20251119
2025-11-22 07:23:47,090 - INFO - backend.app.services.order_service.ArchiveOrder - (order_service.py:108) - Archiving order Vegan Epicure / Triphammer / 20251119
2025-11-22 07:23:47,095 - INFO - backend.app.services.order_service.ArchiveOrder - (order_service.py:108) - Archiving order Webstaurant / Bakery / 20251109
2025-11-22 07:29:56,432 - INFO - backend.app.services.order_service.ArchiveOrder - (order_service.py:108) - Archiving order DUTCH VALLEY FOOD DIST / Bakery / 20251116
2025-11-22 07:29:56,435 - INFO - backend.app.services.order_service.ArchiveOrder - (order_service.py:108) - Archiving order FingerLakes Farms / Bakery / 20251118
2025-11-22 07:29:56,438 - INFO - backend.app.services.order_service.ArchiveOrder - (order_service.py:108) - Archiving order Hillcrest Dairy / Bakery / 20251115
2025-11-22 07:29:56,441 - INFO - backend.app.services.order_service.ArchiveOrder - (order_service.py:108) - Archiving order Hillcrest Foods / Bakery / 20251120
2025-11-22 07:29:56,445 - INFO - backend.app.services.order_service.ArchiveOrder - (order_service.py:108) - Archiving order Performance Food / Bakery / 20251118
2025-11-22 07:29:56,448 - INFO - backend.app.services.order_service.ArchiveOrder - (order_service.py:108) - Archiving order Sysco / Bakery / 20251118
2025-11-22 07:29:56,451 - INFO - backend.app.services.order_service.ArchiveOrder - (order_service.py:108) - Archiving order UNFI / Bakery / 20251115
2025-11-22 07:29:56,454 - INFO - backend.app.services.order_service.ArchiveOrder - (order_service.py:108) - Archiving order US Foods / Bakery / 20251119
2025-11-22 07:29:56,457 - INFO - backend.app.services.order_service.ArchiveOrder - (order_service.py:108) - Archiving order Webstaurant / Bakery / 20251109
2025-11-22 07:31:57,161 - INFO - backend.app.services.order_service.ArchiveOrder - (order_service.py:108) - Archiving order DUTCH VALLEY FOOD DIST / Bakery / 20251116
2025-11-22 07:31:57,168 - INFO - backend.app.services.order_service.ArchiveOrder - (order_service.py:108) - Archiving order FingerLakes Farms / Bakery / 20251118
2025-11-22 07:31:57,172 - INFO - backend.app.services.order_service.ArchiveOrder - (order_service.py:108) - Archiving order Hillcrest Dairy / Bakery / 20251115
2025-11-22 07:31:57,176 - INFO - backend.app.services.order_service.ArchiveOrder - (order_service.py:108) - Archiving order Hillcrest Foods / Bakery / 20251120
2025-11-22 07:31:57,181 - INFO - backend.app.services.order_service.ArchiveOrder - (order_service.py:108) - Archiving order Performance Food / Bakery / 20251118
2025-11-22 07:31:57,187 - INFO - backend.app.services.order_service.ArchiveOrder - (order_service.py:108) - Archiving order Sysco / Bakery / 20251118
2025-11-22 07:31:57,191 - INFO - backend.app.services.order_service.ArchiveOrder - (order_service.py:108) - Archiving order UNFI / Bakery / 20251115
2025-11-22 07:31:57,195 - INFO - backend.app.services.order_service.ArchiveOrder - (order_service.py:108) - Archiving order US Foods / Bakery / 20251119
2025-11-22 07:31:57,200 - INFO - backend.app.services.order_service.ArchiveOrder - (order_service.py:108) - Archiving order Webstaurant / Bakery / 20251109
2025-11-29 07:04:57,001 - INFO - backend.app.services.order_service.ArchiveOrder - (order_service.py:108) - Archiving order A.L. George / Collegetown / 20251121
2025-11-29 07:04:57,006 - INFO - backend.app.services.order_service.ArchiveOrder - (order_service.py:108) - Archiving order BALKAN BEVERAGE LLC / Bakery / 20251124
2025-11-29 07:04:57,023 - INFO - backend.app.services.order_service.ArchiveOrder - (order_service.py:108) - Archiving order BALKAN BEVERAGE LLC / Collegetown / 20251121
2025-11-29 07:04:57,038 - INFO - backend.app.services.order_service.ArchiveOrder - (order_service.py:108) - Archiving order BALKAN BEVERAGE LLC / Downtown / 20251121
2025-11-29 07:04:57,051 - INFO - backend.app.services.order_service.ArchiveOrder - (order_service.py:108) - Archiving order Bo's Bones / Downtown / 20251122
2025-11-29 07:04:57,063 - INFO - backend.app.services.order_service.ArchiveOrder - (order_service.py:108) - Archiving order Bo's Bones / Easthill / 20251122
2025-11-29 07:04:57,075 - INFO - backend.app.services.order_service.ArchiveOrder - (order_service.py:108) - Archiving order Coca-Cola / Collegetown / 20251121
2025-11-29 07:04:57,090 - INFO - backend.app.services.order_service.ArchiveOrder - (order_service.py:108) - Archiving order Coca-Cola / Downtown / 20251121
2025-11-29 07:04:57,105 - INFO - backend.app.services.order_service.ArchiveOrder - (order_service.py:108) - Archiving order Coca-Cola / Easthill / 20251122
2025-11-29 07:04:57,121 - INFO - backend.app.services.order_service.ArchiveOrder - (order_service.py:108) - Archiving order Coffee Depot LLC / Bakery / 20251122
2025-11-29 07:04:57,136 - INFO - backend.app.services.order_service.ArchiveOrder - (order_service.py:108) - Archiving order Coffee Depot LLC / Collegetown / 20251121
2025-11-29 07:04:57,147 - INFO - backend.app.services.order_service.ArchiveOrder - (order_service.py:108) - Archiving order Coffee Depot LLC / Downtown / 20251121
2025-11-29 07:04:57,160 - INFO - backend.app.services.order_service.ArchiveOrder - (order_service.py:108) - Archiving order Coffee Depot LLC / Easthill / 20251122
2025-11-29 07:04:57,174 - INFO - backend.app.services.order_service.ArchiveOrder - (order_service.py:108) - Archiving order Coffee Depot LLC / Triphammer / 20251121
2025-11-29 07:04:57,190 - INFO - backend.app.services.order_service.ArchiveOrder - (order_service.py:108) - Archiving order Copper Horse Coffee / Bakery / 20251123
2025-11-29 07:04:57,205 - INFO - backend.app.services.order_service.ArchiveOrder - (order_service.py:108) - Archiving order Copper Horse Coffee / Collegetown / 20251121
2025-11-29 07:04:57,220 - INFO - backend.app.services.order_service.ArchiveOrder - (order_service.py:108) - Archiving order Copper Horse Coffee / Downtown / 20251121
2025-11-29 07:04:57,234 - INFO - backend.app.services.order_service.ArchiveOrder - (order_service.py:108) - Archiving order Copper Horse Coffee / Easthill / 20251122
2025-11-29 07:04:57,245 - INFO - backend.app.services.order_service.ArchiveOrder - (order_service.py:108) - Archiving order Copper Horse Coffee / Triphammer / 20251121
2025-11-29 07:04:57,259 - INFO - backend.app.services.order_service.ArchiveOrder - (order_service.py:108) - Archiving order DUTCH VALLEY FOOD DIST / Bakery / 20251123
2025-11-29 07:04:57,275 - INFO - backend.app.services.order_service.ArchiveOrder - (order_service.py:108) - Archiving order DUTCH VALLEY FOOD DIST / Collegetown / 20251121
2025-11-29 07:04:57,290 - INFO - backend.app.services.order_service.ArchiveOrder - (order_service.py:108) - Archiving order DUTCH VALLEY FOOD DIST / Easthill / 20251122
2025-11-29 07:04:57,305 - INFO - backend.app.services.order_service.ArchiveOrder - (order_service.py:108) - Archiving order Equal Exchange / Bakery / 20251123
2025-11-29 07:04:57,320 - INFO - backend.app.services.order_service.ArchiveOrder - (order_service.py:108) - Archiving order Equal Exchange / Collegetown / 20251121
2025-11-29 07:04:57,335 - INFO - backend.app.services.order_service.ArchiveOrder - (order_service.py:108) - Archiving order Equal Exchange / Downtown / 20251121
2025-11-29 07:04:57,346 - INFO - backend.app.services.order_service.ArchiveOrder - (order_service.py:108) - Archiving order Equal Exchange / Easthill / 20251122
2025-11-29 07:04:57,359 - INFO - backend.app.services.order_service.ArchiveOrder - (order_service.py:108) - Archiving order Equal Exchange / Syracuse / 20251121
2025-11-29 07:04:57,375 - INFO - backend.app.services.order_service.ArchiveOrder - (order_service.py:108) - Archiving order Equal Exchange / Triphammer / 20251121
2025-11-29 07:04:57,390 - INFO - backend.app.services.order_service.ArchiveOrder - (order_service.py:108) - Archiving order FingerLakes Farms / Bakery / 20251122
2025-11-29 07:04:57,404 - INFO - backend.app.services.order_service.ArchiveOrder - (order_service.py:108) - Archiving order FingerLakes Farms / Collegetown / 20251121
2025-11-29 07:04:57,420 - INFO - backend.app.services.order_service.ArchiveOrder - (order_service.py:108) - Archiving order FingerLakes Farms / Downtown / 20251121
2025-11-29 07:04:57,431 - INFO - backend.app.services.order_service.ArchiveOrder - (order_service.py:108) - Archiving order FingerLakes Farms / Easthill / 20251122
2025-11-29 07:04:57,442 - INFO - backend.app.services.order_service.ArchiveOrder - (order_service.py:108) - Archiving order FingerLakes Farms / Triphammer / 20251121
2025-11-29 07:04:57,458 - INFO - backend.app.services.order_service.ArchiveOrder - (order_service.py:108) - Archiving order Hill & Markes / Bakery / 20251123
2025-11-29 07:04:57,475 - INFO - backend.app.services.order_service.ArchiveOrder - (order_service.py:108) - Archiving order Hill & Markes / Collegetown / 20251121
2025-11-29 07:04:57,492 - INFO - backend.app.services.order_service.ArchiveOrder - (order_service.py:108) - Archiving order Hill & Markes / Downtown / 20251121
2025-11-29 07:04:57,508 - INFO - backend.app.services.order_service.ArchiveOrder - (order_service.py:108) - Archiving order Hill & Markes / Easthill / 20251122
2025-11-29 07:04:57,523 - INFO - backend.app.services.order_service.ArchiveOrder - (order_service.py:108) - Archiving order Hill & Markes / Syracuse / 20251121
2025-11-29 07:04:57,538 - INFO - backend.app.services.order_service.ArchiveOrder - (order_service.py:108) - Archiving order Hill & Markes / Triphammer / 20251121
2025-11-29 07:04:57,551 - INFO - backend.app.services.order_service.ArchiveOrder - (order_service.py:108) - Archiving order Hillcrest Dairy / Bakery / 20251122
2025-11-29 07:04:57,562 - INFO - backend.app.services.order_service.ArchiveOrder - (order_service.py:108) - Archiving order Hillcrest Dairy / Collegetown / 20251121
2025-11-29 07:04:57,576 - INFO - backend.app.services.order_service.ArchiveOrder - (order_service.py:108) - Archiving order Hillcrest Dairy / Downtown / 20251121
2025-11-29 07:04:57,591 - INFO - backend.app.services.order_service.ArchiveOrder - (order_service.py:108) - Archiving order Hillcrest Dairy / Easthill / 20251122
2025-11-29 07:04:57,606 - INFO - backend.app.services.order_service.ArchiveOrder - (order_service.py:108) - Archiving order Hillcrest Dairy / Syracuse / 20251121
2025-11-29 07:04:57,621 - INFO - backend.app.services.order_service.ArchiveOrder - (order_service.py:108) - Archiving order Hillcrest Dairy / Triphammer / 20251121
2025-11-29 07:04:57,635 - INFO - backend.app.services.order_service.ArchiveOrder - (order_service.py:108) - Archiving order Hillcrest Foods / Easthill / 20251122
2025-11-29 07:04:57,646 - INFO - backend.app.services.order_service.ArchiveOrder - (order_service.py:108) - Archiving order Ithaca Bakery / Collegetown / 20251121
2025-11-29 07:04:57,659 - INFO - backend.app.services.order_service.ArchiveOrder - (order_service.py:108) - Archiving order Ithaca Bakery / Downtown / 20251121
2025-11-29 07:04:57,675 - INFO - backend.app.services.order_service.ArchiveOrder - (order_service.py:108) - Archiving order Ithaca Bakery / Easthill / 20251122
2025-11-29 07:04:57,689 - INFO - backend.app.services.order_service.ArchiveOrder - (order_service.py:108) - Archiving order Ithaca Bakery / Syracuse / 20251121
2025-11-29 07:04:57,705 - INFO - backend.app.services.order_service.ArchiveOrder - (order_service.py:108) - Archiving order Ithaca Bakery / Triphammer / 20251121
2025-11-29 07:04:57,720 - INFO - backend.app.services.order_service.ArchiveOrder - (order_service.py:108) - Archiving order Johnston Paper / Bakery / 20251125
2025-11-29 07:04:57,731 - INFO - backend.app.services.order_service.ArchiveOrder - (order_service.py:108) - Archiving order Johnston Paper / Collegetown / 20251121
2025-11-29 07:04:57,743 - INFO - backend.app.services.order_service.ArchiveOrder - (order_service.py:108) - Archiving order Johnston Paper / Downtown / 20251121
2025-11-29 07:04:57,758 - INFO - backend.app.services.order_service.ArchiveOrder - (order_service.py:108) - Archiving order Johnston Paper / Easthill / 20251122
2025-11-29 07:04:57,775 - INFO - backend.app.services.order_service.ArchiveOrder - (order_service.py:108) - Archiving order Johnston Paper / Triphammer / 20251121
2025-11-29 07:04:57,791 - INFO - backend.app.services.order_service.ArchiveOrder - (order_service.py:108) - Archiving order Keck's Food Service / Bakery / 20251124
2025-11-29 07:04:57,807 - INFO - backend.app.services.order_service.ArchiveOrder - (order_service.py:108) - Archiving order Performance Food / Bakery / 20251123
2025-11-29 07:04:57,822 - INFO - backend.app.services.order_service.ArchiveOrder - (order_service.py:108) - Archiving order Performance Food / Collegetown / 20251121
2025-11-29 07:04:57,837 - INFO - backend.app.services.order_service.ArchiveOrder - (order_service.py:108) - Archiving order Performance Food / Downtown / 20251121
2025-11-29 07:04:57,849 - INFO - backend.app.services.order_service.ArchiveOrder - (order_service.py:108) - Archiving order Performance Food / Easthill / 20251122
2025-11-29 07:04:57,862 - INFO - backend.app.services.order_service.ArchiveOrder - (order_service.py:108) - Archiving order Performance Food / Syracuse / 20251121
2025-11-29 07:04:57,876 - INFO - backend.app.services.order_service.ArchiveOrder - (order_service.py:108) - Archiving order Performance Food / Triphammer / 20251121
2025-11-29 07:04:57,891 - INFO - backend.app.services.order_service.ArchiveOrder - (order_service.py:108) - Archiving order Peters Supply / Bakery / 20251125
2025-11-29 07:04:57,907 - INFO - backend.app.services.order_service.ArchiveOrder - (order_service.py:108) - Archiving order Peters Supply / Collegetown / 20251121
2025-11-29 07:04:57,923 - INFO - backend.app.services.order_service.ArchiveOrder - (order_service.py:108) - Archiving order Peters Supply / Downtown / 20251121
2025-11-29 07:04:57,939 - INFO - backend.app.services.order_service.ArchiveOrder - (order_service.py:108) - Archiving order Peters Supply / Easthill / 20251122
2025-11-29 07:04:57,952 - INFO - backend.app.services.order_service.ArchiveOrder - (order_service.py:108) - Archiving order Peters Supply / Syracuse / 20251121
2025-11-29 07:04:57,964 - INFO - backend.app.services.order_service.ArchiveOrder - (order_service.py:108) - Archiving order Peters Supply / Triphammer / 20251121
2025-11-29 07:04:57,977 - INFO - backend.app.services.order_service.ArchiveOrder - (order_service.py:108) - Archiving order Russo Produce / Triphammer / 20251123
2025-11-29 07:04:57,992 - INFO - backend.app.services.order_service.ArchiveOrder - (order_service.py:108) - Archiving order Sysco / Bakery / 20251122
2025-11-29 07:04:58,007 - INFO - backend.app.services.order_service.ArchiveOrder - (order_service.py:108) - Archiving order Sysco / Collegetown / 20251121
2025-11-29 07:04:58,024 - INFO - backend.app.services.order_service.ArchiveOrder - (order_service.py:108) - Archiving order Sysco / Downtown / 20251121
2025-11-29 07:04:58,041 - INFO - backend.app.services.order_service.ArchiveOrder - (order_service.py:108) - Archiving order Sysco / Easthill / 20251122
2025-11-29 07:04:58,055 - INFO - backend.app.services.order_service.ArchiveOrder - (order_service.py:108) - Archiving order Sysco / Syracuse / 20251121
2025-11-29 07:04:58,069 - INFO - backend.app.services.order_service.ArchiveOrder - (order_service.py:108) - Archiving order Sysco / Triphammer / 20251121
2025-11-29 07:04:58,081 - INFO - backend.app.services.order_service.ArchiveOrder - (order_service.py:108) - Archiving order ULINE / Triphammer / 20251124
2025-11-29 07:04:58,094 - INFO - backend.app.services.order_service.ArchiveOrder - (order_service.py:108) - Archiving order UNFI / Bakery / 20251122
2025-11-29 07:04:58,109 - INFO - backend.app.services.order_service.ArchiveOrder - (order_service.py:108) - Archiving order UNFI / Collegetown / 20251121
2025-11-29 07:04:58,125 - INFO - backend.app.services.order_service.ArchiveOrder - (order_service.py:108) - Archiving order UNFI / Downtown / 20251121
2025-11-29 07:04:58,140 - INFO - backend.app.services.order_service.ArchiveOrder - (order_service.py:108) - Archiving order UNFI / Easthill / 20251122
2025-11-29 07:04:58,153 - INFO - backend.app.services.order_service.ArchiveOrder - (order_service.py:108) - Archiving order UNFI / Syracuse / 20251121
2025-11-29 07:04:58,168 - INFO - backend.app.services.order_service.ArchiveOrder - (order_service.py:108) - Archiving order UNFI / Triphammer / 20251121
2025-11-29 07:04:58,181 - INFO - backend.app.services.order_service.ArchiveOrder - (order_service.py:108) - Archiving order US Foods / Bakery / 20251123
2025-11-29 07:04:58,195 - INFO - backend.app.services.order_service.ArchiveOrder - (order_service.py:108) - Archiving order US Foods / Collegetown / 20251121
2025-11-29 07:04:58,211 - INFO - backend.app.services.order_service.ArchiveOrder - (order_service.py:108) - Archiving order US Foods / Downtown / 20251121
2025-11-29 07:04:58,226 - INFO - backend.app.services.order_service.ArchiveOrder - (order_service.py:108) - Archiving order US Foods / Easthill / 20251122
2025-11-29 07:04:58,241 - INFO - backend.app.services.order_service.ArchiveOrder - (order_service.py:108) - Archiving order US Foods / Syracuse / 20251121
2025-11-29 07:04:58,255 - INFO - backend.app.services.order_service.ArchiveOrder - (order_service.py:108) - Archiving order US Foods / Triphammer / 20251121
2025-11-29 07:04:58,271 - INFO - backend.app.services.order_service.ArchiveOrder - (order_service.py:108) - Archiving order Webstaurant / Bakery / 20251122
2025-11-29 07:04:58,284 - INFO - backend.app.services.order_service.ArchiveOrder - (order_service.py:108) - Archiving order Webstaurant / Collegetown / 20251121
2025-11-29 07:04:58,296 - INFO - backend.app.services.order_service.ArchiveOrder - (order_service.py:108) - Archiving order Webstaurant / Triphammer / 20251121
2025-12-03 14:06:43,550 - INFO - backend.app.services.order_service.ArchiveOrder - (order_service.py:107) - Archiving order A.L. George / Bakery / 20251201
2025-12-03 14:06:43,555 - INFO - backend.app.services.order_service.ArchiveOrder - (order_service.py:107) - Archiving order A.L. George / Collegetown / 20251126
2025-12-03 14:06:43,560 - INFO - backend.app.services.order_service.ArchiveOrder - (order_service.py:107) - Archiving order A.L. George / Triphammer / 20251128
2025-12-03 14:06:43,564 - INFO - backend.app.services.order_service.ArchiveOrder - (order_service.py:107) - Archiving order BALKAN BEVERAGE LLC / Bakery / 20251201
2025-12-03 14:06:43,570 - INFO - backend.app.services.order_service.ArchiveOrder - (order_service.py:107) - Archiving order BALKAN BEVERAGE LLC / Collegetown / 20251126
2025-12-03 14:06:43,575 - INFO - backend.app.services.order_service.ArchiveOrder - (order_service.py:107) - Archiving order BJ's / Bakery / 20251201
2025-12-03 14:06:43,580 - INFO - backend.app.services.order_service.ArchiveOrder - (order_service.py:107) - Archiving order Bo's Bones / Downtown / 20251129
2025-12-03 14:06:43,585 - INFO - backend.app.services.order_service.ArchiveOrder - (order_service.py:107) - Archiving order Coca-Cola / Bakery / 20251130
2025-12-03 14:06:43,592 - INFO - backend.app.services.order_service.ArchiveOrder - (order_service.py:107) - Archiving order Coca-Cola / Collegetown / 20251126
2025-12-03 14:06:43,598 - INFO - backend.app.services.order_service.ArchiveOrder - (order_service.py:107) - Archiving order Coca-Cola / Downtown / 20251128
2025-12-03 14:06:43,603 - INFO - backend.app.services.order_service.ArchiveOrder - (order_service.py:107) - Archiving order Coca-Cola / Easthill / 20251128
2025-12-03 14:06:43,607 - INFO - backend.app.services.order_service.ArchiveOrder - (order_service.py:107) - Archiving order Coca-Cola / Syracuse / 20251126
2025-12-03 14:06:43,611 - INFO - backend.app.services.order_service.ArchiveOrder - (order_service.py:107) - Archiving order Coca-Cola / Triphammer / 20251128
2025-12-03 14:06:43,616 - INFO - backend.app.services.order_service.ArchiveOrder - (order_service.py:107) - Archiving order Coffee Depot LLC / Bakery / 20251130
2025-12-03 14:06:43,622 - INFO - backend.app.services.order_service.ArchiveOrder - (order_service.py:107) - Archiving order Coffee Depot LLC / Collegetown / 20251126
2025-12-03 14:06:43,627 - INFO - backend.app.services.order_service.ArchiveOrder - (order_service.py:107) - Archiving order Coffee Depot LLC / Downtown / 20251128
2025-12-03 14:06:43,631 - INFO - backend.app.services.order_service.ArchiveOrder - (order_service.py:107) - Archiving order Coffee Depot LLC / Easthill / 20251128
2025-12-03 14:06:43,636 - INFO - backend.app.services.order_service.ArchiveOrder - (order_service.py:107) - Archiving order Coffee Depot LLC / Syracuse / 20251126
2025-12-03 14:06:43,640 - INFO - backend.app.services.order_service.ArchiveOrder - (order_service.py:107) - Archiving order Coffee Depot LLC / Triphammer / 20251128
2025-12-03 14:06:43,645 - INFO - backend.app.services.order_service.ArchiveOrder - (order_service.py:107) - Archiving order Copper Horse Coffee / Bakery / 20251130
2025-12-03 14:06:43,651 - INFO - backend.app.services.order_service.ArchiveOrder - (order_service.py:107) - Archiving order Copper Horse Coffee / Downtown / 20251129
2025-12-03 14:06:43,656 - INFO - backend.app.services.order_service.ArchiveOrder - (order_service.py:107) - Archiving order Copper Horse Coffee / Easthill / 20251128
2025-12-03 14:06:43,660 - INFO - backend.app.services.order_service.ArchiveOrder - (order_service.py:107) - Archiving order Copper Horse Coffee / Triphammer / 20251128
2025-12-03 14:06:43,665 - INFO - backend.app.services.order_service.ArchiveOrder - (order_service.py:107) - Archiving order DUTCH VALLEY FOOD DIST / Bakery / 20251130
2025-12-03 14:06:43,671 - INFO - backend.app.services.order_service.ArchiveOrder - (order_service.py:107) - Archiving order DUTCH VALLEY FOOD DIST / Easthill / 20251128
2025-12-03 14:06:43,676 - INFO - backend.app.services.order_service.ArchiveOrder - (order_service.py:107) - Archiving order DUTCH VALLEY FOOD DIST / Syracuse / 20251126
2025-12-03 14:06:43,680 - INFO - backend.app.services.order_service.ArchiveOrder - (order_service.py:107) - Archiving order Equal Exchange / Bakery / 20251130
2025-12-03 14:06:43,686 - INFO - backend.app.services.order_service.ArchiveOrder - (order_service.py:107) - Archiving order Equal Exchange / Collegetown / 20251126
2025-12-03 14:06:43,691 - INFO - backend.app.services.order_service.ArchiveOrder - (order_service.py:107) - Archiving order Equal Exchange / Downtown / 20251128
2025-12-03 14:06:43,696 - INFO - backend.app.services.order_service.ArchiveOrder - (order_service.py:107) - Archiving order Equal Exchange / Easthill / 20251128
2025-12-03 14:06:43,700 - INFO - backend.app.services.order_service.ArchiveOrder - (order_service.py:107) - Archiving order Equal Exchange / Syracuse / 20251126
2025-12-03 14:06:43,705 - INFO - backend.app.services.order_service.ArchiveOrder - (order_service.py:107) - Archiving order Equal Exchange / Triphammer / 20251128
2025-12-03 14:06:43,710 - INFO - backend.app.services.order_service.ArchiveOrder - (order_service.py:107) - Archiving order Farmer Ground Flour / Bakery / 20251201
2025-12-03 14:06:43,714 - INFO - backend.app.services.order_service.ArchiveOrder - (order_service.py:107) - Archiving order Finger Lakes Coffee Roasters / Bakery / 20251130
2025-12-03 14:06:43,717 - INFO - backend.app.services.order_service.ArchiveOrder - (order_service.py:107) - Archiving order FingerLakes Farms / Bakery / 20251125
2025-12-03 14:06:43,723 - INFO - backend.app.services.order_service.ArchiveOrder - (order_service.py:107) - Archiving order FingerLakes Farms / Collegetown / 20251126
2025-12-03 14:06:43,728 - INFO - backend.app.services.order_service.ArchiveOrder - (order_service.py:107) - Archiving order FingerLakes Farms / Downtown / 20251128
2025-12-03 14:06:43,733 - INFO - backend.app.services.order_service.ArchiveOrder - (order_service.py:107) - Archiving order FingerLakes Farms / Easthill / 20251128
2025-12-03 14:06:43,737 - INFO - backend.app.services.order_service.ArchiveOrder - (order_service.py:107) - Archiving order FingerLakes Farms / Triphammer / 20251201
2025-12-03 14:06:43,742 - INFO - backend.app.services.order_service.ArchiveOrder - (order_service.py:107) - Archiving order Hill & Markes / Bakery / 20251202
2025-12-03 14:06:43,748 - INFO - backend.app.services.order_service.ArchiveOrder - (order_service.py:107) - Archiving order Hill & Markes / Collegetown / 20251126
2025-12-03 14:06:43,752 - INFO - backend.app.services.order_service.ArchiveOrder - (order_service.py:107) - Archiving order Hill & Markes / Downtown / 20251128
2025-12-03 14:06:43,757 - INFO - backend.app.services.order_service.ArchiveOrder - (order_service.py:107) - Archiving order Hill & Markes / Easthill / 20251128
2025-12-03 14:06:43,761 - INFO - backend.app.services.order_service.ArchiveOrder - (order_service.py:107) - Archiving order Hill & Markes / Syracuse / 20251126
2025-12-03 14:06:43,766 - INFO - backend.app.services.order_service.ArchiveOrder - (order_service.py:107) - Archiving order Hill & Markes / Triphammer / 20251128
2025-12-03 14:06:43,771 - INFO - backend.app.services.order_service.ArchiveOrder - (order_service.py:107) - Archiving order Hillcrest Dairy / Bakery / 20251129
2025-12-03 14:06:43,776 - INFO - backend.app.services.order_service.ArchiveOrder - (order_service.py:107) - Archiving order Hillcrest Dairy / Collegetown / 20251126
2025-12-03 14:06:43,781 - INFO - backend.app.services.order_service.ArchiveOrder - (order_service.py:107) - Archiving order Hillcrest Dairy / Downtown / 20251128
2025-12-03 14:06:43,786 - INFO - backend.app.services.order_service.ArchiveOrder - (order_service.py:107) - Archiving order Hillcrest Dairy / Easthill / 20251128
2025-12-03 14:06:43,790 - INFO - backend.app.services.order_service.ArchiveOrder - (order_service.py:107) - Archiving order Hillcrest Dairy / Syracuse / 20251126
2025-12-03 14:06:43,795 - INFO - backend.app.services.order_service.ArchiveOrder - (order_service.py:107) - Archiving order Hillcrest Dairy / Triphammer / 20251201
2025-12-03 14:06:43,800 - INFO - backend.app.services.order_service.ArchiveOrder - (order_service.py:107) - Archiving order Hillcrest Foods / Bakery / 20251201
2025-12-03 14:06:43,805 - INFO - backend.app.services.order_service.ArchiveOrder - (order_service.py:107) - Archiving order Hillcrest Foods / Easthill / 20251128
2025-12-03 14:06:43,809 - INFO - backend.app.services.order_service.ArchiveOrder - (order_service.py:107) - Archiving order Ithaca Bakery / Collegetown / 20251126
2025-12-03 14:06:43,815 - INFO - backend.app.services.order_service.ArchiveOrder - (order_service.py:107) - Archiving order Ithaca Bakery / Downtown / 20251128
2025-12-03 14:06:43,819 - INFO - backend.app.services.order_service.ArchiveOrder - (order_service.py:107) - Archiving order Ithaca Bakery / Easthill / 20251128
2025-12-03 14:06:43,824 - INFO - backend.app.services.order_service.ArchiveOrder - (order_service.py:107) - Archiving order Ithaca Bakery / Syracuse / 20251126
2025-12-03 14:06:43,828 - INFO - backend.app.services.order_service.ArchiveOrder - (order_service.py:107) - Archiving order Ithaca Bakery / Triphammer / 20251128
2025-12-03 14:06:43,833 - INFO - backend.app.services.order_service.ArchiveOrder - (order_service.py:107) - Archiving order Johnston Paper / Bakery / 20251202
2025-12-03 14:06:43,839 - INFO - backend.app.services.order_service.ArchiveOrder - (order_service.py:107) - Archiving order Johnston Paper / Collegetown / 20251126
2025-12-03 14:06:43,844 - INFO - backend.app.services.order_service.ArchiveOrder - (order_service.py:107) - Archiving order Johnston Paper / Downtown / 20251128
2025-12-03 14:06:43,849 - INFO - backend.app.services.order_service.ArchiveOrder - (order_service.py:107) - Archiving order Johnston Paper / Syracuse / 20251126
2025-12-03 14:06:43,856 - INFO - backend.app.services.order_service.ArchiveOrder - (order_service.py:107) - Archiving order Johnston Paper / Triphammer / 20251128
2025-12-03 14:06:43,860 - INFO - backend.app.services.order_service.ArchiveOrder - (order_service.py:107) - Archiving order Keck's Food Service / Bakery / 20251201
2025-12-03 14:06:43,865 - INFO - backend.app.services.order_service.ArchiveOrder - (order_service.py:107) - Archiving order Performance Food / Bakery / 20251129
2025-12-03 14:06:43,871 - INFO - backend.app.services.order_service.ArchiveOrder - (order_service.py:107) - Archiving order Performance Food / Collegetown / 20251126
2025-12-03 14:06:43,876 - INFO - backend.app.services.order_service.ArchiveOrder - (order_service.py:107) - Archiving order Performance Food / Downtown / 20251128
2025-12-03 14:06:43,880 - INFO - backend.app.services.order_service.ArchiveOrder - (order_service.py:107) - Archiving order Performance Food / Easthill / 20251128
2025-12-03 14:06:43,885 - INFO - backend.app.services.order_service.ArchiveOrder - (order_service.py:107) - Archiving order Performance Food / Syracuse / 20251126
2025-12-03 14:06:43,890 - INFO - backend.app.services.order_service.ArchiveOrder - (order_service.py:107) - Archiving order Performance Food / Triphammer / 20251128
2025-12-03 14:06:43,895 - INFO - backend.app.services.order_service.ArchiveOrder - (order_service.py:107) - Archiving order Peters Supply / Bakery / 20251202
2025-12-03 14:06:43,901 - INFO - backend.app.services.order_service.ArchiveOrder - (order_service.py:107) - Archiving order Peters Supply / Collegetown / 20251126
2025-12-03 14:06:43,905 - INFO - backend.app.services.order_service.ArchiveOrder - (order_service.py:107) - Archiving order Peters Supply / Downtown / 20251128
2025-12-03 14:06:43,910 - INFO - backend.app.services.order_service.ArchiveOrder - (order_service.py:107) - Archiving order Peters Supply / Easthill / 20251128
2025-12-03 14:06:43,915 - INFO - backend.app.services.order_service.ArchiveOrder - (order_service.py:107) - Archiving order Peters Supply / Triphammer / 20251128
2025-12-03 14:06:43,920 - INFO - backend.app.services.order_service.ArchiveOrder - (order_service.py:107) - Archiving order Russo Produce / Triphammer / 20251130
2025-12-03 14:06:43,925 - INFO - backend.app.services.order_service.ArchiveOrder - (order_service.py:107) - Archiving order Sysco / Bakery / 20251125
2025-12-03 14:06:43,931 - INFO - backend.app.services.order_service.ArchiveOrder - (order_service.py:107) - Archiving order Sysco / Collegetown / 20251126
2025-12-03 14:06:43,936 - INFO - backend.app.services.order_service.ArchiveOrder - (order_service.py:107) - Archiving order Sysco / Downtown / 20251128
2025-12-03 14:06:43,941 - INFO - backend.app.services.order_service.ArchiveOrder - (order_service.py:107) - Archiving order Sysco / Easthill / 20251128
2025-12-03 14:06:43,945 - INFO - backend.app.services.order_service.ArchiveOrder - (order_service.py:107) - Archiving order Sysco / Syracuse / 20251126
2025-12-03 14:06:43,950 - INFO - backend.app.services.order_service.ArchiveOrder - (order_service.py:107) - Archiving order Sysco / Triphammer / 20251128
2025-12-03 14:06:43,954 - INFO - backend.app.services.order_service.ArchiveOrder - (order_service.py:107) - Archiving order ULINE / Triphammer / 20251201
2025-12-03 14:06:43,959 - INFO - backend.app.services.order_service.ArchiveOrder - (order_service.py:107) - Archiving order UNFI / Downtown / 20251128
2025-12-03 14:06:43,965 - INFO - backend.app.services.order_service.ArchiveOrder - (order_service.py:107) - Archiving order UNFI / Easthill / 20251128
2025-12-03 14:06:43,969 - INFO - backend.app.services.order_service.ArchiveOrder - (order_service.py:107) - Archiving order UNFI / Syracuse / 20251126
2025-12-03 14:06:43,974 - INFO - backend.app.services.order_service.ArchiveOrder - (order_service.py:107) - Archiving order UNFI / Triphammer / 20251128
2025-12-03 14:06:43,978 - INFO - backend.app.services.order_service.ArchiveOrder - (order_service.py:107) - Archiving order US Foods / Bakery / 20251130
2025-12-03 14:06:43,984 - INFO - backend.app.services.order_service.ArchiveOrder - (order_service.py:107) - Archiving order US Foods / Collegetown / 20251126
2025-12-03 14:06:43,989 - INFO - backend.app.services.order_service.ArchiveOrder - (order_service.py:107) - Archiving order US Foods / Downtown / 20251128
2025-12-03 14:06:43,993 - INFO - backend.app.services.order_service.ArchiveOrder - (order_service.py:107) - Archiving order US Foods / Easthill / 20251128
2025-12-03 14:06:43,998 - INFO - backend.app.services.order_service.ArchiveOrder - (order_service.py:107) - Archiving order US Foods / Syracuse / 20251126
2025-12-03 14:06:44,003 - INFO - backend.app.services.order_service.ArchiveOrder - (order_service.py:107) - Archiving order US Foods / Triphammer / 20251128
2025-12-03 14:06:44,007 - INFO - backend.app.services.order_service.ArchiveOrder - (order_service.py:107) - Archiving order Vegan Epicure / Triphammer / 20251130
2025-12-03 14:06:44,012 - INFO - backend.app.services.order_service.ArchiveOrder - (order_service.py:107) - Archiving order Webstaurant / Bakery / 20251130
2025-12-03 14:06:44,017 - INFO - backend.app.services.order_service.ArchiveOrder - (order_service.py:107) - Archiving order Webstaurant / Collegetown / 20251126
2025-12-03 14:06:44,022 - INFO - backend.app.services.order_service.ArchiveOrder - (order_service.py:107) - Archiving order Webstaurant / Triphammer / 20251130
2025-12-06 07:13:14,771 - INFO - backend.app.services.order_service.ArchiveOrder - (order_service.py:107) - Archiving order BJ's / Bakery / 20251201
2025-12-06 07:13:14,776 - INFO - backend.app.services.order_service.ArchiveOrder - (order_service.py:107) - Archiving order DUTCH VALLEY FOOD DIST / Bakery / 20251130
2025-12-06 07:13:14,781 - INFO - backend.app.services.order_service.ArchiveOrder - (order_service.py:107) - Archiving order Farmer Ground Flour / Bakery / 20251201
2025-12-06 07:13:14,786 - INFO - backend.app.services.order_service.ArchiveOrder - (order_service.py:107) - Archiving order FingerLakes Farms / Bakery / 20251129
2025-12-06 07:13:14,791 - INFO - backend.app.services.order_service.ArchiveOrder - (order_service.py:107) - Archiving order FingerLakes Farms / Collegetown / 20251203
2025-12-06 07:13:14,795 - INFO - backend.app.services.order_service.ArchiveOrder - (order_service.py:107) - Archiving order Ithaca Bakery / Collegetown / 20251203
2025-12-06 07:13:14,801 - INFO - backend.app.services.order_service.ArchiveOrder - (order_service.py:107) - Archiving order Ithaca Bakery / Triphammer / 20251203
2025-12-06 07:13:14,806 - INFO - backend.app.services.order_service.ArchiveOrder - (order_service.py:107) - Archiving order Performance Food / Bakery / 20251202
2025-12-06 07:13:14,810 - INFO - backend.app.services.order_service.ArchiveOrder - (order_service.py:107) - Archiving order Performance Food / Collegetown / 20251203
2025-12-06 07:13:14,815 - INFO - backend.app.services.order_service.ArchiveOrder - (order_service.py:107) - Archiving order Performance Food / Triphammer / 20251203
2025-12-06 07:13:14,819 - INFO - backend.app.services.order_service.ArchiveOrder - (order_service.py:107) - Archiving order Russo Produce / Triphammer / 20251203
2025-12-06 07:13:14,824 - INFO - backend.app.services.order_service.ArchiveOrder - (order_service.py:107) - Archiving order Sysco / Bakery / 20251129
2025-12-06 07:13:14,829 - INFO - backend.app.services.order_service.ArchiveOrder - (order_service.py:107) - Archiving order Sysco / Collegetown / 20251203
2025-12-06 07:13:14,833 - INFO - backend.app.services.order_service.ArchiveOrder - (order_service.py:107) - Archiving order Sysco / Triphammer / 20251203
2025-12-06 07:13:14,838 - INFO - backend.app.services.order_service.ArchiveOrder - (order_service.py:107) - Archiving order US Foods / Bakery / 20251203
2025-12-06 07:13:14,843 - INFO - backend.app.services.order_service.ArchiveOrder - (order_service.py:107) - Archiving order US Foods / Collegetown / 20251203
2025-12-06 07:13:14,847 - INFO - backend.app.services.order_service.ArchiveOrder - (order_service.py:107) - Archiving order US Foods / Triphammer / 20251203
2025-12-06 07:13:14,852 - INFO - backend.app.services.order_service.ArchiveOrder - (order_service.py:107) - Archiving order Vegan Epicure / Triphammer / 20251203
2025-12-10 11:15:17,928 - INFO - backend.app.services.order_service.ArchiveOrder - (order_service.py:107) - Archiving order A.L. George / Bakery / 20251208
2025-12-10 11:15:17,934 - INFO - backend.app.services.order_service.ArchiveOrder - (order_service.py:107) - Archiving order A.L. George / Collegetown / 20251205
2025-12-10 11:15:17,938 - INFO - backend.app.services.order_service.ArchiveOrder - (order_service.py:107) - Archiving order A.L. George / Triphammer / 20251205
2025-12-10 11:15:17,943 - INFO - backend.app.services.order_service.ArchiveOrder - (order_service.py:107) - Archiving order BALKAN BEVERAGE LLC / Bakery / 20251208
2025-12-10 11:15:17,948 - INFO - backend.app.services.order_service.ArchiveOrder - (order_service.py:107) - Archiving order BALKAN BEVERAGE LLC / Collegetown / 20251205
2025-12-10 11:15:17,953 - INFO - backend.app.services.order_service.ArchiveOrder - (order_service.py:107) - Archiving order BJ's / Bakery / 20251208
2025-12-10 11:15:17,957 - INFO - backend.app.services.order_service.ArchiveOrder - (order_service.py:107) - Archiving order Coca-Cola / Bakery / 20251207
2025-12-10 11:15:17,962 - INFO - backend.app.services.order_service.ArchiveOrder - (order_service.py:107) - Archiving order Coca-Cola / Collegetown / 20251205
2025-12-10 11:15:17,966 - INFO - backend.app.services.order_service.ArchiveOrder - (order_service.py:107) - Archiving order Coca-Cola / Downtown / 20251205
2025-12-10 11:15:17,969 - INFO - backend.app.services.order_service.ArchiveOrder - (order_service.py:107) - Archiving order Coca-Cola / Easthill / 20251204
2025-12-10 11:15:17,973 - INFO - backend.app.services.order_service.ArchiveOrder - (order_service.py:107) - Archiving order Coca-Cola / Triphammer / 20251205
2025-12-10 11:15:17,977 - INFO - backend.app.services.order_service.ArchiveOrder - (order_service.py:107) - Archiving order Coffee Depot LLC / Bakery / 20251206
2025-12-10 11:15:17,981 - INFO - backend.app.services.order_service.ArchiveOrder - (order_service.py:107) - Archiving order Coffee Depot LLC / Collegetown / 20251205
2025-12-10 11:15:17,985 - INFO - backend.app.services.order_service.ArchiveOrder - (order_service.py:107) - Archiving order Coffee Depot LLC / Downtown / 20251205
2025-12-10 11:15:17,989 - INFO - backend.app.services.order_service.ArchiveOrder - (order_service.py:107) - Archiving order Coffee Depot LLC / Easthill / 20251204
2025-12-10 11:15:17,993 - INFO - backend.app.services.order_service.ArchiveOrder - (order_service.py:107) - Archiving order Coffee Depot LLC / Syracuse / 20251205
2025-12-10 11:15:17,997 - INFO - backend.app.services.order_service.ArchiveOrder - (order_service.py:107) - Archiving order Coffee Depot LLC / Triphammer / 20251205
2025-12-10 11:15:18,001 - INFO - backend.app.services.order_service.ArchiveOrder - (order_service.py:107) - Archiving order Copper Horse Coffee / Bakery / 20251207
2025-12-10 11:15:18,007 - INFO - backend.app.services.order_service.ArchiveOrder - (order_service.py:107) - Archiving order Copper Horse Coffee / Easthill / 20251204
2025-12-10 11:15:18,012 - INFO - backend.app.services.order_service.ArchiveOrder - (order_service.py:107) - Archiving order Copper Horse Coffee / Triphammer / 20251205
2025-12-10 11:15:18,018 - INFO - backend.app.services.order_service.ArchiveOrder - (order_service.py:107) - Archiving order DUTCH VALLEY FOOD DIST / Bakery / 20251130
2025-12-10 11:15:18,022 - INFO - backend.app.services.order_service.ArchiveOrder - (order_service.py:107) - Archiving order DUTCH VALLEY FOOD DIST / Easthill / 20251204
2025-12-10 11:15:18,030 - INFO - backend.app.services.order_service.ArchiveOrder - (order_service.py:107) - Archiving order DUTCH VALLEY FOOD DIST / Syracuse / 20251205
2025-12-10 11:15:18,037 - INFO - backend.app.services.order_service.ArchiveOrder - (order_service.py:107) - Archiving order Dawn / Bakery / 20251208
2025-12-10 11:15:18,041 - INFO - backend.app.services.order_service.ArchiveOrder - (order_service.py:107) - Archiving order Equal Exchange / Bakery / 20251207
2025-12-10 11:15:18,046 - INFO - backend.app.services.order_service.ArchiveOrder - (order_service.py:107) - Archiving order Equal Exchange / Collegetown / 20251205
2025-12-10 11:15:18,050 - INFO - backend.app.services.order_service.ArchiveOrder - (order_service.py:107) - Archiving order Equal Exchange / Downtown / 20251205
2025-12-10 11:15:18,054 - INFO - backend.app.services.order_service.ArchiveOrder - (order_service.py:107) - Archiving order Equal Exchange / Easthill / 20251204
2025-12-10 11:15:18,059 - INFO - backend.app.services.order_service.ArchiveOrder - (order_service.py:107) - Archiving order Equal Exchange / Syracuse / 20251205
2025-12-10 11:15:18,063 - INFO - backend.app.services.order_service.ArchiveOrder - (order_service.py:107) - Archiving order Equal Exchange / Triphammer / 20251205
2025-12-10 11:15:18,067 - INFO - backend.app.services.order_service.ArchiveOrder - (order_service.py:107) - Archiving order FingerLakes Farms / Bakery / 20251206
2025-12-10 11:15:18,071 - INFO - backend.app.services.order_service.ArchiveOrder - (order_service.py:107) - Archiving order FingerLakes Farms / Collegetown / 20251205
2025-12-10 11:15:18,075 - INFO - backend.app.services.order_service.ArchiveOrder - (order_service.py:107) - Archiving order FingerLakes Farms / Downtown / 20251205
2025-12-10 11:15:18,081 - INFO - backend.app.services.order_service.ArchiveOrder - (order_service.py:107) - Archiving order FingerLakes Farms / Easthill / 20251204
2025-12-10 11:15:18,086 - INFO - backend.app.services.order_service.ArchiveOrder - (order_service.py:107) - Archiving order FingerLakes Farms / Syracuse / 20251205
2025-12-10 11:15:18,090 - INFO - backend.app.services.order_service.ArchiveOrder - (order_service.py:107) - Archiving order FingerLakes Farms / Triphammer / 20251205
2025-12-10 11:15:18,094 - INFO - backend.app.services.order_service.ArchiveOrder - (order_service.py:107) - Archiving order Hill & Markes / Bakery / 20251209
2025-12-10 11:15:18,098 - INFO - backend.app.services.order_service.ArchiveOrder - (order_service.py:107) - Archiving order Hill & Markes / Collegetown / 20251205
2025-12-10 11:15:18,103 - INFO - backend.app.services.order_service.ArchiveOrder - (order_service.py:107) - Archiving order Hill & Markes / Downtown / 20251205
2025-12-10 11:15:18,107 - INFO - backend.app.services.order_service.ArchiveOrder - (order_service.py:107) - Archiving order Hill & Markes / Easthill / 20251204
2025-12-10 11:15:18,110 - INFO - backend.app.services.order_service.ArchiveOrder - (order_service.py:107) - Archiving order Hill & Markes / Syracuse / 20251205
2025-12-10 11:15:18,114 - INFO - backend.app.services.order_service.ArchiveOrder - (order_service.py:107) - Archiving order Hill & Markes / Triphammer / 20251205
2025-12-10 11:15:18,118 - INFO - backend.app.services.order_service.ArchiveOrder - (order_service.py:107) - Archiving order Hillcrest Dairy / Bakery / 20251206
2025-12-10 11:15:18,122 - INFO - backend.app.services.order_service.ArchiveOrder - (order_service.py:107) - Archiving order Hillcrest Dairy / Collegetown / 20251205
2025-12-10 11:15:18,127 - INFO - backend.app.services.order_service.ArchiveOrder - (order_service.py:107) - Archiving order Hillcrest Dairy / Downtown / 20251205
2025-12-10 11:15:18,131 - INFO - backend.app.services.order_service.ArchiveOrder - (order_service.py:107) - Archiving order Hillcrest Dairy / Easthill / 20251204
2025-12-10 11:15:18,135 - INFO - backend.app.services.order_service.ArchiveOrder - (order_service.py:107) - Archiving order Hillcrest Dairy / Syracuse / 20251205
2025-12-10 11:15:18,139 - INFO - backend.app.services.order_service.ArchiveOrder - (order_service.py:107) - Archiving order Hillcrest Dairy / Triphammer / 20251205
2025-12-10 11:15:18,143 - INFO - backend.app.services.order_service.ArchiveOrder - (order_service.py:107) - Archiving order Hillcrest Foods / Bakery / 20251208
2025-12-10 11:15:18,147 - INFO - backend.app.services.order_service.ArchiveOrder - (order_service.py:107) - Archiving order Ithaca Bakery / Collegetown / 20251205
2025-12-10 11:15:18,151 - INFO - backend.app.services.order_service.ArchiveOrder - (order_service.py:107) - Archiving order Ithaca Bakery / Downtown / 20251205
2025-12-10 11:15:18,155 - INFO - backend.app.services.order_service.ArchiveOrder - (order_service.py:107) - Archiving order Ithaca Bakery / Easthill / 20251204
2025-12-10 11:15:18,159 - INFO - backend.app.services.order_service.ArchiveOrder - (order_service.py:107) - Archiving order Ithaca Bakery / Syracuse / 20251205
2025-12-10 11:15:18,163 - INFO - backend.app.services.order_service.ArchiveOrder - (order_service.py:107) - Archiving order Ithaca Bakery / Triphammer / 20251205
2025-12-10 11:15:18,167 - INFO - backend.app.services.order_service.ArchiveOrder - (order_service.py:107) - Archiving order Johnston Paper / Bakery / 20251209
2025-12-10 11:15:18,172 - INFO - backend.app.services.order_service.ArchiveOrder - (order_service.py:107) - Archiving order Johnston Paper / Downtown / 20251205
2025-12-10 11:15:18,176 - INFO - backend.app.services.order_service.ArchiveOrder - (order_service.py:107) - Archiving order Johnston Paper / Easthill / 20251204
2025-12-10 11:15:18,180 - INFO - backend.app.services.order_service.ArchiveOrder - (order_service.py:107) - Archiving order Johnston Paper / Triphammer / 20251205
2025-12-10 11:15:18,184 - INFO - backend.app.services.order_service.ArchiveOrder - (order_service.py:107) - Archiving order Keck's Food Service / Bakery / 20251208
2025-12-10 11:15:18,188 - INFO - backend.app.services.order_service.ArchiveOrder - (order_service.py:107) - Archiving order Lentz / Bakery / 20251208
2025-12-10 11:15:18,192 - INFO - backend.app.services.order_service.ArchiveOrder - (order_service.py:107) - Archiving order Performance Food / Bakery / 20251206
2025-12-10 11:15:18,196 - INFO - backend.app.services.order_service.ArchiveOrder - (order_service.py:107) - Archiving order Performance Food / Collegetown / 20251205
2025-12-10 11:15:18,200 - INFO - backend.app.services.order_service.ArchiveOrder - (order_service.py:107) - Archiving order Performance Food / Downtown / 20251205
2025-12-10 11:15:18,206 - INFO - backend.app.services.order_service.ArchiveOrder - (order_service.py:107) - Archiving order Performance Food / Easthill / 20251204
2025-12-10 11:15:18,210 - INFO - backend.app.services.order_service.ArchiveOrder - (order_service.py:107) - Archiving order Performance Food / Syracuse / 20251205
2025-12-10 11:15:18,214 - INFO - backend.app.services.order_service.ArchiveOrder - (order_service.py:107) - Archiving order Performance Food / Triphammer / 20251205
2025-12-10 11:15:18,218 - INFO - backend.app.services.order_service.ArchiveOrder - (order_service.py:107) - Archiving order Peters Supply / Bakery / 20251209
2025-12-10 11:15:18,222 - INFO - backend.app.services.order_service.ArchiveOrder - (order_service.py:107) - Archiving order Peters Supply / Collegetown / 20251205
2025-12-10 11:15:18,226 - INFO - backend.app.services.order_service.ArchiveOrder - (order_service.py:107) - Archiving order Peters Supply / Downtown / 20251205
2025-12-10 11:15:18,230 - INFO - backend.app.services.order_service.ArchiveOrder - (order_service.py:107) - Archiving order Peters Supply / Easthill / 20251204
2025-12-10 11:15:18,233 - INFO - backend.app.services.order_service.ArchiveOrder - (order_service.py:107) - Archiving order Peters Supply / Syracuse / 20251205
2025-12-10 11:15:18,237 - INFO - backend.app.services.order_service.ArchiveOrder - (order_service.py:107) - Archiving order Peters Supply / Triphammer / 20251205
2025-12-10 11:15:18,241 - INFO - backend.app.services.order_service.ArchiveOrder - (order_service.py:107) - Archiving order Russo Produce / Triphammer / 20251207
2025-12-10 11:15:18,246 - INFO - backend.app.services.order_service.ArchiveOrder - (order_service.py:107) - Archiving order Sysco / Bakery / 20251206
2025-12-10 11:15:18,251 - INFO - backend.app.services.order_service.ArchiveOrder - (order_service.py:107) - Archiving order Sysco / Collegetown / 20251205
2025-12-10 11:15:18,255 - INFO - backend.app.services.order_service.ArchiveOrder - (order_service.py:107) - Archiving order Sysco / Downtown / 20251205
2025-12-10 11:15:18,259 - INFO - backend.app.services.order_service.ArchiveOrder - (order_service.py:107) - Archiving order Sysco / Easthill / 20251204
2025-12-10 11:15:18,263 - INFO - backend.app.services.order_service.ArchiveOrder - (order_service.py:107) - Archiving order Sysco / Syracuse / 20251205
2025-12-10 11:15:18,267 - INFO - backend.app.services.order_service.ArchiveOrder - (order_service.py:107) - Archiving order Sysco / Triphammer / 20251205
2025-12-10 11:15:18,271 - INFO - backend.app.services.order_service.ArchiveOrder - (order_service.py:107) - Archiving order UNFI / Bakery / 20251206
2025-12-10 11:15:18,274 - INFO - backend.app.services.order_service.ArchiveOrder - (order_service.py:107) - Archiving order UNFI / Collegetown / 20251205
2025-12-10 11:15:18,279 - INFO - backend.app.services.order_service.ArchiveOrder - (order_service.py:107) - Archiving order UNFI / Downtown / 20251205
2025-12-10 11:15:18,283 - INFO - backend.app.services.order_service.ArchiveOrder - (order_service.py:107) - Archiving order UNFI / Easthill / 20251204
2025-12-10 11:15:18,287 - INFO - backend.app.services.order_service.ArchiveOrder - (order_service.py:107) - Archiving order UNFI / Syracuse / 20251205
2025-12-10 11:15:18,290 - INFO - backend.app.services.order_service.ArchiveOrder - (order_service.py:107) - Archiving order UNFI / Triphammer / 20251205
2025-12-10 11:15:18,294 - INFO - backend.app.services.order_service.ArchiveOrder - (order_service.py:107) - Archiving order US Foods / Bakery / 20251207
2025-12-10 11:15:18,298 - INFO - backend.app.services.order_service.ArchiveOrder - (order_service.py:107) - Archiving order US Foods / Collegetown / 20251205
2025-12-10 11:15:18,302 - INFO - backend.app.services.order_service.ArchiveOrder - (order_service.py:107) - Archiving order US Foods / Downtown / 20251205
2025-12-10 11:15:18,306 - INFO - backend.app.services.order_service.ArchiveOrder - (order_service.py:107) - Archiving order US Foods / Easthill / 20251204
2025-12-10 11:15:18,310 - INFO - backend.app.services.order_service.ArchiveOrder - (order_service.py:107) - Archiving order US Foods / Syracuse / 20251205
2025-12-10 11:15:18,313 - INFO - backend.app.services.order_service.ArchiveOrder - (order_service.py:107) - Archiving order US Foods / Triphammer / 20251205
2025-12-10 11:15:18,318 - INFO - backend.app.services.order_service.ArchiveOrder - (order_service.py:107) - Archiving order Vegan Epicure / Triphammer / 20251207
2025-12-10 11:15:18,324 - INFO - backend.app.services.order_service.ArchiveOrder - (order_service.py:107) - Archiving order Webstaurant / Bakery / 20251207
2025-12-10 11:15:18,329 - INFO - backend.app.services.order_service.ArchiveOrder - (order_service.py:107) - Archiving order Webstaurant / Triphammer / 20251205
2025-12-10 11:15:28,134 - INFO - backend.app.services.order_service.ArchiveOrder - (order_service.py:107) - Archiving order FingerLakes Farms / Bakery / 20251209
2025-12-10 11:15:28,138 - INFO - backend.app.services.order_service.ArchiveOrder - (order_service.py:107) - Archiving order Sysco / Bakery / 20251209
2025-12-10 11:37:06,948 - INFO - backend.app.services.order_service.ArchiveOrder - (order_service.py:107) - Archiving order Regional Distributors, Inc. / Bakery / 20251208
2025-12-10 11:37:06,953 - INFO - backend.app.services.order_service.ArchiveOrder - (order_service.py:107) - Archiving order Regional Distributors, Inc. / Collegetown / 20251205
2025-12-10 11:37:06,958 - INFO - backend.app.services.order_service.ArchiveOrder - (order_service.py:107) - Archiving order Regional Distributors, Inc. / Downtown / 20251205
2025-12-10 11:37:06,964 - INFO - backend.app.services.order_service.ArchiveOrder - (order_service.py:107) - Archiving order Regional Distributors, Inc. / Easthill / 20251204
2025-12-10 11:37:06,969 - INFO - backend.app.services.order_service.ArchiveOrder - (order_service.py:107) - Archiving order Regional Distributors, Inc. / Syracuse / 20251205
2025-12-10 11:37:06,974 - INFO - backend.app.services.order_service.ArchiveOrder - (order_service.py:107) - Archiving order Regional Distributors, Inc. / Triphammer / 20251205
2025-12-10 11:37:29,237 - INFO - backend.app.services.order_service.ArchiveOrder - (order_service.py:107) - Archiving order SANICO / Bakery / 20251202
2025-12-10 11:37:29,241 - INFO - backend.app.services.order_service.ArchiveOrder - (order_service.py:107) - Archiving order SANICO / Downtown / 20251128
2025-12-10 11:37:29,245 - INFO - backend.app.services.order_service.ArchiveOrder - (order_service.py:107) - Archiving order SANICO / Easthill / 20251122
2025-12-10 11:37:29,249 - INFO - backend.app.services.order_service.ArchiveOrder - (order_service.py:107) - Archiving order SANICO / Triphammer / 20251201
2025-12-10 11:45:40,531 - INFO - backend.app.services.order_service.ArchiveOrder - (order_service.py:107) - Archiving order KEHE DISTRIBUTORS / Triphammer / 20251121
2025-12-10 11:45:40,536 - INFO - backend.app.services.order_service.ArchiveOrder - (order_service.py:107) - Archiving order Motherworks,LLC / Downtown / 20251206
2025-12-10 11:45:40,540 - INFO - backend.app.services.order_service.ArchiveOrder - (order_service.py:107) - Archiving order Odeko In. / Bakery / 20251123
2025-12-10 11:45:40,544 - INFO - backend.app.services.order_service.ArchiveOrder - (order_service.py:107) - Archiving order Odeko In. / Syracuse / 20251126
2025-12-10 11:45:40,548 - INFO - backend.app.services.order_service.ArchiveOrder - (order_service.py:107) - Archiving order Paper Rolls .com / Bakery / 20251111
2025-12-10 11:45:40,552 - INFO - backend.app.services.order_service.ArchiveOrder - (order_service.py:107) - Archiving order Pepsi / Syracuse / 20251126
2025-12-10 11:45:40,556 - INFO - backend.app.services.order_service.ArchiveOrder - (order_service.py:107) - Archiving order Sweet Sam's Baking Company, LLC / Bakery / 20251203
2025-12-10 11:45:40,560 - INFO - backend.app.services.order_service.ArchiveOrder - (order_service.py:107) - Archiving order Worlds Best Cheeses / Collegetown / 20251121
2025-12-10 15:33:32,149 - INFO - backend.app.services.order_service.ArchiveOrder - (order_service.py:107) - Archiving order Ithaca Bakery / Collegetown / 20251205
2025-12-10 15:33:32,154 - INFO - backend.app.services.order_service.ArchiveOrder - (order_service.py:107) - Archiving order Ithaca Bakery / Downtown / 20251205
2025-12-10 15:33:32,157 - INFO - backend.app.services.order_service.ArchiveOrder - (order_service.py:107) - Archiving order Ithaca Bakery / Easthill / 20251204
2025-12-10 15:33:32,160 - INFO - backend.app.services.order_service.ArchiveOrder - (order_service.py:107) - Archiving order Ithaca Bakery / Triphammer / 20251205
2025-12-10 15:33:45,934 - INFO - backend.app.services.order_service.ArchiveOrder - (order_service.py:107) - Archiving order Ithaca Bakery / Collegetown / 20251210
2025-12-10 15:33:45,938 - INFO - backend.app.services.order_service.ArchiveOrder - (order_service.py:107) - Archiving order Ithaca Bakery / Triphammer / 20251210
2025-12-12 21:19:36,384 - INFO - backend.app.services.order_service.ArchiveOrder - (order_service.py:107) - Archiving order BJ's / Bakery / 20251208
2025-12-12 21:19:36,388 - INFO - backend.app.services.order_service.ArchiveOrder - (order_service.py:107) - Archiving order DUTCH VALLEY FOOD DIST / Bakery / 20251130
2025-12-12 21:19:36,392 - INFO - backend.app.services.order_service.ArchiveOrder - (order_service.py:107) - Archiving order FingerLakes Farms / Bakery / 20251209
2025-12-12 21:19:36,396 - INFO - backend.app.services.order_service.ArchiveOrder - (order_service.py:107) - Archiving order FingerLakes Farms / Collegetown / 20251210
2025-12-12 21:19:36,401 - INFO - backend.app.services.order_service.ArchiveOrder - (order_service.py:107) - Archiving order Performance Food / Bakery / 20251210
2025-12-12 21:19:36,406 - INFO - backend.app.services.order_service.ArchiveOrder - (order_service.py:107) - Archiving order Performance Food / Collegetown / 20251210
2025-12-12 21:19:36,410 - INFO - backend.app.services.order_service.ArchiveOrder - (order_service.py:107) - Archiving order Performance Food / Triphammer / 20251210
2025-12-12 21:19:36,414 - INFO - backend.app.services.order_service.ArchiveOrder - (order_service.py:107) - Archiving order Regional Distributors, Inc. / Bakery / 20251208
2025-12-12 21:19:36,418 - INFO - backend.app.services.order_service.ArchiveOrder - (order_service.py:107) - Archiving order Russo Produce / Triphammer / 20251210
2025-12-12 21:19:36,422 - INFO - backend.app.services.order_service.ArchiveOrder - (order_service.py:107) - Archiving order Sweet Sam's Baking Company, LLC / Bakery / 20251210
2025-12-12 21:19:36,426 - INFO - backend.app.services.order_service.ArchiveOrder - (order_service.py:107) - Archiving order Sysco / Bakery / 20251209
2025-12-12 21:19:36,430 - INFO - backend.app.services.order_service.ArchiveOrder - (order_service.py:107) - Archiving order Sysco / Collegetown / 20251210
2025-12-12 21:19:36,435 - INFO - backend.app.services.order_service.ArchiveOrder - (order_service.py:107) - Archiving order Sysco / Triphammer / 20251210
2025-12-12 21:19:36,439 - INFO - backend.app.services.order_service.ArchiveOrder - (order_service.py:107) - Archiving order UNFI / Triphammer / 20251210
2025-12-12 21:19:36,443 - INFO - backend.app.services.order_service.ArchiveOrder - (order_service.py:107) - Archiving order US Foods / Bakery / 20251210
2025-12-12 21:19:36,447 - INFO - backend.app.services.order_service.ArchiveOrder - (order_service.py:107) - Archiving order US Foods / Collegetown / 20251210
2025-12-12 21:19:36,452 - INFO - backend.app.services.order_service.ArchiveOrder - (order_service.py:107) - Archiving order US Foods / Triphammer / 20251210
2025-12-12 21:19:36,457 - INFO - backend.app.services.order_service.ArchiveOrder - (order_service.py:107) - Archiving order Webstaurant / Triphammer / 20251210
2025-12-17 06:30:42,294 - INFO - backend.app.services.order_service.ArchiveOrder - (order_service.py:107) - Archiving order A.L. George / Bakery / 20251215
2025-12-17 06:30:42,299 - INFO - backend.app.services.order_service.ArchiveOrder - (order_service.py:107) - Archiving order A.L. George / Collegetown / 20251212
2025-12-17 06:30:42,304 - INFO - backend.app.services.order_service.ArchiveOrder - (order_service.py:107) - Archiving order A.L. George / Triphammer / 20251212
2025-12-17 06:30:42,309 - INFO - backend.app.services.order_service.ArchiveOrder - (order_service.py:107) - Archiving order BALKAN BEVERAGE LLC / Bakery / 20251215
2025-12-17 06:30:42,313 - INFO - backend.app.services.order_service.ArchiveOrder - (order_service.py:107) - Archiving order BALKAN BEVERAGE LLC / Collegetown / 20251212
2025-12-17 06:30:42,318 - INFO - backend.app.services.order_service.ArchiveOrder - (order_service.py:107) - Archiving order BJ's / Bakery / 20251208
2025-12-17 06:30:42,322 - INFO - backend.app.services.order_service.ArchiveOrder - (order_service.py:107) - Archiving order Coca-Cola / Bakery / 20251214
2025-12-17 06:30:42,327 - INFO - backend.app.services.order_service.ArchiveOrder - (order_service.py:107) - Archiving order Coca-Cola / Collegetown / 20251212
2025-12-17 06:30:42,331 - INFO - backend.app.services.order_service.ArchiveOrder - (order_service.py:107) - Archiving order Coca-Cola / Downtown / 20251212
2025-12-17 06:30:42,336 - INFO - backend.app.services.order_service.ArchiveOrder - (order_service.py:107) - Archiving order Coca-Cola / Easthill / 20251211
2025-12-17 06:30:42,341 - INFO - backend.app.services.order_service.ArchiveOrder - (order_service.py:107) - Archiving order Coca-Cola / Syracuse / 20251212
2025-12-17 06:30:42,346 - INFO - backend.app.services.order_service.ArchiveOrder - (order_service.py:107) - Archiving order Coca-Cola / Triphammer / 20251212
2025-12-17 06:30:42,350 - INFO - backend.app.services.order_service.ArchiveOrder - (order_service.py:107) - Archiving order Coffee Depot LLC / Bakery / 20251213
2025-12-17 06:30:42,355 - INFO - backend.app.services.order_service.ArchiveOrder - (order_service.py:107) - Archiving order Coffee Depot LLC / Collegetown / 20251212
2025-12-17 06:30:42,359 - INFO - backend.app.services.order_service.ArchiveOrder - (order_service.py:107) - Archiving order Coffee Depot LLC / Downtown / 20251212
2025-12-17 06:30:42,364 - INFO - backend.app.services.order_service.ArchiveOrder - (order_service.py:107) - Archiving order Coffee Depot LLC / Easthill / 20251211
2025-12-17 06:30:42,369 - INFO - backend.app.services.order_service.ArchiveOrder - (order_service.py:107) - Archiving order Coffee Depot LLC / Syracuse / 20251212
2025-12-17 06:30:42,373 - INFO - backend.app.services.order_service.ArchiveOrder - (order_service.py:107) - Archiving order Coffee Depot LLC / Triphammer / 20251212
2025-12-17 06:30:42,378 - INFO - backend.app.services.order_service.ArchiveOrder - (order_service.py:107) - Archiving order Copper Horse Coffee / Bakery / 20251214
2025-12-17 06:30:42,383 - INFO - backend.app.services.order_service.ArchiveOrder - (order_service.py:107) - Archiving order Copper Horse Coffee / Collegetown / 20251212
2025-12-17 06:30:42,387 - INFO - backend.app.services.order_service.ArchiveOrder - (order_service.py:107) - Archiving order Copper Horse Coffee / Downtown / 20251212
2025-12-17 06:30:42,392 - INFO - backend.app.services.order_service.ArchiveOrder - (order_service.py:107) - Archiving order Copper Horse Coffee / Easthill / 20251211
2025-12-17 06:30:42,397 - INFO - backend.app.services.order_service.ArchiveOrder - (order_service.py:107) - Archiving order Copper Horse Coffee / Triphammer / 20251212
2025-12-17 06:30:42,401 - INFO - backend.app.services.order_service.ArchiveOrder - (order_service.py:107) - Archiving order DUTCH VALLEY FOOD DIST / Bakery / 20251130
2025-12-17 06:30:42,406 - INFO - backend.app.services.order_service.ArchiveOrder - (order_service.py:107) - Archiving order DUTCH VALLEY FOOD DIST / Easthill / 20251211
2025-12-17 06:30:42,411 - INFO - backend.app.services.order_service.ArchiveOrder - (order_service.py:107) - Archiving order DUTCH VALLEY FOOD DIST / Syracuse / 20251212
2025-12-17 06:30:42,415 - INFO - backend.app.services.order_service.ArchiveOrder - (order_service.py:107) - Archiving order Equal Exchange / Bakery / 20251214
2025-12-17 06:30:42,420 - INFO - backend.app.services.order_service.ArchiveOrder - (order_service.py:107) - Archiving order Equal Exchange / Collegetown / 20251212
2025-12-17 06:30:42,425 - INFO - backend.app.services.order_service.ArchiveOrder - (order_service.py:107) - Archiving order Equal Exchange / Downtown / 20251212
2025-12-17 06:30:42,429 - INFO - backend.app.services.order_service.ArchiveOrder - (order_service.py:107) - Archiving order Equal Exchange / Easthill / 20251211
2025-12-17 06:30:42,434 - INFO - backend.app.services.order_service.ArchiveOrder - (order_service.py:107) - Archiving order Equal Exchange / Syracuse / 20251212
2025-12-17 06:30:42,438 - INFO - backend.app.services.order_service.ArchiveOrder - (order_service.py:107) - Archiving order Equal Exchange / Triphammer / 20251212
2025-12-17 06:30:42,443 - INFO - backend.app.services.order_service.ArchiveOrder - (order_service.py:107) - Archiving order FingerLakes Farms / Bakery / 20251209
2025-12-17 06:30:42,447 - INFO - backend.app.services.order_service.ArchiveOrder - (order_service.py:107) - Archiving order FingerLakes Farms / Collegetown / 20251212
2025-12-17 06:30:42,452 - INFO - backend.app.services.order_service.ArchiveOrder - (order_service.py:107) - Archiving order FingerLakes Farms / Downtown / 20251212
2025-12-17 06:30:42,457 - INFO - backend.app.services.order_service.ArchiveOrder - (order_service.py:107) - Archiving order FingerLakes Farms / Easthill / 20251211
2025-12-17 06:30:42,461 - INFO - backend.app.services.order_service.ArchiveOrder - (order_service.py:107) - Archiving order FingerLakes Farms / Triphammer / 20251212
2025-12-17 06:30:42,466 - INFO - backend.app.services.order_service.ArchiveOrder - (order_service.py:107) - Archiving order Hill & Markes / Bakery / 20251216
2025-12-17 06:30:42,471 - INFO - backend.app.services.order_service.ArchiveOrder - (order_service.py:107) - Archiving order Hill & Markes / Collegetown / 20251212
2025-12-17 06:30:42,475 - INFO - backend.app.services.order_service.ArchiveOrder - (order_service.py:107) - Archiving order Hill & Markes / Downtown / 20251212
2025-12-17 06:30:42,480 - INFO - backend.app.services.order_service.ArchiveOrder - (order_service.py:107) - Archiving order Hill & Markes / Easthill / 20251211
2025-12-17 06:30:42,484 - INFO - backend.app.services.order_service.ArchiveOrder - (order_service.py:107) - Archiving order Hill & Markes / Syracuse / 20251212
2025-12-17 06:30:42,489 - INFO - backend.app.services.order_service.ArchiveOrder - (order_service.py:107) - Archiving order Hill & Markes / Triphammer / 20251212
2025-12-17 06:30:42,494 - INFO - backend.app.services.order_service.ArchiveOrder - (order_service.py:107) - Archiving order Hillcrest Dairy / Bakery / 20251213
2025-12-17 06:30:42,498 - INFO - backend.app.services.order_service.ArchiveOrder - (order_service.py:107) - Archiving order Hillcrest Dairy / Collegetown / 20251212
2025-12-17 06:30:42,503 - INFO - backend.app.services.order_service.ArchiveOrder - (order_service.py:107) - Archiving order Hillcrest Dairy / Downtown / 20251212
2025-12-17 06:30:42,507 - INFO - backend.app.services.order_service.ArchiveOrder - (order_service.py:107) - Archiving order Hillcrest Dairy / Easthill / 20251211
2025-12-17 06:30:42,512 - INFO - backend.app.services.order_service.ArchiveOrder - (order_service.py:107) - Archiving order Hillcrest Dairy / Syracuse / 20251212
2025-12-17 06:30:42,517 - INFO - backend.app.services.order_service.ArchiveOrder - (order_service.py:107) - Archiving order Hillcrest Dairy / Triphammer / 20251212
2025-12-17 06:30:42,521 - INFO - backend.app.services.order_service.ArchiveOrder - (order_service.py:107) - Archiving order Hillcrest Foods / Bakery / 20251215
2025-12-17 06:30:42,526 - INFO - backend.app.services.order_service.ArchiveOrder - (order_service.py:107) - Archiving order Ithaca Bakery / Collegetown / 20251212
2025-12-17 06:30:42,531 - INFO - backend.app.services.order_service.ArchiveOrder - (order_service.py:107) - Archiving order Ithaca Bakery / Downtown / 20251212
2025-12-17 06:30:42,535 - INFO - backend.app.services.order_service.ArchiveOrder - (order_service.py:107) - Archiving order Ithaca Bakery / Easthill / 20251211
2025-12-17 06:30:42,540 - INFO - backend.app.services.order_service.ArchiveOrder - (order_service.py:107) - Archiving order Ithaca Bakery / Syracuse / 20251212
2025-12-17 06:30:42,544 - INFO - backend.app.services.order_service.ArchiveOrder - (order_service.py:107) - Archiving order Ithaca Bakery / Triphammer / 20251212
2025-12-17 06:30:42,549 - INFO - backend.app.services.order_service.ArchiveOrder - (order_service.py:107) - Archiving order Johnston Paper / Bakery / 20251216
2025-12-17 06:30:42,554 - INFO - backend.app.services.order_service.ArchiveOrder - (order_service.py:107) - Archiving order Johnston Paper / Collegetown / 20251212
2025-12-17 06:30:42,558 - INFO - backend.app.services.order_service.ArchiveOrder - (order_service.py:107) - Archiving order Johnston Paper / Easthill / 20251211
2025-12-17 06:30:42,563 - INFO - backend.app.services.order_service.ArchiveOrder - (order_service.py:107) - Archiving order Johnston Paper / Syracuse / 20251212
2025-12-17 06:30:42,567 - INFO - backend.app.services.order_service.ArchiveOrder - (order_service.py:107) - Archiving order Johnston Paper / Triphammer / 20251212
2025-12-17 06:30:42,572 - INFO - backend.app.services.order_service.ArchiveOrder - (order_service.py:107) - Archiving order Keck's Food Service / Bakery / 20251215
2025-12-17 06:30:42,578 - INFO - backend.app.services.order_service.ArchiveOrder - (order_service.py:107) - Archiving order Lentz / Bakery / 20251215
2025-12-17 06:30:42,583 - INFO - backend.app.services.order_service.ArchiveOrder - (order_service.py:107) - Archiving order Performance Food / Bakery / 20251213
2025-12-17 06:30:42,589 - INFO - backend.app.services.order_service.ArchiveOrder - (order_service.py:107) - Archiving order Performance Food / Collegetown / 20251212
2025-12-17 06:30:42,594 - INFO - backend.app.services.order_service.ArchiveOrder - (order_service.py:107) - Archiving order Performance Food / Downtown / 20251212
2025-12-17 06:30:42,598 - INFO - backend.app.services.order_service.ArchiveOrder - (order_service.py:107) - Archiving order Performance Food / Easthill / 20251211
2025-12-17 06:30:42,603 - INFO - backend.app.services.order_service.ArchiveOrder - (order_service.py:107) - Archiving order Performance Food / Syracuse / 20251212
2025-12-17 06:30:42,607 - INFO - backend.app.services.order_service.ArchiveOrder - (order_service.py:107) - Archiving order Performance Food / Triphammer / 20251212
2025-12-17 06:30:42,612 - INFO - backend.app.services.order_service.ArchiveOrder - (order_service.py:107) - Archiving order Peters Supply / Bakery / 20251216
2025-12-17 06:30:42,616 - INFO - backend.app.services.order_service.ArchiveOrder - (order_service.py:107) - Archiving order Peters Supply / Collegetown / 20251212
2025-12-17 06:30:42,621 - INFO - backend.app.services.order_service.ArchiveOrder - (order_service.py:107) - Archiving order Peters Supply / Downtown / 20251212
2025-12-17 06:30:42,626 - INFO - backend.app.services.order_service.ArchiveOrder - (order_service.py:107) - Archiving order Peters Supply / Easthill / 20251211
2025-12-17 06:30:42,630 - INFO - backend.app.services.order_service.ArchiveOrder - (order_service.py:107) - Archiving order Peters Supply / Triphammer / 20251212
2025-12-17 06:30:42,635 - INFO - backend.app.services.order_service.ArchiveOrder - (order_service.py:107) - Archiving order Regional Distributors, Inc. / Bakery / 20251208
2025-12-17 06:30:42,640 - INFO - backend.app.services.order_service.ArchiveOrder - (order_service.py:107) - Archiving order Regional Distributors, Inc. / Collegetown / 20251212
2025-12-17 06:30:42,644 - INFO - backend.app.services.order_service.ArchiveOrder - (order_service.py:107) - Archiving order Regional Distributors, Inc. / Downtown / 20251212
2025-12-17 06:30:42,649 - INFO - backend.app.services.order_service.ArchiveOrder - (order_service.py:107) - Archiving order Regional Distributors, Inc. / Easthill / 20251211
2025-12-17 06:30:42,654 - INFO - backend.app.services.order_service.ArchiveOrder - (order_service.py:107) - Archiving order Regional Distributors, Inc. / Syracuse / 20251212
2025-12-17 06:30:42,659 - INFO - backend.app.services.order_service.ArchiveOrder - (order_service.py:107) - Archiving order Regional Distributors, Inc. / Triphammer / 20251212
2025-12-17 06:30:42,663 - INFO - backend.app.services.order_service.ArchiveOrder - (order_service.py:107) - Archiving order Russo Produce / Triphammer / 20251213
2025-12-17 06:30:42,668 - INFO - backend.app.services.order_service.ArchiveOrder - (order_service.py:107) - Archiving order SANICO / Bakery / 20251216
2025-12-17 06:30:42,673 - INFO - backend.app.services.order_service.ArchiveOrder - (order_service.py:107) - Archiving order SANICO / Triphammer / 20251215
2025-12-17 06:30:42,677 - INFO - backend.app.services.order_service.ArchiveOrder - (order_service.py:107) - Archiving order Sweet Sam's Baking Company, LLC / Bakery / 20251210
2025-12-17 06:30:42,682 - INFO - backend.app.services.order_service.ArchiveOrder - (order_service.py:107) - Archiving order Sysco / Bakery / 20251213
2025-12-17 06:30:42,686 - INFO - backend.app.services.order_service.ArchiveOrder - (order_service.py:107) - Archiving order Sysco / Collegetown / 20251212
2025-12-17 06:30:42,691 - INFO - backend.app.services.order_service.ArchiveOrder - (order_service.py:107) - Archiving order Sysco / Downtown / 20251212
2025-12-17 06:30:42,696 - INFO - backend.app.services.order_service.ArchiveOrder - (order_service.py:107) - Archiving order Sysco / Easthill / 20251211
2025-12-17 06:30:42,700 - INFO - backend.app.services.order_service.ArchiveOrder - (order_service.py:107) - Archiving order Sysco / Syracuse / 20251212
2025-12-17 06:30:42,705 - INFO - backend.app.services.order_service.ArchiveOrder - (order_service.py:107) - Archiving order Sysco / Triphammer / 20251212
2025-12-17 06:30:42,709 - INFO - backend.app.services.order_service.ArchiveOrder - (order_service.py:107) - Archiving order UNFI / Bakery / 20251213
2025-12-17 06:30:42,714 - INFO - backend.app.services.order_service.ArchiveOrder - (order_service.py:107) - Archiving order UNFI / Collegetown / 20251212
2025-12-17 06:30:42,719 - INFO - backend.app.services.order_service.ArchiveOrder - (order_service.py:107) - Archiving order UNFI / Downtown / 20251212
2025-12-17 06:30:42,723 - INFO - backend.app.services.order_service.ArchiveOrder - (order_service.py:107) - Archiving order UNFI / Easthill / 20251211
2025-12-17 06:30:42,728 - INFO - backend.app.services.order_service.ArchiveOrder - (order_service.py:107) - Archiving order UNFI / Syracuse / 20251212
2025-12-17 06:30:42,732 - INFO - backend.app.services.order_service.ArchiveOrder - (order_service.py:107) - Archiving order UNFI / Triphammer / 20251212
2025-12-17 06:30:42,737 - INFO - backend.app.services.order_service.ArchiveOrder - (order_service.py:107) - Archiving order US Foods / Bakery / 20251214
2025-12-17 06:30:42,742 - INFO - backend.app.services.order_service.ArchiveOrder - (order_service.py:107) - Archiving order US Foods / Collegetown / 20251212
2025-12-17 06:30:42,746 - INFO - backend.app.services.order_service.ArchiveOrder - (order_service.py:107) - Archiving order US Foods / Downtown / 20251212
2025-12-17 06:30:42,751 - INFO - backend.app.services.order_service.ArchiveOrder - (order_service.py:107) - Archiving order US Foods / Easthill / 20251211
2025-12-17 06:30:42,756 - INFO - backend.app.services.order_service.ArchiveOrder - (order_service.py:107) - Archiving order US Foods / Syracuse / 20251212
2025-12-17 06:30:42,760 - INFO - backend.app.services.order_service.ArchiveOrder - (order_service.py:107) - Archiving order US Foods / Triphammer / 20251212
2025-12-17 06:30:42,765 - INFO - backend.app.services.order_service.ArchiveOrder - (order_service.py:107) - Archiving order Webstaurant / Bakery / 20251213
2025-12-17 06:30:42,769 - INFO - backend.app.services.order_service.ArchiveOrder - (order_service.py:107) - Archiving order Webstaurant / Triphammer / 20251212
2025-12-17 07:30:01,793 - INFO - backend.app.services.order_service.ArchiveOrder - (order_service.py:107) - Archiving order DUTCH VALLEY FOOD DIST / Bakery / 20251215
2025-12-17 07:31:12,273 - INFO - backend.app.services.order_service.ArchiveOrder - (order_service.py:107) - Archiving order FingerLakes Farms / Bakery / 20251213
2025-12-17 07:41:54,599 - INFO - backend.app.services.order_service.ArchiveOrder - (order_service.py:107) - Archiving order BJ's / Bakery / 20251215
2025-12-17 07:41:54,603 - INFO - backend.app.services.order_service.ArchiveOrder - (order_service.py:107) - Archiving order Regional Distributors, Inc. / Bakery / 20251215
2025-12-17 08:01:53,593 - INFO - backend.app.services.order_service.ArchiveOrder - (order_service.py:107) - Archiving order Equal Exchange / Bakery / 20251214
2025-12-17 08:01:53,599 - INFO - backend.app.services.order_service.ArchiveOrder - (order_service.py:107) - Archiving order Equal Exchange / Collegetown / 20251212
2025-12-17 08:01:53,602 - INFO - backend.app.services.order_service.ArchiveOrder - (order_service.py:107) - Archiving order Equal Exchange / Downtown / 20251212
2025-12-17 08:01:53,606 - INFO - backend.app.services.order_service.ArchiveOrder - (order_service.py:107) - Archiving order Equal Exchange / Easthill / 20251211
2025-12-17 08:01:53,610 - INFO - backend.app.services.order_service.ArchiveOrder - (order_service.py:107) - Archiving order Equal Exchange / Syracuse / 20251212
2025-12-17 08:01:53,613 - INFO - backend.app.services.order_service.ArchiveOrder - (order_service.py:107) - Archiving order Equal Exchange / Triphammer / 20251212
2025-12-17 08:01:53,617 - INFO - backend.app.services.order_service.ArchiveOrder - (order_service.py:107) - Archiving order Ithaca Bakery / Collegetown / 20251212
2025-12-17 08:01:53,620 - INFO - backend.app.services.order_service.ArchiveOrder - (order_service.py:107) - Archiving order Ithaca Bakery / Downtown / 20251212
2025-12-17 08:01:53,624 - INFO - backend.app.services.order_service.ArchiveOrder - (order_service.py:107) - Archiving order Ithaca Bakery / Easthill / 20251211
2025-12-17 08:01:53,627 - INFO - backend.app.services.order_service.ArchiveOrder - (order_service.py:107) - Archiving order Ithaca Bakery / Syracuse / 20251212
2025-12-17 08:01:53,630 - INFO - backend.app.services.order_service.ArchiveOrder - (order_service.py:107) - Archiving order Ithaca Bakery / Triphammer / 20251212
2025-12-20 05:37:27,334 - INFO - backend.app.services.order_service.ArchiveOrder - (order_service.py:107) - Archiving order DUTCH VALLEY FOOD DIST / Bakery / 20251217
2025-12-20 05:37:27,340 - INFO - backend.app.services.order_service.ArchiveOrder - (order_service.py:107) - Archiving order FingerLakes Farms / Bakery / 20251217
2025-12-20 05:37:27,344 - INFO - backend.app.services.order_service.ArchiveOrder - (order_service.py:107) - Archiving order FingerLakes Farms / Collegetown / 20251217
2025-12-20 05:37:27,349 - INFO - backend.app.services.order_service.ArchiveOrder - (order_service.py:107) - Archiving order Ithaca Bakery / Collegetown / 20251217
2025-12-20 05:37:27,354 - INFO - backend.app.services.order_service.ArchiveOrder - (order_service.py:107) - Archiving order Ithaca Bakery / Triphammer / 20251217
2025-12-20 05:37:27,358 - INFO - backend.app.services.order_service.ArchiveOrder - (order_service.py:107) - Archiving order Performance Food / Bakery / 20251217
2025-12-20 05:37:27,363 - INFO - backend.app.services.order_service.ArchiveOrder - (order_service.py:107) - Archiving order Performance Food / Collegetown / 20251217
2025-12-20 05:37:27,367 - INFO - backend.app.services.order_service.ArchiveOrder - (order_service.py:107) - Archiving order Performance Food / Triphammer / 20251217
2025-12-20 05:37:27,372 - INFO - backend.app.services.order_service.ArchiveOrder - (order_service.py:107) - Archiving order Russo Produce / Triphammer / 20251217
2025-12-20 05:37:27,568 - INFO - backend.app.services.order_service.ArchiveOrder - (order_service.py:107) - Archiving order Sweet Sam's Baking Company, LLC / Bakery / 20251217
2025-12-20 05:37:27,572 - INFO - backend.app.services.order_service.ArchiveOrder - (order_service.py:107) - Archiving order Sysco / Bakery / 20251217
2025-12-20 05:37:27,577 - INFO - backend.app.services.order_service.ArchiveOrder - (order_service.py:107) - Archiving order Sysco / Collegetown / 20251217
2025-12-20 05:37:27,581 - INFO - backend.app.services.order_service.ArchiveOrder - (order_service.py:107) - Archiving order Sysco / Triphammer / 20251217
2025-12-20 05:37:27,663 - INFO - backend.app.services.order_service.ArchiveOrder - (order_service.py:107) - Archiving order US Foods / Bakery / 20251217
2025-12-20 05:37:27,680 - INFO - backend.app.services.order_service.ArchiveOrder - (order_service.py:107) - Archiving order US Foods / Collegetown / 20251217
2025-12-20 05:37:27,698 - INFO - backend.app.services.order_service.ArchiveOrder - (order_service.py:107) - Archiving order US Foods / Triphammer / 20251217
2025-12-20 05:37:27,716 - INFO - backend.app.services.order_service.ArchiveOrder - (order_service.py:107) - Archiving order Vegan Epicure / Triphammer / 20251217
2025-12-21 06:27:11,667 - INFO - backend.app.services.order_service.ArchiveOrder - (order_service.py:107) - Archiving order UNFI / Downtown / 20251219
2025-12-21 06:27:11,673 - INFO - backend.app.services.order_service.ArchiveOrder - (order_service.py:107) - Archiving order UNFI / Easthill / 20251219
2025-12-21 06:27:11,678 - INFO - backend.app.services.order_service.ArchiveOrder - (order_service.py:107) - Archiving order UNFI / Syracuse / 20251212
2025-12-21 06:27:11,682 - INFO - backend.app.services.order_service.ArchiveOrder - (order_service.py:107) - Archiving order UNFI / Triphammer / 20251218
2025-12-21 10:32:26,185 - INFO - backend.app.services.order_service.ArchiveOrder - (order_service.py:107) - Archiving order Coca-Cola / Syracuse / 20251212
2025-12-21 10:32:26,189 - INFO - backend.app.services.order_service.ArchiveOrder - (order_service.py:107) - Archiving order Coffee Depot LLC / Syracuse / 20251212
2025-12-21 10:32:26,193 - INFO - backend.app.services.order_service.ArchiveOrder - (order_service.py:107) - Archiving order DUTCH VALLEY FOOD DIST / Syracuse / 20251212
2025-12-21 10:32:26,197 - INFO - backend.app.services.order_service.ArchiveOrder - (order_service.py:107) - Archiving order Equal Exchange / Syracuse / 20251212
2025-12-21 10:32:26,201 - INFO - backend.app.services.order_service.ArchiveOrder - (order_service.py:107) - Archiving order Hill & Markes / Syracuse / 20251212
2025-12-21 10:32:26,204 - INFO - backend.app.services.order_service.ArchiveOrder - (order_service.py:107) - Archiving order Ithaca Bakery / Syracuse / 20251212
2025-12-21 10:32:26,208 - INFO - backend.app.services.order_service.ArchiveOrder - (order_service.py:107) - Archiving order Johnston Paper / Syracuse / 20251212
2025-12-21 10:32:26,212 - INFO - backend.app.services.order_service.ArchiveOrder - (order_service.py:107) - Archiving order Performance Food / Syracuse / 20251212
2025-12-21 10:32:26,215 - INFO - backend.app.services.order_service.ArchiveOrder - (order_service.py:107) - Archiving order Regional Distributors, Inc. / Syracuse / 20251212
2025-12-21 10:32:26,218 - INFO - backend.app.services.order_service.ArchiveOrder - (order_service.py:107) - Archiving order Sysco / Syracuse / 20251212
2025-12-21 10:32:26,222 - INFO - backend.app.services.order_service.ArchiveOrder - (order_service.py:107) - Archiving order UNFI / Syracuse / 20251212
2025-12-21 10:32:26,225 - INFO - backend.app.services.order_service.ArchiveOrder - (order_service.py:107) - Archiving order US Foods / Syracuse / 20251212
2025-12-21 10:35:49,884 - INFO - backend.app.services.order_service.ArchiveOrder - (order_service.py:107) - Archiving order FingerLakes Farms / Collegetown / 20251217
2025-12-21 10:35:49,889 - INFO - backend.app.services.order_service.ArchiveOrder - (order_service.py:107) - Archiving order Ithaca Bakery / Collegetown / 20251217
2025-12-21 10:35:49,894 - INFO - backend.app.services.order_service.ArchiveOrder - (order_service.py:107) - Archiving order Performance Food / Collegetown / 20251217
2025-12-21 10:35:49,898 - INFO - backend.app.services.order_service.ArchiveOrder - (order_service.py:107) - Archiving order Sysco / Collegetown / 20251217
2025-12-21 10:35:49,903 - INFO - backend.app.services.order_service.ArchiveOrder - (order_service.py:107) - Archiving order US Foods / Collegetown / 20251217
2025-12-21 13:26:11,157 - INFO - backend.app.services.order_service.ArchiveOrder - (order_service.py:107) - Archiving order Performance Food / Bakery / 20251217
2025-12-21 13:26:29,340 - INFO - backend.app.services.order_service.ArchiveOrder - (order_service.py:107) - Archiving order Coffee Depot LLC / Bakery / 20251221
2025-12-21 13:26:29,344 - INFO - backend.app.services.order_service.ArchiveOrder - (order_service.py:107) - Archiving order Copper Horse Coffee / Bakery / 20251221
2025-12-21 13:26:29,348 - INFO - backend.app.services.order_service.ArchiveOrder - (order_service.py:107) - Archiving order DUTCH VALLEY FOOD DIST / Bakery / 20251217
2025-12-21 13:26:29,353 - INFO - backend.app.services.order_service.ArchiveOrder - (order_service.py:107) - Archiving order Equal Exchange / Bakery / 20251221
2025-12-21 13:26:29,357 - INFO - backend.app.services.order_service.ArchiveOrder - (order_service.py:107) - Archiving order Finger Lakes Coffee Roasters / Bakery / 20251221
2025-12-21 13:26:29,360 - INFO - backend.app.services.order_service.ArchiveOrder - (order_service.py:107) - Archiving order FingerLakes Farms / Bakery / 20251220
2025-12-21 13:26:29,365 - INFO - backend.app.services.order_service.ArchiveOrder - (order_service.py:107) - Archiving order Hillcrest Dairy / Bakery / 20251220
2025-12-21 13:26:29,368 - INFO - backend.app.services.order_service.ArchiveOrder - (order_service.py:107) - Archiving order Performance Food / Bakery / 20251221
2025-12-21 13:26:29,373 - INFO - backend.app.services.order_service.ArchiveOrder - (order_service.py:107) - Archiving order Sweet Sam's Baking Company, LLC / Bakery / 20251217
2025-12-21 13:26:29,376 - INFO - backend.app.services.order_service.ArchiveOrder - (order_service.py:107) - Archiving order Sysco / Bakery / 20251220
2025-12-21 13:26:29,380 - INFO - backend.app.services.order_service.ArchiveOrder - (order_service.py:107) - Archiving order US Foods / Bakery / 20251217
2025-12-21 13:26:29,384 - INFO - backend.app.services.order_service.ArchiveOrder - (order_service.py:107) - Archiving order Webstaurant / Bakery / 20251221
2025-12-21 13:26:41,535 - INFO - backend.app.services.order_service.ArchiveOrder - (order_service.py:107) - Archiving order US Foods / Bakery / 20251221
2025-12-29 06:16:50,671 - INFO - backend.app.services.order_service.ArchiveOrder - (order_service.py:107) - Archiving order A.L. George / Triphammer / 20251218
2025-12-29 06:16:50,677 - INFO - backend.app.services.order_service.ArchiveOrder - (order_service.py:107) - Archiving order Coca-Cola / Bakery / 20251228
2025-12-29 06:16:50,681 - INFO - backend.app.services.order_service.ArchiveOrder - (order_service.py:107) - Archiving order Coca-Cola / Downtown / 20251219
2025-12-29 06:16:50,684 - INFO - backend.app.services.order_service.ArchiveOrder - (order_service.py:107) - Archiving order Coca-Cola / Easthill / 20251219
2025-12-29 06:16:50,688 - INFO - backend.app.services.order_service.ArchiveOrder - (order_service.py:107) - Archiving order Coca-Cola / Syracuse / 20251212
2025-12-29 06:16:50,691 - INFO - backend.app.services.order_service.ArchiveOrder - (order_service.py:107) - Archiving order Coca-Cola / Triphammer / 20251218
2025-12-29 06:16:50,696 - INFO - backend.app.services.order_service.ArchiveOrder - (order_service.py:107) - Archiving order Coffee Depot LLC / Bakery / 20251221
2025-12-29 06:16:50,701 - INFO - backend.app.services.order_service.ArchiveOrder - (order_service.py:107) - Archiving order Coffee Depot LLC / Downtown / 20251219
2025-12-29 06:16:50,705 - INFO - backend.app.services.order_service.ArchiveOrder - (order_service.py:107) - Archiving order Coffee Depot LLC / Easthill / 20251219
2025-12-29 06:16:50,709 - INFO - backend.app.services.order_service.ArchiveOrder - (order_service.py:107) - Archiving order Coffee Depot LLC / Syracuse / 20251212
2025-12-29 06:16:50,713 - INFO - backend.app.services.order_service.ArchiveOrder - (order_service.py:107) - Archiving order Coffee Depot LLC / Triphammer / 20251218
2025-12-29 06:16:50,717 - INFO - backend.app.services.order_service.ArchiveOrder - (order_service.py:107) - Archiving order Copper Horse Coffee / Bakery / 20251221
2025-12-29 06:16:50,722 - INFO - backend.app.services.order_service.ArchiveOrder - (order_service.py:107) - Archiving order Copper Horse Coffee / Downtown / 20251219
2025-12-29 06:16:50,726 - INFO - backend.app.services.order_service.ArchiveOrder - (order_service.py:107) - Archiving order Copper Horse Coffee / Easthill / 20251219
2025-12-29 06:16:50,730 - INFO - backend.app.services.order_service.ArchiveOrder - (order_service.py:107) - Archiving order Copper Horse Coffee / Triphammer / 20251218
2025-12-29 06:16:50,733 - INFO - backend.app.services.order_service.ArchiveOrder - (order_service.py:107) - Archiving order DUTCH VALLEY FOOD DIST / Easthill / 20251219
2025-12-29 06:16:50,738 - INFO - backend.app.services.order_service.ArchiveOrder - (order_service.py:107) - Archiving order DUTCH VALLEY FOOD DIST / Syracuse / 20251212
2025-12-29 06:16:50,742 - INFO - backend.app.services.order_service.ArchiveOrder - (order_service.py:107) - Archiving order DUTCH VALLEY FOOD DIST / Triphammer / 20251226
2025-12-29 06:16:50,746 - INFO - backend.app.services.order_service.ArchiveOrder - (order_service.py:107) - Archiving order Equal Exchange / Bakery / 20251221
2025-12-29 06:16:50,751 - INFO - backend.app.services.order_service.ArchiveOrder - (order_service.py:107) - Archiving order Equal Exchange / Downtown / 20251227
2025-12-29 06:16:50,754 - INFO - backend.app.services.order_service.ArchiveOrder - (order_service.py:107) - Archiving order Equal Exchange / Easthill / 20251219
2025-12-29 06:16:50,758 - INFO - backend.app.services.order_service.ArchiveOrder - (order_service.py:107) - Archiving order Equal Exchange / Syracuse / 20251212
2025-12-29 06:16:50,762 - INFO - backend.app.services.order_service.ArchiveOrder - (order_service.py:107) - Archiving order Equal Exchange / Triphammer / 20251218
2025-12-29 06:16:50,766 - INFO - backend.app.services.order_service.ArchiveOrder - (order_service.py:107) - Archiving order Finger Lakes Coffee Roasters / Bakery / 20251221
2025-12-29 06:16:50,771 - INFO - backend.app.services.order_service.ArchiveOrder - (order_service.py:107) - Archiving order FingerLakes Farms / Bakery / 20251220
2025-12-29 06:16:50,775 - INFO - backend.app.services.order_service.ArchiveOrder - (order_service.py:107) - Archiving order FingerLakes Farms / Collegetown / 20251217
2025-12-29 06:16:50,779 - INFO - backend.app.services.order_service.ArchiveOrder - (order_service.py:107) - Archiving order FingerLakes Farms / Downtown / 20251219
2025-12-29 06:16:50,783 - INFO - backend.app.services.order_service.ArchiveOrder - (order_service.py:107) - Archiving order FingerLakes Farms / Easthill / 20251219
2025-12-29 06:16:50,787 - INFO - backend.app.services.order_service.ArchiveOrder - (order_service.py:107) - Archiving order FingerLakes Farms / Syracuse / 20251223
2025-12-29 06:16:50,791 - INFO - backend.app.services.order_service.ArchiveOrder - (order_service.py:107) - Archiving order FingerLakes Farms / Triphammer / 20251218
2025-12-29 06:16:50,795 - INFO - backend.app.services.order_service.ArchiveOrder - (order_service.py:107) - Archiving order Hill & Markes / Bakery / 20251223
2025-12-29 06:16:50,800 - INFO - backend.app.services.order_service.ArchiveOrder - (order_service.py:107) - Archiving order Hill & Markes / Downtown / 20251219
2025-12-29 06:16:50,804 - INFO - backend.app.services.order_service.ArchiveOrder - (order_service.py:107) - Archiving order Hill & Markes / Easthill / 20251219
2025-12-29 06:16:50,808 - INFO - backend.app.services.order_service.ArchiveOrder - (order_service.py:107) - Archiving order Hill & Markes / Syracuse / 20251212
2025-12-29 06:16:50,812 - INFO - backend.app.services.order_service.ArchiveOrder - (order_service.py:107) - Archiving order Hill & Markes / Triphammer / 20251218
2025-12-29 06:16:50,815 - INFO - backend.app.services.order_service.ArchiveOrder - (order_service.py:107) - Archiving order Hillcrest Dairy / Bakery / 20251220
2025-12-29 06:16:50,820 - INFO - backend.app.services.order_service.ArchiveOrder - (order_service.py:107) - Archiving order Hillcrest Dairy / Downtown / 20251219
2025-12-29 06:16:50,824 - INFO - backend.app.services.order_service.ArchiveOrder - (order_service.py:107) - Archiving order Hillcrest Dairy / Easthill / 20251219
2025-12-29 06:16:50,828 - INFO - backend.app.services.order_service.ArchiveOrder - (order_service.py:107) - Archiving order Hillcrest Dairy / Syracuse / 20251212
2025-12-29 06:16:50,832 - INFO - backend.app.services.order_service.ArchiveOrder - (order_service.py:107) - Archiving order Hillcrest Dairy / Triphammer / 20251218
2025-12-29 06:16:50,835 - INFO - backend.app.services.order_service.ArchiveOrder - (order_service.py:107) - Archiving order Ithaca Bakery / Collegetown / 20251217
2025-12-29 06:16:50,840 - INFO - backend.app.services.order_service.ArchiveOrder - (order_service.py:107) - Archiving order Ithaca Bakery / Downtown / 20251219
2025-12-29 06:16:50,844 - INFO - backend.app.services.order_service.ArchiveOrder - (order_service.py:107) - Archiving order Ithaca Bakery / Easthill / 20251219
2025-12-29 06:16:50,848 - INFO - backend.app.services.order_service.ArchiveOrder - (order_service.py:107) - Archiving order Ithaca Bakery / Syracuse / 20251212
2025-12-29 06:16:50,852 - INFO - backend.app.services.order_service.ArchiveOrder - (order_service.py:107) - Archiving order Ithaca Bakery / Triphammer / 20251218
2025-12-29 06:16:50,855 - INFO - backend.app.services.order_service.ArchiveOrder - (order_service.py:107) - Archiving order Johnston Paper / Downtown / 20251219
2025-12-29 06:16:50,860 - INFO - backend.app.services.order_service.ArchiveOrder - (order_service.py:107) - Archiving order Johnston Paper / Syracuse / 20251212
2025-12-29 06:16:50,864 - INFO - backend.app.services.order_service.ArchiveOrder - (order_service.py:107) - Archiving order Johnston Paper / Triphammer / 20251218
2025-12-29 06:16:50,868 - INFO - backend.app.services.order_service.ArchiveOrder - (order_service.py:107) - Archiving order Performance Food / Bakery / 20251221
2025-12-29 06:16:50,873 - INFO - backend.app.services.order_service.ArchiveOrder - (order_service.py:107) - Archiving order Performance Food / Collegetown / 20251217
2025-12-29 06:16:50,877 - INFO - backend.app.services.order_service.ArchiveOrder - (order_service.py:107) - Archiving order Performance Food / Downtown / 20251219
2025-12-29 06:16:50,881 - INFO - backend.app.services.order_service.ArchiveOrder - (order_service.py:107) - Archiving order Performance Food / Easthill / 20251219
2025-12-29 06:16:50,885 - INFO - backend.app.services.order_service.ArchiveOrder - (order_service.py:107) - Archiving order Performance Food / Syracuse / 20251212
2025-12-29 06:16:50,888 - INFO - backend.app.services.order_service.ArchiveOrder - (order_service.py:107) - Archiving order Performance Food / Triphammer / 20251218
2025-12-29 06:16:50,892 - INFO - backend.app.services.order_service.ArchiveOrder - (order_service.py:107) - Archiving order Peters Supply / Downtown / 20251219
2025-12-29 06:16:50,898 - INFO - backend.app.services.order_service.ArchiveOrder - (order_service.py:107) - Archiving order Peters Supply / Easthill / 20251226
2025-12-29 06:16:50,902 - INFO - backend.app.services.order_service.ArchiveOrder - (order_service.py:107) - Archiving order Peters Supply / Triphammer / 20251218
2025-12-29 06:16:50,906 - INFO - backend.app.services.order_service.ArchiveOrder - (order_service.py:107) - Archiving order Regional Distributors, Inc. / Bakery / 20251222
2025-12-29 06:16:50,911 - INFO - backend.app.services.order_service.ArchiveOrder - (order_service.py:107) - Archiving order Regional Distributors, Inc. / Downtown / 20251219
2025-12-29 06:16:50,914 - INFO - backend.app.services.order_service.ArchiveOrder - (order_service.py:107) - Archiving order Regional Distributors, Inc. / Easthill / 20251219
2025-12-29 06:16:50,918 - INFO - backend.app.services.order_service.ArchiveOrder - (order_service.py:107) - Archiving order Regional Distributors, Inc. / Syracuse / 20251212
2025-12-29 06:16:50,922 - INFO - backend.app.services.order_service.ArchiveOrder - (order_service.py:107) - Archiving order Regional Distributors, Inc. / Triphammer / 20251218
2025-12-29 06:16:50,925 - INFO - backend.app.services.order_service.ArchiveOrder - (order_service.py:107) - Archiving order Russo Produce / Triphammer / 20251221
2025-12-29 06:16:50,930 - INFO - backend.app.services.order_service.ArchiveOrder - (order_service.py:107) - Archiving order SANICO / Triphammer / 20251222
2025-12-29 06:16:50,934 - INFO - backend.app.services.order_service.ArchiveOrder - (order_service.py:107) - Archiving order Sysco / Bakery / 20251220
2025-12-29 06:16:50,939 - INFO - backend.app.services.order_service.ArchiveOrder - (order_service.py:107) - Archiving order Sysco / Collegetown / 20251217
2025-12-29 06:16:50,943 - INFO - backend.app.services.order_service.ArchiveOrder - (order_service.py:107) - Archiving order Sysco / Downtown / 20251219
2025-12-29 06:16:50,948 - INFO - backend.app.services.order_service.ArchiveOrder - (order_service.py:107) - Archiving order Sysco / Easthill / 20251219
2025-12-29 06:16:50,951 - INFO - backend.app.services.order_service.ArchiveOrder - (order_service.py:107) - Archiving order Sysco / Syracuse / 20251212
2025-12-29 06:16:50,955 - INFO - backend.app.services.order_service.ArchiveOrder - (order_service.py:107) - Archiving order Sysco / Triphammer / 20251218
2025-12-29 06:16:50,958 - INFO - backend.app.services.order_service.ArchiveOrder - (order_service.py:107) - Archiving order ULINE / Triphammer / 20251222
2025-12-29 06:16:50,963 - INFO - backend.app.services.order_service.ArchiveOrder - (order_service.py:107) - Archiving order UNFI / Downtown / 20251219
2025-12-29 06:16:50,968 - INFO - backend.app.services.order_service.ArchiveOrder - (order_service.py:107) - Archiving order UNFI / Easthill / 20251219
2025-12-29 06:16:50,971 - INFO - backend.app.services.order_service.ArchiveOrder - (order_service.py:107) - Archiving order UNFI / Syracuse / 20251212
2025-12-29 06:16:50,975 - INFO - backend.app.services.order_service.ArchiveOrder - (order_service.py:107) - Archiving order UNFI / Triphammer / 20251218
2025-12-29 06:16:50,979 - INFO - backend.app.services.order_service.ArchiveOrder - (order_service.py:107) - Archiving order US Foods / Bakery / 20251221
2025-12-29 06:16:50,984 - INFO - backend.app.services.order_service.ArchiveOrder - (order_service.py:107) - Archiving order US Foods / Collegetown / 20251217
2025-12-29 06:16:50,988 - INFO - backend.app.services.order_service.ArchiveOrder - (order_service.py:107) - Archiving order US Foods / Downtown / 20251219
2025-12-29 06:16:50,992 - INFO - backend.app.services.order_service.ArchiveOrder - (order_service.py:107) - Archiving order US Foods / Easthill / 20251219
2025-12-29 06:16:50,996 - INFO - backend.app.services.order_service.ArchiveOrder - (order_service.py:107) - Archiving order US Foods / Syracuse / 20251212
2025-12-29 06:16:51,000 - INFO - backend.app.services.order_service.ArchiveOrder - (order_service.py:107) - Archiving order US Foods / Triphammer / 20251218
2025-12-29 06:16:51,004 - INFO - backend.app.services.order_service.ArchiveOrder - (order_service.py:107) - Archiving order Webstaurant / Bakery / 20251221
2025-12-29 06:16:51,009 - INFO - backend.app.services.order_service.ArchiveOrder - (order_service.py:107) - Archiving order Webstaurant / Triphammer / 20251226
2025-12-29 06:16:51,012 - INFO - backend.app.services.order_service.ArchiveOrder - (order_service.py:107) - Archiving order Worlds Best Cheeses / Triphammer / 20251226
2025-12-31 07:11:58,303 - INFO - backend.app.services.order_service.ArchiveOrder - (order_service.py:107) - Archiving order A.L. George / Bakery / 20251229
2025-12-31 07:11:58,308 - INFO - backend.app.services.order_service.ArchiveOrder - (order_service.py:107) - Archiving order A.L. George / Triphammer / 20251226
2025-12-31 07:11:58,313 - INFO - backend.app.services.order_service.ArchiveOrder - (order_service.py:107) - Archiving order BJ's / Bakery / 20251229
2025-12-31 07:11:58,317 - INFO - backend.app.services.order_service.ArchiveOrder - (order_service.py:107) - Archiving order Coca-Cola / Bakery / 20251228
2025-12-31 07:11:58,322 - INFO - backend.app.services.order_service.ArchiveOrder - (order_service.py:107) - Archiving order Coca-Cola / Downtown / 20251227
2025-12-31 07:11:58,327 - INFO - backend.app.services.order_service.ArchiveOrder - (order_service.py:107) - Archiving order Coca-Cola / Easthill / 20251226
2025-12-31 07:11:58,331 - INFO - backend.app.services.order_service.ArchiveOrder - (order_service.py:107) - Archiving order Coca-Cola / Triphammer / 20251226
2025-12-31 07:11:58,336 - INFO - backend.app.services.order_service.ArchiveOrder - (order_service.py:107) - Archiving order Coffee Depot LLC / Bakery / 20251229
2025-12-31 07:11:58,340 - INFO - backend.app.services.order_service.ArchiveOrder - (order_service.py:107) - Archiving order Coffee Depot LLC / Downtown / 20251227
2025-12-31 07:11:58,345 - INFO - backend.app.services.order_service.ArchiveOrder - (order_service.py:107) - Archiving order Coffee Depot LLC / Easthill / 20251226
2025-12-31 07:11:58,349 - INFO - backend.app.services.order_service.ArchiveOrder - (order_service.py:107) - Archiving order Coffee Depot LLC / Syracuse / 20251223
2025-12-31 07:11:58,354 - INFO - backend.app.services.order_service.ArchiveOrder - (order_service.py:107) - Archiving order Coffee Depot LLC / Triphammer / 20251226
2025-12-31 07:11:58,359 - INFO - backend.app.services.order_service.ArchiveOrder - (order_service.py:107) - Archiving order Copper Horse Coffee / Bakery / 20251229
2025-12-31 07:11:58,363 - INFO - backend.app.services.order_service.ArchiveOrder - (order_service.py:107) - Archiving order Copper Horse Coffee / Downtown / 20251227
2025-12-31 07:11:58,368 - INFO - backend.app.services.order_service.ArchiveOrder - (order_service.py:107) - Archiving order Copper Horse Coffee / Easthill / 20251226
2025-12-31 07:11:58,372 - INFO - backend.app.services.order_service.ArchiveOrder - (order_service.py:107) - Archiving order Copper Horse Coffee / Triphammer / 20251226
2025-12-31 07:11:58,377 - INFO - backend.app.services.order_service.ArchiveOrder - (order_service.py:107) - Archiving order DUTCH VALLEY FOOD DIST / Bakery / 20251229
2025-12-31 07:11:58,382 - INFO - backend.app.services.order_service.ArchiveOrder - (order_service.py:107) - Archiving order DUTCH VALLEY FOOD DIST / Easthill / 20251226
2025-12-31 07:11:58,386 - INFO - backend.app.services.order_service.ArchiveOrder - (order_service.py:107) - Archiving order DUTCH VALLEY FOOD DIST / Triphammer / 20251226
2025-12-31 07:11:58,391 - INFO - backend.app.services.order_service.ArchiveOrder - (order_service.py:107) - Archiving order Equal Exchange / Bakery / 20251229
2025-12-31 07:11:58,396 - INFO - backend.app.services.order_service.ArchiveOrder - (order_service.py:107) - Archiving order Equal Exchange / Downtown / 20251227
2025-12-31 07:11:58,401 - INFO - backend.app.services.order_service.ArchiveOrder - (order_service.py:107) - Archiving order Equal Exchange / Easthill / 20251226
2025-12-31 07:11:58,406 - INFO - backend.app.services.order_service.ArchiveOrder - (order_service.py:107) - Archiving order Equal Exchange / Syracuse / 20251223
2025-12-31 07:11:58,411 - INFO - backend.app.services.order_service.ArchiveOrder - (order_service.py:107) - Archiving order Equal Exchange / Triphammer / 20251226
2025-12-31 07:11:58,415 - INFO - backend.app.services.order_service.ArchiveOrder - (order_service.py:107) - Archiving order FingerLakes Farms / Bakery / 20251227
2025-12-31 07:11:58,420 - INFO - backend.app.services.order_service.ArchiveOrder - (order_service.py:107) - Archiving order FingerLakes Farms / Downtown / 20251227
2025-12-31 07:11:58,425 - INFO - backend.app.services.order_service.ArchiveOrder - (order_service.py:107) - Archiving order FingerLakes Farms / Easthill / 20251226
2025-12-31 07:11:58,430 - INFO - backend.app.services.order_service.ArchiveOrder - (order_service.py:107) - Archiving order FingerLakes Farms / Triphammer / 20251226
2025-12-31 07:11:58,434 - INFO - backend.app.services.order_service.ArchiveOrder - (order_service.py:107) - Archiving order Hill & Markes / Bakery / 20251229
2025-12-31 07:11:58,439 - INFO - backend.app.services.order_service.ArchiveOrder - (order_service.py:107) - Archiving order Hill & Markes / Downtown / 20251227
2025-12-31 07:11:58,444 - INFO - backend.app.services.order_service.ArchiveOrder - (order_service.py:107) - Archiving order Hill & Markes / Easthill / 20251226
2025-12-31 07:11:58,448 - INFO - backend.app.services.order_service.ArchiveOrder - (order_service.py:107) - Archiving order Hill & Markes / Syracuse / 20251223
2025-12-31 07:11:58,452 - INFO - backend.app.services.order_service.ArchiveOrder - (order_service.py:107) - Archiving order Hill & Markes / Triphammer / 20251226
2025-12-31 07:11:58,457 - INFO - backend.app.services.order_service.ArchiveOrder - (order_service.py:107) - Archiving order Hillcrest Dairy / Bakery / 20251227
2025-12-31 07:11:58,462 - INFO - backend.app.services.order_service.ArchiveOrder - (order_service.py:107) - Archiving order Hillcrest Dairy / Downtown / 20251227
2025-12-31 07:11:58,466 - INFO - backend.app.services.order_service.ArchiveOrder - (order_service.py:107) - Archiving order Hillcrest Dairy / Easthill / 20251226
2025-12-31 07:11:58,471 - INFO - backend.app.services.order_service.ArchiveOrder - (order_service.py:107) - Archiving order Hillcrest Dairy / Syracuse / 20251223
2025-12-31 07:11:58,475 - INFO - backend.app.services.order_service.ArchiveOrder - (order_service.py:107) - Archiving order Hillcrest Dairy / Triphammer / 20251226
2025-12-31 07:11:58,480 - INFO - backend.app.services.order_service.ArchiveOrder - (order_service.py:107) - Archiving order Hillcrest Foods / Bakery / 20251229
2025-12-31 07:11:58,485 - INFO - backend.app.services.order_service.ArchiveOrder - (order_service.py:107) - Archiving order Ithaca Bakery / Downtown / 20251227
2025-12-31 07:11:58,489 - INFO - backend.app.services.order_service.ArchiveOrder - (order_service.py:107) - Archiving order Ithaca Bakery / Easthill / 20251226
2025-12-31 07:11:58,495 - INFO - backend.app.services.order_service.ArchiveOrder - (order_service.py:107) - Archiving order Ithaca Bakery / Syracuse / 20251223
2025-12-31 07:11:58,499 - INFO - backend.app.services.order_service.ArchiveOrder - (order_service.py:107) - Archiving order Ithaca Bakery / Triphammer / 20251226
2025-12-31 07:11:58,504 - INFO - backend.app.services.order_service.ArchiveOrder - (order_service.py:107) - Archiving order Johnston Paper / Downtown / 20251227
2025-12-31 07:11:58,508 - INFO - backend.app.services.order_service.ArchiveOrder - (order_service.py:107) - Archiving order Johnston Paper / Syracuse / 20251223
2025-12-31 07:11:58,513 - INFO - backend.app.services.order_service.ArchiveOrder - (order_service.py:107) - Archiving order Johnston Paper / Triphammer / 20251226
2025-12-31 07:11:58,517 - INFO - backend.app.services.order_service.ArchiveOrder - (order_service.py:107) - Archiving order Keck's Food Service / Bakery / 20251229
2025-12-31 07:11:58,522 - INFO - backend.app.services.order_service.ArchiveOrder - (order_service.py:107) - Archiving order Lentz / Bakery / 20251229
2025-12-31 07:11:58,526 - INFO - backend.app.services.order_service.ArchiveOrder - (order_service.py:107) - Archiving order Performance Food / Bakery / 20251227
2025-12-31 07:11:58,531 - INFO - backend.app.services.order_service.ArchiveOrder - (order_service.py:107) - Archiving order Performance Food / Downtown / 20251227
2025-12-31 07:11:58,536 - INFO - backend.app.services.order_service.ArchiveOrder - (order_service.py:107) - Archiving order Performance Food / Easthill / 20251226
2025-12-31 07:11:58,540 - INFO - backend.app.services.order_service.ArchiveOrder - (order_service.py:107) - Archiving order Performance Food / Syracuse / 20251223
2025-12-31 07:11:58,545 - INFO - backend.app.services.order_service.ArchiveOrder - (order_service.py:107) - Archiving order Performance Food / Triphammer / 20251226
2025-12-31 07:11:58,550 - INFO - backend.app.services.order_service.ArchiveOrder - (order_service.py:107) - Archiving order Peters Supply / Bakery / 20251229
2025-12-31 07:11:58,555 - INFO - backend.app.services.order_service.ArchiveOrder - (order_service.py:107) - Archiving order Peters Supply / Downtown / 20251227
2025-12-31 07:11:58,559 - INFO - backend.app.services.order_service.ArchiveOrder - (order_service.py:107) - Archiving order Peters Supply / Easthill / 20251226
2025-12-31 07:11:58,564 - INFO - backend.app.services.order_service.ArchiveOrder - (order_service.py:107) - Archiving order Peters Supply / Triphammer / 20251226
2025-12-31 07:11:58,568 - INFO - backend.app.services.order_service.ArchiveOrder - (order_service.py:107) - Archiving order Regional Distributors, Inc. / Bakery / 20251229
2025-12-31 07:11:58,573 - INFO - backend.app.services.order_service.ArchiveOrder - (order_service.py:107) - Archiving order Regional Distributors, Inc. / Downtown / 20251227
2025-12-31 07:11:58,578 - INFO - backend.app.services.order_service.ArchiveOrder - (order_service.py:107) - Archiving order Regional Distributors, Inc. / Easthill / 20251226
2025-12-31 07:11:58,582 - INFO - backend.app.services.order_service.ArchiveOrder - (order_service.py:107) - Archiving order Regional Distributors, Inc. / Syracuse / 20251223
2025-12-31 07:11:58,587 - INFO - backend.app.services.order_service.ArchiveOrder - (order_service.py:107) - Archiving order Regional Distributors, Inc. / Triphammer / 20251226
2025-12-31 07:11:58,591 - INFO - backend.app.services.order_service.ArchiveOrder - (order_service.py:107) - Archiving order Russo Produce / Bakery / 20251229
2025-12-31 07:11:58,596 - INFO - backend.app.services.order_service.ArchiveOrder - (order_service.py:107) - Archiving order Russo Produce / Triphammer / 20251228
2025-12-31 07:11:58,601 - INFO - backend.app.services.order_service.ArchiveOrder - (order_service.py:107) - Archiving order SANICO / Bakery / 20251230
2025-12-31 07:11:58,605 - INFO - backend.app.services.order_service.ArchiveOrder - (order_service.py:107) - Archiving order SANICO / Triphammer / 20251229
2025-12-31 07:11:58,610 - INFO - backend.app.services.order_service.ArchiveOrder - (order_service.py:107) - Archiving order Sysco / Bakery / 20251227
2025-12-31 07:11:58,614 - INFO - backend.app.services.order_service.ArchiveOrder - (order_service.py:107) - Archiving order Sysco / Downtown / 20251227
2025-12-31 07:11:58,619 - INFO - backend.app.services.order_service.ArchiveOrder - (order_service.py:107) - Archiving order Sysco / Easthill / 20251226
2025-12-31 07:11:58,623 - INFO - backend.app.services.order_service.ArchiveOrder - (order_service.py:107) - Archiving order Sysco / Syracuse / 20251223
2025-12-31 07:11:58,628 - INFO - backend.app.services.order_service.ArchiveOrder - (order_service.py:107) - Archiving order Sysco / Triphammer / 20251226
2025-12-31 07:11:58,632 - INFO - backend.app.services.order_service.ArchiveOrder - (order_service.py:107) - Archiving order ULINE / Triphammer / 20251229
2025-12-31 07:11:58,636 - INFO - backend.app.services.order_service.ArchiveOrder - (order_service.py:107) - Archiving order UNFI / Downtown / 20251227
2025-12-31 07:11:58,641 - INFO - backend.app.services.order_service.ArchiveOrder - (order_service.py:107) - Archiving order UNFI / Easthill / 20251226
2025-12-31 07:11:58,646 - INFO - backend.app.services.order_service.ArchiveOrder - (order_service.py:107) - Archiving order UNFI / Triphammer / 20251226
2025-12-31 07:11:58,650 - INFO - backend.app.services.order_service.ArchiveOrder - (order_service.py:107) - Archiving order US Foods / Bakery / 20251228
2025-12-31 07:11:58,655 - INFO - backend.app.services.order_service.ArchiveOrder - (order_service.py:107) - Archiving order US Foods / Downtown / 20251227
2025-12-31 07:11:58,659 - INFO - backend.app.services.order_service.ArchiveOrder - (order_service.py:107) - Archiving order US Foods / Easthill / 20251226
2025-12-31 07:11:58,664 - INFO - backend.app.services.order_service.ArchiveOrder - (order_service.py:107) - Archiving order US Foods / Syracuse / 20251223
2025-12-31 07:11:58,668 - INFO - backend.app.services.order_service.ArchiveOrder - (order_service.py:107) - Archiving order US Foods / Triphammer / 20251226
2025-12-31 07:11:58,673 - INFO - backend.app.services.order_service.ArchiveOrder - (order_service.py:107) - Archiving order Webstaurant / Bakery / 20251229
2025-12-31 07:11:58,678 - INFO - backend.app.services.order_service.ArchiveOrder - (order_service.py:107) - Archiving order Webstaurant / Triphammer / 20251226
2025-12-31 07:11:58,682 - INFO - backend.app.services.order_service.ArchiveOrder - (order_service.py:107) - Archiving order Worlds Best Cheeses / Triphammer / 20251226
2025-12-31 10:29:01,633 - INFO - backend.app.services.order_service.ArchiveOrder - (order_service.py:107) - Archiving order FingerLakes Farms / Bakery / 20251230
2025-12-31 10:29:01,638 - INFO - backend.app.services.order_service.ArchiveOrder - (order_service.py:107) - Archiving order Sysco / Bakery / 20251230
2026-01-03 06:24:21,146 - INFO - backend.app.services.order_service.ArchiveOrder - (order_service.py:107) - Archiving order Ithaca Bakery / Triphammer / 20251231
2026-01-03 06:24:21,151 - INFO - backend.app.services.order_service.ArchiveOrder - (order_service.py:107) - Archiving order Opici Family Distributing / Triphammer / 20251231
2026-01-03 06:24:21,156 - INFO - backend.app.services.order_service.ArchiveOrder - (order_service.py:107) - Archiving order Performance Food / Triphammer / 20251231
2026-01-03 06:24:21,161 - INFO - backend.app.services.order_service.ArchiveOrder - (order_service.py:107) - Archiving order Russo Produce / Triphammer / 20251231
2026-01-03 06:24:21,165 - INFO - backend.app.services.order_service.ArchiveOrder - (order_service.py:107) - Archiving order Sysco / Triphammer / 20251231
2026-01-03 06:24:21,170 - INFO - backend.app.services.order_service.ArchiveOrder - (order_service.py:107) - Archiving order UNFI / Triphammer / 20251231
2026-01-03 06:24:21,175 - INFO - backend.app.services.order_service.ArchiveOrder - (order_service.py:107) - Archiving order US Foods / Triphammer / 20251231
2026-01-03 06:24:21,179 - INFO - backend.app.services.order_service.ArchiveOrder - (order_service.py:107) - Archiving order Vegan Epicure / Triphammer / 20251231
2026-01-03 06:24:21,184 - INFO - backend.app.services.order_service.ArchiveOrder - (order_service.py:107) - Archiving order Webstaurant / Triphammer / 20251231
2026-01-03 06:42:11,494 - INFO - backend.app.services.order_service.ArchiveOrder - (order_service.py:107) - Archiving order A.L. George / Bakery / 20251229
2026-01-03 06:42:11,498 - INFO - backend.app.services.order_service.ArchiveOrder - (order_service.py:107) - Archiving order BJ's / Bakery / 20251229
2026-01-03 06:42:11,502 - INFO - backend.app.services.order_service.ArchiveOrder - (order_service.py:107) - Archiving order Coca-Cola / Bakery / 20251228
2026-01-03 06:42:11,506 - INFO - backend.app.services.order_service.ArchiveOrder - (order_service.py:107) - Archiving order Coffee Depot LLC / Bakery / 20251229
2026-01-03 06:42:11,511 - INFO - backend.app.services.order_service.ArchiveOrder - (order_service.py:107) - Archiving order Copper Horse Coffee / Bakery / 20251229
2026-01-03 06:42:11,515 - INFO - backend.app.services.order_service.ArchiveOrder - (order_service.py:107) - Archiving order DUTCH VALLEY FOOD DIST / Bakery / 20251229
2026-01-03 06:42:11,519 - INFO - backend.app.services.order_service.ArchiveOrder - (order_service.py:107) - Archiving order Equal Exchange / Bakery / 20251229
2026-01-03 06:42:11,523 - INFO - backend.app.services.order_service.ArchiveOrder - (order_service.py:107) - Archiving order FingerLakes Farms / Bakery / 20251230
2026-01-03 06:42:11,527 - INFO - backend.app.services.order_service.ArchiveOrder - (order_service.py:107) - Archiving order Hill & Markes / Bakery / 20251229
2026-01-03 06:42:11,531 - INFO - backend.app.services.order_service.ArchiveOrder - (order_service.py:107) - Archiving order Hillcrest Dairy / Bakery / 20251227
2026-01-03 06:42:11,535 - INFO - backend.app.services.order_service.ArchiveOrder - (order_service.py:107) - Archiving order Hillcrest Foods / Bakery / 20251229
2026-01-03 06:42:11,539 - INFO - backend.app.services.order_service.ArchiveOrder - (order_service.py:107) - Archiving order Keck's Food Service / Bakery / 20251229
2026-01-03 06:42:11,544 - INFO - backend.app.services.order_service.ArchiveOrder - (order_service.py:107) - Archiving order Lentz / Bakery / 20251229
2026-01-03 06:42:11,548 - INFO - backend.app.services.order_service.ArchiveOrder - (order_service.py:107) - Archiving order Peters Supply / Bakery / 20251229
2026-01-03 06:42:11,552 - INFO - backend.app.services.order_service.ArchiveOrder - (order_service.py:107) - Archiving order Regional Distributors, Inc. / Bakery / 20251229
2026-01-03 06:42:11,556 - INFO - backend.app.services.order_service.ArchiveOrder - (order_service.py:107) - Archiving order Russo Produce / Bakery / 20251229
2026-01-03 06:42:11,560 - INFO - backend.app.services.order_service.ArchiveOrder - (order_service.py:107) - Archiving order SANICO / Bakery / 20251230
2026-01-03 06:42:11,564 - INFO - backend.app.services.order_service.ArchiveOrder - (order_service.py:107) - Archiving order Sysco / Bakery / 20251230
2026-01-03 06:42:11,568 - INFO - backend.app.services.order_service.ArchiveOrder - (order_service.py:107) - Archiving order Webstaurant / Bakery / 20251229
