2025-11-18 11:50:11,661 - INFO - backend.app.services.order_service.GetOrders - (order_service.py:65) - Getting orders: vendors=['Hill & Markes'], stores=['Bakery', 'Collegetown', 'Downtown', 'Easthill', 'Syracuse', 'Triphammer'], dates=None
2025-11-18 11:50:11,867 - INFO - backend.app.services.order_service.GetOrders - (order_service.py:73) - Retrieved 5 orders.
2025-11-18 11:50:26,073 - INFO - backend.app.services.order_service.GetOrders - (order_service.py:65) - Getting orders: vendors=['Hill & Markes'], stores=['Bakery', 'Triphammer', 'Easthill', 'Collegetown', 'Downtown'], dates=None
2025-11-18 11:50:26,191 - INFO - backend.app.services.order_service.GetOrders - (order_service.py:73) - Retrieved 4 orders.
2025-11-18 11:58:37,565 - INFO - backend.app.services.order_service.GetOrders - (order_service.py:65) - Getting orders: vendors=['Hill & Markes'], stores=['Bakery', 'Triphammer', 'Easthill', 'Collegetown', 'Downtown'], dates=None
2025-11-18 11:58:37,694 - INFO - backend.app.services.order_service.GetOrders - (order_service.py:73) - Retrieved 5 orders.
2025-11-18 12:12:09,059 - INFO - backend.app.services.order_service.GetOrders - (order_service.py:65) - Getting orders: vendors=['Peters Supply', 'SANICO'], stores=['Bakery', 'Collegetown', 'Downtown', 'Easthill', 'Syracuse', 'Triphammer'], dates=None
2025-11-18 12:12:09,445 - INFO - backend.app.services.order_service.GetOrders - (order_service.py:73) - Retrieved 7 orders.
2025-11-18 12:20:20,548 - INFO - backend.app.services.order_service.GetOrders - (order_service.py:65) - Getting orders: vendors=['Ithaca Bakery'], stores=['Collegetown'], dates=None
2025-11-18 12:20:20,592 - INFO - backend.app.services.order_service.GetOrders - (order_service.py:73) - Retrieved 1 orders.
2025-11-18 12:20:23,012 - INFO - backend.app.services.order_service.GetOrders - (order_service.py:65) - Getting orders: vendors=['Ithaca Bakery'], stores=['Easthill'], dates=None
2025-11-18 12:20:23,051 - INFO - backend.app.services.order_service.GetOrders - (order_service.py:73) - Retrieved 1 orders.
2025-11-18 12:20:25,748 - INFO - backend.app.services.order_service.GetOrders - (order_service.py:65) - Getting orders: vendors=['Ithaca Bakery'], stores=['Triphammer'], dates=None
2025-11-18 12:20:25,785 - INFO - backend.app.services.order_service.GetOrders - (order_service.py:73) - Retrieved 1 orders.
2025-11-18 12:20:28,813 - INFO - backend.app.services.order_service.GetOrders - (order_service.py:65) - Getting orders: vendors=['Ithaca Bakery'], stores=['Downtown'], dates=None
2025-11-18 12:20:28,852 - INFO - backend.app.services.order_service.GetOrders - (order_service.py:73) - Retrieved 1 orders.
2025-11-19 14:57:52,360 - INFO - backend.app.services.order_service.GetOrders - (order_service.py:65) - Getting orders: vendors=['Sysco', 'Performance Food', 'US Foods'], stores=['Bakery', 'Collegetown', 'Downtown', 'Easthill', 'Syracuse', 'Triphammer'], dates=None
2025-11-19 14:57:53,148 - INFO - backend.app.services.order_service.GetOrders - (order_service.py:73) - Retrieved 18 orders.
2025-11-19 14:58:53,043 - INFO - backend.app.services.order_service.GetOrders - (order_service.py:65) - Getting orders: vendors=['A.L. George', 'BALKAN BEVERAGE LLC', "BJ's", "Bo's Bones", 'Coca-Cola', 'Coffee Depot LLC', 'Copper Horse Coffee', 'DUTCH VALLEY FOOD DIST', 'Dawn', 'Equal Exchange', 'Farmer Ground Flour', 'FingerLakes Farms', 'Harney and Sons Tea', 'Hill & Markes', 'Hillcrest Dairy', 'Hillcrest Foods', 'Ithaca Bakery', 'Johnston Paper', "Keck's Food Service", 'Lentz', 'Nuts.com', 'Odeko In', 'Performance Food', 'Peters Supply', 'Regional Access Inc', 'Regional Distributors, Inc', 'Russo Produce', 'Sanico', 'Sysco', 'ULINE', 'UNFI', 'US Foods', 'Vegan Epicure', 'Webstaurant'], stores=['Bakery', 'Collegetown', 'Downtown', 'Easthill', 'Syracuse', 'Triphammer'], dates=None
2025-11-19 14:58:59,854 - INFO - backend.app.services.order_service.GetOrders - (order_service.py:73) - Retrieved 99 orders.
2025-11-19 14:59:09,242 - INFO - backend.app.services.order_service.GetOrders - (order_service.py:65) - Getting orders: vendors=['A.L. George', 'BALKAN BEVERAGE LLC', "BJ's", "Bo's Bones", 'Coca-Cola', 'Coffee Depot LLC', 'Copper Horse Coffee', 'DUTCH VALLEY FOOD DIST', 'Dawn', 'Equal Exchange', 'Farmer Ground Flour', 'FingerLakes Farms', 'Harney and Sons Tea', 'Hill & Markes', 'Hillcrest Dairy', 'Hillcrest Foods', 'Ithaca Bakery', 'Johnston Paper', "Keck's Food Service", 'Lentz', 'Nuts.com', 'Odeko In', 'Performance Food', 'Peters Supply', 'Regional Access Inc', 'Regional Distributors, Inc', 'Russo Produce', 'Sanico', 'Sysco', 'ULINE', 'UNFI', 'US Foods', 'Vegan Epicure', 'Webstaurant'], stores=['Bakery', 'Collegetown', 'Downtown', 'Easthill', 'Syracuse', 'Triphammer'], dates=None
2025-11-19 14:59:11,213 - INFO - backend.app.services.order_service.GetOrders - (order_service.py:73) - Retrieved 16 orders.
2025-11-19 15:04:33,494 - INFO - backend.app.services.order_service.GetOrders - (order_service.py:65) - Getting orders: vendors=['Sysco', 'Performance Food', 'US Foods'], stores=['Bakery', 'Collegetown', 'Downtown', 'Easthill', 'Syracuse', 'Triphammer'], dates=None
2025-11-19 15:04:33,828 - INFO - backend.app.services.order_service.GetOrders - (order_service.py:73) - Retrieved 9 orders.
2025-11-19 15:04:43,606 - INFO - backend.app.services.order_service.GetOrders - (order_service.py:65) - Getting orders: vendors=['Sysco', 'Performance Food', 'US Foods'], stores=['Bakery', 'Collegetown', 'Triphammer'], dates=None
2025-11-19 15:04:43,736 - INFO - backend.app.services.order_service.GetOrders - (order_service.py:73) - Retrieved 9 orders.
2025-11-19 15:05:12,806 - INFO - backend.app.services.order_service.GetOrders - (order_service.py:65) - Getting orders: vendors=['Sysco', 'Performance Food', 'US Foods'], stores=['Bakery', 'Collegetown', 'Triphammer'], dates=None
2025-11-19 15:05:12,946 - INFO - backend.app.services.order_service.GetOrders - (order_service.py:73) - Retrieved 9 orders.
2025-11-19 15:28:14,047 - INFO - backend.app.services.order_service.GetOrders - (order_service.py:65) - Getting orders: vendors=['FingerLakes Farms'], stores=['Collegetown', 'Bakery'], dates=None
2025-11-19 15:28:14,102 - INFO - backend.app.services.order_service.GetOrders - (order_service.py:73) - Retrieved 2 orders.
2025-11-19 15:29:39,358 - INFO - backend.app.services.order_service.GetOrders - (order_service.py:65) - Getting orders: vendors=['Russo Produce'], stores=['Bakery', 'Collegetown', 'Downtown', 'Easthill', 'Syracuse', 'Triphammer'], dates=None
2025-11-19 15:29:39,434 - INFO - backend.app.services.order_service.GetOrders - (order_service.py:73) - Retrieved 1 orders.
2025-11-22 07:23:44,704 - INFO - backend.app.services.order_service.GetOrders - (order_service.py:65) - Getting orders: vendors=['A.L. George', 'BALKAN BEVERAGE LLC', "BJ's", "Bo's Bones", 'Coca-Cola', 'Coffee Depot LLC', 'Copper Horse Coffee', 'DUTCH VALLEY FOOD DIST', 'Dawn', 'Equal Exchange', 'Farmer Ground Flour', 'FingerLakes Farms', 'Harney and Sons Tea', 'Hill & Markes', 'Hillcrest Dairy', 'Hillcrest Foods', 'Ithaca Bakery', 'Johnston Paper', "Keck's Food Service", 'Lentz', 'Nuts.com', 'Odeko In', 'Performance Food', 'Peters Supply', 'Regional Access Inc', 'Regional Distributors, Inc', 'Russo Produce', 'Sanico', 'Sysco', 'ULINE', 'UNFI', 'US Foods', 'Vegan Epicure', 'Webstaurant'], stores=['Bakery', 'Collegetown', 'Downtown', 'Easthill', 'Syracuse', 'Triphammer'], dates=None
2025-11-22 07:23:47,010 - INFO - backend.app.services.order_service.GetOrders - (order_service.py:73) - Retrieved 20 orders.
2025-11-22 07:29:54,692 - INFO - backend.app.services.order_service.GetOrders - (order_service.py:65) - Getting orders: vendors=['A.L. George', 'BALKAN BEVERAGE LLC', "BJ's", "Bo's Bones", 'Coca-Cola', 'Coffee Depot LLC', 'Copper Horse Coffee', 'DUTCH VALLEY FOOD DIST', 'Dawn', 'Equal Exchange', 'Farmer Ground Flour', 'FingerLakes Farms', 'Harney and Sons Tea', 'Hill & Markes', 'Hillcrest Dairy', 'Hillcrest Foods', 'Ithaca Bakery', 'Johnston Paper', "Keck's Food Service", 'Lentz', 'Nuts.com', 'Odeko In', 'Performance Food', 'Peters Supply', 'Regional Access Inc', 'Regional Distributors, Inc', 'Russo Produce', 'Sanico', 'Sysco', 'ULINE', 'UNFI', 'US Foods', 'Vegan Epicure', 'Webstaurant'], stores=['Bakery', 'Collegetown', 'Downtown', 'Easthill', 'Syracuse', 'Triphammer'], dates=None
2025-11-22 07:29:56,431 - INFO - backend.app.services.order_service.GetOrders - (order_service.py:73) - Retrieved 9 orders.
2025-11-22 07:31:56,100 - INFO - backend.app.services.order_service.GetOrders - (order_service.py:65) - Getting orders: vendors=['A.L. George', 'BALKAN BEVERAGE LLC', "BJ's", "Bo's Bones", 'Coca-Cola', 'Coffee Depot LLC', 'Copper Horse Coffee', 'DUTCH VALLEY FOOD DIST', 'Dawn', 'Equal Exchange', 'Farmer Ground Flour', 'FingerLakes Farms', 'Harney and Sons Tea', 'Hill & Markes', 'Hillcrest Dairy', 'Hillcrest Foods', 'Ithaca Bakery', 'Johnston Paper', "Keck's Food Service", 'Lentz', 'Nuts.com', 'Odeko In', 'Performance Food', 'Peters Supply', 'Regional Access Inc', 'Regional Distributors, Inc', 'Russo Produce', 'Sanico', 'Sysco', 'ULINE', 'UNFI', 'US Foods', 'Vegan Epicure', 'Webstaurant'], stores=['Bakery', 'Collegetown', 'Downtown', 'Easthill', 'Syracuse', 'Triphammer'], dates=None
2025-11-22 07:31:57,161 - INFO - backend.app.services.order_service.GetOrders - (order_service.py:73) - Retrieved 9 orders.
2025-11-22 08:28:37,248 - INFO - backend.app.services.order_service.GetOrders - (order_service.py:65) - Getting orders: vendors=['UNFI'], stores=['Bakery', 'Collegetown', 'Downtown', 'Easthill', 'Syracuse', 'Triphammer'], dates=None
2025-11-22 08:28:37,437 - INFO - backend.app.services.order_service.GetOrders - (order_service.py:73) - Retrieved 6 orders.
2025-11-22 10:44:25,276 - INFO - backend.app.services.order_service.GetOrders - (order_service.py:65) - Getting orders: vendors=['A.L. George'], stores=['Bakery', 'Collegetown', 'Downtown', 'Easthill', 'Syracuse', 'Triphammer'], dates=None
2025-11-22 10:44:25,391 - INFO - backend.app.services.order_service.GetOrders - (order_service.py:73) - Retrieved 1 orders.
2025-11-22 11:07:05,628 - INFO - backend.app.services.order_service.GetOrders - (order_service.py:65) - Getting orders: vendors=['Performance Food'], stores=['Syracuse'], dates=None
2025-11-22 11:07:05,744 - INFO - backend.app.services.order_service.GetOrders - (order_service.py:73) - Retrieved 1 orders.
2025-11-23 10:48:54,493 - INFO - backend.app.services.order_service.GetOrders - (order_service.py:65) - Getting orders: vendors=['Hillcrest Dairy'], stores=['Bakery', 'Collegetown', 'Downtown', 'Easthill', 'Syracuse', 'Triphammer'], dates=None
2025-11-23 10:48:54,691 - INFO - backend.app.services.order_service.GetOrders - (order_service.py:73) - Retrieved 6 orders.
2025-11-23 10:50:24,181 - INFO - backend.app.services.order_service.GetOrders - (order_service.py:65) - Getting orders: vendors=['Hillcrest Dairy'], stores=['Bakery', 'Collegetown', 'Downtown', 'Easthill', 'Syracuse', 'Triphammer'], dates=None
2025-11-23 10:50:24,323 - INFO - backend.app.services.order_service.GetOrders - (order_service.py:73) - Retrieved 6 orders.
2025-11-23 10:59:21,234 - INFO - backend.app.services.order_service.GetOrders - (order_service.py:65) - Getting orders: vendors=['Coffee Depot LLC'], stores=['Bakery', 'Collegetown', 'Downtown', 'Easthill', 'Syracuse', 'Triphammer'], dates=None
2025-11-23 10:59:21,455 - INFO - backend.app.services.order_service.GetOrders - (order_service.py:73) - Retrieved 5 orders.
2025-11-23 11:00:04,418 - INFO - backend.app.services.order_service.GetOrders - (order_service.py:65) - Getting orders: vendors=['Copper Horse Coffee'], stores=['Bakery', 'Collegetown', 'Downtown', 'Easthill', 'Syracuse', 'Triphammer'], dates=None
2025-11-23 11:00:04,604 - INFO - backend.app.services.order_service.GetOrders - (order_service.py:73) - Retrieved 5 orders.
2025-11-23 11:02:19,399 - INFO - backend.app.services.order_service.GetOrders - (order_service.py:65) - Getting orders: vendors=['Performance Food', 'FingerLakes Farms'], stores=['Bakery', 'Easthill', 'Collegetown', 'Triphammer', 'Downtown'], dates=None
2025-11-23 11:02:19,738 - INFO - backend.app.services.order_service.GetOrders - (order_service.py:73) - Retrieved 10 orders.
2025-11-23 11:05:35,653 - INFO - backend.app.services.order_service.GetOrders - (order_service.py:65) - Getting orders: vendors=['Equal Exchange'], stores=['Bakery', 'Collegetown', 'Downtown', 'Easthill', 'Syracuse', 'Triphammer'], dates=None
2025-11-23 11:05:35,865 - INFO - backend.app.services.order_service.GetOrders - (order_service.py:73) - Retrieved 6 orders.
2025-11-23 11:05:58,438 - INFO - backend.app.services.order_service.GetOrders - (order_service.py:65) - Getting orders: vendors=["Bo's Bones"], stores=['Bakery', 'Collegetown', 'Downtown', 'Easthill', 'Syracuse', 'Triphammer'], dates=None
2025-11-23 11:05:58,575 - INFO - backend.app.services.order_service.GetOrders - (order_service.py:73) - Retrieved 2 orders.
2025-11-23 11:06:23,246 - INFO - backend.app.services.order_service.GetOrders - (order_service.py:65) - Getting orders: vendors=['FingerLakes Farms'], stores=['Bakery', 'Collegetown', 'Downtown', 'Easthill', 'Syracuse', 'Triphammer'], dates=None
2025-11-23 11:06:23,370 - INFO - backend.app.services.order_service.GetOrders - (order_service.py:73) - Retrieved 5 orders.
2025-11-23 11:18:21,636 - INFO - backend.app.services.order_service.GetOrders - (order_service.py:65) - Getting orders: vendors=['FingerLakes Farms'], stores=['Bakery', 'Collegetown', 'Downtown', 'Easthill', 'Syracuse', 'Triphammer'], dates=None
2025-11-23 11:18:21,758 - INFO - backend.app.services.order_service.GetOrders - (order_service.py:73) - Retrieved 5 orders.
2025-11-23 11:19:34,925 - INFO - backend.app.services.order_service.GetOrders - (order_service.py:65) - Getting orders: vendors=['US Foods', 'Performance Food', 'Sysco'], stores=['Bakery', 'Collegetown', 'Downtown', 'Easthill', 'Syracuse', 'Triphammer'], dates=None
2025-11-23 11:19:35,525 - INFO - backend.app.services.order_service.GetOrders - (order_service.py:73) - Retrieved 18 orders.
2025-11-23 11:19:54,356 - INFO - backend.app.services.order_service.GetOrders - (order_service.py:65) - Getting orders: vendors=['US Foods', 'Performance Food', 'Sysco'], stores=['Bakery', 'Collegetown', 'Downtown', 'Easthill', 'Syracuse', 'Triphammer'], dates=None
2025-11-23 11:19:54,781 - INFO - backend.app.services.order_service.GetOrders - (order_service.py:73) - Retrieved 18 orders.
2025-11-23 14:20:58,660 - INFO - backend.app.services.order_service.GetOrders - (order_service.py:65) - Getting orders: vendors=['Sysco', 'Performance Food', 'US Foods'], stores=['Triphammer'], dates=None
2025-11-23 14:20:58,774 - INFO - backend.app.services.order_service.GetOrders - (order_service.py:73) - Retrieved 3 orders.
2025-11-23 14:35:27,229 - INFO - backend.app.services.order_service.GetOrders - (order_service.py:65) - Getting orders: vendors=['Ithaca Bakery'], stores=['Syracuse'], dates=None
2025-11-23 14:35:27,283 - INFO - backend.app.services.order_service.GetOrders - (order_service.py:73) - Retrieved 1 orders.
2025-11-24 07:50:17,149 - INFO - backend.app.services.order_service.GetOrders - (order_service.py:65) - Getting orders: vendors=['Hill & Markes'], stores=['Syracuse'], dates=None
2025-11-24 07:50:17,199 - INFO - backend.app.services.order_service.GetOrders - (order_service.py:73) - Retrieved 1 orders.
2025-11-25 07:31:54,511 - INFO - backend.app.services.order_service.GetOrders - (order_service.py:65) - Getting orders: vendors=['Hill & Markes'], stores=['Bakery', 'Collegetown', 'Downtown', 'Easthill', 'Syracuse', 'Triphammer'], dates=None
2025-11-25 07:31:54,715 - INFO - backend.app.services.order_service.GetOrders - (order_service.py:73) - Retrieved 6 orders.
2025-11-25 11:54:04,965 - INFO - backend.app.services.order_service.GetOrders - (order_service.py:65) - Getting orders: vendors=['Ithaca Bakery'], stores=['Collegetown'], dates=None
2025-11-25 11:54:05,059 - INFO - backend.app.services.order_service.GetOrders - (order_service.py:73) - Retrieved 1 orders.
2025-11-25 11:54:07,947 - INFO - backend.app.services.order_service.GetOrders - (order_service.py:65) - Getting orders: vendors=['Ithaca Bakery'], stores=['Easthill'], dates=None
2025-11-25 11:54:07,991 - INFO - backend.app.services.order_service.GetOrders - (order_service.py:73) - Retrieved 1 orders.
2025-11-25 11:54:11,026 - INFO - backend.app.services.order_service.GetOrders - (order_service.py:65) - Getting orders: vendors=['Ithaca Bakery'], stores=['Downtown'], dates=None
2025-11-25 11:54:11,067 - INFO - backend.app.services.order_service.GetOrders - (order_service.py:73) - Retrieved 1 orders.
2025-11-25 11:54:14,291 - INFO - backend.app.services.order_service.GetOrders - (order_service.py:65) - Getting orders: vendors=['Ithaca Bakery'], stores=['Triphammer'], dates=None
2025-11-25 11:54:14,334 - INFO - backend.app.services.order_service.GetOrders - (order_service.py:73) - Retrieved 1 orders.
2025-11-25 12:35:47,519 - INFO - backend.app.services.order_service.GetOrders - (order_service.py:65) - Getting orders: vendors=['Peters Supply', 'Sanico'], stores=['Bakery', 'Collegetown', 'Downtown', 'Easthill', 'Syracuse', 'Triphammer'], dates=None
2025-11-25 12:35:47,834 - INFO - backend.app.services.order_service.GetOrders - (order_service.py:73) - Retrieved 6 orders.
2025-11-25 12:35:55,648 - INFO - backend.app.services.order_service.GetOrders - (order_service.py:65) - Getting orders: vendors=['SANICO'], stores=['Bakery', 'Collegetown', 'Downtown', 'Easthill', 'Syracuse', 'Triphammer'], dates=None
2025-11-25 12:35:55,792 - INFO - backend.app.services.order_service.GetOrders - (order_service.py:73) - Retrieved 2 orders.
2025-11-25 12:37:57,715 - INFO - backend.app.services.order_service.GetOrders - (order_service.py:65) - Getting orders: vendors=['SANICO'], stores=['Bakery', 'Collegetown', 'Downtown', 'Easthill', 'Syracuse', 'Triphammer'], dates=None
2025-11-25 12:37:57,860 - INFO - backend.app.services.order_service.GetOrders - (order_service.py:73) - Retrieved 2 orders.
2025-11-29 07:04:51,148 - INFO - backend.app.services.order_service.GetOrders - (order_service.py:65) - Getting orders: vendors=['A.L. George', 'BALKAN BEVERAGE LLC', "BJ's", "Bo's Bones", 'Coca-Cola', 'Coffee Depot LLC', 'Copper Horse Coffee', 'DUTCH VALLEY FOOD DIST', 'Dawn', 'Equal Exchange', 'Farmer Ground Flour', 'FingerLakes Farms', 'Harney and Sons Tea', 'Hill & Markes', 'Hillcrest Dairy', 'Hillcrest Foods', 'Ithaca Bakery', 'Johnston Paper', "Keck's Food Service", 'Kwik Lok', 'Lentz', 'Nuts.com', 'Odeko In', 'Performance Food', 'Peters Supply', 'Regional Access Inc', 'Regional Distributors, Inc', 'Russo Produce', 'Sanico', 'Sysco', 'ULINE', 'UNFI', 'US Foods', 'Vegan Epicure', 'Webstaurant'], stores=['Bakery', 'Collegetown', 'Downtown', 'Easthill', 'Syracuse', 'Triphammer'], dates=None
2025-11-29 07:04:57,001 - INFO - backend.app.services.order_service.GetOrders - (order_service.py:73) - Retrieved 92 orders.
2025-11-29 10:51:15,568 - INFO - backend.app.services.order_service.GetOrders - (order_service.py:65) - Getting orders: vendors=['UNFI'], stores=['Bakery', 'Collegetown', 'Downtown', 'Easthill', 'Syracuse', 'Triphammer'], dates=None
2025-11-29 10:51:15,767 - INFO - backend.app.services.order_service.GetOrders - (order_service.py:73) - Retrieved 4 orders.
2025-11-29 10:52:42,518 - INFO - backend.app.services.order_service.GetOrders - (order_service.py:65) - Getting orders: vendors=['UNFI'], stores=['Bakery', 'Collegetown', 'Downtown', 'Easthill', 'Syracuse', 'Triphammer'], dates=None
2025-11-29 10:52:42,636 - INFO - backend.app.services.order_service.GetOrders - (order_service.py:73) - Retrieved 4 orders.
2025-11-30 08:05:21,533 - INFO - backend.app.services.order_service.GetOrders - (order_service.py:65) - Getting orders: vendors=['Performance Food', 'FingerLakes Farms'], stores=['Bakery', 'Easthill', 'Collegetown', 'Triphammer', 'Downtown'], dates=None
2025-11-30 08:05:21,805 - INFO - backend.app.services.order_service.GetOrders - (order_service.py:73) - Retrieved 9 orders.
2025-11-30 08:09:47,610 - INFO - backend.app.services.order_service.GetOrders - (order_service.py:65) - Getting orders: vendors=['Copper Horse Coffee', 'Equal Exchange'], stores=['Bakery', 'Collegetown', 'Downtown', 'Easthill', 'Syracuse', 'Triphammer'], dates=None
2025-11-30 08:09:47,955 - INFO - backend.app.services.order_service.GetOrders - (order_service.py:73) - Retrieved 10 orders.
2025-11-30 08:11:53,428 - INFO - backend.app.services.order_service.GetOrders - (order_service.py:65) - Getting orders: vendors=['Performance Food'], stores=['Syracuse'], dates=None
2025-11-30 08:11:53,452 - INFO - backend.app.services.order_service.GetOrders - (order_service.py:73) - Retrieved 1 orders.
2025-11-30 08:12:25,868 - INFO - backend.app.services.order_service.GetOrders - (order_service.py:65) - Getting orders: vendors=['Performance Food'], stores=['Syracuse'], dates=None
2025-11-30 08:12:25,893 - INFO - backend.app.services.order_service.GetOrders - (order_service.py:73) - Retrieved 1 orders.
2025-11-30 08:18:02,598 - INFO - backend.app.services.order_service.GetOrders - (order_service.py:65) - Getting orders: vendors=['Coffee Depot LLC'], stores=['Bakery', 'Collegetown', 'Downtown', 'Easthill', 'Syracuse', 'Triphammer'], dates=None
2025-11-30 08:18:02,801 - INFO - backend.app.services.order_service.GetOrders - (order_service.py:73) - Retrieved 6 orders.
2025-11-30 09:16:23,427 - INFO - backend.app.services.order_service.GetOrders - (order_service.py:65) - Getting orders: vendors=['Coffee Depot LLC'], stores=['Bakery', 'Collegetown', 'Downtown', 'Easthill', 'Syracuse', 'Triphammer'], dates=None
2025-11-30 09:16:23,630 - INFO - backend.app.services.order_service.GetOrders - (order_service.py:73) - Retrieved 6 orders.
2025-12-01 07:27:09,817 - INFO - backend.app.services.order_service.GetOrders - (order_service.py:65) - Getting orders: vendors=['Ithaca Bakery'], stores=['Syracuse'], dates=None
2025-12-01 07:27:09,842 - INFO - backend.app.services.order_service.GetOrders - (order_service.py:73) - Retrieved 1 orders.
2025-12-01 07:50:40,230 - INFO - backend.app.services.order_service.GetOrders - (order_service.py:65) - Getting orders: vendors=['FingerLakes Farms'], stores=['Bakery', 'Collegetown', 'Downtown', 'Easthill', 'Syracuse', 'Triphammer'], dates=None
2025-12-01 07:50:40,404 - INFO - backend.app.services.order_service.GetOrders - (order_service.py:73) - Retrieved 4 orders.
2025-12-01 07:51:44,910 - INFO - backend.app.services.order_service.GetOrders - (order_service.py:65) - Getting orders: vendors=['Hill & Markes'], stores=['Syracuse'], dates=None
2025-12-01 07:51:44,947 - INFO - backend.app.services.order_service.GetOrders - (order_service.py:73) - Retrieved 1 orders.
2025-12-01 07:54:32,887 - INFO - backend.app.services.order_service.GetOrders - (order_service.py:65) - Getting orders: vendors=['A.L. George', 'BALKAN BEVERAGE LLC', 'Hillcrest Dairy'], stores=['Bakery', 'Collegetown', 'Downtown', 'Easthill', 'Syracuse', 'Triphammer'], dates=None
2025-12-01 07:54:33,432 - INFO - backend.app.services.order_service.GetOrders - (order_service.py:73) - Retrieved 10 orders.
2025-12-01 07:57:13,377 - INFO - backend.app.services.order_service.GetOrders - (order_service.py:65) - Getting orders: vendors=['Hillcrest Foods'], stores=['Bakery', 'Collegetown', 'Downtown', 'Easthill', 'Syracuse', 'Triphammer'], dates=None
2025-12-01 07:57:13,528 - INFO - backend.app.services.order_service.GetOrders - (order_service.py:73) - Retrieved 2 orders.
2025-12-02 07:59:06,449 - INFO - backend.app.services.order_service.GetOrders - (order_service.py:65) - Getting orders: vendors=['Peters Supply', 'SANICO'], stores=['Bakery', 'Collegetown', 'Downtown', 'Easthill', 'Syracuse', 'Triphammer'], dates=None
2025-12-02 07:59:06,783 - INFO - backend.app.services.order_service.GetOrders - (order_service.py:73) - Retrieved 9 orders.
2025-12-02 08:30:43,179 - INFO - backend.app.services.order_service.GetOrders - (order_service.py:65) - Getting orders: vendors=['Russo Produce'], stores=['Bakery', 'Collegetown', 'Downtown', 'Easthill', 'Syracuse', 'Triphammer'], dates=None
2025-12-02 08:30:43,323 - INFO - backend.app.services.order_service.GetOrders - (order_service.py:73) - Retrieved 1 orders.
2025-12-02 11:00:39,540 - INFO - backend.app.services.order_service.GetOrders - (order_service.py:65) - Getting orders: vendors=['Hill & Markes'], stores=['Bakery', 'Collegetown', 'Downtown', 'Easthill', 'Syracuse', 'Triphammer'], dates=None
2025-12-02 11:00:39,691 - INFO - backend.app.services.order_service.GetOrders - (order_service.py:73) - Retrieved 6 orders.
2025-12-02 11:44:30,497 - INFO - backend.app.services.order_service.GetOrders - (order_service.py:65) - Getting orders: vendors=['SANICO', 'Peters Supply'], stores=['Bakery', 'Collegetown', 'Downtown', 'Easthill', 'Syracuse', 'Triphammer'], dates=None
2025-12-02 11:44:30,821 - INFO - backend.app.services.order_service.GetOrders - (order_service.py:73) - Retrieved 9 orders.
2025-12-02 11:46:21,681 - INFO - backend.app.services.order_service.GetOrders - (order_service.py:65) - Getting orders: vendors=['SANICO'], stores=['Bakery', 'Collegetown', 'Downtown', 'Easthill', 'Syracuse', 'Triphammer'], dates=None
2025-12-02 11:46:21,831 - INFO - backend.app.services.order_service.GetOrders - (order_service.py:73) - Retrieved 4 orders.
2025-12-02 11:49:01,802 - INFO - backend.app.services.order_service.GetOrders - (order_service.py:65) - Getting orders: vendors=['Peters Supply'], stores=['Bakery', 'Collegetown', 'Downtown', 'Easthill', 'Syracuse', 'Triphammer'], dates=None
2025-12-02 11:49:01,962 - INFO - backend.app.services.order_service.GetOrders - (order_service.py:73) - Retrieved 5 orders.
2025-12-03 14:06:36,995 - INFO - backend.app.services.order_service.GetOrders - (order_service.py:65) - Getting orders: vendors=['A.L. George', 'BALKAN BEVERAGE LLC', "BJ's", "Bo's Bones", 'Coca-Cola', 'Coffee Depot LLC', 'Copper Horse Coffee', 'DUTCH VALLEY FOOD DIST', 'Dawn', 'Equal Exchange', 'Farmer Ground Flour', 'Finger Lakes Coffee Roasters', 'FingerLakes Farms', 'Harney and Sons Tea', 'Hill & Markes', 'Hillcrest Dairy', 'Hillcrest Foods', 'Ithaca Bakery', 'Johnston Paper', "Keck's Food Service", 'Kwik Lok', 'Lentz', 'Nuts.com', 'Odeko In', 'Performance Food', 'Peters Supply', 'Regional Access Inc', 'Regional Distributors, Inc', 'Russo Produce', 'Sanico', "Sweet Sam's", 'Sysco', 'ULINE', 'UNFI', 'US Foods', 'Vegan Epicure', 'Webstaurant'], stores=['Bakery', 'Collegetown', 'Downtown', 'Easthill', 'Syracuse', 'Triphammer'], dates=None
2025-12-03 14:06:43,549 - INFO - backend.app.services.order_service.GetOrders - (order_service.py:73) - Retrieved 97 orders.
2025-12-03 14:22:14,050 - INFO - backend.app.services.order_service.GetOrders - (order_service.py:65) - Getting orders: vendors=['Sysco', 'Performance Food', 'US Foods'], stores=['Bakery', 'Collegetown', 'Downtown', 'Easthill', 'Syracuse', 'Triphammer'], dates=None
2025-12-03 14:22:14,338 - INFO - backend.app.services.order_service.GetOrders - (order_service.py:73) - Retrieved 9 orders.
2025-12-03 14:31:59,772 - INFO - backend.app.services.order_service.GetOrders - (order_service.py:65) - Getting orders: vendors=['FingerLakes Farms'], stores=['Collegetown', 'Bakery'], dates=None
2025-12-03 14:31:59,841 - INFO - backend.app.services.order_service.GetOrders - (order_service.py:73) - Retrieved 2 orders.
2025-12-03 14:32:13,439 - INFO - backend.app.services.order_service.GetOrders - (order_service.py:65) - Getting orders: vendors=['Russo Produce'], stores=['Bakery', 'Collegetown', 'Downtown', 'Easthill', 'Syracuse', 'Triphammer'], dates=None
2025-12-03 14:32:13,523 - INFO - backend.app.services.order_service.GetOrders - (order_service.py:73) - Retrieved 1 orders.
2025-12-06 07:13:12,140 - INFO - backend.app.services.order_service.GetOrders - (order_service.py:65) - Getting orders: vendors=['A.L. George', 'BALKAN BEVERAGE LLC', "BJ's", "Bo's Bones", 'Coca-Cola', 'Coffee Depot LLC', 'Copper Horse Coffee', 'DUTCH VALLEY FOOD DIST', 'Dawn', 'Equal Exchange', 'Farmer Ground Flour', 'Finger Lakes Coffee Roasters', 'FingerLakes Farms', 'Harney and Sons Tea', 'Hill & Markes', 'Hillcrest Dairy', 'Hillcrest Foods', 'Ithaca Bakery', 'Johnston Paper', "Keck's Food Service", 'Kwik Lok', 'Lentz', 'Nuts.com', 'Odeko In', 'Performance Food', 'Peters Supply', 'Regional Access Inc', 'Regional Distributors, Inc', 'Russo Produce', 'Sanico', "Sweet Sam's", 'Sysco', 'ULINE', 'UNFI', 'US Foods', 'Vegan Epicure', 'Webstaurant'], stores=['Bakery', 'Collegetown', 'Downtown', 'Easthill', 'Syracuse', 'Triphammer'], dates=None
2025-12-06 07:13:14,771 - INFO - backend.app.services.order_service.GetOrders - (order_service.py:73) - Retrieved 18 orders.
2025-12-06 10:00:44,238 - INFO - backend.app.services.order_service.GetOrders - (order_service.py:65) - Getting orders: vendors=['UNFI'], stores=['Bakery', 'Collegetown', 'Downtown', 'Easthill', 'Syracuse', 'Triphammer'], dates=None
2025-12-06 10:00:44,410 - INFO - backend.app.services.order_service.GetOrders - (order_service.py:73) - Retrieved 6 orders.
2025-12-06 10:25:39,021 - INFO - backend.app.services.order_service.GetOrders - (order_service.py:65) - Getting orders: vendors=['Performance Food'], stores=['Syracuse'], dates=None
2025-12-06 10:25:39,067 - INFO - backend.app.services.order_service.GetOrders - (order_service.py:73) - Retrieved 1 orders.
2025-12-07 10:00:49,506 - INFO - backend.app.services.order_service.GetOrders - (order_service.py:65) - Getting orders: vendors=['Performance Food', 'FingerLakes Farms'], stores=['Bakery', 'Easthill', 'Collegetown', 'Triphammer', 'Downtown'], dates=None
2025-12-07 10:00:49,825 - INFO - backend.app.services.order_service.GetOrders - (order_service.py:73) - Retrieved 10 orders.
2025-12-07 12:08:59,758 - INFO - backend.app.services.order_service.GetOrders - (order_service.py:65) - Getting orders: vendors=['Performance Food', 'FingerLakes Farms'], stores=['Bakery', 'Easthill', 'Collegetown', 'Triphammer', 'Downtown'], dates=None
2025-12-07 12:09:00,050 - INFO - backend.app.services.order_service.GetOrders - (order_service.py:73) - Retrieved 10 orders.
2025-12-07 12:12:19,992 - INFO - backend.app.services.order_service.GetOrders - (order_service.py:65) - Getting orders: vendors=['FingerLakes Farms'], stores=['Bakery', 'Collegetown', 'Downtown', 'Easthill', 'Syracuse', 'Triphammer'], dates=None
2025-12-07 12:12:20,200 - INFO - backend.app.services.order_service.GetOrders - (order_service.py:73) - Retrieved 6 orders.
2025-12-07 12:12:50,728 - INFO - backend.app.services.order_service.GetOrders - (order_service.py:65) - Getting orders: vendors=['Copper Horse Coffee', 'Coffee Depot LLC', 'Equal Exchange'], stores=['Bakery', 'Collegetown', 'Downtown', 'Easthill', 'Syracuse', 'Triphammer'], dates=None
2025-12-07 12:12:51,246 - INFO - backend.app.services.order_service.GetOrders - (order_service.py:73) - Retrieved 15 orders.
2025-12-07 12:13:58,393 - INFO - backend.app.services.order_service.GetOrders - (order_service.py:65) - Getting orders: vendors=["Bo's Bones"], stores=['Bakery', 'Collegetown', 'Downtown', 'Easthill', 'Syracuse', 'Triphammer'], dates=None
2025-12-07 12:13:58,511 - INFO - backend.app.services.order_service.GetOrders - (order_service.py:73) - Retrieved 0 orders.
2025-12-07 12:42:05,699 - INFO - backend.app.services.order_service.GetOrders - (order_service.py:65) - Getting orders: vendors=['Sysco', 'Performance Food', 'US Foods'], stores=['Bakery', 'Collegetown', 'Downtown', 'Easthill', 'Syracuse', 'Triphammer'], dates=None
2025-12-07 12:42:06,177 - INFO - backend.app.services.order_service.GetOrders - (order_service.py:73) - Retrieved 18 orders.
2025-12-07 13:05:39,570 - INFO - backend.app.services.order_service.GetOrders - (order_service.py:65) - Getting orders: vendors=['Sysco', 'US Foods', 'Performance Food'], stores=['Triphammer'], dates=None
2025-12-07 13:05:39,684 - INFO - backend.app.services.order_service.GetOrders - (order_service.py:73) - Retrieved 3 orders.
2025-12-07 13:54:18,234 - INFO - backend.app.services.order_service.GetOrders - (order_service.py:65) - Getting orders: vendors=['Ithaca Bakery'], stores=['Syracuse'], dates=None
2025-12-07 13:54:18,287 - INFO - backend.app.services.order_service.GetOrders - (order_service.py:73) - Retrieved 1 orders.
2025-12-08 08:06:15,390 - INFO - backend.app.services.order_service.GetOrders - (order_service.py:65) - Getting orders: vendors=['Hillcrest Foods', 'Hillcrest Dairy'], stores=['Bakery', 'Collegetown', 'Downtown', 'Easthill', 'Syracuse', 'Triphammer'], dates=None
2025-12-08 08:06:15,692 - INFO - backend.app.services.order_service.GetOrders - (order_service.py:73) - Retrieved 7 orders.
2025-12-08 08:12:20,407 - INFO - backend.app.services.order_service.GetOrders - (order_service.py:65) - Getting orders: vendors=['A.L. George', 'BALKAN BEVERAGE LLC'], stores=['Bakery', 'Collegetown', 'Downtown', 'Easthill', 'Syracuse', 'Triphammer'], dates=None
2025-12-08 08:12:20,699 - INFO - backend.app.services.order_service.GetOrders - (order_service.py:73) - Retrieved 5 orders.
2025-12-08 08:54:25,906 - INFO - backend.app.services.order_service.GetOrders - (order_service.py:65) - Getting orders: vendors=['Hill & Markes'], stores=['Syracuse'], dates=None
2025-12-08 08:54:25,949 - INFO - backend.app.services.order_service.GetOrders - (order_service.py:73) - Retrieved 1 orders.
2025-12-08 14:08:47,579 - INFO - backend.app.services.order_service.GetOrders - (order_service.py:65) - Getting orders: vendors=['Russo Produce'], stores=['Bakery', 'Collegetown', 'Downtown', 'Easthill', 'Syracuse', 'Triphammer'], dates=None
2025-12-08 14:08:47,717 - INFO - backend.app.services.order_service.GetOrders - (order_service.py:73) - Retrieved 1 orders.
2025-12-09 11:56:33,114 - INFO - backend.app.services.order_service.GetOrders - (order_service.py:65) - Getting orders: vendors=['Hill & Markes'], stores=['Bakery', 'Collegetown', 'Downtown', 'Easthill', 'Syracuse', 'Triphammer'], dates=None
2025-12-09 11:56:33,262 - INFO - backend.app.services.order_service.GetOrders - (order_service.py:73) - Retrieved 6 orders.
2025-12-09 12:24:04,384 - INFO - backend.app.services.order_service.GetOrders - (order_service.py:65) - Getting orders: vendors=['SANICO'], stores=['Bakery', 'Collegetown', 'Downtown', 'Easthill', 'Syracuse', 'Triphammer'], dates=None
2025-12-09 12:24:04,599 - INFO - backend.app.services.order_service.GetOrders - (order_service.py:73) - Retrieved 4 orders.
2025-12-09 12:41:49,604 - INFO - backend.app.services.order_service.GetOrders - (order_service.py:65) - Getting orders: vendors=['Peters Supply'], stores=['Bakery', 'Collegetown', 'Downtown', 'Easthill', 'Syracuse', 'Triphammer'], dates=None
2025-12-09 12:41:49,919 - INFO - backend.app.services.order_service.GetOrders - (order_service.py:73) - Retrieved 6 orders.
2025-12-10 10:07:18,111 - INFO - backend.app.services.order_service.GetOrders - (order_service.py:65) - Getting orders: vendors=[None], stores=Sysco, dates=None
2025-12-10 10:07:18,218 - INFO - backend.app.services.order_service.GetOrders - (order_service.py:73) - Retrieved 0 orders.
2025-12-10 10:07:24,726 - INFO - backend.app.services.order_service.GetOrders - (order_service.py:65) - Getting orders: vendors=[None], stores=Performance Food, dates=None
2025-12-10 10:07:25,060 - INFO - backend.app.services.order_service.GetOrders - (order_service.py:73) - Retrieved 0 orders.
2025-12-10 10:08:20,760 - INFO - backend.app.services.order_service.GetOrders - (order_service.py:65) - Getting orders: vendors=['Performance Food'], stores=None, dates=None
2025-12-10 10:08:47,115 - INFO - backend.app.services.order_service.GetOrders - (order_service.py:65) - Getting orders: vendors=['Performance Food'], stores=['Bakery', 'Collegetown', 'Downtown', 'Easthill', 'Syracuse', 'Triphammer'], dates=None
2025-12-10 10:08:47,287 - INFO - backend.app.services.order_service.GetOrders - (order_service.py:73) - Retrieved 6 orders.
2025-12-10 10:15:38,759 - INFO - backend.app.services.order_service.GetOrders - (order_service.py:65) - Getting orders: vendors=['Performance Food'], stores=['Bakery', 'Collegetown', 'Downtown', 'Easthill', 'Syracuse', 'Triphammer'], dates=None
2025-12-10 10:15:38,920 - INFO - backend.app.services.order_service.GetOrders - (order_service.py:73) - Retrieved 6 orders.
2025-12-10 10:17:34,568 - INFO - backend.app.services.order_service.GetOrders - (order_service.py:65) - Getting orders: vendors=['Performance Food'], stores=['Bakery', 'Collegetown', 'Downtown', 'Easthill', 'Syracuse', 'Triphammer'], dates=None
2025-12-10 10:17:34,727 - INFO - backend.app.services.order_service.GetOrders - (order_service.py:73) - Retrieved 6 orders.
2025-12-10 10:18:42,553 - INFO - backend.app.services.order_service.GetOrders - (order_service.py:65) - Getting orders: vendors=['Performance Food'], stores=['Bakery', 'Collegetown', 'Downtown', 'Easthill', 'Syracuse', 'Triphammer'], dates=None
2025-12-10 10:18:42,714 - INFO - backend.app.services.order_service.GetOrders - (order_service.py:73) - Retrieved 6 orders.
2025-12-10 10:19:32,833 - INFO - backend.app.services.order_service.GetOrders - (order_service.py:65) - Getting orders: vendors=['Performance Food'], stores=['Bakery', 'Collegetown', 'Downtown', 'Easthill', 'Syracuse', 'Triphammer'], dates=None
2025-12-10 10:19:32,992 - INFO - backend.app.services.order_service.GetOrders - (order_service.py:73) - Retrieved 6 orders.
2025-12-10 10:19:44,665 - INFO - backend.app.services.order_service.GetOrders - (order_service.py:65) - Getting orders: vendors=['Performance Food'], stores=['Bakery', 'Collegetown', 'Downtown', 'Easthill', 'Syracuse', 'Triphammer'], dates=None
2025-12-10 10:19:44,830 - INFO - backend.app.services.order_service.GetOrders - (order_service.py:73) - Retrieved 6 orders.
2025-12-10 10:20:11,674 - INFO - backend.app.services.order_service.GetOrders - (order_service.py:65) - Getting orders: vendors=['Performance Food'], stores=['Bakery', 'Collegetown', 'Downtown', 'Easthill', 'Syracuse', 'Triphammer'], dates=None
2025-12-10 10:20:11,832 - INFO - backend.app.services.order_service.GetOrders - (order_service.py:73) - Retrieved 6 orders.
2025-12-10 10:20:34,194 - INFO - backend.app.services.order_service.GetOrders - (order_service.py:65) - Getting orders: vendors=['Performance Food'], stores=['Bakery', 'Collegetown', 'Downtown', 'Easthill', 'Syracuse', 'Triphammer'], dates=None
2025-12-10 10:20:34,354 - INFO - backend.app.services.order_service.GetOrders - (order_service.py:73) - Retrieved 6 orders.
2025-12-10 10:20:59,618 - INFO - backend.app.services.order_service.GetOrders - (order_service.py:65) - Getting orders: vendors=['Performance Food'], stores=['Bakery', 'Collegetown', 'Downtown', 'Easthill', 'Syracuse', 'Triphammer'], dates=None
2025-12-10 10:20:59,778 - INFO - backend.app.services.order_service.GetOrders - (order_service.py:73) - Retrieved 6 orders.
2025-12-10 10:21:54,411 - INFO - backend.app.services.order_service.GetOrders - (order_service.py:65) - Getting orders: vendors=['Performance Food'], stores=['Bakery', 'Collegetown', 'Downtown', 'Easthill', 'Syracuse', 'Triphammer'], dates=None
2025-12-10 10:21:54,570 - INFO - backend.app.services.order_service.GetOrders - (order_service.py:73) - Retrieved 6 orders.
2025-12-10 11:15:12,088 - INFO - backend.app.services.order_service.GetOrders - (order_service.py:65) - Getting orders: vendors=['A.L. George', 'BALKAN BEVERAGE LLC', "BJ's", "Bo's Bones", 'Coca-Cola', 'Coffee Depot LLC', 'Copper Horse Coffee', 'DUTCH VALLEY FOOD DIST', 'Dawn', 'Equal Exchange', 'Farmer Ground Flour', 'Finger Lakes Coffee Roasters', 'FingerLakes Farms', 'Harney and Sons Tea', 'Hill & Markes', 'Hillcrest Dairy', 'Hillcrest Foods', 'Ithaca Bakery', 'Johnston Paper', "Keck's Food Service", 'Kwik Lok', 'Lentz', 'Nuts.com', 'Odeko In', 'Performance Food', 'Peters Supply', 'Regional Access Inc', 'Regional Distributors, Inc', 'Russo Produce', 'Sanico', "Sweet Sam's", 'Sysco', 'ULINE', 'UNFI', 'US Foods', 'Vegan Epicure', 'Webstaurant'], stores=['Bakery', 'Collegetown', 'Downtown', 'Easthill', 'Syracuse', 'Triphammer'], dates=None
2025-12-10 11:15:17,928 - INFO - backend.app.services.order_service.GetOrders - (order_service.py:73) - Retrieved 94 orders.
2025-12-10 11:15:25,902 - INFO - backend.app.services.order_service.GetOrders - (order_service.py:65) - Getting orders: vendors=['A.L. George', 'BALKAN BEVERAGE LLC', "BJ's", "Bo's Bones", 'Coca-Cola', 'Coffee Depot LLC', 'Copper Horse Coffee', 'DUTCH VALLEY FOOD DIST', 'Dawn', 'Equal Exchange', 'Farmer Ground Flour', 'Finger Lakes Coffee Roasters', 'FingerLakes Farms', 'Harney and Sons Tea', 'Hill & Markes', 'Hillcrest Dairy', 'Hillcrest Foods', 'Ithaca Bakery', 'Johnston Paper', "Keck's Food Service", 'Kwik Lok', 'Lentz', 'Nuts.com', 'Odeko In', 'Performance Food', 'Peters Supply', 'Regional Access Inc', 'Regional Distributors, Inc', 'Russo Produce', 'Sanico', "Sweet Sam's", 'Sysco', 'ULINE', 'UNFI', 'US Foods', 'Vegan Epicure', 'Webstaurant'], stores=['Bakery', 'Collegetown', 'Downtown', 'Easthill', 'Syracuse', 'Triphammer'], dates=None
2025-12-10 11:15:28,134 - INFO - backend.app.services.order_service.GetOrders - (order_service.py:73) - Retrieved 2 orders.
2025-12-10 11:37:04,649 - INFO - backend.app.services.order_service.GetOrders - (order_service.py:65) - Getting orders: vendors=['A.L. George', 'BALKAN BEVERAGE LLC', "BJ's", "Bo's Bones", 'Coca-Cola', 'Coffee Depot LLC', 'Copper Horse Coffee', 'DUTCH VALLEY FOOD DIST', 'Dawn', 'Equal Exchange', 'Farmer Ground Flour', 'Finger Lakes Coffee Roasters', 'FingerLakes Farms', 'Harney and Sons Tea', 'Hill & Markes', 'Hillcrest Dairy', 'Hillcrest Foods', 'Ithaca Bakery', 'Johnston Paper', "Keck's Food Service", 'Kwik Lok', 'Lentz', 'Nuts.com', 'Odeko In', 'Performance Food', 'Peters Supply', 'Regional Access Inc', 'Regional Distributors, Inc.', 'Russo Produce', 'Sanico', "Sweet Sam's", 'Sysco', 'ULINE', 'UNFI', 'US Foods', 'Vegan Epicure', 'Webstaurant'], stores=['Bakery', 'Collegetown', 'Downtown', 'Easthill', 'Syracuse', 'Triphammer'], dates=None
2025-12-10 11:37:06,948 - INFO - backend.app.services.order_service.GetOrders - (order_service.py:73) - Retrieved 6 orders.
2025-12-10 11:37:27,173 - INFO - backend.app.services.order_service.GetOrders - (order_service.py:65) - Getting orders: vendors=['A.L. George', 'BALKAN BEVERAGE LLC', "BJ's", "Bo's Bones", 'Coca-Cola', 'Coffee Depot LLC', 'Copper Horse Coffee', 'DUTCH VALLEY FOOD DIST', 'Dawn', 'Equal Exchange', 'Farmer Ground Flour', 'Finger Lakes Coffee Roasters', 'FingerLakes Farms', 'Harney and Sons Tea', 'Hill & Markes', 'Hillcrest Dairy', 'Hillcrest Foods', 'Ithaca Bakery', 'Johnston Paper', "Keck's Food Service", 'Kwik Lok', 'Lentz', 'Nuts.com', 'Odeko In', 'Performance Food', 'Peters Supply', 'Regional Access Inc', 'Regional Distributors, Inc.', 'Russo Produce', 'SANICO', "Sweet Sam's", 'Sysco', 'ULINE', 'UNFI', 'US Foods', 'Vegan Epicure', 'Webstaurant'], stores=['Bakery', 'Collegetown', 'Downtown', 'Easthill', 'Syracuse', 'Triphammer'], dates=None
2025-12-10 11:37:29,237 - INFO - backend.app.services.order_service.GetOrders - (order_service.py:73) - Retrieved 4 orders.
2025-12-10 11:45:38,379 - INFO - backend.app.services.order_service.GetOrders - (order_service.py:65) - Getting orders: vendors=['A.L. George', 'BALKAN BEVERAGE LLC', "BJ's", "Bo's Bones", 'Coca-Cola', 'Coffee Depot LLC', 'Copper Horse Coffee', 'DUTCH VALLEY FOOD DIST', 'Dawn', 'Equal Exchange', 'Farmer Ground Flour', 'Finger Lakes Coffee Roasters', 'FingerLakes Farms', "Grandma's Coffee Cakes", 'Harney and Sons Tea', 'Hill & Markes', 'Hillcrest Dairy', 'Hillcrest Foods', 'Ithaca Bakery', 'Johnston Paper', 'KEHE DISTRIBUTORS', "Keck's Food Service", 'Kwik Lok', 'Lentz', 'Motherworks,LLC', 'Nuts.com', 'Odeko In.', 'Paper Rolls .com', 'Pepsi', 'Performance Food', 'Peters Supply', 'Regional Access Inc', 'Regional Distributors, Inc.', 'Russo Produce', 'SANICO', "Sweet Sam's Baking Company, LLC", 'Sysco', 'ULINE', 'UNFI', 'US Foods', 'Vegan Epicure', 'Webstaurant', 'Worlds Best Cheeses'], stores=['Bakery', 'Collegetown', 'Downtown', 'Easthill', 'Syracuse', 'Triphammer'], dates=None
2025-12-10 11:45:40,531 - INFO - backend.app.services.order_service.GetOrders - (order_service.py:73) - Retrieved 8 orders.
2025-12-10 12:25:46,461 - INFO - backend.app.services.order_service.GetOrders - (order_service.py:65) - Getting orders: vendors=['Sysco'], stores=['Bakery', 'Collegetown', 'Downtown', 'Easthill', 'Syracuse', 'Triphammer'], dates=None
2025-12-10 12:25:46,529 - INFO - backend.app.services.order_service.GetOrders - (order_service.py:73) - Retrieved 1 orders.
2025-12-10 12:25:59,652 - INFO - backend.app.services.order_service.GetOrders - (order_service.py:65) - Getting orders: vendors=['Performance Food'], stores=['Bakery', 'Collegetown', 'Downtown', 'Easthill', 'Syracuse', 'Triphammer'], dates=None
2025-12-10 12:25:59,721 - INFO - backend.app.services.order_service.GetOrders - (order_service.py:73) - Retrieved 1 orders.
2025-12-10 12:26:10,892 - INFO - backend.app.services.order_service.GetOrders - (order_service.py:65) - Getting orders: vendors=['US Foods'], stores=['Bakery', 'Collegetown', 'Downtown', 'Easthill', 'Syracuse', 'Triphammer'], dates=None
2025-12-10 12:26:10,964 - INFO - backend.app.services.order_service.GetOrders - (order_service.py:73) - Retrieved 1 orders.
2025-12-10 12:26:20,124 - INFO - backend.app.services.order_service.GetOrders - (order_service.py:65) - Getting orders: vendors=['FingerLakes Farms'], stores=['Bakery', 'Collegetown', 'Downtown', 'Easthill', 'Syracuse', 'Triphammer'], dates=None
2025-12-10 12:26:20,189 - INFO - backend.app.services.order_service.GetOrders - (order_service.py:73) - Retrieved 1 orders.
2025-12-10 12:27:15,437 - INFO - backend.app.services.order_service.GetOrders - (order_service.py:65) - Getting orders: vendors=['Sysco', 'Performance Food', 'US Foods'], stores=['Bakery', 'Collegetown', 'Downtown', 'Easthill', 'Syracuse', 'Triphammer'], dates=None
2025-12-10 12:27:15,597 - INFO - backend.app.services.order_service.GetOrders - (order_service.py:73) - Retrieved 3 orders.
2025-12-10 12:30:32,447 - INFO - backend.app.services.order_service.GetOrders - (order_service.py:65) - Getting orders: vendors=["Sweet Sam's Baking Company, LLC"], stores=['Bakery', 'Collegetown', 'Downtown', 'Easthill', 'Syracuse', 'Triphammer'], dates=None
2025-12-10 12:30:32,516 - INFO - backend.app.services.order_service.GetOrders - (order_service.py:73) - Retrieved 1 orders.
2025-12-10 12:38:09,050 - INFO - backend.app.services.order_service.GetOrders - (order_service.py:65) - Getting orders: vendors=["Sweet Sam's Baking Company, LLC"], stores=['Bakery'], dates=None
2025-12-10 12:38:09,065 - INFO - backend.app.services.order_service.GetOrders - (order_service.py:73) - Retrieved 1 orders.
2025-12-10 12:38:40,076 - INFO - backend.app.services.order_service.GetOrders - (order_service.py:65) - Getting orders: vendors=["Sweet Sam's Baking Company, LLC"], stores=['Bakery'], dates=None
2025-12-10 12:38:40,090 - INFO - backend.app.services.order_service.GetOrders - (order_service.py:73) - Retrieved 1 orders.
2025-12-10 12:39:01,027 - INFO - backend.app.services.order_service.GetOrders - (order_service.py:65) - Getting orders: vendors=["Sweet Sam's Baking Company, LLC"], stores=['Bakery'], dates=None
2025-12-10 12:39:01,042 - INFO - backend.app.services.order_service.GetOrders - (order_service.py:73) - Retrieved 1 orders.
2025-12-10 12:39:13,666 - INFO - backend.app.services.order_service.GetOrders - (order_service.py:65) - Getting orders: vendors=['Peters Supply'], stores=['Bakery'], dates=None
2025-12-10 12:39:13,674 - INFO - backend.app.services.order_service.GetOrders - (order_service.py:73) - Retrieved 0 orders.
2025-12-10 12:39:46,283 - INFO - backend.app.services.order_service.GetOrders - (order_service.py:65) - Getting orders: vendors=['Peters Supply'], stores=['Bakery'], dates=None
2025-12-10 12:39:46,293 - INFO - backend.app.services.order_service.GetOrders - (order_service.py:73) - Retrieved 0 orders.
2025-12-10 12:39:49,907 - INFO - backend.app.services.order_service.GetOrders - (order_service.py:65) - Getting orders: vendors=["Sweet Sam's Baking Company, LLC"], stores=['Bakery'], dates=None
2025-12-10 12:39:49,921 - INFO - backend.app.services.order_service.GetOrders - (order_service.py:73) - Retrieved 1 orders.
2025-12-10 14:21:27,113 - INFO - backend.app.services.order_service.GetOrders - (order_service.py:65) - Getting orders: vendors=['FingerLakes Farms'], stores=['Bakery', 'Collegetown', 'Downtown', 'Easthill', 'Syracuse', 'Triphammer'], dates=None
2025-12-10 14:21:27,198 - INFO - backend.app.services.order_service.GetOrders - (order_service.py:73) - Retrieved 2 orders.
2025-12-10 14:21:41,665 - INFO - backend.app.services.order_service.GetOrders - (order_service.py:65) - Getting orders: vendors=['FingerLakes Farms'], stores=['Bakery', 'Collegetown', 'Downtown', 'Easthill', 'Syracuse', 'Triphammer'], dates=None
2025-12-10 14:21:41,731 - INFO - backend.app.services.order_service.GetOrders - (order_service.py:73) - Retrieved 2 orders.
2025-12-10 14:22:05,553 - INFO - backend.app.services.order_service.GetOrders - (order_service.py:65) - Getting orders: vendors=['Russo Produce'], stores=['Bakery', 'Collegetown', 'Downtown', 'Easthill', 'Syracuse', 'Triphammer'], dates=None
2025-12-10 14:22:05,631 - INFO - backend.app.services.order_service.GetOrders - (order_service.py:73) - Retrieved 1 orders.
2025-12-10 14:27:35,742 - INFO - backend.app.services.order_service.GetOrders - (order_service.py:65) - Getting orders: vendors=['Sysco'], stores=['Bakery', 'Collegetown', 'Downtown', 'Easthill', 'Syracuse', 'Triphammer'], dates=None
2025-12-10 14:27:35,842 - INFO - backend.app.services.order_service.GetOrders - (order_service.py:73) - Retrieved 3 orders.
2025-12-10 14:28:21,637 - INFO - backend.app.services.order_service.GetOrders - (order_service.py:65) - Getting orders: vendors=['Sysco'], stores=['Bakery'], dates=None
2025-12-10 14:28:21,652 - INFO - backend.app.services.order_service.GetOrders - (order_service.py:73) - Retrieved 1 orders.
2025-12-10 14:29:01,952 - INFO - backend.app.services.order_service.GetOrders - (order_service.py:65) - Getting orders: vendors=['Sysco'], stores=['Bakery'], dates=None
2025-12-10 14:29:01,969 - INFO - backend.app.services.order_service.GetOrders - (order_service.py:73) - Retrieved 1 orders.
2025-12-10 14:31:06,324 - INFO - backend.app.services.order_service.GetOrders - (order_service.py:65) - Getting orders: vendors=['Sysco'], stores=['Bakery'], dates=None
2025-12-10 14:31:06,343 - INFO - backend.app.services.order_service.GetOrders - (order_service.py:73) - Retrieved 1 orders.
2025-12-10 14:31:33,517 - INFO - backend.app.services.order_service.GetOrders - (order_service.py:65) - Getting orders: vendors=['Sysco'], stores=['Bakery'], dates=None
2025-12-10 14:31:33,534 - INFO - backend.app.services.order_service.GetOrders - (order_service.py:73) - Retrieved 1 orders.
2025-12-10 14:32:42,209 - INFO - backend.app.services.order_service.GetOrders - (order_service.py:65) - Getting orders: vendors=['Performance Food', 'US Foods', 'Sysco'], stores=['Bakery', 'Collegetown', 'Downtown', 'Easthill', 'Syracuse', 'Triphammer'], dates=None
2025-12-10 14:32:42,472 - INFO - backend.app.services.order_service.GetOrders - (order_service.py:73) - Retrieved 9 orders.
2025-12-10 15:32:45,136 - INFO - backend.app.services.order_service.GetOrders - (order_service.py:65) - Getting orders: vendors=['Ithaca Bakery'], stores=['Collegetown'], dates=None
2025-12-10 15:32:45,204 - INFO - backend.app.services.order_service.GetOrders - (order_service.py:73) - Retrieved 1 orders.
2025-12-10 15:32:48,174 - INFO - backend.app.services.order_service.GetOrders - (order_service.py:65) - Getting orders: vendors=['Ithaca Bakery'], stores=['Easthill'], dates=None
2025-12-10 15:32:48,191 - INFO - backend.app.services.order_service.GetOrders - (order_service.py:73) - Retrieved 1 orders.
2025-12-10 15:33:15,943 - INFO - backend.app.services.order_service.GetOrders - (order_service.py:65) - Getting orders: vendors=['Ithaca Bakery'], stores=['Downtown'], dates=None
2025-12-10 15:33:15,974 - INFO - backend.app.services.order_service.GetOrders - (order_service.py:73) - Retrieved 1 orders.
2025-12-10 15:33:18,903 - INFO - backend.app.services.order_service.GetOrders - (order_service.py:65) - Getting orders: vendors=['Ithaca Bakery'], stores=['Triphammer'], dates=None
2025-12-10 15:33:18,948 - INFO - backend.app.services.order_service.GetOrders - (order_service.py:73) - Retrieved 1 orders.
2025-12-10 15:33:32,060 - INFO - backend.app.services.order_service.GetOrders - (order_service.py:65) - Getting orders: vendors=['Ithaca Bakery'], stores=['Bakery', 'Collegetown', 'Downtown', 'Easthill', 'Syracuse', 'Triphammer'], dates=None
2025-12-10 15:33:32,149 - INFO - backend.app.services.order_service.GetOrders - (order_service.py:73) - Retrieved 4 orders.
2025-12-10 15:33:45,868 - INFO - backend.app.services.order_service.GetOrders - (order_service.py:65) - Getting orders: vendors=['Ithaca Bakery'], stores=['Bakery', 'Collegetown', 'Downtown', 'Easthill', 'Syracuse', 'Triphammer'], dates=None
2025-12-10 15:33:45,934 - INFO - backend.app.services.order_service.GetOrders - (order_service.py:73) - Retrieved 2 orders.
2025-12-12 21:19:34,351 - INFO - backend.app.services.order_service.GetOrders - (order_service.py:65) - Getting orders: vendors=['A.L. George', 'BALKAN BEVERAGE LLC', "BJ's", "Bo's Bones", 'Coca-Cola', 'Coffee Depot LLC', 'Copper Horse Coffee', 'DUTCH VALLEY FOOD DIST', 'Dawn', 'Equal Exchange', 'Farmer Ground Flour', 'Finger Lakes Coffee Roasters', 'FingerLakes Farms', "Grandma's Coffee Cakes", 'Harney and Sons Tea', 'Hill & Markes', 'Hillcrest Dairy', 'Hillcrest Foods', 'Ithaca Bakery', 'Johnston Paper', 'KEHE DISTRIBUTORS', "Keck's Food Service", 'Kwik Lok', 'Lentz', 'Motherworks,LLC', 'Nuts.com', 'Odeko In.', 'Paper Rolls .com', 'Pepsi', 'Performance Food', 'Peters Supply', 'Regional Access Inc', 'Regional Distributors, Inc.', 'Russo Produce', 'SANICO', "Sweet Sam's Baking Company, LLC", 'Sysco', 'ULINE', 'UNFI', 'US Foods', 'Vegan Epicure', 'Webstaurant', 'Worlds Best Cheeses'], stores=['Bakery', 'Collegetown', 'Downtown', 'Easthill', 'Syracuse', 'Triphammer'], dates=None
2025-12-12 21:19:36,383 - INFO - backend.app.services.order_service.GetOrders - (order_service.py:73) - Retrieved 18 orders.
2025-12-12 21:29:59,725 - INFO - backend.app.services.order_service.GetOrders - (order_service.py:65) - Getting orders: vendors=['UNFI'], stores=['Bakery', 'Collegetown', 'Downtown', 'Easthill', 'Syracuse', 'Triphammer'], dates=None
2025-12-12 21:29:59,964 - INFO - backend.app.services.order_service.GetOrders - (order_service.py:73) - Retrieved 5 orders.
2025-12-12 21:33:43,309 - INFO - backend.app.services.order_service.GetOrders - (order_service.py:65) - Getting orders: vendors=['UNFI'], stores=['Triphammer'], dates=None
2025-12-12 21:33:43,352 - INFO - backend.app.services.order_service.GetOrders - (order_service.py:73) - Retrieved 1 orders.
2025-12-12 21:40:51,479 - INFO - backend.app.services.order_service.GetOrders - (order_service.py:65) - Getting orders: vendors=['UNFI'], stores=['Triphammer'], dates=None
2025-12-12 21:40:51,503 - INFO - backend.app.services.order_service.GetOrders - (order_service.py:73) - Retrieved 1 orders.
2025-12-12 21:41:00,198 - INFO - backend.app.services.order_service.GetOrders - (order_service.py:65) - Getting orders: vendors=['UNFI'], stores=['Bakery', 'Collegetown', 'Downtown', 'Easthill', 'Syracuse', 'Triphammer'], dates=None
2025-12-12 21:41:00,374 - INFO - backend.app.services.order_service.GetOrders - (order_service.py:73) - Retrieved 5 orders.
2025-12-12 21:41:55,420 - INFO - backend.app.services.order_service.GetOrders - (order_service.py:65) - Getting orders: vendors=['UNFI'], stores=['Bakery', 'Collegetown', 'Downtown', 'Easthill', 'Syracuse', 'Triphammer'], dates=None
2025-12-12 21:41:55,524 - INFO - backend.app.services.order_service.GetOrders - (order_service.py:73) - Retrieved 5 orders.
2025-12-12 21:42:23,038 - INFO - backend.app.services.order_service.GetOrders - (order_service.py:65) - Getting orders: vendors=['UNFI'], stores=['Bakery', 'Collegetown', 'Downtown', 'Easthill', 'Syracuse', 'Triphammer'], dates=None
2025-12-12 21:42:23,142 - INFO - backend.app.services.order_service.GetOrders - (order_service.py:73) - Retrieved 5 orders.
2025-12-12 21:43:47,321 - INFO - backend.app.services.order_service.GetOrders - (order_service.py:65) - Getting orders: vendors=['UNFI'], stores=['Bakery', 'Collegetown', 'Downtown', 'Easthill', 'Syracuse', 'Triphammer'], dates=None
2025-12-12 21:43:47,429 - INFO - backend.app.services.order_service.GetOrders - (order_service.py:73) - Retrieved 5 orders.
2025-12-12 21:44:00,467 - INFO - backend.app.services.order_service.GetOrders - (order_service.py:65) - Getting orders: vendors=['UNFI'], stores=['Bakery', 'Collegetown', 'Downtown', 'Easthill', 'Syracuse', 'Triphammer'], dates=None
2025-12-12 21:44:00,571 - INFO - backend.app.services.order_service.GetOrders - (order_service.py:73) - Retrieved 5 orders.
2025-12-12 21:45:25,254 - INFO - backend.app.services.order_service.GetOrders - (order_service.py:65) - Getting orders: vendors=['UNFI'], stores=['Bakery', 'Collegetown', 'Downtown', 'Easthill', 'Syracuse', 'Triphammer'], dates=None
2025-12-12 21:45:25,360 - INFO - backend.app.services.order_service.GetOrders - (order_service.py:73) - Retrieved 5 orders.
2025-12-12 21:45:39,048 - INFO - backend.app.services.order_service.GetOrders - (order_service.py:65) - Getting orders: vendors=['UNFI'], stores=['Triphammer'], dates=None
2025-12-12 21:45:39,070 - INFO - backend.app.services.order_service.GetOrders - (order_service.py:73) - Retrieved 1 orders.
2025-12-12 21:45:41,859 - INFO - backend.app.services.order_service.GetOrders - (order_service.py:65) - Getting orders: vendors=['UNFI'], stores=['Bakery', 'Collegetown', 'Downtown', 'Easthill', 'Syracuse', 'Triphammer'], dates=None
2025-12-12 21:45:41,959 - INFO - backend.app.services.order_service.GetOrders - (order_service.py:73) - Retrieved 5 orders.
2025-12-12 21:45:57,243 - INFO - backend.app.services.order_service.GetOrders - (order_service.py:65) - Getting orders: vendors=['UNFI'], stores=['Bakery', 'Collegetown', 'Downtown', 'Easthill', 'Syracuse', 'Triphammer'], dates=None
2025-12-12 21:45:57,348 - INFO - backend.app.services.order_service.GetOrders - (order_service.py:73) - Retrieved 5 orders.
2025-12-12 21:46:29,595 - INFO - backend.app.services.order_service.GetOrders - (order_service.py:65) - Getting orders: vendors=['UNFI'], stores=['Bakery', 'Collegetown', 'Downtown', 'Easthill', 'Syracuse', 'Triphammer'], dates=None
2025-12-12 21:46:29,700 - INFO - backend.app.services.order_service.GetOrders - (order_service.py:73) - Retrieved 5 orders.
2025-12-12 21:47:25,381 - INFO - backend.app.services.order_service.GetOrders - (order_service.py:65) - Getting orders: vendors=['UNFI'], stores=['Bakery', 'Collegetown', 'Downtown', 'Easthill', 'Syracuse', 'Triphammer'], dates=None
2025-12-12 21:47:25,527 - INFO - backend.app.services.order_service.GetOrders - (order_service.py:73) - Retrieved 5 orders.
2025-12-12 21:48:15,101 - INFO - backend.app.services.order_service.GetOrders - (order_service.py:65) - Getting orders: vendors=['UNFI'], stores=['Bakery', 'Collegetown', 'Downtown', 'Easthill', 'Syracuse', 'Triphammer'], dates=None
2025-12-12 21:48:15,206 - INFO - backend.app.services.order_service.GetOrders - (order_service.py:73) - Retrieved 5 orders.
2025-12-12 21:48:23,802 - INFO - backend.app.services.order_service.GetOrders - (order_service.py:65) - Getting orders: vendors=['Sysco'], stores=['Bakery', 'Collegetown', 'Downtown', 'Easthill', 'Syracuse', 'Triphammer'], dates=None
2025-12-12 21:48:24,014 - INFO - backend.app.services.order_service.GetOrders - (order_service.py:73) - Retrieved 6 orders.
2025-12-12 21:48:39,678 - INFO - backend.app.services.order_service.GetOrders - (order_service.py:65) - Getting orders: vendors=['Performance Food'], stores=['Bakery', 'Collegetown', 'Downtown', 'Easthill', 'Syracuse', 'Triphammer'], dates=None
2025-12-12 21:48:39,902 - INFO - backend.app.services.order_service.GetOrders - (order_service.py:73) - Retrieved 6 orders.
2025-12-12 21:50:07,626 - INFO - backend.app.services.order_service.GetOrders - (order_service.py:65) - Getting orders: vendors=['Performance Food'], stores=['Collegetown'], dates=None
2025-12-12 21:50:07,646 - INFO - backend.app.services.order_service.GetOrders - (order_service.py:73) - Retrieved 1 orders.
2025-12-13 07:10:24,600 - INFO - backend.app.services.order_service.GetOrders - (order_service.py:65) - Getting orders: vendors=['UNFI'], stores=['Bakery', 'Collegetown', 'Downtown', 'Easthill', 'Syracuse', 'Triphammer'], dates=None
2025-12-13 07:10:24,736 - INFO - backend.app.services.order_service.GetOrders - (order_service.py:73) - Retrieved 5 orders.
2025-12-13 07:10:48,535 - INFO - backend.app.services.order_service.GetOrders - (order_service.py:65) - Getting orders: vendors=['UNFI'], stores=['Triphammer'], dates=None
2025-12-13 07:10:48,557 - INFO - backend.app.services.order_service.GetOrders - (order_service.py:73) - Retrieved 1 orders.
2025-12-13 07:15:13,525 - INFO - backend.app.services.order_service.GetOrders - (order_service.py:65) - Getting orders: vendors=['UNFI'], stores=['Collegetown'], dates=None
2025-12-13 07:15:13,547 - INFO - backend.app.services.order_service.GetOrders - (order_service.py:73) - Retrieved 1 orders.
2025-12-13 07:15:17,685 - INFO - backend.app.services.order_service.GetOrders - (order_service.py:65) - Getting orders: vendors=['UNFI'], stores=['Downtown'], dates=None
2025-12-13 07:15:17,707 - INFO - backend.app.services.order_service.GetOrders - (order_service.py:73) - Retrieved 1 orders.
2025-12-13 07:15:49,709 - INFO - backend.app.services.order_service.GetOrders - (order_service.py:65) - Getting orders: vendors=['UNFI'], stores=['Downtown'], dates=None
2025-12-13 07:15:49,732 - INFO - backend.app.services.order_service.GetOrders - (order_service.py:73) - Retrieved 1 orders.
2025-12-13 07:45:59,076 - INFO - backend.app.services.order_service.GetOrders - (order_service.py:65) - Getting orders: vendors=['UNFI'], stores=['Bakery', 'Collegetown', 'Downtown', 'Easthill', 'Syracuse', 'Triphammer'], dates=None
2025-12-13 07:45:59,215 - INFO - backend.app.services.order_service.GetOrders - (order_service.py:73) - Retrieved 6 orders.
2025-12-13 07:49:47,065 - INFO - backend.app.services.order_service.GetOrders - (order_service.py:65) - Getting orders: vendors=['UNFI'], stores=['Bakery', 'Collegetown', 'Downtown', 'Easthill', 'Syracuse', 'Triphammer'], dates=None
2025-12-13 07:49:47,195 - INFO - backend.app.services.order_service.GetOrders - (order_service.py:73) - Retrieved 6 orders.
2025-12-13 07:49:54,263 - INFO - backend.app.services.order_service.GetOrders - (order_service.py:65) - Getting orders: vendors=['UNFI'], stores=['Syracuse'], dates=None
2025-12-13 07:49:54,286 - INFO - backend.app.services.order_service.GetOrders - (order_service.py:73) - Retrieved 1 orders.
2025-12-13 07:50:02,881 - INFO - backend.app.services.order_service.GetOrders - (order_service.py:65) - Getting orders: vendors=['UNFI'], stores=['Bakery', 'Collegetown', 'Downtown', 'Easthill', 'Syracuse', 'Triphammer'], dates=None
2025-12-13 07:50:03,009 - INFO - backend.app.services.order_service.GetOrders - (order_service.py:73) - Retrieved 6 orders.
2025-12-13 07:51:59,938 - INFO - backend.app.services.order_service.GetOrders - (order_service.py:65) - Getting orders: vendors=['UNFI'], stores=['Triphammer'], dates=None
2025-12-13 07:51:59,961 - INFO - backend.app.services.order_service.GetOrders - (order_service.py:73) - Retrieved 1 orders.
2025-12-13 07:57:15,473 - INFO - backend.app.services.order_service.GetOrders - (order_service.py:65) - Getting orders: vendors=['Performance Food'], stores=['Bakery', 'Collegetown', 'Downtown', 'Easthill', 'Syracuse', 'Triphammer'], dates=None
2025-12-13 07:57:15,617 - INFO - backend.app.services.order_service.GetOrders - (order_service.py:73) - Retrieved 6 orders.
2025-12-13 07:57:28,344 - INFO - backend.app.services.order_service.GetOrders - (order_service.py:65) - Getting orders: vendors=['Performance Food'], stores=['Syracuse'], dates=None
2025-12-13 07:57:28,366 - INFO - backend.app.services.order_service.GetOrders - (order_service.py:73) - Retrieved 1 orders.
2025-12-13 07:59:35,972 - INFO - backend.app.services.order_service.GetOrders - (order_service.py:65) - Getting orders: vendors=['Performance Food'], stores=['Bakery', 'Collegetown', 'Downtown', 'Easthill', 'Syracuse', 'Triphammer'], dates=None
2025-12-13 07:59:36,103 - INFO - backend.app.services.order_service.GetOrders - (order_service.py:73) - Retrieved 6 orders.
2025-12-13 08:02:16,654 - INFO - backend.app.services.order_service.GetOrders - (order_service.py:65) - Getting orders: vendors=['Performance Food'], stores=['Syracuse'], dates=None
2025-12-13 08:02:16,682 - INFO - backend.app.services.order_service.GetOrders - (order_service.py:73) - Retrieved 1 orders.
2025-12-13 08:02:55,175 - INFO - backend.app.services.order_service.GetOrders - (order_service.py:65) - Getting orders: vendors=['Performance Food'], stores=['Syracuse'], dates=None
2025-12-13 08:02:55,200 - INFO - backend.app.services.order_service.GetOrders - (order_service.py:73) - Retrieved 1 orders.
2025-12-13 08:03:09,503 - INFO - backend.app.services.order_service.GetOrders - (order_service.py:65) - Getting orders: vendors=['Performance Food'], stores=['Syracuse'], dates=None
2025-12-13 08:03:09,528 - INFO - backend.app.services.order_service.GetOrders - (order_service.py:73) - Retrieved 1 orders.
2025-12-13 08:03:25,920 - INFO - backend.app.services.order_service.GetOrders - (order_service.py:65) - Getting orders: vendors=['Performance Food'], stores=['Syracuse'], dates=None
2025-12-13 08:03:25,946 - INFO - backend.app.services.order_service.GetOrders - (order_service.py:73) - Retrieved 1 orders.
2025-12-13 08:03:46,648 - INFO - backend.app.services.order_service.GetOrders - (order_service.py:65) - Getting orders: vendors=['Performance Food'], stores=['Syracuse'], dates=None
2025-12-13 08:03:46,673 - INFO - backend.app.services.order_service.GetOrders - (order_service.py:73) - Retrieved 1 orders.
2025-12-13 08:05:30,276 - INFO - backend.app.services.order_service.GetOrders - (order_service.py:65) - Getting orders: vendors=['Performance Food'], stores=['Bakery', 'Collegetown', 'Downtown', 'Easthill', 'Syracuse', 'Triphammer'], dates=None
2025-12-13 08:05:30,409 - INFO - backend.app.services.order_service.GetOrders - (order_service.py:73) - Retrieved 6 orders.
2025-12-14 08:48:28,526 - INFO - backend.app.services.order_service.GetOrders - (order_service.py:65) - Getting orders: vendors=['Performance Food', 'FingerLakes Farms'], stores=['Bakery', 'Easthill', 'Collegetown', 'Triphammer', 'Downtown'], dates=None
2025-12-14 08:48:28,823 - INFO - backend.app.services.order_service.GetOrders - (order_service.py:73) - Retrieved 10 orders.
2025-12-14 08:58:36,816 - INFO - backend.app.services.order_service.GetOrders - (order_service.py:65) - Getting orders: vendors=['FingerLakes Farms', 'Equal Exchange', 'Copper Horse Coffee', 'Coffee Depot LLC'], stores=['Bakery', 'Collegetown', 'Downtown', 'Easthill', 'Syracuse', 'Triphammer'], dates=None
2025-12-14 08:58:37,533 - INFO - backend.app.services.order_service.GetOrders - (order_service.py:73) - Retrieved 22 orders.
2025-12-14 09:00:07,360 - INFO - backend.app.services.order_service.GetOrders - (order_service.py:65) - Getting orders: vendors=['Sysco'], stores=['Bakery', 'Collegetown', 'Downtown', 'Easthill', 'Syracuse', 'Triphammer'], dates=None
2025-12-14 09:00:07,517 - INFO - backend.app.services.order_service.GetOrders - (order_service.py:73) - Retrieved 6 orders.
2025-12-14 09:00:21,648 - INFO - backend.app.services.order_service.GetOrders - (order_service.py:65) - Getting orders: vendors=['Performance Food'], stores=['Bakery', 'Collegetown', 'Downtown', 'Easthill', 'Syracuse', 'Triphammer'], dates=None
2025-12-14 09:00:21,817 - INFO - backend.app.services.order_service.GetOrders - (order_service.py:73) - Retrieved 6 orders.
2025-12-14 09:00:32,912 - INFO - backend.app.services.order_service.GetOrders - (order_service.py:65) - Getting orders: vendors=['US Foods'], stores=['Bakery', 'Collegetown', 'Downtown', 'Easthill', 'Syracuse', 'Triphammer'], dates=None
2025-12-14 09:00:33,075 - INFO - backend.app.services.order_service.GetOrders - (order_service.py:73) - Retrieved 6 orders.
2025-12-14 09:01:11,753 - INFO - backend.app.services.order_service.GetOrders - (order_service.py:65) - Getting orders: vendors=['Sysco', 'Performance Food', 'US Foods'], stores=['Bakery', 'Collegetown', 'Downtown', 'Easthill', 'Syracuse', 'Triphammer'], dates=None
2025-12-14 09:01:12,203 - INFO - backend.app.services.order_service.GetOrders - (order_service.py:73) - Retrieved 18 orders.
2025-12-14 09:01:31,682 - INFO - backend.app.services.order_service.GetOrders - (order_service.py:65) - Getting orders: vendors=['Sysco', 'Performance Food', 'US Foods'], stores=['Bakery', 'Collegetown', 'Downtown', 'Easthill', 'Syracuse', 'Triphammer'], dates=None
2025-12-14 09:01:32,234 - INFO - backend.app.services.order_service.GetOrders - (order_service.py:73) - Retrieved 18 orders.
2025-12-14 09:26:16,624 - INFO - backend.app.services.order_service.GetOrders - (order_service.py:65) - Getting orders: vendors=['Sysco', 'Performance Food', 'US Foods'], stores=['Bakery', 'Collegetown', 'Downtown', 'Easthill', 'Syracuse', 'Triphammer'], dates=None
2025-12-14 09:26:17,050 - INFO - backend.app.services.order_service.GetOrders - (order_service.py:73) - Retrieved 18 orders.
2025-12-14 09:27:00,377 - INFO - backend.app.services.order_service.GetOrders - (order_service.py:65) - Getting orders: vendors=['Sysco', 'Performance Food', 'US Foods'], stores=['Bakery', 'Collegetown', 'Downtown', 'Easthill', 'Syracuse', 'Triphammer'], dates=None
2025-12-14 09:27:00,790 - INFO - backend.app.services.order_service.GetOrders - (order_service.py:73) - Retrieved 18 orders.
2025-12-14 13:37:04,630 - INFO - backend.app.services.order_service.GetOrders - (order_service.py:65) - Getting orders: vendors=['Ithaca Bakery'], stores=['Syracuse'], dates=None
2025-12-14 13:37:04,684 - INFO - backend.app.services.order_service.GetOrders - (order_service.py:73) - Retrieved 1 orders.
2025-12-14 14:04:08,033 - INFO - backend.app.services.order_service.GetOrders - (order_service.py:65) - Getting orders: vendors=['Sysco', 'Performance Food', 'US Foods'], stores=['Bakery', 'Collegetown', 'Downtown', 'Easthill', 'Syracuse', 'Triphammer'], dates=None
2025-12-14 14:04:08,518 - INFO - backend.app.services.order_service.GetOrders - (order_service.py:73) - Retrieved 18 orders.
2025-12-15 08:40:44,981 - INFO - backend.app.services.order_service.GetOrders - (order_service.py:65) - Getting orders: vendors=['Coca-Cola'], stores=['Bakery', 'Collegetown', 'Downtown', 'Easthill', 'Syracuse', 'Triphammer'], dates=None
2025-12-15 08:40:45,133 - INFO - backend.app.services.order_service.GetOrders - (order_service.py:73) - Retrieved 6 orders.
2025-12-15 08:41:08,682 - INFO - backend.app.services.order_service.GetOrders - (order_service.py:65) - Getting orders: vendors=['Coca-Cola'], stores=['Collegetown'], dates=None
2025-12-15 08:41:08,707 - INFO - backend.app.services.order_service.GetOrders - (order_service.py:73) - Retrieved 1 orders.
2025-12-15 08:42:39,428 - INFO - backend.app.services.order_service.GetOrders - (order_service.py:65) - Getting orders: vendors=['Coca-Cola'], stores=['Bakery'], dates=None
2025-12-15 08:42:39,454 - INFO - backend.app.services.order_service.GetOrders - (order_service.py:73) - Retrieved 1 orders.
2025-12-15 08:43:38,030 - INFO - backend.app.services.order_service.GetOrders - (order_service.py:65) - Getting orders: vendors=['Coca-Cola'], stores=['Bakery', 'Collegetown', 'Downtown', 'Easthill', 'Syracuse', 'Triphammer'], dates=None
2025-12-15 08:43:38,190 - INFO - backend.app.services.order_service.GetOrders - (order_service.py:73) - Retrieved 6 orders.
2025-12-15 08:43:44,781 - INFO - backend.app.services.order_service.GetOrders - (order_service.py:65) - Getting orders: vendors=['Coca-Cola'], stores=['Easthill'], dates=None
2025-12-15 08:43:44,806 - INFO - backend.app.services.order_service.GetOrders - (order_service.py:73) - Retrieved 1 orders.
2025-12-15 08:46:13,926 - INFO - backend.app.services.order_service.GetOrders - (order_service.py:65) - Getting orders: vendors=['Coca-Cola'], stores=['Triphammer'], dates=None
2025-12-15 08:46:13,956 - INFO - backend.app.services.order_service.GetOrders - (order_service.py:73) - Retrieved 1 orders.
2025-12-15 08:47:59,111 - INFO - backend.app.services.order_service.GetOrders - (order_service.py:65) - Getting orders: vendors=['Coca-Cola'], stores=['Downtown'], dates=None
2025-12-15 08:47:59,137 - INFO - backend.app.services.order_service.GetOrders - (order_service.py:73) - Retrieved 1 orders.
2025-12-15 08:48:46,176 - INFO - backend.app.services.order_service.GetOrders - (order_service.py:65) - Getting orders: vendors=['Coca-Cola'], stores=['Syracuse'], dates=None
2025-12-15 08:48:46,200 - INFO - backend.app.services.order_service.GetOrders - (order_service.py:73) - Retrieved 1 orders.
2025-12-15 08:50:12,433 - INFO - backend.app.services.order_service.GetOrders - (order_service.py:65) - Getting orders: vendors=['Coca-Cola'], stores=['Bakery'], dates=None
2025-12-15 08:50:12,460 - INFO - backend.app.services.order_service.GetOrders - (order_service.py:73) - Retrieved 1 orders.
2025-12-15 10:25:09,571 - INFO - backend.app.services.order_service.GetOrders - (order_service.py:65) - Getting orders: vendors=['Hillcrest Foods'], stores=['Bakery', 'Collegetown', 'Downtown', 'Easthill', 'Syracuse', 'Triphammer'], dates=None
2025-12-15 10:25:09,717 - INFO - backend.app.services.order_service.GetOrders - (order_service.py:73) - Retrieved 1 orders.
2025-12-15 10:25:33,615 - INFO - backend.app.services.order_service.GetOrders - (order_service.py:65) - Getting orders: vendors=['Hillcrest Foods'], stores=['Bakery'], dates=None
2025-12-15 10:25:33,642 - INFO - backend.app.services.order_service.GetOrders - (order_service.py:73) - Retrieved 1 orders.
2025-12-15 10:26:18,625 - INFO - backend.app.services.order_service.GetOrders - (order_service.py:65) - Getting orders: vendors=['Hillcrest Dairy'], stores=['Bakery', 'Collegetown', 'Downtown', 'Easthill', 'Syracuse', 'Triphammer'], dates=None
2025-12-15 10:26:18,792 - INFO - backend.app.services.order_service.GetOrders - (order_service.py:73) - Retrieved 6 orders.
2025-12-15 10:26:57,162 - INFO - backend.app.services.order_service.GetOrders - (order_service.py:65) - Getting orders: vendors=['Hill & Markes'], stores=['Syracuse'], dates=None
2025-12-15 10:26:57,189 - INFO - backend.app.services.order_service.GetOrders - (order_service.py:73) - Retrieved 1 orders.
2025-12-15 13:08:13,258 - INFO - backend.app.services.order_service.GetOrders - (order_service.py:65) - Getting orders: vendors=['Lentz'], stores=['Bakery'], dates=None
2025-12-15 13:08:13,315 - INFO - backend.app.services.order_service.GetOrders - (order_service.py:73) - Retrieved 1 orders.
2025-12-15 13:17:42,458 - INFO - backend.app.services.order_service.GetOrders - (order_service.py:65) - Getting orders: vendors=['Johnston Paper'], stores=['Triphammer'], dates=None
2025-12-15 13:17:42,485 - INFO - backend.app.services.order_service.GetOrders - (order_service.py:73) - Retrieved 1 orders.
2025-12-15 13:18:40,355 - INFO - backend.app.services.order_service.GetOrders - (order_service.py:65) - Getting orders: vendors=['Hill & Markes'], stores=['Triphammer'], dates=None
2025-12-15 13:18:40,396 - INFO - backend.app.services.order_service.GetOrders - (order_service.py:73) - Retrieved 1 orders.
2025-12-15 13:24:20,448 - INFO - backend.app.services.order_service.GetOrders - (order_service.py:65) - Getting orders: vendors=['BALKAN BEVERAGE LLC'], stores=['Bakery'], dates=None
2025-12-15 13:24:20,494 - INFO - backend.app.services.order_service.GetOrders - (order_service.py:73) - Retrieved 1 orders.
2025-12-15 13:25:45,142 - INFO - backend.app.services.order_service.GetOrders - (order_service.py:65) - Getting orders: vendors=['Regional Distributors, Inc'], stores=['Triphammer'], dates=None
2025-12-15 13:25:45,164 - INFO - backend.app.services.order_service.GetOrders - (order_service.py:73) - Retrieved 0 orders.
2025-12-15 13:25:50,351 - INFO - backend.app.services.order_service.GetOrders - (order_service.py:65) - Getting orders: vendors=['Regional Distributors, Inc.'], stores=['Triphammer'], dates=None
2025-12-15 13:25:50,392 - INFO - backend.app.services.order_service.GetOrders - (order_service.py:73) - Retrieved 1 orders.
2025-12-15 13:28:00,715 - INFO - backend.app.services.order_service.GetOrders - (order_service.py:65) - Getting orders: vendors=['Regional Distributors, Inc.'], stores=['Downtown'], dates=None
2025-12-15 13:28:00,758 - INFO - backend.app.services.order_service.GetOrders - (order_service.py:73) - Retrieved 1 orders.
2025-12-15 13:28:56,348 - INFO - backend.app.services.order_service.GetOrders - (order_service.py:65) - Getting orders: vendors=['Regional Distributors, Inc.'], stores=['Easthill'], dates=None
2025-12-15 13:28:56,395 - INFO - backend.app.services.order_service.GetOrders - (order_service.py:73) - Retrieved 1 orders.
2025-12-15 13:44:35,909 - INFO - backend.app.services.order_service.GetOrders - (order_service.py:65) - Getting orders: vendors=['Regional Distributors, Inc.'], stores=['Collegetown'], dates=None
2025-12-15 13:44:35,960 - INFO - backend.app.services.order_service.GetOrders - (order_service.py:73) - Retrieved 1 orders.
2025-12-15 13:46:00,262 - INFO - backend.app.services.order_service.GetOrders - (order_service.py:65) - Getting orders: vendors=['Regional Distributors, Inc.'], stores=['Bakery'], dates=None
2025-12-15 13:46:00,326 - INFO - backend.app.services.order_service.GetOrders - (order_service.py:73) - Retrieved 1 orders.
2025-12-15 13:51:31,440 - INFO - backend.app.services.order_service.GetOrders - (order_service.py:65) - Getting orders: vendors=['Russo Produce'], stores=['Bakery', 'Collegetown', 'Downtown', 'Easthill', 'Syracuse', 'Triphammer'], dates=None
2025-12-15 13:51:31,587 - INFO - backend.app.services.order_service.GetOrders - (order_service.py:73) - Retrieved 1 orders.
2025-12-16 06:28:57,290 - INFO - backend.app.services.order_service.GetOrders - (order_service.py:65) - Getting orders: vendors=['Webstaurant'], stores=['Bakery', 'Collegetown', 'Downtown', 'Easthill', 'Syracuse', 'Triphammer'], dates=None
2025-12-16 06:28:57,536 - INFO - backend.app.services.order_service.GetOrders - (order_service.py:73) - Retrieved 2 orders.
2025-12-16 06:29:14,943 - INFO - backend.app.services.order_service.GetOrders - (order_service.py:65) - Getting orders: vendors=['Webstaurant'], stores=['Bakery'], dates=None
2025-12-16 06:29:14,969 - INFO - backend.app.services.order_service.GetOrders - (order_service.py:73) - Retrieved 1 orders.
2025-12-16 06:32:45,449 - INFO - backend.app.services.order_service.GetOrders - (order_service.py:65) - Getting orders: vendors=['Webstaurant'], stores=['Triphammer'], dates=None
2025-12-16 06:32:45,484 - INFO - backend.app.services.order_service.GetOrders - (order_service.py:73) - Retrieved 1 orders.
2025-12-16 09:28:20,783 - INFO - backend.app.services.order_service.GetOrders - (order_service.py:65) - Getting orders: vendors=['Hill & Markes'], stores=['Bakery', 'Collegetown', 'Downtown', 'Easthill', 'Syracuse', 'Triphammer'], dates=None
2025-12-16 09:28:21,002 - INFO - backend.app.services.order_service.GetOrders - (order_service.py:73) - Retrieved 6 orders.
2025-12-16 09:29:04,744 - INFO - backend.app.services.order_service.GetOrders - (order_service.py:65) - Getting orders: vendors=['Hill & Markes'], stores=['Bakery', 'Collegetown', 'Downtown', 'Easthill', 'Syracuse', 'Triphammer'], dates=None
2025-12-16 09:29:04,891 - INFO - backend.app.services.order_service.GetOrders - (order_service.py:73) - Retrieved 6 orders.
2025-12-16 09:29:21,286 - INFO - backend.app.services.order_service.GetOrders - (order_service.py:65) - Getting orders: vendors=['Hill & Markes'], stores=['Collegetown'], dates=None
2025-12-16 09:29:21,312 - INFO - backend.app.services.order_service.GetOrders - (order_service.py:73) - Retrieved 1 orders.
2025-12-16 09:33:08,594 - INFO - backend.app.services.order_service.GetOrders - (order_service.py:65) - Getting orders: vendors=['Hill & Markes'], stores=['Triphammer'], dates=None
2025-12-16 09:33:08,620 - INFO - backend.app.services.order_service.GetOrders - (order_service.py:73) - Retrieved 1 orders.
2025-12-16 09:43:15,700 - INFO - backend.app.services.order_service.GetOrders - (order_service.py:65) - Getting orders: vendors=['Hill & Markes'], stores=['Easthill'], dates=None
2025-12-16 09:43:15,727 - INFO - backend.app.services.order_service.GetOrders - (order_service.py:73) - Retrieved 1 orders.
2025-12-16 09:44:06,085 - INFO - backend.app.services.order_service.GetOrders - (order_service.py:65) - Getting orders: vendors=['Hill & Markes'], stores=['Downtown'], dates=None
2025-12-16 09:44:06,111 - INFO - backend.app.services.order_service.GetOrders - (order_service.py:73) - Retrieved 1 orders.
2025-12-16 09:46:07,831 - INFO - backend.app.services.order_service.GetOrders - (order_service.py:65) - Getting orders: vendors=None, stores=['Bakery'], dates=None
2025-12-16 09:48:12,601 - INFO - backend.app.services.order_service.GetOrders - (order_service.py:65) - Getting orders: vendors=['Hill & Markes'], stores=['Bakery'], dates=None
2025-12-16 09:48:12,627 - INFO - backend.app.services.order_service.GetOrders - (order_service.py:73) - Retrieved 1 orders.
2025-12-16 09:48:55,746 - INFO - backend.app.services.order_service.GetOrders - (order_service.py:65) - Getting orders: vendors=['Hill & Markes'], stores=['Triphammer'], dates=None
2025-12-16 09:48:55,774 - INFO - backend.app.services.order_service.GetOrders - (order_service.py:73) - Retrieved 1 orders.
2025-12-16 10:56:48,864 - INFO - backend.app.services.order_service.GetOrders - (order_service.py:65) - Getting orders: vendors=['Johnston Paper'], stores=['Bakery', 'Collegetown', 'Downtown', 'Easthill', 'Syracuse', 'Triphammer'], dates=None
2025-12-16 10:56:49,070 - INFO - backend.app.services.order_service.GetOrders - (order_service.py:73) - Retrieved 5 orders.
2025-12-16 10:57:26,566 - INFO - backend.app.services.order_service.GetOrders - (order_service.py:65) - Getting orders: vendors=['Johnston Paper'], stores=['Triphammer'], dates=None
2025-12-16 10:57:26,591 - INFO - backend.app.services.order_service.GetOrders - (order_service.py:73) - Retrieved 1 orders.
2025-12-16 10:58:41,015 - INFO - backend.app.services.order_service.GetOrders - (order_service.py:65) - Getting orders: vendors=['Johnston Paper'], stores=['Syracuse'], dates=None
2025-12-16 10:58:41,042 - INFO - backend.app.services.order_service.GetOrders - (order_service.py:73) - Retrieved 1 orders.
2025-12-16 10:59:14,456 - INFO - backend.app.services.order_service.GetOrders - (order_service.py:65) - Getting orders: vendors=['Johnston Paper'], stores=['Easthill'], dates=None
2025-12-16 10:59:14,481 - INFO - backend.app.services.order_service.GetOrders - (order_service.py:73) - Retrieved 1 orders.
2025-12-16 10:59:49,321 - INFO - backend.app.services.order_service.GetOrders - (order_service.py:65) - Getting orders: vendors=['Johnston Paper'], stores=['Collegetown'], dates=None
2025-12-16 10:59:49,346 - INFO - backend.app.services.order_service.GetOrders - (order_service.py:73) - Retrieved 1 orders.
2025-12-16 11:00:43,753 - INFO - backend.app.services.order_service.GetOrders - (order_service.py:65) - Getting orders: vendors=['Johnston Paper'], stores=['Bakery'], dates=None
2025-12-16 11:00:43,779 - INFO - backend.app.services.order_service.GetOrders - (order_service.py:73) - Retrieved 1 orders.
2025-12-16 11:03:22,902 - INFO - backend.app.services.order_service.GetOrders - (order_service.py:65) - Getting orders: vendors=['Peters Supply', 'SANICO'], stores=['Bakery', 'Collegetown', 'Downtown', 'Easthill', 'Syracuse', 'Triphammer'], dates=None
2025-12-16 11:03:23,260 - INFO - backend.app.services.order_service.GetOrders - (order_service.py:73) - Retrieved 7 orders.
2025-12-16 11:03:53,334 - INFO - backend.app.services.order_service.GetOrders - (order_service.py:65) - Getting orders: vendors=['Peters Supply'], stores=['Bakery', 'Collegetown', 'Downtown', 'Easthill', 'Syracuse', 'Triphammer'], dates=None
2025-12-16 11:03:53,474 - INFO - backend.app.services.order_service.GetOrders - (order_service.py:73) - Retrieved 5 orders.
2025-12-16 11:04:08,149 - INFO - backend.app.services.order_service.GetOrders - (order_service.py:65) - Getting orders: vendors=['SANICO'], stores=['Bakery', 'Collegetown', 'Downtown', 'Easthill', 'Syracuse', 'Triphammer'], dates=None
2025-12-16 11:04:08,280 - INFO - backend.app.services.order_service.GetOrders - (order_service.py:73) - Retrieved 2 orders.
2025-12-16 11:04:21,909 - INFO - backend.app.services.order_service.GetOrders - (order_service.py:65) - Getting orders: vendors=['SANICO'], stores=['Triphammer'], dates=None
2025-12-16 11:04:21,934 - INFO - backend.app.services.order_service.GetOrders - (order_service.py:73) - Retrieved 1 orders.
2025-12-16 11:52:15,425 - INFO - backend.app.services.order_service.GetOrders - (order_service.py:65) - Getting orders: vendors=['Ithaca Bakery'], stores=['Collegetown'], dates=None
2025-12-16 11:52:15,469 - INFO - backend.app.services.order_service.GetOrders - (order_service.py:73) - Retrieved 1 orders.
2025-12-16 11:52:18,049 - INFO - backend.app.services.order_service.GetOrders - (order_service.py:65) - Getting orders: vendors=['Ithaca Bakery'], stores=['Easthill'], dates=None
2025-12-16 11:52:18,090 - INFO - backend.app.services.order_service.GetOrders - (order_service.py:73) - Retrieved 1 orders.
2025-12-16 11:52:20,729 - INFO - backend.app.services.order_service.GetOrders - (order_service.py:65) - Getting orders: vendors=['Ithaca Bakery'], stores=['Downtown'], dates=None
2025-12-16 11:52:20,769 - INFO - backend.app.services.order_service.GetOrders - (order_service.py:73) - Retrieved 1 orders.
2025-12-16 11:52:23,265 - INFO - backend.app.services.order_service.GetOrders - (order_service.py:65) - Getting orders: vendors=['Ithaca Bakery'], stores=['Triphammer'], dates=None
2025-12-16 11:52:23,305 - INFO - backend.app.services.order_service.GetOrders - (order_service.py:73) - Retrieved 1 orders.
2025-12-17 06:30:36,275 - INFO - backend.app.services.order_service.GetOrders - (order_service.py:65) - Getting orders: vendors=['A.L. George', 'BALKAN BEVERAGE LLC', "BJ's", "Bo's Bones", 'Coca-Cola', 'Coffee Depot LLC', 'Copper Horse Coffee', 'DUTCH VALLEY FOOD DIST', 'Dawn', 'Equal Exchange', 'Farmer Ground Flour', 'Finger Lakes Coffee Roasters', 'FingerLakes Farms', "Grandma's Coffee Cakes", 'Harney and Sons Tea', 'Hill & Markes', 'Hillcrest Dairy', 'Hillcrest Foods', 'Ithaca Bakery', 'Johnston Paper', 'KEHE DISTRIBUTORS', "Keck's Food Service", 'Kwik Lok', 'Lentz', 'Motherworks,LLC', 'Nuts.com', 'Odeko In.', 'Paper Rolls .com', 'Pepsi', 'Performance Food', 'Peters Supply', 'Regional Access Inc', 'Regional Distributors, Inc.', 'Russo Produce', 'SANICO', "Sweet Sam's Baking Company, LLC", 'Sysco', 'ULINE', 'UNFI', 'US Foods', 'Vegan Epicure', 'Webstaurant', 'Worlds Best Cheeses'], stores=['Bakery', 'Collegetown', 'Downtown', 'Easthill', 'Syracuse', 'Triphammer'], dates=None
2025-12-17 06:30:42,293 - INFO - backend.app.services.order_service.GetOrders - (order_service.py:73) - Retrieved 103 orders.
2025-12-17 07:30:01,744 - INFO - backend.app.services.order_service.GetOrders - (order_service.py:65) - Getting orders: vendors=['DUTCH VALLEY FOOD DIST'], stores=['Bakery', 'Collegetown', 'Downtown', 'Easthill', 'Syracuse', 'Triphammer'], dates=None
2025-12-17 07:30:01,793 - INFO - backend.app.services.order_service.GetOrders - (order_service.py:73) - Retrieved 1 orders.
2025-12-17 07:31:12,225 - INFO - backend.app.services.order_service.GetOrders - (order_service.py:65) - Getting orders: vendors=['FingerLakes Farms'], stores=['Bakery', 'Collegetown', 'Downtown', 'Easthill', 'Syracuse', 'Triphammer'], dates=None
2025-12-17 07:31:12,273 - INFO - backend.app.services.order_service.GetOrders - (order_service.py:73) - Retrieved 1 orders.
2025-12-17 07:38:56,102 - INFO - backend.app.services.order_service.GetOrders - (order_service.py:65) - Getting orders: vendors=['A.L. George', 'BALKAN BEVERAGE LLC', "BJ's", "Bo's Bones", 'Coca-Cola', 'Coffee Depot LLC', 'Copper Horse Coffee', 'DUTCH VALLEY FOOD DIST', 'Dawn', 'Equal Exchange', 'Farmer Ground Flour', 'Finger Lakes Coffee Roasters', 'FingerLakes Farms', "Grandma's Coffee Cakes", 'Harney and Sons Tea', 'Hill & Markes', 'Hillcrest Dairy', 'Hillcrest Foods', 'Ithaca Bakery', 'Johnston Paper', 'KEHE DISTRIBUTORS', "Keck's Food Service", 'Kwik Lok', 'Lentz', 'Motherworks,LLC', 'Nuts.com', 'Odeko In.', 'Paper Rolls .com', 'Pepsi', 'Performance Food', 'Peters Supply', 'Regional Access Inc', 'Regional Distributors, Inc.', 'Russo Produce', 'SANICO', "Sweet Sam's Baking Company, LLC", 'Sysco', 'ULINE', 'UNFI', 'US Foods', 'Vegan Epicure', 'Webstaurant', 'Worlds Best Cheeses'], stores=['Bakery'], dates=None
2025-12-17 07:38:56,409 - INFO - backend.app.services.order_service.GetOrders - (order_service.py:73) - Retrieved 2 orders.
2025-12-17 07:41:52,813 - INFO - backend.app.services.order_service.GetOrders - (order_service.py:65) - Getting orders: vendors=['A.L. George', 'BALKAN BEVERAGE LLC', "BJ's", "Bo's Bones", 'Coca-Cola', 'Coffee Depot LLC', 'Copper Horse Coffee', 'DUTCH VALLEY FOOD DIST', 'Dawn', 'Equal Exchange', 'Farmer Ground Flour', 'Finger Lakes Coffee Roasters', 'FingerLakes Farms', "Grandma's Coffee Cakes", 'Harney and Sons Tea', 'Hill & Markes', 'Hillcrest Dairy', 'Hillcrest Foods', 'Ithaca Bakery', 'Johnston Paper', 'KEHE DISTRIBUTORS', "Keck's Food Service", 'Kwik Lok', 'Lentz', 'Motherworks,LLC', 'Nuts.com', 'Odeko In.', 'Paper Rolls .com', 'Pepsi', 'Performance Food', 'Peters Supply', 'Regional Access Inc', 'Regional Distributors, Inc.', 'Russo Produce', 'SANICO', "Sweet Sam's Baking Company, LLC", 'Sysco', 'ULINE', 'UNFI', 'US Foods', 'Vegan Epicure', 'Webstaurant', 'Worlds Best Cheeses'], stores=['Bakery', 'Collegetown', 'Downtown', 'Easthill', 'Syracuse', 'Triphammer'], dates=None
2025-12-17 07:41:54,599 - INFO - backend.app.services.order_service.GetOrders - (order_service.py:73) - Retrieved 2 orders.
2025-12-17 07:41:56,150 - INFO - backend.app.services.order_service.GetOrders - (order_service.py:65) - Getting orders: vendors=['A.L. George', 'BALKAN BEVERAGE LLC', "BJ's", "Bo's Bones", 'Coca-Cola', 'Coffee Depot LLC', 'Copper Horse Coffee', 'DUTCH VALLEY FOOD DIST', 'Dawn', 'Equal Exchange', 'Farmer Ground Flour', 'Finger Lakes Coffee Roasters', 'FingerLakes Farms', "Grandma's Coffee Cakes", 'Harney and Sons Tea', 'Hill & Markes', 'Hillcrest Dairy', 'Hillcrest Foods', 'Ithaca Bakery', 'Johnston Paper', 'KEHE DISTRIBUTORS', "Keck's Food Service", 'Kwik Lok', 'Lentz', 'Motherworks,LLC', 'Nuts.com', 'Odeko In.', 'Paper Rolls .com', 'Pepsi', 'Performance Food', 'Peters Supply', 'Regional Access Inc', 'Regional Distributors, Inc.', 'Russo Produce', 'SANICO', "Sweet Sam's Baking Company, LLC", 'Sysco', 'ULINE', 'UNFI', 'US Foods', 'Vegan Epicure', 'Webstaurant', 'Worlds Best Cheeses'], stores=['Bakery'], dates=None
2025-12-17 07:41:56,434 - INFO - backend.app.services.order_service.GetOrders - (order_service.py:73) - Retrieved 0 orders.
2025-12-17 07:41:59,597 - INFO - backend.app.services.order_service.GetOrders - (order_service.py:65) - Getting orders: vendors=['A.L. George', 'BALKAN BEVERAGE LLC', "BJ's", "Bo's Bones", 'Coca-Cola', 'Coffee Depot LLC', 'Copper Horse Coffee', 'DUTCH VALLEY FOOD DIST', 'Dawn', 'Equal Exchange', 'Farmer Ground Flour', 'Finger Lakes Coffee Roasters', 'FingerLakes Farms', "Grandma's Coffee Cakes", 'Harney and Sons Tea', 'Hill & Markes', 'Hillcrest Dairy', 'Hillcrest Foods', 'Ithaca Bakery', 'Johnston Paper', 'KEHE DISTRIBUTORS', "Keck's Food Service", 'Kwik Lok', 'Lentz', 'Motherworks,LLC', 'Nuts.com', 'Odeko In.', 'Paper Rolls .com', 'Pepsi', 'Performance Food', 'Peters Supply', 'Regional Access Inc', 'Regional Distributors, Inc.', 'Russo Produce', 'SANICO', "Sweet Sam's Baking Company, LLC", 'Sysco', 'ULINE', 'UNFI', 'US Foods', 'Vegan Epicure', 'Webstaurant', 'Worlds Best Cheeses'], stores=['Triphammer'], dates=None
2025-12-17 07:41:59,885 - INFO - backend.app.services.order_service.GetOrders - (order_service.py:73) - Retrieved 0 orders.
2025-12-17 07:42:02,566 - INFO - backend.app.services.order_service.GetOrders - (order_service.py:65) - Getting orders: vendors=['A.L. George', 'BALKAN BEVERAGE LLC', "BJ's", "Bo's Bones", 'Coca-Cola', 'Coffee Depot LLC', 'Copper Horse Coffee', 'DUTCH VALLEY FOOD DIST', 'Dawn', 'Equal Exchange', 'Farmer Ground Flour', 'Finger Lakes Coffee Roasters', 'FingerLakes Farms', "Grandma's Coffee Cakes", 'Harney and Sons Tea', 'Hill & Markes', 'Hillcrest Dairy', 'Hillcrest Foods', 'Ithaca Bakery', 'Johnston Paper', 'KEHE DISTRIBUTORS', "Keck's Food Service", 'Kwik Lok', 'Lentz', 'Motherworks,LLC', 'Nuts.com', 'Odeko In.', 'Paper Rolls .com', 'Pepsi', 'Performance Food', 'Peters Supply', 'Regional Access Inc', 'Regional Distributors, Inc.', 'Russo Produce', 'SANICO', "Sweet Sam's Baking Company, LLC", 'Sysco', 'ULINE', 'UNFI', 'US Foods', 'Vegan Epicure', 'Webstaurant', 'Worlds Best Cheeses'], stores=['Easthill'], dates=None
2025-12-17 07:42:02,848 - INFO - backend.app.services.order_service.GetOrders - (order_service.py:73) - Retrieved 0 orders.
2025-12-17 07:42:05,653 - INFO - backend.app.services.order_service.GetOrders - (order_service.py:65) - Getting orders: vendors=['A.L. George', 'BALKAN BEVERAGE LLC', "BJ's", "Bo's Bones", 'Coca-Cola', 'Coffee Depot LLC', 'Copper Horse Coffee', 'DUTCH VALLEY FOOD DIST', 'Dawn', 'Equal Exchange', 'Farmer Ground Flour', 'Finger Lakes Coffee Roasters', 'FingerLakes Farms', "Grandma's Coffee Cakes", 'Harney and Sons Tea', 'Hill & Markes', 'Hillcrest Dairy', 'Hillcrest Foods', 'Ithaca Bakery', 'Johnston Paper', 'KEHE DISTRIBUTORS', "Keck's Food Service", 'Kwik Lok', 'Lentz', 'Motherworks,LLC', 'Nuts.com', 'Odeko In.', 'Paper Rolls .com', 'Pepsi', 'Performance Food', 'Peters Supply', 'Regional Access Inc', 'Regional Distributors, Inc.', 'Russo Produce', 'SANICO', "Sweet Sam's Baking Company, LLC", 'Sysco', 'ULINE', 'UNFI', 'US Foods', 'Vegan Epicure', 'Webstaurant', 'Worlds Best Cheeses'], stores=['Downtown'], dates=None
2025-12-17 07:42:05,936 - INFO - backend.app.services.order_service.GetOrders - (order_service.py:73) - Retrieved 0 orders.
2025-12-17 07:42:11,477 - INFO - backend.app.services.order_service.GetOrders - (order_service.py:65) - Getting orders: vendors=['A.L. George', 'BALKAN BEVERAGE LLC', "BJ's", "Bo's Bones", 'Coca-Cola', 'Coffee Depot LLC', 'Copper Horse Coffee', 'DUTCH VALLEY FOOD DIST', 'Dawn', 'Equal Exchange', 'Farmer Ground Flour', 'Finger Lakes Coffee Roasters', 'FingerLakes Farms', "Grandma's Coffee Cakes", 'Harney and Sons Tea', 'Hill & Markes', 'Hillcrest Dairy', 'Hillcrest Foods', 'Ithaca Bakery', 'Johnston Paper', 'KEHE DISTRIBUTORS', "Keck's Food Service", 'Kwik Lok', 'Lentz', 'Motherworks,LLC', 'Nuts.com', 'Odeko In.', 'Paper Rolls .com', 'Pepsi', 'Performance Food', 'Peters Supply', 'Regional Access Inc', 'Regional Distributors, Inc.', 'Russo Produce', 'SANICO', "Sweet Sam's Baking Company, LLC", 'Sysco', 'ULINE', 'UNFI', 'US Foods', 'Vegan Epicure', 'Webstaurant', 'Worlds Best Cheeses'], stores=['Collegetown'], dates=None
2025-12-17 07:42:11,759 - INFO - backend.app.services.order_service.GetOrders - (order_service.py:73) - Retrieved 0 orders.
2025-12-17 07:52:20,227 - INFO - backend.app.services.order_service.GetOrders - (order_service.py:65) - Getting orders: vendors=['A.L. George', 'BALKAN BEVERAGE LLC', "BJ's", "Bo's Bones", 'Coca-Cola', 'Coffee Depot LLC', 'Copper Horse Coffee', 'DUTCH VALLEY FOOD DIST', 'Dawn', 'Equal Exchange', 'Farmer Ground Flour', 'Finger Lakes Coffee Roasters', 'FingerLakes Farms', "Grandma's Coffee Cakes", 'Harney and Sons Tea', 'Hill & Markes', 'Hillcrest Dairy', 'Hillcrest Foods', 'Ithaca Bakery', 'Johnston Paper', 'KEHE DISTRIBUTORS', "Keck's Food Service", 'Kwik Lok', 'Lentz', 'Motherworks,LLC', 'Nuts.com', 'Odeko In.', 'Paper Rolls .com', 'Pepsi', 'Performance Food', 'Peters Supply', 'Regional Access Inc', 'Regional Distributors, Inc.', 'Russo Produce', 'SANICO', "Sweet Sam's Baking Company, LLC", 'Sysco', 'ULINE', 'UNFI', 'US Foods', 'Vegan Epicure', 'Webstaurant', 'Worlds Best Cheeses'], stores=['Bakery', 'Collegetown', 'Downtown', 'Easthill', 'Syracuse', 'Triphammer'], dates=None
2025-12-17 07:52:21,918 - INFO - backend.app.services.order_service.GetOrders - (order_service.py:73) - Retrieved 0 orders.
2025-12-17 07:56:51,772 - INFO - backend.app.services.order_service.GetOrders - (order_service.py:65) - Getting orders: vendors=['A.L. George', 'BALKAN BEVERAGE LLC', "BJ's", "Bo's Bones", 'Coca-Cola', 'Coffee Depot LLC', 'Copper Horse Coffee', 'DUTCH VALLEY FOOD DIST', 'Dawn', 'Equal Exchange', 'Farmer Ground Flour', 'Finger Lakes Coffee Roasters', 'FingerLakes Farms', "Grandma's Coffee Cakes", 'Harney and Sons Tea', 'Hill & Markes', 'Hillcrest Dairy', 'Hillcrest Foods', 'Ithaca Bakery', 'Johnston Paper', 'KEHE DISTRIBUTORS', "Keck's Food Service", 'Kwik Lok', 'Lentz', 'Motherworks,LLC', 'Nuts.com', 'Odeko In.', 'Paper Rolls .com', 'Pepsi', 'Performance Food', 'Peters Supply', 'Regional Access Inc', 'Regional Distributors, Inc.', 'Russo Produce', 'SANICO', "Sweet Sam's Baking Company, LLC", 'Sysco', 'ULINE', 'UNFI', 'US Foods', 'Vegan Epicure', 'Webstaurant', 'Worlds Best Cheeses'], stores=['Bakery', 'Collegetown', 'Downtown', 'Easthill', 'Syracuse', 'Triphammer'], dates=None
2025-12-17 07:56:53,490 - INFO - backend.app.services.order_service.GetOrders - (order_service.py:73) - Retrieved 0 orders.
2025-12-17 08:01:15,883 - INFO - backend.app.services.order_service.GetOrders - (order_service.py:65) - Getting orders: vendors=['A.L. George', 'BALKAN BEVERAGE LLC', "BJ's", "Bo's Bones", 'Coca-Cola', 'Coffee Depot LLC', 'Copper Horse Coffee', 'DUTCH VALLEY FOOD DIST', 'Dawn', 'Equal Exchange', 'Farmer Ground Flour', 'Finger Lakes Coffee Roasters', 'FingerLakes Farms', "Grandma's Coffee Cakes", 'Harney and Sons Tea', 'Hill & Markes', 'Hillcrest Dairy', 'Hillcrest Foods', 'Ithaca Bakery', 'Johnston Paper', 'KEHE DISTRIBUTORS', "Keck's Food Service", 'Kwik Lok', 'Lentz', 'Motherworks,LLC', 'Nuts.com', 'Odeko In.', 'Paper Rolls .com', 'Pepsi', 'Performance Food', 'Peters Supply', 'Regional Access Inc', 'Regional Distributors, Inc.', 'Russo Produce', 'SANICO', "Sweet Sam's Baking Company, LLC", 'Sysco', 'ULINE', 'UNFI', 'US Foods', 'Vegan Epicure', 'Webstaurant', 'Worlds Best Cheeses'], stores=['Bakery', 'Collegetown', 'Downtown', 'Easthill', 'Syracuse', 'Triphammer'], dates=None
2025-12-17 08:01:18,028 - INFO - backend.app.services.order_service.GetOrders - (order_service.py:73) - Retrieved 11 orders.
2025-12-17 08:01:34,328 - INFO - backend.app.services.order_service.GetOrders - (order_service.py:65) - Getting orders: vendors=['A.L. George', 'BALKAN BEVERAGE LLC', "BJ's", "Bo's Bones", 'Coca-Cola', 'Coffee Depot LLC', 'Copper Horse Coffee', 'DUTCH VALLEY FOOD DIST', 'Dawn', 'Equal Exchange', 'Farmer Ground Flour', 'Finger Lakes Coffee Roasters', 'FingerLakes Farms', "Grandma's Coffee Cakes", 'Harney and Sons Tea', 'Hill & Markes', 'Hillcrest Dairy', 'Hillcrest Foods', 'Ithaca Bakery', 'Johnston Paper', 'KEHE DISTRIBUTORS', "Keck's Food Service", 'Kwik Lok', 'Lentz', 'Motherworks,LLC', 'Nuts.com', 'Odeko In.', 'Paper Rolls .com', 'Pepsi', 'Performance Food', 'Peters Supply', 'Regional Access Inc', 'Regional Distributors, Inc.', 'Russo Produce', 'SANICO', "Sweet Sam's Baking Company, LLC", 'Sysco', 'ULINE', 'UNFI', 'US Foods', 'Vegan Epicure', 'Webstaurant', 'Worlds Best Cheeses'], stores=['Bakery', 'Collegetown', 'Downtown', 'Easthill', 'Syracuse', 'Triphammer'], dates=None
2025-12-17 08:01:36,390 - INFO - backend.app.services.order_service.GetOrders - (order_service.py:73) - Retrieved 11 orders.
2025-12-17 08:01:51,533 - INFO - backend.app.services.order_service.GetOrders - (order_service.py:65) - Getting orders: vendors=['A.L. George', 'BALKAN BEVERAGE LLC', "BJ's", "Bo's Bones", 'Coca-Cola', 'Coffee Depot LLC', 'Copper Horse Coffee', 'DUTCH VALLEY FOOD DIST', 'Dawn', 'Equal Exchange', 'Farmer Ground Flour', 'Finger Lakes Coffee Roasters', 'FingerLakes Farms', "Grandma's Coffee Cakes", 'Harney and Sons Tea', 'Hill & Markes', 'Hillcrest Dairy', 'Hillcrest Foods', 'Ithaca Bakery', 'Johnston Paper', 'KEHE DISTRIBUTORS', "Keck's Food Service", 'Kwik Lok', 'Lentz', 'Motherworks,LLC', 'Nuts.com', 'Odeko In.', 'Paper Rolls .com', 'Pepsi', 'Performance Food', 'Peters Supply', 'Regional Access Inc', 'Regional Distributors, Inc.', 'Russo Produce', 'SANICO', "Sweet Sam's Baking Company, LLC", 'Sysco', 'ULINE', 'UNFI', 'US Foods', 'Vegan Epicure', 'Webstaurant', 'Worlds Best Cheeses'], stores=['Bakery', 'Collegetown', 'Downtown', 'Easthill', 'Syracuse', 'Triphammer'], dates=None
2025-12-17 08:01:53,593 - INFO - backend.app.services.order_service.GetOrders - (order_service.py:73) - Retrieved 11 orders.
2025-12-17 08:01:57,449 - INFO - backend.app.services.order_service.GetOrders - (order_service.py:65) - Getting orders: vendors=['A.L. George', 'BALKAN BEVERAGE LLC', "BJ's", "Bo's Bones", 'Coca-Cola', 'Coffee Depot LLC', 'Copper Horse Coffee', 'DUTCH VALLEY FOOD DIST', 'Dawn', 'Equal Exchange', 'Farmer Ground Flour', 'Finger Lakes Coffee Roasters', 'FingerLakes Farms', "Grandma's Coffee Cakes", 'Harney and Sons Tea', 'Hill & Markes', 'Hillcrest Dairy', 'Hillcrest Foods', 'Ithaca Bakery', 'Johnston Paper', 'KEHE DISTRIBUTORS', "Keck's Food Service", 'Kwik Lok', 'Lentz', 'Motherworks,LLC', 'Nuts.com', 'Odeko In.', 'Paper Rolls .com', 'Pepsi', 'Performance Food', 'Peters Supply', 'Regional Access Inc', 'Regional Distributors, Inc.', 'Russo Produce', 'SANICO', "Sweet Sam's Baking Company, LLC", 'Sysco', 'ULINE', 'UNFI', 'US Foods', 'Vegan Epicure', 'Webstaurant', 'Worlds Best Cheeses'], stores=['Bakery', 'Collegetown', 'Downtown', 'Easthill', 'Syracuse', 'Triphammer'], dates=None
2025-12-17 08:01:59,127 - INFO - backend.app.services.order_service.GetOrders - (order_service.py:73) - Retrieved 0 orders.
2025-12-17 11:58:19,518 - INFO - backend.app.services.order_service.GetOrders - (order_service.py:65) - Getting orders: vendors=['Sysco', 'Performance Food', 'US Foods'], stores=['Bakery', 'Collegetown', 'Downtown', 'Easthill', 'Syracuse', 'Triphammer'], dates=None
2025-12-17 11:58:19,683 - INFO - backend.app.services.order_service.GetOrders - (order_service.py:73) - Retrieved 3 orders.
2025-12-17 11:58:48,838 - INFO - backend.app.services.order_service.GetOrders - (order_service.py:65) - Getting orders: vendors=['Sysco', 'Performance Food', 'US Foods'], stores=['Bakery', 'Collegetown', 'Downtown', 'Easthill', 'Syracuse', 'Triphammer'], dates=None
2025-12-17 11:58:48,993 - INFO - backend.app.services.order_service.GetOrders - (order_service.py:73) - Retrieved 3 orders.
2025-12-17 12:09:50,857 - INFO - backend.app.services.order_service.GetOrders - (order_service.py:65) - Getting orders: vendors=["Sweet Sam's Baking Company, LLC"], stores=['Bakery'], dates=None
2025-12-17 12:09:50,869 - INFO - backend.app.services.order_service.GetOrders - (order_service.py:73) - Retrieved 1 orders.
2025-12-17 12:14:06,355 - INFO - backend.app.services.order_service.GetOrders - (order_service.py:65) - Getting orders: vendors=["Sweet Sam's Baking Company, LLC"], stores=['Bakery'], dates=None
2025-12-17 12:14:06,370 - INFO - backend.app.services.order_service.GetOrders - (order_service.py:73) - Retrieved 1 orders.
2025-12-17 13:44:46,895 - INFO - backend.app.services.order_service.GetOrders - (order_service.py:65) - Getting orders: vendors=['Sysco', 'Performance Food', 'US Foods'], stores=['Collegetown'], dates=None
2025-12-17 13:44:46,985 - INFO - backend.app.services.order_service.GetOrders - (order_service.py:73) - Retrieved 3 orders.
2025-12-17 13:57:08,537 - INFO - backend.app.services.order_service.GetOrders - (order_service.py:65) - Getting orders: vendors=['Sysco', 'Performance Food', 'US Foods'], stores=['Triphammer'], dates=None
2025-12-17 13:57:08,619 - INFO - backend.app.services.order_service.GetOrders - (order_service.py:73) - Retrieved 3 orders.
2025-12-17 13:57:21,537 - INFO - backend.app.services.order_service.GetOrders - (order_service.py:65) - Getting orders: vendors=['FingerLakes Farms'], stores=['Bakery', 'Collegetown', 'Downtown', 'Easthill', 'Syracuse', 'Triphammer'], dates=None
2025-12-17 13:57:21,626 - INFO - backend.app.services.order_service.GetOrders - (order_service.py:73) - Retrieved 2 orders.
2025-12-17 14:04:18,074 - INFO - backend.app.services.order_service.GetOrders - (order_service.py:65) - Getting orders: vendors=['Russo Produce'], stores=['Bakery', 'Collegetown', 'Downtown', 'Easthill', 'Syracuse', 'Triphammer'], dates=None
2025-12-17 14:04:18,151 - INFO - backend.app.services.order_service.GetOrders - (order_service.py:73) - Retrieved 1 orders.
2025-12-20 05:37:24,565 - INFO - backend.app.services.order_service.GetOrders - (order_service.py:65) - Getting orders: vendors=['A.L. George', 'BALKAN BEVERAGE LLC', "BJ's", "Bo's Bones", 'Coca-Cola', 'Coffee Depot LLC', 'Copper Horse Coffee', 'DUTCH VALLEY FOOD DIST', 'Dawn', 'Equal Exchange', 'Farmer Ground Flour', 'Finger Lakes Coffee Roasters', 'FingerLakes Farms', "Grandma's Coffee Cakes", 'Harney and Sons Tea', 'Hill & Markes', 'Hillcrest Dairy', 'Hillcrest Foods', 'Ithaca Bakery', 'Johnston Paper', 'KEHE DISTRIBUTORS', "Keck's Food Service", 'Kwik Lok', 'Lentz', 'Motherworks,LLC', 'Nuts.com', 'Odeko In.', 'Paper Rolls .com', 'Pepsi', 'Performance Food', 'Peters Supply', 'Regional Access Inc', 'Regional Distributors, Inc.', 'Russo Produce', 'SANICO', "Sweet Sam's Baking Company, LLC", 'Sysco', 'ULINE', 'UNFI', 'US Foods', 'Vegan Epicure', 'Webstaurant', 'Worlds Best Cheeses'], stores=['Bakery', 'Collegetown', 'Downtown', 'Easthill', 'Syracuse', 'Triphammer'], dates=None
2025-12-20 05:37:27,334 - INFO - backend.app.services.order_service.GetOrders - (order_service.py:73) - Retrieved 17 orders.
2025-12-20 05:38:34,952 - INFO - backend.app.services.order_service.GetOrders - (order_service.py:65) - Getting orders: vendors=['UNFI'], stores=['Bakery', 'Collegetown', 'Downtown', 'Easthill', 'Syracuse', 'Triphammer'], dates=None
2025-12-20 05:38:35,172 - INFO - backend.app.services.order_service.GetOrders - (order_service.py:73) - Retrieved 4 orders.
2025-12-21 06:27:09,641 - INFO - backend.app.services.order_service.GetOrders - (order_service.py:65) - Getting orders: vendors=['A.L. George', 'BALKAN BEVERAGE LLC', "BJ's", "Bo's Bones", 'Coca-Cola', 'Coffee Depot LLC', 'Copper Horse Coffee', 'DUTCH VALLEY FOOD DIST', 'Dawn', 'Equal Exchange', 'Farmer Ground Flour', 'Finger Lakes Coffee Roasters', 'FingerLakes Farms', "Grandma's Coffee Cakes", 'Harney and Sons Tea', 'Hill & Markes', 'Hillcrest Dairy', 'Hillcrest Foods', 'Ithaca Bakery', 'Johnston Paper', 'KEHE DISTRIBUTORS', "Keck's Food Service", 'Kwik Lok', 'Lentz', 'Motherworks,LLC', 'Nuts.com', 'Odeko In.', 'Paper Rolls .com', 'Pepsi', 'Performance Food', 'Peters Supply', 'Regional Access Inc', 'Regional Distributors, Inc.', 'Russo Produce', 'SANICO', "Sweet Sam's Baking Company, LLC", 'Sysco', 'ULINE', 'UNFI', 'US Foods', 'Vegan Epicure', 'Webstaurant', 'Worlds Best Cheeses'], stores=['Bakery', 'Collegetown', 'Downtown', 'Easthill', 'Syracuse', 'Triphammer'], dates=None
2025-12-21 06:27:11,667 - INFO - backend.app.services.order_service.GetOrders - (order_service.py:73) - Retrieved 4 orders.
2025-12-21 10:14:04,005 - INFO - backend.app.services.order_service.GetOrders - (order_service.py:65) - Getting orders: vendors=['Hillcrest Dairy'], stores=['Bakery', 'Collegetown', 'Downtown', 'Easthill', 'Syracuse', 'Triphammer'], dates=None
2025-12-21 10:14:04,180 - INFO - backend.app.services.order_service.GetOrders - (order_service.py:73) - Retrieved 5 orders.
2025-12-21 10:15:52,051 - INFO - backend.app.services.order_service.GetOrders - (order_service.py:65) - Getting orders: vendors=['Hillcrest Dairy'], stores=['Triphammer'], dates=None
2025-12-21 10:15:52,074 - INFO - backend.app.services.order_service.GetOrders - (order_service.py:73) - Retrieved 1 orders.
2025-12-21 10:16:00,235 - INFO - backend.app.services.order_service.GetOrders - (order_service.py:65) - Getting orders: vendors=['Hillcrest Dairy'], stores=['Easthill'], dates=None
2025-12-21 10:16:00,257 - INFO - backend.app.services.order_service.GetOrders - (order_service.py:73) - Retrieved 1 orders.
2025-12-21 10:16:15,059 - INFO - backend.app.services.order_service.GetOrders - (order_service.py:65) - Getting orders: vendors=['Hillcrest Dairy'], stores=['Bakery'], dates=None
2025-12-21 10:16:15,081 - INFO - backend.app.services.order_service.GetOrders - (order_service.py:73) - Retrieved 1 orders.
2025-12-21 10:29:43,570 - INFO - backend.app.services.order_service.GetOrders - (order_service.py:65) - Getting orders: vendors=['Hillcrest Dairy'], stores=['Triphammer'], dates=None
2025-12-21 10:29:43,593 - INFO - backend.app.services.order_service.GetOrders - (order_service.py:73) - Retrieved 1 orders.
2025-12-21 10:32:25,237 - INFO - backend.app.services.order_service.GetOrders - (order_service.py:65) - Getting orders: vendors=['A.L. George', 'BALKAN BEVERAGE LLC', "BJ's", "Bo's Bones", 'Coca-Cola', 'Coffee Depot LLC', 'Copper Horse Coffee', 'DUTCH VALLEY FOOD DIST', 'Dawn', 'Equal Exchange', 'Farmer Ground Flour', 'Finger Lakes Coffee Roasters', 'FingerLakes Farms', "Grandma's Coffee Cakes", 'Harney and Sons Tea', 'Hill & Markes', 'Hillcrest Dairy', 'Hillcrest Foods', 'Ithaca Bakery', 'Johnston Paper', 'KEHE DISTRIBUTORS', "Keck's Food Service", 'Kwik Lok', 'Lentz', 'Motherworks,LLC', 'Nuts.com', 'Odeko In.', 'Paper Rolls .com', 'Pepsi', 'Performance Food', 'Peters Supply', 'Regional Access Inc', 'Regional Distributors, Inc.', 'Russo Produce', 'SANICO', "Sweet Sam's Baking Company, LLC", 'Sysco', 'ULINE', 'UNFI', 'US Foods', 'Vegan Epicure', 'Webstaurant', 'Worlds Best Cheeses'], stores=['Syracuse'], dates=None
2025-12-21 10:32:26,185 - INFO - backend.app.services.order_service.GetOrders - (order_service.py:73) - Retrieved 12 orders.
2025-12-21 10:35:31,539 - INFO - backend.app.services.order_service.GetOrders - (order_service.py:65) - Getting orders: vendors=['FingerLakes Farms'], stores=['Bakery', 'Collegetown', 'Downtown', 'Easthill', 'Syracuse', 'Triphammer'], dates=None
2025-12-21 10:35:31,724 - INFO - backend.app.services.order_service.GetOrders - (order_service.py:73) - Retrieved 5 orders.
2025-12-21 10:35:49,135 - INFO - backend.app.services.order_service.GetOrders - (order_service.py:65) - Getting orders: vendors=['A.L. George', 'BALKAN BEVERAGE LLC', "BJ's", "Bo's Bones", 'Coca-Cola', 'Coffee Depot LLC', 'Copper Horse Coffee', 'DUTCH VALLEY FOOD DIST', 'Dawn', 'Equal Exchange', 'Farmer Ground Flour', 'Finger Lakes Coffee Roasters', 'FingerLakes Farms', "Grandma's Coffee Cakes", 'Harney and Sons Tea', 'Hill & Markes', 'Hillcrest Dairy', 'Hillcrest Foods', 'Ithaca Bakery', 'Johnston Paper', 'KEHE DISTRIBUTORS', "Keck's Food Service", 'Kwik Lok', 'Lentz', 'Motherworks,LLC', 'Nuts.com', 'Odeko In.', 'Paper Rolls .com', 'Pepsi', 'Performance Food', 'Peters Supply', 'Regional Access Inc', 'Regional Distributors, Inc.', 'Russo Produce', 'SANICO', "Sweet Sam's Baking Company, LLC", 'Sysco', 'ULINE', 'UNFI', 'US Foods', 'Vegan Epicure', 'Webstaurant', 'Worlds Best Cheeses'], stores=['Collegetown'], dates=None
2025-12-21 10:35:49,884 - INFO - backend.app.services.order_service.GetOrders - (order_service.py:73) - Retrieved 5 orders.
2025-12-21 10:35:51,908 - INFO - backend.app.services.order_service.GetOrders - (order_service.py:65) - Getting orders: vendors=['FingerLakes Farms'], stores=['Bakery', 'Collegetown', 'Downtown', 'Easthill', 'Syracuse', 'Triphammer'], dates=None
2025-12-21 10:35:52,015 - INFO - backend.app.services.order_service.GetOrders - (order_service.py:73) - Retrieved 4 orders.
2025-12-21 13:07:53,063 - INFO - backend.app.services.order_service.GetOrders - (order_service.py:65) - Getting orders: vendors=['Equal Exchange', 'Copper Horse Coffee', 'Coffee Depot LLC', 'FingerLakes Farms'], stores=['Bakery', 'Collegetown', 'Downtown', 'Easthill', 'Syracuse', 'Triphammer'], dates=None
2025-12-21 13:07:53,676 - INFO - backend.app.services.order_service.GetOrders - (order_service.py:73) - Retrieved 18 orders.
2025-12-21 13:10:55,208 - INFO - backend.app.services.order_service.GetOrders - (order_service.py:65) - Getting orders: vendors=['Hillcrest Dairy'], stores=['Bakery', 'Collegetown', 'Downtown', 'Easthill', 'Syracuse', 'Triphammer'], dates=None
2025-12-21 13:10:55,319 - INFO - backend.app.services.order_service.GetOrders - (order_service.py:73) - Retrieved 4 orders.
2025-12-21 13:12:22,121 - INFO - backend.app.services.order_service.GetOrders - (order_service.py:65) - Getting orders: vendors=['Hillcrest Dairy'], stores=['Bakery', 'Collegetown', 'Downtown', 'Easthill', 'Syracuse', 'Triphammer'], dates=None
2025-12-21 13:12:22,246 - INFO - backend.app.services.order_service.GetOrders - (order_service.py:73) - Retrieved 4 orders.
2025-12-21 13:13:51,851 - INFO - backend.app.services.order_service.GetOrders - (order_service.py:65) - Getting orders: vendors=['Hillcrest Dairy'], stores=['Bakery', 'Collegetown', 'Downtown', 'Easthill', 'Syracuse', 'Triphammer'], dates=None
2025-12-21 13:13:51,973 - INFO - backend.app.services.order_service.GetOrders - (order_service.py:73) - Retrieved 4 orders.
2025-12-21 13:15:40,533 - INFO - backend.app.services.order_service.GetOrders - (order_service.py:65) - Getting orders: vendors=['Hillcrest Dairy'], stores=['Bakery', 'Collegetown', 'Downtown', 'Easthill', 'Syracuse', 'Triphammer'], dates=None
2025-12-21 13:15:40,671 - INFO - backend.app.services.order_service.GetOrders - (order_service.py:73) - Retrieved 4 orders.
2025-12-21 13:24:02,541 - INFO - backend.app.services.order_service.GetOrders - (order_service.py:65) - Getting orders: vendors=['Sysco', 'Performance Food', 'US Foods'], stores=['Bakery'], dates=None
2025-12-21 13:24:02,635 - INFO - backend.app.services.order_service.GetOrders - (order_service.py:73) - Retrieved 3 orders.
2025-12-21 13:24:52,366 - INFO - backend.app.services.order_service.GetOrders - (order_service.py:65) - Getting orders: vendors=['Performance Food'], stores=['Bakery'], dates=None
2025-12-21 13:24:52,392 - INFO - backend.app.services.order_service.GetOrders - (order_service.py:73) - Retrieved 1 orders.
2025-12-21 13:25:10,935 - INFO - backend.app.services.order_service.GetOrders - (order_service.py:65) - Getting orders: vendors=['Performance Food'], stores=['Bakery'], dates=None
2025-12-21 13:25:10,960 - INFO - backend.app.services.order_service.GetOrders - (order_service.py:73) - Retrieved 1 orders.
2025-12-21 13:26:11,129 - INFO - backend.app.services.order_service.GetOrders - (order_service.py:65) - Getting orders: vendors=['Performance Food'], stores=['Bakery'], dates=None
2025-12-21 13:26:11,156 - INFO - backend.app.services.order_service.GetOrders - (order_service.py:73) - Retrieved 1 orders.
2025-12-21 13:26:28,506 - INFO - backend.app.services.order_service.GetOrders - (order_service.py:65) - Getting orders: vendors=['A.L. George', 'BALKAN BEVERAGE LLC', "BJ's", "Bo's Bones", 'Coca-Cola', 'Coffee Depot LLC', 'Copper Horse Coffee', 'DUTCH VALLEY FOOD DIST', 'Dawn', 'Equal Exchange', 'Farmer Ground Flour', 'Finger Lakes Coffee Roasters', 'FingerLakes Farms', "Grandma's Coffee Cakes", 'Harney and Sons Tea', 'Hill & Markes', 'Hillcrest Dairy', 'Hillcrest Foods', 'Ithaca Bakery', 'Johnston Paper', 'KEHE DISTRIBUTORS', "Keck's Food Service", 'Kwik Lok', 'Lentz', 'Motherworks,LLC', 'Nuts.com', 'Odeko In.', 'Paper Rolls .com', 'Pepsi', 'Performance Food', 'Peters Supply', 'Regional Access Inc', 'Regional Distributors, Inc.', 'Russo Produce', 'SANICO', "Sweet Sam's Baking Company, LLC", 'Sysco', 'ULINE', 'UNFI', 'US Foods', 'Vegan Epicure', 'Webstaurant', 'Worlds Best Cheeses'], stores=['Bakery'], dates=None
2025-12-21 13:26:29,340 - INFO - backend.app.services.order_service.GetOrders - (order_service.py:73) - Retrieved 12 orders.
2025-12-21 13:26:40,883 - INFO - backend.app.services.order_service.GetOrders - (order_service.py:65) - Getting orders: vendors=['A.L. George', 'BALKAN BEVERAGE LLC', "BJ's", "Bo's Bones", 'Coca-Cola', 'Coffee Depot LLC', 'Copper Horse Coffee', 'DUTCH VALLEY FOOD DIST', 'Dawn', 'Equal Exchange', 'Farmer Ground Flour', 'Finger Lakes Coffee Roasters', 'FingerLakes Farms', "Grandma's Coffee Cakes", 'Harney and Sons Tea', 'Hill & Markes', 'Hillcrest Dairy', 'Hillcrest Foods', 'Ithaca Bakery', 'Johnston Paper', 'KEHE DISTRIBUTORS', "Keck's Food Service", 'Kwik Lok', 'Lentz', 'Motherworks,LLC', 'Nuts.com', 'Odeko In.', 'Paper Rolls .com', 'Pepsi', 'Performance Food', 'Peters Supply', 'Regional Access Inc', 'Regional Distributors, Inc.', 'Russo Produce', 'SANICO', "Sweet Sam's Baking Company, LLC", 'Sysco', 'ULINE', 'UNFI', 'US Foods', 'Vegan Epicure', 'Webstaurant', 'Worlds Best Cheeses'], stores=['Bakery'], dates=None
2025-12-21 13:26:41,535 - INFO - backend.app.services.order_service.GetOrders - (order_service.py:73) - Retrieved 1 orders.
2025-12-21 13:26:48,571 - INFO - backend.app.services.order_service.GetOrders - (order_service.py:65) - Getting orders: vendors=['A.L. George', 'BALKAN BEVERAGE LLC', "BJ's", "Bo's Bones", 'Coca-Cola', 'Coffee Depot LLC', 'Copper Horse Coffee', 'DUTCH VALLEY FOOD DIST', 'Dawn', 'Equal Exchange', 'Farmer Ground Flour', 'Finger Lakes Coffee Roasters', 'FingerLakes Farms', "Grandma's Coffee Cakes", 'Harney and Sons Tea', 'Hill & Markes', 'Hillcrest Dairy', 'Hillcrest Foods', 'Ithaca Bakery', 'Johnston Paper', 'KEHE DISTRIBUTORS', "Keck's Food Service", 'Kwik Lok', 'Lentz', 'Motherworks,LLC', 'Nuts.com', 'Odeko In.', 'Paper Rolls .com', 'Pepsi', 'Performance Food', 'Peters Supply', 'Regional Access Inc', 'Regional Distributors, Inc.', 'Russo Produce', 'SANICO', "Sweet Sam's Baking Company, LLC", 'Sysco', 'ULINE', 'UNFI', 'US Foods', 'Vegan Epicure', 'Webstaurant', 'Worlds Best Cheeses'], stores=['Bakery'], dates=None
2025-12-21 13:26:49,157 - INFO - backend.app.services.order_service.GetOrders - (order_service.py:73) - Retrieved 0 orders.
2025-12-21 13:26:49,176 - INFO - backend.app.services.order_service.GetOrders - (order_service.py:65) - Getting orders: vendors=['A.L. George', 'BALKAN BEVERAGE LLC', "BJ's", "Bo's Bones", 'Coca-Cola', 'Coffee Depot LLC', 'Copper Horse Coffee', 'DUTCH VALLEY FOOD DIST', 'Dawn', 'Equal Exchange', 'Farmer Ground Flour', 'Finger Lakes Coffee Roasters', 'FingerLakes Farms', "Grandma's Coffee Cakes", 'Harney and Sons Tea', 'Hill & Markes', 'Hillcrest Dairy', 'Hillcrest Foods', 'Ithaca Bakery', 'Johnston Paper', 'KEHE DISTRIBUTORS', "Keck's Food Service", 'Kwik Lok', 'Lentz', 'Motherworks,LLC', 'Nuts.com', 'Odeko In.', 'Paper Rolls .com', 'Pepsi', 'Performance Food', 'Peters Supply', 'Regional Access Inc', 'Regional Distributors, Inc.', 'Russo Produce', 'SANICO', "Sweet Sam's Baking Company, LLC", 'Sysco', 'ULINE', 'UNFI', 'US Foods', 'Vegan Epicure', 'Webstaurant', 'Worlds Best Cheeses'], stores=['Bakery'], dates=None
2025-12-21 13:26:49,773 - INFO - backend.app.services.order_service.GetOrders - (order_service.py:73) - Retrieved 0 orders.
2025-12-21 13:26:50,202 - INFO - backend.app.services.order_service.GetOrders - (order_service.py:65) - Getting orders: vendors=['A.L. George', 'BALKAN BEVERAGE LLC', "BJ's", "Bo's Bones", 'Coca-Cola', 'Coffee Depot LLC', 'Copper Horse Coffee', 'DUTCH VALLEY FOOD DIST', 'Dawn', 'Equal Exchange', 'Farmer Ground Flour', 'Finger Lakes Coffee Roasters', 'FingerLakes Farms', "Grandma's Coffee Cakes", 'Harney and Sons Tea', 'Hill & Markes', 'Hillcrest Dairy', 'Hillcrest Foods', 'Ithaca Bakery', 'Johnston Paper', 'KEHE DISTRIBUTORS', "Keck's Food Service", 'Kwik Lok', 'Lentz', 'Motherworks,LLC', 'Nuts.com', 'Odeko In.', 'Paper Rolls .com', 'Pepsi', 'Performance Food', 'Peters Supply', 'Regional Access Inc', 'Regional Distributors, Inc.', 'Russo Produce', 'SANICO', "Sweet Sam's Baking Company, LLC", 'Sysco', 'ULINE', 'UNFI', 'US Foods', 'Vegan Epicure', 'Webstaurant', 'Worlds Best Cheeses'], stores=['Bakery'], dates=None
2025-12-21 13:26:50,792 - INFO - backend.app.services.order_service.GetOrders - (order_service.py:73) - Retrieved 0 orders.
2025-12-21 13:26:50,890 - INFO - backend.app.services.order_service.GetOrders - (order_service.py:65) - Getting orders: vendors=['A.L. George', 'BALKAN BEVERAGE LLC', "BJ's", "Bo's Bones", 'Coca-Cola', 'Coffee Depot LLC', 'Copper Horse Coffee', 'DUTCH VALLEY FOOD DIST', 'Dawn', 'Equal Exchange', 'Farmer Ground Flour', 'Finger Lakes Coffee Roasters', 'FingerLakes Farms', "Grandma's Coffee Cakes", 'Harney and Sons Tea', 'Hill & Markes', 'Hillcrest Dairy', 'Hillcrest Foods', 'Ithaca Bakery', 'Johnston Paper', 'KEHE DISTRIBUTORS', "Keck's Food Service", 'Kwik Lok', 'Lentz', 'Motherworks,LLC', 'Nuts.com', 'Odeko In.', 'Paper Rolls .com', 'Pepsi', 'Performance Food', 'Peters Supply', 'Regional Access Inc', 'Regional Distributors, Inc.', 'Russo Produce', 'SANICO', "Sweet Sam's Baking Company, LLC", 'Sysco', 'ULINE', 'UNFI', 'US Foods', 'Vegan Epicure', 'Webstaurant', 'Worlds Best Cheeses'], stores=['Bakery'], dates=None
2025-12-21 13:26:51,477 - INFO - backend.app.services.order_service.GetOrders - (order_service.py:73) - Retrieved 0 orders.
2025-12-21 13:28:31,986 - INFO - backend.app.services.order_service.GetOrders - (order_service.py:65) - Getting orders: vendors=['Sysco', 'Performance Food', 'US Foods'], stores=['Bakery'], dates=None
2025-12-21 13:28:32,080 - INFO - backend.app.services.order_service.GetOrders - (order_service.py:73) - Retrieved 3 orders.
2025-12-22 13:56:02,202 - INFO - backend.app.services.order_service.GetOrders - (order_service.py:65) - Getting orders: vendors=['Russo Produce'], stores=['Bakery', 'Collegetown', 'Downtown', 'Easthill', 'Syracuse', 'Triphammer'], dates=None
2025-12-22 13:56:02,305 - INFO - backend.app.services.order_service.GetOrders - (order_service.py:73) - Retrieved 1 orders.
2025-12-23 07:47:00,153 - INFO - backend.app.services.order_service.GetOrders - (order_service.py:65) - Getting orders: vendors=['Hill & Markes'], stores=['Bakery', 'Collegetown', 'Downtown', 'Easthill', 'Syracuse', 'Triphammer'], dates=None
2025-12-23 07:47:00,341 - INFO - backend.app.services.order_service.GetOrders - (order_service.py:73) - Retrieved 5 orders.
2025-12-29 06:15:57,106 - INFO - backend.app.services.order_service.GetOrders - (order_service.py:65) - Getting orders: vendors=['Ithaca Bakery'], stores=['Bakery', 'Collegetown', 'Downtown', 'Easthill', 'Syracuse', 'Triphammer'], dates=None
2025-12-29 06:15:57,380 - INFO - backend.app.services.order_service.GetOrders - (order_service.py:73) - Retrieved 5 orders.
2025-12-29 06:16:41,959 - INFO - backend.app.services.order_service.GetOrders - (order_service.py:65) - Getting orders: vendors=['A.L. George', 'BALKAN BEVERAGE LLC', "BJ's", "Bo's Bones", 'Coca-Cola', 'Coffee Depot LLC', 'Copper Horse Coffee', 'DUTCH VALLEY FOOD DIST', 'Dawn', 'Equal Exchange', 'Farmer Ground Flour', 'Finger Lakes Coffee Roasters', 'FingerLakes Farms', "Grandma's Coffee Cakes", 'Harney and Sons Tea', 'Hill & Markes', 'Hillcrest Dairy', 'Hillcrest Foods', 'Ithaca Bakery', 'Johnston Paper', 'KEHE DISTRIBUTORS', "Keck's Food Service", 'Kwik Lok', 'Lentz', 'Motherworks,LLC', 'Nuts.com', 'Odeko In.', 'Paper Rolls .com', 'Pepsi', 'Performance Food', 'Peters Supply', 'Regional Access Inc', 'Regional Distributors, Inc.', 'Russo Produce', 'SANICO', "Sweet Sam's Baking Company, LLC", 'Sysco', 'ULINE', 'UNFI', 'US Foods', 'Vegan Epicure', 'Webstaurant', 'Worlds Best Cheeses'], stores=['Bakery', 'Collegetown', 'Downtown', 'Easthill', 'Syracuse', 'Triphammer'], dates=None
2025-12-29 06:16:50,671 - INFO - backend.app.services.order_service.GetOrders - (order_service.py:73) - Retrieved 84 orders.
2025-12-29 07:48:31,603 - INFO - backend.app.services.order_service.GetOrders - (order_service.py:65) - Getting orders: vendors=['Sysco', 'Performance Food', 'US Foods'], stores=['Bakery', 'Collegetown', 'Downtown', 'Easthill', 'Syracuse', 'Triphammer'], dates=None
2025-12-29 07:48:32,171 - INFO - backend.app.services.order_service.GetOrders - (order_service.py:73) - Retrieved 15 orders.
2025-12-29 07:49:06,324 - INFO - backend.app.services.order_service.GetOrders - (order_service.py:65) - Getting orders: vendors=['Performance Food'], stores=['Bakery', 'Collegetown', 'Downtown', 'Easthill', 'Syracuse', 'Triphammer'], dates=None
2025-12-29 07:49:06,486 - INFO - backend.app.services.order_service.GetOrders - (order_service.py:73) - Retrieved 5 orders.
2025-12-29 07:50:04,045 - INFO - backend.app.services.order_service.GetOrders - (order_service.py:65) - Getting orders: vendors=['US Foods'], stores=['Bakery', 'Collegetown', 'Downtown', 'Easthill', 'Syracuse', 'Triphammer'], dates=None
2025-12-29 07:50:04,175 - INFO - backend.app.services.order_service.GetOrders - (order_service.py:73) - Retrieved 5 orders.
2025-12-29 08:01:44,223 - INFO - backend.app.services.order_service.GetOrders - (order_service.py:65) - Getting orders: vendors=['FingerLakes Farms', 'Copper Horse Coffee', 'Equal Exchange', 'Coffee Depot LLC'], stores=['Bakery', 'Collegetown', 'Downtown', 'Easthill', 'Syracuse', 'Triphammer'], dates=None
2025-12-29 08:01:44,948 - INFO - backend.app.services.order_service.GetOrders - (order_service.py:73) - Retrieved 17 orders.
2025-12-29 08:04:56,793 - INFO - backend.app.services.order_service.GetOrders - (order_service.py:65) - Getting orders: vendors=['Lentz'], stores=['Bakery', 'Collegetown', 'Downtown', 'Easthill', 'Syracuse', 'Triphammer'], dates=None
2025-12-29 08:04:56,917 - INFO - backend.app.services.order_service.GetOrders - (order_service.py:73) - Retrieved 1 orders.
2025-12-29 08:05:06,895 - INFO - backend.app.services.order_service.GetOrders - (order_service.py:65) - Getting orders: vendors=['Lentz'], stores=['Bakery'], dates=None
2025-12-29 08:05:06,919 - INFO - backend.app.services.order_service.GetOrders - (order_service.py:73) - Retrieved 1 orders.
2025-12-29 08:08:02,635 - INFO - backend.app.services.order_service.GetOrders - (order_service.py:65) - Getting orders: vendors=['Webstaurant'], stores=['Bakery'], dates=None
2025-12-29 08:08:02,677 - INFO - backend.app.services.order_service.GetOrders - (order_service.py:73) - Retrieved 1 orders.
2025-12-29 13:53:57,930 - INFO - backend.app.services.order_service.GetOrders - (order_service.py:65) - Getting orders: vendors=['Johnston Paper'], stores=['Bakery', 'Collegetown', 'Downtown', 'Easthill', 'Syracuse', 'Triphammer'], dates=None
2025-12-29 13:53:58,163 - INFO - backend.app.services.order_service.GetOrders - (order_service.py:73) - Retrieved 3 orders.
2025-12-29 13:54:14,199 - INFO - backend.app.services.order_service.GetOrders - (order_service.py:65) - Getting orders: vendors=['Johnston Paper'], stores=['Downtown'], dates=None
2025-12-29 13:54:14,220 - INFO - backend.app.services.order_service.GetOrders - (order_service.py:73) - Retrieved 1 orders.
2025-12-29 13:54:18,631 - INFO - backend.app.services.order_service.GetOrders - (order_service.py:65) - Getting orders: vendors=['Johnston Paper'], stores=['Triphammer'], dates=None
2025-12-29 13:54:18,654 - INFO - backend.app.services.order_service.GetOrders - (order_service.py:73) - Retrieved 1 orders.
2025-12-29 14:13:20,323 - INFO - backend.app.services.order_service.GetOrders - (order_service.py:65) - Getting orders: vendors=['Regional Distributors, Inc.'], stores=['Bakery', 'Collegetown', 'Downtown', 'Easthill', 'Syracuse', 'Triphammer'], dates=None
2025-12-29 14:13:20,518 - INFO - backend.app.services.order_service.GetOrders - (order_service.py:73) - Retrieved 5 orders.
2025-12-29 14:13:43,114 - INFO - backend.app.services.order_service.GetOrders - (order_service.py:65) - Getting orders: vendors=['Regional Distributors, Inc.'], stores=['Downtown'], dates=None
2025-12-29 14:13:43,135 - INFO - backend.app.services.order_service.GetOrders - (order_service.py:73) - Retrieved 1 orders.
2025-12-29 14:14:31,331 - INFO - backend.app.services.order_service.GetOrders - (order_service.py:65) - Getting orders: vendors=['Regional Distributors, Inc.'], stores=['Easthill'], dates=None
2025-12-29 14:14:31,358 - INFO - backend.app.services.order_service.GetOrders - (order_service.py:73) - Retrieved 1 orders.
2025-12-29 14:16:08,363 - INFO - backend.app.services.order_service.GetOrders - (order_service.py:65) - Getting orders: vendors=['Regional Distributors, Inc.'], stores=['Triphammer'], dates=None
2025-12-29 14:16:08,386 - INFO - backend.app.services.order_service.GetOrders - (order_service.py:73) - Retrieved 1 orders.
2025-12-29 14:16:40,804 - INFO - backend.app.services.order_service.GetOrders - (order_service.py:65) - Getting orders: vendors=['Regional Distributors, Inc.'], stores=['Triphammer'], dates=None
2025-12-29 14:16:40,831 - INFO - backend.app.services.order_service.GetOrders - (order_service.py:73) - Retrieved 1 orders.
2025-12-29 14:18:41,805 - INFO - backend.app.services.order_service.GetOrders - (order_service.py:65) - Getting orders: vendors=['Regional Distributors, Inc.'], stores=['Bakery'], dates=None
2025-12-29 14:18:41,834 - INFO - backend.app.services.order_service.GetOrders - (order_service.py:73) - Retrieved 1 orders.
2025-12-29 14:38:02,039 - INFO - backend.app.services.order_service.GetOrders - (order_service.py:65) - Getting orders: vendors=["Keck's Food Service"], stores=['Bakery'], dates=None
2025-12-29 14:38:02,076 - INFO - backend.app.services.order_service.GetOrders - (order_service.py:73) - Retrieved 1 orders.
2025-12-29 15:02:53,758 - INFO - backend.app.services.order_service.GetOrders - (order_service.py:65) - Getting orders: vendors=['Peters Supply'], stores=['Bakery', 'Collegetown', 'Downtown', 'Easthill', 'Syracuse', 'Triphammer'], dates=None
2025-12-29 15:02:53,910 - INFO - backend.app.services.order_service.GetOrders - (order_service.py:73) - Retrieved 3 orders.
2025-12-29 15:03:15,342 - INFO - backend.app.services.order_service.GetOrders - (order_service.py:65) - Getting orders: vendors=['Russo Produce'], stores=['Bakery', 'Collegetown', 'Downtown', 'Easthill', 'Syracuse', 'Triphammer'], dates=None
2025-12-29 15:03:15,473 - INFO - backend.app.services.order_service.GetOrders - (order_service.py:73) - Retrieved 2 orders.
2025-12-30 08:55:56,233 - INFO - backend.app.services.order_service.GetOrders - (order_service.py:65) - Getting orders: vendors=['Hill & Markes'], stores=['Bakery', 'Collegetown', 'Downtown', 'Easthill', 'Syracuse', 'Triphammer'], dates=None
2025-12-30 08:55:56,431 - INFO - backend.app.services.order_service.GetOrders - (order_service.py:73) - Retrieved 5 orders.
2025-12-30 08:56:50,242 - INFO - backend.app.services.order_service.GetOrders - (order_service.py:65) - Getting orders: vendors=['Hill & Markes'], stores=['Bakery', 'Collegetown', 'Downtown', 'Easthill', 'Syracuse', 'Triphammer'], dates=None
2025-12-30 08:56:50,381 - INFO - backend.app.services.order_service.GetOrders - (order_service.py:73) - Retrieved 5 orders.
2025-12-30 08:58:21,441 - INFO - backend.app.services.order_service.GetOrders - (order_service.py:65) - Getting orders: vendors=['Hill & Markes'], stores=['Triphammer'], dates=None
2025-12-30 08:58:21,468 - INFO - backend.app.services.order_service.GetOrders - (order_service.py:73) - Retrieved 1 orders.
2025-12-30 09:08:24,950 - INFO - backend.app.services.order_service.GetOrders - (order_service.py:65) - Getting orders: vendors=['Hill & Markes'], stores=['Easthill'], dates=None
2025-12-30 09:08:24,977 - INFO - backend.app.services.order_service.GetOrders - (order_service.py:73) - Retrieved 1 orders.
2025-12-30 09:08:37,872 - INFO - backend.app.services.order_service.GetOrders - (order_service.py:65) - Getting orders: vendors=['Hill & Markes'], stores=['Downtown'], dates=None
2025-12-30 09:08:37,897 - INFO - backend.app.services.order_service.GetOrders - (order_service.py:73) - Retrieved 1 orders.
2025-12-30 09:12:06,128 - INFO - backend.app.services.order_service.GetOrders - (order_service.py:65) - Getting orders: vendors=['Hill & Markes'], stores=['Bakery'], dates=None
2025-12-30 09:12:06,154 - INFO - backend.app.services.order_service.GetOrders - (order_service.py:73) - Retrieved 1 orders.
2025-12-30 11:45:36,771 - INFO - backend.app.services.order_service.GetOrders - (order_service.py:65) - Getting orders: vendors=['SANICO'], stores=['Bakery', 'Collegetown', 'Downtown', 'Easthill', 'Syracuse', 'Triphammer'], dates=None
2025-12-30 11:45:36,930 - INFO - backend.app.services.order_service.GetOrders - (order_service.py:73) - Retrieved 2 orders.
2025-12-30 12:28:55,745 - INFO - backend.app.services.order_service.GetOrders - (order_service.py:65) - Getting orders: vendors=['Webstaurant'], stores=['Bakery'], dates=None
2025-12-30 12:28:55,791 - INFO - backend.app.services.order_service.GetOrders - (order_service.py:73) - Retrieved 1 orders.
2025-12-30 12:30:09,011 - INFO - backend.app.services.order_service.GetOrders - (order_service.py:65) - Getting orders: vendors=['Webstaurant'], stores=['Bakery', 'Collegetown', 'Downtown', 'Easthill', 'Syracuse', 'Triphammer'], dates=None
2025-12-30 12:30:09,141 - INFO - backend.app.services.order_service.GetOrders - (order_service.py:73) - Retrieved 2 orders.
2025-12-30 12:30:13,889 - INFO - backend.app.services.order_service.GetOrders - (order_service.py:65) - Getting orders: vendors=['Webstaurant'], stores=['Triphammer'], dates=None
2025-12-30 12:30:13,912 - INFO - backend.app.services.order_service.GetOrders - (order_service.py:73) - Retrieved 1 orders.
2025-12-31 07:11:52,715 - INFO - backend.app.services.order_service.GetOrders - (order_service.py:65) - Getting orders: vendors=['A.L. George', 'BALKAN BEVERAGE LLC', "BJ's", "Bo's Bones", 'Coca-Cola', 'Coffee Depot LLC', 'Copper Horse Coffee', 'DUTCH VALLEY FOOD DIST', 'Dawn', 'Equal Exchange', 'Farmer Ground Flour', 'Finger Lakes Coffee Roasters', 'FingerLakes Farms', "Grandma's Coffee Cakes", 'Harney and Sons Tea', 'Hill & Markes', 'Hillcrest Dairy', 'Hillcrest Foods', 'Ithaca Bakery', 'Johnston Paper', 'KEHE DISTRIBUTORS', "Keck's Food Service", 'Kwik Lok', 'Lentz', 'Motherworks,LLC', 'Nuts.com', 'Odeko In.', 'Paper Rolls .com', 'Pepsi', 'Performance Food', 'Peters Supply', 'Regional Access Inc', 'Regional Distributors, Inc.', 'Russo Produce', 'SANICO', "Sweet Sam's Baking Company, LLC", 'Sysco', 'ULINE', 'UNFI', 'US Foods', 'Vegan Epicure', 'Webstaurant', 'Worlds Best Cheeses'], stores=['Bakery', 'Collegetown', 'Downtown', 'Easthill', 'Syracuse', 'Triphammer'], dates=None
2025-12-31 07:11:58,302 - INFO - backend.app.services.order_service.GetOrders - (order_service.py:73) - Retrieved 83 orders.
2025-12-31 10:28:59,581 - INFO - backend.app.services.order_service.GetOrders - (order_service.py:65) - Getting orders: vendors=['A.L. George', 'BALKAN BEVERAGE LLC', "BJ's", "Bo's Bones", 'Coca-Cola', 'Coffee Depot LLC', 'Copper Horse Coffee', 'DUTCH VALLEY FOOD DIST', 'Dawn', 'Equal Exchange', 'Farmer Ground Flour', 'Finger Lakes Coffee Roasters', 'FingerLakes Farms', "Grandma's Coffee Cakes", 'Harney and Sons Tea', 'Hill & Markes', 'Hillcrest Dairy', 'Hillcrest Foods', 'Ithaca Bakery', 'Johnston Paper', 'KEHE DISTRIBUTORS', "Keck's Food Service", 'Kwik Lok', 'Lentz', 'Motherworks,LLC', 'Nuts.com', 'Odeko In.', 'Paper Rolls .com', 'Pepsi', 'Performance Food', 'Peters Supply', 'Regional Access Inc', 'Regional Distributors, Inc.', 'Russo Produce', 'SANICO', "Sweet Sam's Baking Company, LLC", 'Sysco', 'ULINE', 'UNFI', 'US Foods', 'Vegan Epicure', 'Webstaurant', 'Worlds Best Cheeses'], stores=['Bakery', 'Collegetown', 'Downtown', 'Easthill', 'Syracuse', 'Triphammer'], dates=None
2025-12-31 10:29:01,632 - INFO - backend.app.services.order_service.GetOrders - (order_service.py:73) - Retrieved 2 orders.
2025-12-31 13:01:22,042 - INFO - backend.app.services.order_service.GetOrders - (order_service.py:65) - Getting orders: vendors=['Sysco', 'Performance Food', 'US Foods'], stores=['Bakery', 'Collegetown', 'Downtown', 'Easthill', 'Syracuse', 'Triphammer'], dates=None
2025-12-31 13:01:22,253 - INFO - backend.app.services.order_service.GetOrders - (order_service.py:73) - Retrieved 3 orders.
2025-12-31 13:01:45,936 - INFO - backend.app.services.order_service.GetOrders - (order_service.py:65) - Getting orders: vendors=None, stores=['Triphammer'], dates=None
2025-12-31 13:01:58,132 - INFO - backend.app.services.order_service.GetOrders - (order_service.py:65) - Getting orders: vendors=['A.L. George', 'BALKAN BEVERAGE LLC', "BJ's", "Bo's Bones", 'Coca-Cola', 'Coffee Depot LLC', 'Copper Horse Coffee', 'DUTCH VALLEY FOOD DIST', 'Dawn', 'Equal Exchange', 'Farmer Ground Flour', 'Finger Lakes Coffee Roasters', 'FingerLakes Farms', "Grandma's Coffee Cakes", 'Harney and Sons Tea', 'Hill & Markes', 'Hillcrest Dairy', 'Hillcrest Foods', 'Ithaca Bakery', 'Johnston Paper', 'KEHE DISTRIBUTORS', "Keck's Food Service", 'Kwik Lok', 'Lentz', 'Motherworks,LLC', 'Nuts.com', 'Odeko In.', 'Paper Rolls .com', 'Pepsi', 'Performance Food', 'Peters Supply', 'Regional Access Inc', 'Regional Distributors, Inc.', 'Russo Produce', 'SANICO', "Sweet Sam's Baking Company, LLC", 'Sysco', 'ULINE', 'UNFI', 'US Foods', 'Vegan Epicure', 'Webstaurant', 'Worlds Best Cheeses'], stores=['Triphammer'], dates=None
2025-12-31 13:01:58,601 - INFO - backend.app.services.order_service.GetOrders - (order_service.py:73) - Retrieved 8 orders.
2025-12-31 13:03:25,620 - INFO - backend.app.services.order_service.GetOrders - (order_service.py:65) - Getting orders: vendors=['Russo Produce'], stores=['Bakery', 'Collegetown', 'Downtown', 'Easthill', 'Syracuse', 'Triphammer'], dates=None
2025-12-31 13:03:25,678 - INFO - backend.app.services.order_service.GetOrders - (order_service.py:73) - Retrieved 1 orders.
2025-12-31 13:13:10,176 - INFO - backend.app.services.order_service.GetOrders - (order_service.py:65) - Getting orders: vendors=['A.L. George', 'BALKAN BEVERAGE LLC', "BJ's", "Bo's Bones", 'Coca-Cola', 'Coffee Depot LLC', 'Copper Horse Coffee', 'DUTCH VALLEY FOOD DIST', 'Dawn', 'Equal Exchange', 'Farmer Ground Flour', 'Finger Lakes Coffee Roasters', 'FingerLakes Farms', "Grandma's Coffee Cakes", 'Harney and Sons Tea', 'Hill & Markes', 'Hillcrest Dairy', 'Hillcrest Foods', 'Ithaca Bakery', 'Johnston Paper', 'KEHE DISTRIBUTORS', "Keck's Food Service", 'Kwik Lok', 'Lentz', 'Motherworks,LLC', 'Nuts.com', 'Odeko In.', 'Opici Family Distributing', 'Paper Rolls .com', 'Pepsi', 'Performance Food', 'Peters Supply', 'Regional Access Inc', 'Regional Distributors, Inc.', 'Russo Produce', 'SANICO', "Sweet Sam's Baking Company, LLC", 'Sysco', 'ULINE', 'UNFI', 'US Foods', 'Vegan Epicure', 'Webstaurant', 'Worlds Best Cheeses'], stores=['Triphammer'], dates=None
2025-12-31 13:13:10,668 - INFO - backend.app.services.order_service.GetOrders - (order_service.py:73) - Retrieved 9 orders.
2025-12-31 13:13:54,418 - INFO - backend.app.services.order_service.GetOrders - (order_service.py:65) - Getting orders: vendors=['Sysco', 'Performance Food', 'US Foods'], stores=['Bakery', 'Collegetown', 'Downtown', 'Easthill', 'Syracuse', 'Triphammer'], dates=None
2025-12-31 13:13:54,589 - INFO - backend.app.services.order_service.GetOrders - (order_service.py:73) - Retrieved 3 orders.
2025-12-31 13:32:39,201 - INFO - backend.app.services.order_service.GetOrders - (order_service.py:65) - Getting orders: vendors=['Vegan Epicure'], stores=['Bakery', 'Collegetown', 'Downtown', 'Easthill', 'Syracuse', 'Triphammer'], dates=None
2025-12-31 13:32:39,258 - INFO - backend.app.services.order_service.GetOrders - (order_service.py:73) - Retrieved 1 orders.
2026-01-03 06:24:18,695 - INFO - backend.app.services.order_service.GetOrders - (order_service.py:65) - Getting orders: vendors=['A.L. George', 'BALKAN BEVERAGE LLC', "BJ's", "Bo's Bones", 'Coca-Cola', 'Coffee Depot LLC', 'Copper Horse Coffee', 'DUTCH VALLEY FOOD DIST', 'Dawn', 'Equal Exchange', 'Farmer Ground Flour', 'Finger Lakes Coffee Roasters', 'FingerLakes Farms', "Grandma's Coffee Cakes", 'Harney and Sons Tea', 'Hill & Markes', 'Hillcrest Dairy', 'Hillcrest Foods', 'Ithaca Bakery', 'Johnston Paper', 'KEHE DISTRIBUTORS', "Keck's Food Service", 'Kwik Lok', 'Lentz', 'Motherworks,LLC', 'Nuts.com', 'Odeko In.', 'Opici Family Distributing', 'Paper Rolls .com', 'Pepsi', 'Performance Food', 'Peters Supply', 'Regional Access Inc', 'Regional Distributors, Inc.', 'Russo Produce', 'SANICO', "Sweet Sam's Baking Company, LLC", 'Sysco', 'ULINE', 'UNFI', 'US Foods', 'Vegan Epicure', 'Webstaurant', 'Worlds Best Cheeses'], stores=['Bakery', 'Collegetown', 'Downtown', 'Easthill', 'Syracuse', 'Triphammer'], dates=None
2026-01-03 06:24:21,146 - INFO - backend.app.services.order_service.GetOrders - (order_service.py:73) - Retrieved 9 orders.
2026-01-03 06:24:22,736 - INFO - backend.app.services.order_service.GetOrders - (order_service.py:65) - Getting orders: vendors=['A.L. George', 'BALKAN BEVERAGE LLC', "BJ's", "Bo's Bones", 'Coca-Cola', 'Coffee Depot LLC', 'Copper Horse Coffee', 'DUTCH VALLEY FOOD DIST', 'Dawn', 'Equal Exchange', 'Farmer Ground Flour', 'Finger Lakes Coffee Roasters', 'FingerLakes Farms', "Grandma's Coffee Cakes", 'Harney and Sons Tea', 'Hill & Markes', 'Hillcrest Dairy', 'Hillcrest Foods', 'Ithaca Bakery', 'Johnston Paper', 'KEHE DISTRIBUTORS', "Keck's Food Service", 'Kwik Lok', 'Lentz', 'Motherworks,LLC', 'Nuts.com', 'Odeko In.', 'Opici Family Distributing', 'Paper Rolls .com', 'Pepsi', 'Performance Food', 'Peters Supply', 'Regional Access Inc', 'Regional Distributors, Inc.', 'Russo Produce', 'SANICO', "Sweet Sam's Baking Company, LLC", 'Sysco', 'ULINE', 'UNFI', 'US Foods', 'Vegan Epicure', 'Webstaurant', 'Worlds Best Cheeses'], stores=['Bakery', 'Collegetown', 'Downtown', 'Easthill', 'Syracuse', 'Triphammer'], dates=None
2026-01-03 06:24:24,653 - INFO - backend.app.services.order_service.GetOrders - (order_service.py:73) - Retrieved 0 orders.
2026-01-03 06:34:20,306 - INFO - backend.app.services.order_service.GetOrders - (order_service.py:65) - Getting orders: vendors=['UNFI'], stores=['Bakery', 'Collegetown', 'Downtown', 'Easthill', 'Syracuse', 'Triphammer'], dates=None
2026-01-03 06:34:20,501 - INFO - backend.app.services.order_service.GetOrders - (order_service.py:73) - Retrieved 4 orders.
2026-01-03 06:42:10,272 - INFO - backend.app.services.order_service.GetOrders - (order_service.py:65) - Getting orders: vendors=['A.L. George', 'BALKAN BEVERAGE LLC', "BJ's", "Bo's Bones", 'Coca-Cola', 'Coffee Depot LLC', 'Copper Horse Coffee', 'DUTCH VALLEY FOOD DIST', 'Dawn', 'Equal Exchange', 'Farmer Ground Flour', 'Finger Lakes Coffee Roasters', 'FingerLakes Farms', "Grandma's Coffee Cakes", 'Harney and Sons Tea', 'Hill & Markes', 'Hillcrest Dairy', 'Hillcrest Foods', 'Ithaca Bakery', 'Johnston Paper', 'KEHE DISTRIBUTORS', "Keck's Food Service", 'Kwik Lok', 'Lentz', 'Motherworks,LLC', 'Nuts.com', 'Odeko In.', 'Opici Family Distributing', 'Paper Rolls .com', 'Pepsi', 'Performance Food', 'Peters Supply', 'Regional Access Inc', 'Regional Distributors, Inc.', 'Russo Produce', 'SANICO', "Sweet Sam's Baking Company, LLC", 'Sysco', 'ULINE', 'UNFI', 'US Foods', 'Vegan Epicure', 'Webstaurant', 'Worlds Best Cheeses'], stores=['Bakery'], dates=None
2026-01-03 06:42:11,493 - INFO - backend.app.services.order_service.GetOrders - (order_service.py:73) - Retrieved 19 orders.
2026-01-03 07:26:03,343 - INFO - backend.app.services.order_service.GetOrders - (order_service.py:65) - Getting orders: vendors=['UNFI'], stores=['Bakery', 'Collegetown', 'Downtown', 'Easthill', 'Syracuse', 'Triphammer'], dates=None
2026-01-03 07:26:03,546 - INFO - backend.app.services.order_service.GetOrders - (order_service.py:73) - Retrieved 5 orders.
2026-01-03 07:26:13,416 - INFO - backend.app.services.order_service.GetOrders - (order_service.py:65) - Getting orders: vendors=['UNFI'], stores=['Bakery', 'Collegetown', 'Downtown', 'Easthill', 'Syracuse', 'Triphammer'], dates=None
2026-01-03 07:26:13,552 - INFO - backend.app.services.order_service.GetOrders - (order_service.py:73) - Retrieved 5 orders.
2026-01-03 07:57:57,095 - INFO - backend.app.services.order_service.GetOrders - (order_service.py:65) - Getting orders: vendors=['Coca-Cola'], stores=['Bakery', 'Collegetown', 'Downtown', 'Easthill', 'Syracuse', 'Triphammer'], dates=None
2026-01-03 07:57:57,295 - INFO - backend.app.services.order_service.GetOrders - (order_service.py:73) - Retrieved 4 orders.
2026-01-03 07:58:09,405 - INFO - backend.app.services.order_service.GetOrders - (order_service.py:65) - Getting orders: vendors=['Coca-Cola'], stores=['Downtown'], dates=None
2026-01-03 07:58:09,428 - INFO - backend.app.services.order_service.GetOrders - (order_service.py:73) - Retrieved 1 orders.
2026-01-03 08:03:26,235 - INFO - backend.app.services.order_service.GetOrders - (order_service.py:65) - Getting orders: vendors=['UNFI'], stores=['Downtown'], dates=None
2026-01-03 08:03:26,279 - INFO - backend.app.services.order_service.GetOrders - (order_service.py:73) - Retrieved 1 orders.
2026-01-03 08:15:55,046 - INFO - backend.app.services.order_service.GetOrders - (order_service.py:65) - Getting orders: vendors=['Performance Food'], stores=['Syracuse'], dates=None
2026-01-03 08:15:55,086 - INFO - backend.app.services.order_service.GetOrders - (order_service.py:73) - Retrieved 1 orders.
2026-01-03 08:16:19,689 - INFO - backend.app.services.order_service.GetOrders - (order_service.py:65) - Getting orders: vendors=['Performance Food'], stores=['Syracuse'], dates=None
2026-01-03 08:16:19,714 - INFO - backend.app.services.order_service.GetOrders - (order_service.py:73) - Retrieved 1 orders.
